Latitude_Degrees,Longitude_Degrees,Depth_m,Date_Year,ClimSST,SSTA_DHW,target
25.0881,-77.4737,17.5,1998,302.48,9.29,1
23.797,-76.146,7.77,2005,299.89,4.61,1
23.797,-76.146,4.5,2005,299.89,4.61,1
23.743,-76.076,3.96,2005,299.48,6.17,1
23.831,-76.198,3.65,2005,299.84,2.65,1
17.83,-87.98,16.7,2007,301.61,0,1
16.1,-88.29,8,2007,302.83,5.11,1
17.826,-87.985,11.3,2005,301.95,8.45,1
16.21,-88.18,8,1998,302.52,2.67,1
16.3333,-88.1667,8,1998,302.61,1.13,1
16.8,-87.7667,13.5,1998,302.24,1.04,1
17.3,-87.5,8,1998,302.18,3.28,1
16.749,-87.786,7,2005,301.08,5.11,1
16.8086,-87.6901,9.14,1998,299.7,1,1
-13.6952,-38.9047,10.5,1998,300.65,9.94,1
19.3167,-81.2333,3,1998,262.15,4,1
10.78,103.24,4,2009,303.07,0,1
10.62,103.29,5,2009,262.15,0.84,1
-7,71,3.5,2006,301.59,0,1
9.706,-75.866,4.5,2005,302.68,5.82,1
10.155,-75.803,9.5,2005,302.7,9.25,1
9.761,-75.879,1.5,2005,302.6,3.31,1
10.012,-75.617,6,2005,302.86,6.3,1
10.24,-75.62,6,2005,302.23,6.34,1
12.499,-81.714,15,2005,300.64,13.11,1
14.133,145.158,2.5,2001,262.15,1.87,1
22.114,-81.118,15,2005,302.31,5.41,1
19.8307,-77.7348,2,2005,262.15,3.95,1
22.561,-78.463,7.5,2005,300.22,6.64,1
-1.2239,-90.5017,14,1998,298.96,50.31,1
-0.8947,-90.4097,1.5,1998,299,45.79,1
0.5028,-90.4278,7,1998,299.27,40.67,1
-1.3361,-89.6938,20,1998,262.15,41.84,1
-0.7998,-90.1042,20,1998,298.82,45.91,1
-0.4907,-90.414,20,1998,299.22,42.45,1
-0.2779,-90.5162,20,1998,299.18,41.61,1
-17.11,179.06,17,2008,301.67,11.07,1
-18.43,178.07,4.5,2000,300.31,12.95,1
-18.43,178.09,4.5,2000,300.31,12.95,1
-18.42,178.02,2,2000,300.34,8.45,1
16.398,-61.533,11,2005,299.36,1.3,1
-17.5413,-149.6193,4,1994,302.01,1,1
-16.55,-151.78,0.7,2007,301.82,4.16,1
-16.55,-151.78,1,2009,301.82,4.16,1
-16.54,-151.79,1.3,2007,301.82,4.16,1
-16.54,-151.79,1.3,2009,299.92,0,1
-16.54,-151.74,2,2007,301.68,2.56,1
-16.54,-151.73,1.7,2007,301.79,4.22,1
-16.54,-151.73,1.2,2007,301.29,5.24,1
-16.53,-151.73,2.8,2007,301.74,3.49,1
-16.53,-151.73,1.8,2009,300.43,0,1
-16.53,-151.73,2.2,2009,300.43,0,1
-16.5,-151.78,7,2007,301.68,4.2,1
-16.5,-151.78,15,2007,301.68,4.2,1
-16.5,-151.78,15,2009,301.68,1.18,1
-16.5,-151.78,7,2009,301.68,1.18,1
-16.55,-151.7,1,2007,301.29,5.24,1
-16.54,-151.75,2,2007,300.61,4.16,1
-16.54,-151.75,2,2009,300.01,0,1
-16.51,-151.76,1,2007,300.62,1.24,1
-16.51,-151.76,1,2009,300.46,0,1
-16.49,-151.71,2.8,2007,300.63,1.35,1
-16.49,-151.71,2.8,2009,300.46,0,1
-16.53,-151.77,1.5,2009,300.46,0,1
-16.51,-151.78,1,2009,300.46,2.19,1
-16.48,-151.72,1,2009,300.46,0,1
-16.48,-151.72,1,2007,299.89,1.19,1
-16.46,-151.78,1,2009,300.44,0,1
-16.46,-151.78,1,2007,299.89,0,1
-16.45,-151.77,1.3,2009,300.41,0,1
-16.45,-151.77,1.3,2007,299.86,3.62,1
-16.44,-151.76,1,2009,300.41,0,1
-16.44,-151.76,1,2007,299.86,3.62,1
-16.5,-151.76,2.7,2007,299.9,1.18,1
15.98,-86.49,12,2009,301.15,0,1
-5.5167,106.4833,7.5,1983,302.34,10.95,1
-8.1517,115.0253,8,2009,302.67,1.13,1
-4.96,119.28,13.5,2010,301.9,2.32,1
-8.1177,115.3475,8,2009,301.86,8.12,1
-8.753,115.161,2,2010,262.15,4.49,1
18.45,-77.3167,30,1998,262.15,8.01,1
18.4794,-77.3287,6.5,1987,302.45,0,1
24.3669,124.0034,5,2016,299.48,11.5,1
24.4548,124.1098,10,2016,299.92,14.57,1
24.4826,124.1254,13,2016,299.86,13.64,1
24.4837,124.1232,12,2016,298.52,8.32,1
30.4577,130.4888,8,2016,299.41,8.15,1
30.4579,130.4889,6,2013,299.91,8.95,1
30.4581,130.4889,6,2016,299.41,8.15,1
30.4581,130.4889,8,2016,299.91,7.9,1
24.3661,124.0003,6,2016,299.48,11.5,1
30.4071,130.434,1,2008,262.15,2.01,1
30.4567,130.4982,10,2008,301.13,2.55,1
26.2328,127.3109,5,2016,299.15,10.65,1
24.8136,125.1447,0.5,2016,300.25,16.93,1
24.8614,125.2838,5,2013,300.95,5.96,1
24.937,125.2333,3,2015,301.98,8.58,1
26.3269,127.7443,4,2013,262.15,8.22,1
26.3271,127.7439,4,2013,262.15,8.22,1
26.3324,127.7423,1,2013,262.15,8.83,1
26.3326,127.7416,2,2013,262.15,8.83,1
26.362,127.7372,4,2013,262.15,8.83,1
26.5532,127.9696,3,2013,262.15,10.16,1
26.7155,128.0183,1,2016,298.87,9.42,1
32.7779,132.7321,2,2010,297.93,9.87,1
24.3094,124.1033,12,2016,299.35,12.26,1
24.3125,124.1029,13,2016,298.63,8.56,1
24.348,124.0922,3,2016,301.81,12.76,1
24.3637,124.0413,5,2016,299.53,7.95,1
24.3662,124.252,2,2016,300.74,14.77,1
24.3792,123.9384,2,2016,299.62,12.23,1
24.3884,124.1165,5,2016,262.15,13.89,1
24.3995,124.1,5,2016,300.2,12.94,1
24.4042,124.1129,6,2016,262.15,12.78,1
24.4156,124.1139,1,2016,262.15,13.71,1
24.4186,124.0662,5,2016,300.2,13.03,1
24.4215,124.0924,4,2016,262.15,13.11,1
24.4367,123.7763,1.5,2016,301.73,9.91,1
24.4504,124.1733,1,2016,262.15,12.16,1
24.4561,124.1862,2,2016,301.05,14.98,1
24.4578,124.1647,1,2016,300.45,12.82,1
24.4961,124.229,2,2016,300.47,10.28,1
24.6093,124.3254,1,2016,300.54,11.91,1
26.2762,127.7004,0.5,2013,262.15,6.38,1
26.287,127.7214,3,2013,300.41,6.88,1
26.3279,126.7603,2,2008,262.15,5.44,1
26.3515,127.7438,1,2013,262.15,6.28,1
26.4448,127.7695,0.2,2013,300.46,6.17,1
26.5075,127.8549,7,2007,301.58,0,1
26.5281,127.9242,3,2013,262.15,7.88,1
26.6416,127.8124,3,2009,301.34,1.16,1
26.6428,127.812,1.5,2009,301.34,1.16,1
24.3227,124.1665,10,2016,298.81,6.37,1
24.3254,124.1637,5,2015,302.11,6.72,1
24.3417,124.0881,5,2016,299.66,13.4,1
24.3431,124.205,8,2016,262.15,12.75,1
24.4376,123.785,2,2016,301.29,10.51,1
24.7628,125.4272,1,2016,299.9,15.55,1
24.7735,125.3945,1,2013,262.15,3.51,1
24.8195,125.1409,3,2016,301.35,17.12,1
24.9265,125.2379,3,2016,301.48,11.88,1
24.9375,125.2456,1,2013,301,4.07,1
24.9376,125.2457,2,2016,300.41,14.44,1
24.9856,125.2768,4,2016,299.78,17.1,1
25.0064,125.2768,4,2016,299.79,16.84,1
26.2208,127.6658,2,2015,262.15,2.8,1
26.4482,127.9048,2,2009,299.49,1.67,1
26.4933,127.8402,1,2016,262.15,11.59,1
26.5232,127.8929,3,2016,300.11,13.16,1
26.7059,127.8919,2,2016,301.09,10.43,1
26.7073,127.9402,1.5,2016,298.06,10.72,1
26.7751,128.2031,2,2013,262.15,11.15,1
27.8692,128.8875,2,2013,298.89,5.26,1
28.4025,129.4537,2,2013,262.15,6.62,1
30.3011,130.6537,0.5,2016,300.66,2.96,1
30.816,130.4165,2,2016,298.59,8.59,1
32.767,132.63,1,2016,296.06,4.58,1
32.7975,132.7091,4,2010,262.15,8.24,1
34.3232,129.246,1,2013,293.11,16.92,1
24.37,123.98,5,2008,302.08,1.28,1
36.75,137.4333,10,2001,262.15,6.69,1
4.27,113.81,8,2010,300.75,0,1
4.27,113.81,9,2010,303.6,5.01,1
4.27,113.81,8,2010,303.25,0,1
4.29,113.83,11,2009,303.21,3.28,1
4.27,113.82,3,2009,303.2,3.51,1
4.27,113.82,11,2009,303.2,3.51,1
4.4029,113.7453,22,2009,302.99,2.34,1
4.4037,113.742,21,2009,302.99,2.34,1
3,73.5,6.5,1998,302.29,7.64,1
5.0167,72.9167,6.5,1998,301.98,7.3,1
4.1667,73.5,1.15,1998,302.07,6.88,1
4.2833,73.4667,20,1998,302.01,10.91,1
3.9834,73.4262,30,1998,301.77,6.88,1
-19.638,63.396,1,2002,300.05,0,1
-12.8333,45.2167,12,1983,301.36,4.73,1
20.017,-87.462,13.7,2005,301.31,0,1
20.017,-87.462,8.8,2005,302.21,6.12,1
20.017,-87.462,8.95,2005,302.21,6.12,1
20.017,-87.462,8.65,2005,302.21,6.12,1
18.707,-87.706,9.6,2005,262.15,6.63,1
18.681,-87.713,8.55,2005,262.15,5.39,1
20.052,-87.466,7.6,2005,301.38,0,1
20.051,-87.463,14.3,2005,299.31,0,1
19.933,-87.432,18.15,2006,300.07,0,1
19.934,-87.434,10.25,2005,301.45,1,1
18.681,-87.714,6.1,2006,262.15,0,1
20.05,-87.47,3.4,2005,301.7,11.76,1
20.05,-87.47,4.3,2005,299.31,0,1
18.667,-87.717,5.2,2006,262.15,0,1
18.681,-87.711,15.15,2006,262.15,0,1
20.099,-87.462,7.45,2005,301.42,1.12,1
18.66,-87.716,18.75,2006,262.15,0.25,1
19.967,-87.461,2.25,2005,262.15,7.67,1
19.883,-87.426,5.95,2006,302.01,2.19,1
19.883,-87.426,6.1,2006,302.01,2.19,1
18.634,-87.72,5.5,2005,262.15,2.12,1
18.634,-87.72,4.8,2005,262.15,3.66,1
18.634,-87.72,9.85,2005,262.15,4.82,1
18.66,-87.709,10.15,2005,262.15,0.56,1
18.66,-87.709,16.1,2005,262.15,0.56,1
18.66,-87.709,10.7,2005,262.15,3.66,1
18.66,-87.709,15.15,2005,262.15,4.82,1
18.675,-87.707,16.15,2005,262.15,4.6,1
18.655,-87.71,11.3,2005,262.15,0.56,1
18.675,-87.708,9.1,2005,262.15,4.6,1
18.675,-87.708,11.3,2005,262.15,5.39,1
18.704,-87.704,9.75,2005,262.15,0.72,1
18.704,-87.704,5.1,2005,262.15,0.72,1
18.704,-87.704,7.45,2005,262.15,5.39,1
18.721,-87.692,4.65,2005,300.28,8.95,1
18.704,-87.702,14.95,2005,262.15,4.6,1
18.718,-87.693,10.05,2005,302.11,4.57,1
18.718,-87.692,16.05,2005,302.26,5.58,1
19.968,-87.452,18.6,2005,262.15,0.86,1
20.038,-87.466,8.2,2005,301.38,0,1
18.655,-87.709,21.2,2005,262.15,2.12,1
18.66,-87.719,5.2,2006,262.15,1.35,1
18.635,-87.722,5.5,2005,262.15,2.12,1
18.2667,-87.8333,5,1998,262.15,3.87,1
19.5,-87.3,5,1998,302.15,0,1
20.298,-87.02,4.5,2005,301.2,2.54,1
7.752,134.5763,7.5,1999,300.78,2.48,1
7.2143,134.2269,15.24,1998,302.27,18.49,1
7.8,-81.75,19,1997,300.8,18.94,1
7.3,-81.8,19,1997,300.39,24.3,1
-9.5111,147.179,1.52,2009,302.35,18.6,1
-2.6833,150.5667,12.5,1996,302.46,1.14,1
-9.4833,147.1833,10,1999,262.15,0.92,1
13.7246,120.8794,20,2010,262.15,0.91,1
12.05,122.9,28,1998,302.28,9.54,1
10.21,123.98,12,2008,302.24,0,1
11.15,123.8,9.5,2008,302.3,8.7,1
9.0889,118.2272,15,1998,301.81,5.86,1
13.54,120.76,15,1998,301.9,6.24,1
16.31,119.77,15,1998,302.44,9.04,1
9.868,122.38,12,1998,262.15,13.03,1
-21.0867,55.2407,0.7,2001,301.06,0,1
-9.33,50.73,16.5,1998,301.75,7.2,1
-9.31,50.71,16.5,1998,301.75,7.2,1
-7.01,52.73,13.5,1998,302.36,13.12,1
-4.35,55.65,7,1998,302.57,14.34,1
-7.0113,52.7348,15,1998,301.43,4.67,1
-9.2461,51.0431,15,1998,300.45,4.84,1
-9.2126,51.0359,15,1998,300.45,4.84,1
13.51,-61.4,21,2005,300.66,13.77,1
11.81,102.38,4.5,2008,301.58,0,1
8,98.33,1,1997,262.15,2.1,1
8,98.33,1,1997,262.15,3.58,1
8,98.33,1,1995,262.15,6.84,1
8.661,97.652,10,1995,302.61,5.78,1
9.41,97.896,6,1995,302.58,8.14,1
8.104,98.302,1,1991,262.15,11.75,1
11.297,-60.52,12,2005,300.27,11.84,1
11.291,-60.679,7,2005,300.16,8.73,1
11.155,-60.85,12,2005,300.32,4.36,1
25,55,4.5,2007,303.85,1.01,1
24.66,-81.07,2.25,2009,303.13,8.94,1
25.15,-80.28,5,1987,302.86,0,1
19.67,-156.03,10,2008,299.87,0,1
25.7,-80.097,8.5,2005,302.32,1.05,1
24.492,-81.888,6.8,2005,299.92,29.34,1
25.675,-80.098,10,2005,302.32,1.05,1
26.16,-80.083,13.6,2005,262.15,0.71,1
24.623,-81.111,14.2,2005,300.91,2.51,1
24.917,-80.545,6,2005,300.73,2.28,1
25.277,-80.227,1.6,2006,300.77,0,1
25.587,-80.096,3,2005,300.85,1,1
18.347,-64.988,2.5,2005,262.15,14.06,1
17.914,-67.223,12.75,2003,301.57,0,1
17.764,-64.57,8.5,2005,301.2,13.51,1
17.765,-64.574,6.4,2005,301.2,13.51,1
8.711,106.6497,15,1998,262.15,9.45,1
-28.6591,153.6335,15,1998,298.22,12.46,1
-26.6502,153.1824,15,1998,298.41,6.22,1
-26.65,153.3333,15,1998,298.61,8.69,1
-14.173,-169.634,7,2002,302.24,2.35,1
23.764,-76.12,17,1995,301.8,7.86,1
23.796,-76.137,3.5,1995,297.52,0,1
24.4994,-76.7142,9.5,1999,300.73,0,1
23.74,-76.066,4,1987,302.21,0,1
16,-88,2.5,2008,302.88,0,1
16.6186,-88.2309,3.05,1998,302.47,3.86,1
17.4833,-88.05,16,1998,302.23,1.4,1
16.77,-88.07,4.5,1998,301.36,4.4,1
32.43,-64.65,12.5,2000,300.56,5,1
3,-78.16,2.5,1998,300.59,42.93,1
11.3,-74.15,13.5,1999,262.15,4.93,1
15.2,145.7,5.5,2001,262.15,1.19,1
14.15,145.2,27.5,2001,262.15,0.43,1
15.2072,145.691,5,2001,302.1,1.04,1
18.0607,145.7421,6.5,2001,302.09,0,1
18.0707,145.7136,6.5,2001,262.15,0.41,1
18.0859,145.7299,6.5,2001,302.01,0,1
18.0967,145.7649,6.5,2001,302.06,1.13,1
18.1073,145.7858,6.5,2001,302.06,0,1
18.1197,145.7557,6.5,2001,302.06,1.13,1
18.1411,145.7586,6.5,2001,262.15,1.49,1
18.1666,145.7666,6.5,2001,302.09,3.36,1
18.7268,145.6634,6.5,2001,302,1.46,1
18.7483,145.6941,6.5,2001,302.07,2.19,1
18.7924,145.64,6.5,2001,302.19,0,1
18.8072,145.649,6.5,2001,302.19,0,1
19.6808,145.3921,6.5,2001,302.03,0,1
19.6998,145.4174,6.5,2001,302.07,0,1
19.702,145.3938,6.5,2001,302.03,0,1
20.014,145.2084,6.5,2001,302.06,0,1
20.0144,145.2342,6.5,2001,302.07,0,1
20.0175,145.2125,6.5,2001,302.06,0,1
20.0224,145.2298,6.5,2001,302.06,0,1
20.0232,145.2077,6.5,2001,302.06,0,1
20.0289,145.208,6.5,2001,302.06,0,1
20.0303,145.2272,6.5,2001,302.06,0,1
20.0357,145.2245,6.5,2001,302.06,0,1
20.538,144.8989,6.5,2001,301.95,1.3,1
20.5459,144.8858,6.5,2001,301.95,1.3,1
20.5532,144.8903,6.5,2001,301.95,1.3,1
14.5,145.2,2.5,2001,302.21,1.13,1
-1.2167,-90.3,1,1983,297.41,35.63,1
-17.565,177.2986,3.5,2000,301.42,0,1
-18.755,178.526,14.25,2000,299.98,5.36,1
-18.6,178.5,13,2000,299.25,8.51,1
-18.5,178,13,2000,299.52,5.76,1
-17.9167,178.5833,13,2000,299.34,9.32,1
-18.9,178.1,15,1999,298.67,1.25,1
16.3333,-86.4667,17.5,1998,302.38,4.15,1
17.93,-79.807,6.5,2005,302.02,1.28,1
24.4634,123.8022,5,2008,301.76,1.3,1
24.7668,125.2441,3,2007,301.77,1.09,1
26.2453,127.668,3,2009,299.06,1.35,1
26.2462,127.6679,3,2009,299.06,1.35,1
26.2479,127.6679,3,2009,299.06,1.35,1
26.4405,127.7772,4,2013,262.15,3.58,1
26.4436,127.7728,5,2008,301.74,10.58,1
26.4442,127.7727,2,2009,300.79,1.46,1
26.5326,128.0748,15,2016,299.35,11.79,1
30.4576,130.4899,12,2008,295.17,2.43,1
30.4578,130.4894,6,2008,301.78,3,1
32.7689,132.6389,2,2008,298.78,6.3,1
32.7735,132.627,5,2008,298.78,6.3,1
32.7736,132.6266,10,2010,297.18,6.45,1
32.7736,132.6272,2,2008,294.46,3.75,1
33.4571,135.7609,5,2007,262.15,6.73,1
33.4821,135.6952,4,2008,294.58,6.63,1
33.4914,135.6681,3,2008,298.46,7.23,1
33.5211,133.7537,2,2011,262.15,1.85,1
33.5212,133.7536,3,2010,262.15,6.99,1
33.6901,135.3315,4,2010,262.15,14.18,1
33.6906,135.336,3,2013,262.15,4.67,1
24.4398,124.0759,3,2009,262.15,0.39,1
24.7481,125.4427,3,2009,301.91,1.58,1
26.355,127.1427,0,2016,298.49,9.62,1
26.6321,142.1669,8,2007,300.71,0,1
30.7799,130.2851,14.5,2008,294.48,1.13,1
28.0729,129.3315,1,2016,300.71,12.33,1
34.6603,138.7884,3,2009,262.15,0,1
24.8136,125.1442,5,2016,300.84,15.78,1
26.3269,127.7442,2,2010,262.15,2.43,1
26.3269,127.745,5,2016,262.15,11.59,1
26.3271,127.7448,1,2013,262.15,8.22,1
26.4956,127.8389,1,2016,301.11,13.78,1
26.7146,128.0224,2,2016,301.6,10.75,1
26.7147,128.0144,1,2016,297.61,4.06,1
26.8474,128.288,1.5,2013,299.55,6.51,1
30.4545,130.4988,5,2008,295.17,2.43,1
32.7784,132.7325,1,2016,296.27,2.62,1
32.7788,132.7326,3,2016,297.93,2.62,1
24.2312,123.9935,6,2016,300.42,11.62,1
24.3098,124.1065,13,2016,300.38,14.19,1
24.3124,124.1045,12,2016,298.27,8.56,1
24.4162,124.1124,6,2016,262.15,12.88,1
24.4168,124.0792,10,2009,262.15,0.39,1
24.42,124.1139,15,2016,262.15,13.14,1
24.4234,124.0999,5,2016,262.15,12.36,1
24.4236,124.0777,10,2016,262.15,12.03,1
24.4243,124.0769,0.3,2010,262.15,0.19,1
24.4264,124.0719,5,2016,262.15,7.36,1
24.4271,124.1059,5,2016,262.15,9.05,1
24.4492,124.174,1,2009,262.15,0,1
24.4496,124.1757,1,2013,262.15,8.57,1
24.4501,124.1737,1.5,2016,262.15,11.76,1
24.4517,124.1836,1.5,2016,262.15,11.76,1
24.4518,124.0753,10,2009,262.15,0,1
24.4518,124.1834,2,2016,262.15,11.09,1
24.4521,124.1839,1.5,2016,262.15,11.76,1
24.4526,124.1839,1,2013,262.15,8.57,1
24.4543,124.0795,6,2010,298.1,0,1
24.4552,124.1865,2,2009,300.45,1.33,1
24.4553,124.1846,1,2016,300.13,13.34,1
24.4561,124.1864,1.5,2016,301.05,14.98,1
24.4563,124.1861,1,2016,301.74,13.44,1
24.4581,124.1952,1,2010,301.95,4.6,1
24.4591,124.2053,0.5,2010,301.63,1.15,1
24.4795,124.2182,1.2,2008,297.46,0,1
24.4861,124.2864,5,2010,297.9,7.55,1
24.609,124.3262,3,2016,301.36,10.37,1
24.6091,124.3261,2,2016,301.59,8.71,1
24.6144,124.3065,10,2009,300.78,2.55,1
26.0873,127.7102,0.5,2013,262.15,4.71,1
26.0877,127.7109,0.3,2016,262.15,13.18,1
26.0884,127.7078,2,2010,262.15,0,1
26.0887,127.7072,3,2013,262.15,4.71,1
26.0894,127.7085,2,2016,262.15,12.93,1
26.2582,127.6824,1,2013,301.22,2.43,1
26.2584,127.6821,1,2013,301.22,2.43,1
26.2595,127.6922,0.6,2010,298.09,4.09,1
26.273,127.7051,0.2,2013,262.15,6.38,1
26.2757,127.7015,0.3,2016,262.15,10.44,1
26.2763,127.7018,0.3,2016,262.15,18.76,1
26.3034,127.7209,6.5,2010,300.67,0,1
26.3608,126.8189,0.5,2008,301.62,4.54,1
26.3815,126.7901,5,2008,299.61,1.1,1
26.4063,127.715,2,2016,262.15,12.62,1
26.4363,127.7132,0.5,2016,300.8,12.3,1
26.4382,127.7131,0.1,2009,294.25,1.82,1
26.4418,127.7124,3,2013,300.46,4.21,1
26.5076,127.8906,2,2016,299.73,13.06,1
26.5544,128.1314,1,2013,299.34,2.3,1
26.559,127.9633,20,2008,262.15,11.64,1
26.5914,127.9598,1.5,2013,262.15,5.08,1
26.6032,127.9305,5,2013,262.15,8.05,1
26.6294,127.8589,3,2013,300.77,4.79,1
26.6458,127.8544,1,2013,301.07,3.14,1
26.6521,127.857,0.5,2013,300.06,5.88,1
26.6721,127.8827,2,2013,262.15,6.8,1
26.7001,127.8752,0.5,2013,262.15,7.97,1
26.7099,127.8813,1.5,2016,300.08,11.48,1
27.0445,142.1876,5,2008,300.57,0,1
28.4681,129.626,15,2005,301.46,0,1
24.0662,123.7621,2,2016,301.06,7.56,1
24.0753,123.7727,5,2008,301.72,1.07,1
24.2631,123.9955,5,2009,300.71,0,1
24.2801,123.721,8,2016,299.39,4.88,1
24.3349,124.2367,15,2016,300.43,15.32,1
24.3416,124.0743,2,2009,302.06,1.04,1
24.3593,124.2555,3,2013,300.43,4.41,1
24.3668,124.2556,1,2016,301.29,15.2,1
24.3671,124.2508,1,2016,302.05,13.03,1
24.4034,123.8901,12,2016,299.67,11.89,1
24.4389,123.808,7,2009,302.25,0,1
24.4483,124.0775,3,2008,262.15,1.82,1
24.449,123.8066,5,2008,301.78,3.15,1
24.7186,125.3427,2,2016,262.15,14.5,1
24.7194,125.3425,3,2016,262.15,14.24,1
24.7261,125.3729,6,2013,262.15,0,1
24.7284,125.4048,6,2013,262.15,0,1
24.7609,125.425,1,2013,300.53,3.7,1
24.7617,125.426,5,2009,299.9,1.58,1
24.7645,125.4258,2,2016,300.53,14.75,1
24.8133,125.143,0.8,2016,301.11,16.99,1
24.9264,125.2377,3,2016,300.41,14.44,1
24.9919,125.2794,2,2013,295.11,0,1
26.0865,127.7058,10,2007,262.15,1.11,1
26.087,127.7074,3,2010,262.15,3.57,1
26.1071,127.7466,5,2009,298.09,4.61,1
26.128,127.769,3,2009,262.15,1.16,1
26.1486,127.8155,1,2009,298.29,0,1
26.1688,127.3455,3,2007,262.15,5.38,1
26.1748,127.3401,8,2009,262.15,0,1
26.1758,127.2311,23,2008,297.4,2.8,1
26.201,127.2888,5,2007,299.56,0,1
26.203,127.2881,1,2008,301.34,3.2,1
26.2147,127.2917,10,2004,301.66,0,1
26.2567,127.4027,4,2013,300.58,5,1
26.2737,127.9688,5,2009,301.55,0,1
26.3083,127.8597,1,2007,299.01,0,1
26.3083,127.8601,0.1,2010,298.46,4.22,1
26.3087,127.8631,1,2013,262.15,4.21,1
26.3554,126.8536,10,2013,300,4.45,1
26.4478,127.7885,20,2008,262.15,6.62,1
26.5024,127.842,4,2016,300.82,14.42,1
26.5037,127.8436,4,2016,300.82,14.42,1
26.5052,127.8497,3,2013,299.36,5.71,1
26.5379,128.08,1.5,2013,262.15,2.59,1
26.6311,127.8852,3,2013,262.15,6.76,1
26.6359,127.8657,2,2016,262.15,13.26,1
26.6361,127.8658,0,2013,262.15,5.58,1
26.6977,128.0136,1.5,2016,300.48,12.87,1
26.7343,127.7885,25,2007,262.15,0,1
26.7346,127.789,15,2008,262.15,5.8,1
26.7793,128.211,0.2,2013,262.15,9.78,1
27.1032,142.2076,5,2008,300.68,3.66,1
27.1049,142.205,5,2008,300.68,3.66,1
28.0706,129.3275,0.5,2013,298.67,9.56,1
28.1189,129.3044,2,2008,262.15,3.62,1
28.2043,129.2716,1,2016,262.15,9.96,1
30.2211,130.4297,3,2008,295.63,1.08,1
30.4693,130.2314,12,2008,295.33,1.23,1
32.6586,128.66,2,2013,262.15,12.35,1
32.7658,132.8728,8,2010,296.34,12.68,1
32.8029,131.9653,2,2010,262.15,5.75,1
33.6367,134.4856,10,2008,294.78,6.51,1
33.7691,129.6547,3,2013,262.15,18,1
33.8065,129.6676,2,2013,262.15,20.76,1
34.0124,136.2606,3,2006,299.6,0,1
34.0545,139.4805,5,2013,296.3,11.97,1
34.0559,139.4807,2,2013,296.3,11.97,1
34.1056,129.174,3,2013,293.51,17.18,1
34.4236,129.2664,3,2013,291.59,18.57,1
34.6081,138.824,5,2009,298.46,5.82,1
34.6627,138.7854,3,2008,262.15,7.5,1
28.2667,129.35,1.5,2001,262.15,4.88,1
6.0361,116.0322,1.5,1998,303.92,2.53,1
3.425,73.422,5.5,2003,302.08,3.69,1
19.8833,-87.4261,6.1,2006,302.01,2.19,1
19.8833,-87.4261,3.05,2005,302.01,1.02,1
19.9667,-87.4531,10.8,2006,262.15,0,1
19.9667,-87.4531,8.8,2005,262.15,5.2,1
19.9667,-87.4531,10.4,2005,262.15,4.39,1
19.9667,-87.4531,8.8,2005,262.15,4.39,1
19.9667,-87.4531,9.95,2005,262.15,4.39,1
19.9667,-87.4531,9.45,2005,262.15,0,1
18.7066,-87.704,14.3,2006,262.15,0,1
18.7066,-87.704,15,2006,262.15,0,1
18.7066,-87.704,15.4,2005,262.15,1.32,1
18.7066,-87.704,13.4,2005,262.15,1.32,1
19.934,-87.4336,12.65,2006,300.07,0,1
19.934,-87.4336,12.2,2004,300.9,1.01,1
19.7864,-87.4263,19.8,2004,300.87,0,1
19.9729,-87.4528,17.6,2006,262.15,0,1
18.724,-87.6968,8.2,2005,300.28,8.95,1
20.0995,-87.4625,9.9,2005,299.52,0,1
20.0995,-87.4625,8.5,2005,302.1,4.27,1
20.0995,-87.4625,9.9,2004,300.81,0,1
20.0995,-87.4625,10,2004,300.81,0,1
20.0995,-87.4625,8.05,2005,299.49,0,1
19.9333,-87.4321,15.85,2005,302.09,3.18,1
19.9333,-87.4321,18.3,2005,301.57,7.61,1
19.9333,-87.4321,18.6,2005,301.57,7.61,1
19.9333,-87.4321,15.2,2004,300.9,1.01,1
19.9333,-87.4321,20,2004,300.9,1.01,1
20.0375,-87.4662,8.8,2005,301.38,0,1
20.0375,-87.4662,10.25,2006,301.38,0,1
20.0375,-87.4662,8.8,2004,300.11,2.17,1
18.7069,-87.7058,9.2,2006,262.15,0,1
18.7069,-87.7058,10.05,2006,262.15,0,1
18.7069,-87.7058,12.5,2005,262.15,1.08,1
18.7069,-87.7058,9.6,2005,262.15,6.63,1
18.6809,-87.7126,10,2006,262.15,0,1
18.6809,-87.7126,8.95,2005,262.15,0.72,1
20.052,-87.4663,6.3,2006,299.66,0,1
20.052,-87.4663,6.1,2005,301.38,0,1
20.052,-87.4663,7.6,2005,301.38,0,1
20.052,-87.4663,6.4,2005,302.15,6.73,1
20.052,-87.4663,8.8,2004,300.97,3.37,1
20.052,-87.4663,5.05,2005,299.31,0,1
20.0514,-87.4628,12.6,2006,299.66,0,1
20.0514,-87.4628,11.45,2005,301.86,0,1
20.0514,-87.4628,13.4,2005,301.7,11.76,1
20.0505,-87.4704,3.4,2005,301.7,11.76,1
20.0505,-87.4704,3.55,2005,301.7,11.76,1
20.0505,-87.4704,3.7,2004,300.97,3.37,1
19.8805,-87.412,20.1,2005,302.32,2.17,1
19.8805,-87.412,18.6,2004,300.86,0,1
19.8805,-87.412,17.55,2004,300.86,0,1
19.9683,-87.4517,17.7,2005,262.15,0.27,1
19.9683,-87.4517,18.3,2004,262.15,1.63,1
20.0169,-87.4622,9,2005,302.21,6.12,1
20.0169,-87.4622,30,2004,300.89,2.43,1
20.0169,-87.4622,10.1,2005,300.01,3.67,1
20.0169,-87.4622,11.75,2005,300.01,3.67,1
19.9321,-87.4342,7.1,2006,300.07,0,1
18.7199,-87.7011,6.15,2006,262.15,0.55,1
18.7241,-87.6983,5.35,2005,262.15,4.58,1
18.707,-87.7068,5.35,2006,262.15,0,1
18.707,-87.7068,5.95,2005,262.15,4.58,1
18.6672,-87.7155,9.8,2006,262.15,0,1
18.6672,-87.7155,10.35,2006,262.15,0,1
18.6672,-87.7155,10.2,2005,262.15,5.39,1
20.015,-87.4648,4.6,2005,300.01,3.67,1
18.6672,-87.7142,15.95,2006,262.15,0,1
18.6672,-87.7142,15.75,2006,262.15,0,1
18.6672,-87.7173,4.75,2006,262.15,0,1
18.6672,-87.7173,5.75,2006,262.15,0,1
18.6806,-87.7113,16.1,2006,262.15,0,1
18.6806,-87.7113,13.35,2006,262.15,0,1
18.6806,-87.7113,14.8,2005,262.15,0.88,1
20.4,-87.3,12.5,2007,262.15,0.58,1
20.4,-87.3,12.5,2010,262.15,5.41,1
18.6872,-87.7122,7.3,2005,262.15,1.82,1
19.967,-87.4608,3,2004,262.15,1.63,1
18.6343,-87.7199,9.1,2006,262.15,1.35,1
18.7196,-87.6977,16.05,2005,302.26,5.58,1
18.7196,-87.6977,14.5,2005,299.45,2.65,1
18.7196,-87.6995,9.45,2005,262.15,6.63,1
18.6345,-87.7222,4.6,2005,262.15,2.12,1
18.6,-87.7,12.5,2010,302.12,6.42,1
20.8,-86.8,5.5,2010,302.2,5.35,1
20.8,-86.8,5.5,2011,302.2,0,1
12.078,-68.2158,19,1998,262.15,3.03,1
7.8167,-81.7667,20,1997,300.8,18.94,1
9.1076,-81.8225,1.2,2002,301.64,0,1
7.7902,-81.761,20,1997,300.8,18.94,1
-10.3,150.416,3.5,2000,262.15,5.14,1
-5.2,150.5167,50,1998,302.48,0,1
-4.9025,151.062,50.3,1998,302.55,1.19,1
10.01,125.01,9,2008,299.81,0,1
10.19,124,12,2008,302.37,1.69,1
16.45,119.9167,3,1994,302.42,0,1
-9.5364,50.9956,15,1998,300.38,12.83,1
-9.4476,46.3991,15,1998,300.24,4.83,1
24.79,-80.8897,22.5,1999,302.13,5.6,1
24.55,-81.667,10.67,1998,262.15,12.81,1
24.58,-81.4,13.72,1998,301.67,1.39,1
25.5655,-80.2167,14.5,2001,298.72,0,1
17.904,-67.037,25,2003,300.61,1.56,1
12.42,-69.88,10,2007,262.15,1.51,1
-12.317,136.933,1.25,2005,302.37,4.04,1
-19.15,146.85,5,1998,262.15,9.01,1
-23.32,151.98,2.5,2006,297.45,39.59,1
-23.49,152.09,2.5,2006,298.66,5.22,1
-21.87,152.19,2.5,2006,299.19,0,1
-21.87,152.19,5.5,2006,299.19,0,1
-22,152.67,2.5,2006,299.04,3.76,1
-21.98,152.48,5.5,2006,299.07,3.14,1
-21.98,152.48,2.5,2006,299.07,3.14,1
-14.327,-170.713,7,2004,262.15,1.08,1
-14.37,-170.77,19.5,2001,262.15,4.04,1
-14.28,-170.72,9.75,2001,262.15,0.98,1
-14.255,-170.63,9.75,2001,262.15,1.12,1
-14.65,145.49,5.5,2006,297.87,0,1
-20.6048,116.7575,3,2005,262.15,17.73,1
-20.6008,116.7593,3,2005,262.15,17.73,1
-20.5959,116.7639,4.5,2005,262.15,17.73,1
-20.5901,116.7686,3,2005,262.15,17.73,1
-20.589,116.7748,3,2005,262.15,17.73,1
-20.5713,116.7802,3,2005,262.15,15.94,1
-19.74,149.2,2.5,2007,299.42,0,1
-16.05,145.83,9,2007,302.09,3.44,1
23.764,-76.12,17,1991,297.15,0,1
23.764,-76.12,17,1993,302.59,2.79,1
23.764,-76.12,17,1994,300.35,2.03,1
23.764,-76.12,17,1992,298.87,1.1,1
23.796,-76.137,3.5,1992,297.95,4.51,1
23.796,-76.137,3.5,1994,297.95,1.06,1
23.796,-76.137,3.5,1993,299.09,1.71,1
24.592,-76.806,3,1993,302.19,0,1
24.7513,-77.8077,1,1998,302.27,3.22,1
26.0598,-76.9495,8.4,1999,302.28,1.15,1
24.8438,-77.8573,8.9,1998,302.42,11.53,1
24.626,-77.691,8.5,1998,302.45,5.8,1
26.6033,-76.9832,5.4,1999,302.11,0,1
26.6372,-77.0385,4.4,1999,302.18,1.39,1
26.3575,-76.9768,8,1999,302.19,0,1
24.8449,-77.861,0.6,1998,302.42,11.53,1
24.5064,-77.697,12.6,1998,302.44,4.76,1
26.5323,-76.9504,5,1999,302.18,0,1
26.5268,-76.957,3.9,1999,302.18,0,1
24.2917,-77.6462,1.7,1998,302.39,2.93,1
25.0637,-77.9378,1,1998,302.53,13.47,1
26.64,-77.0393,12.1,1999,302.18,1.39,1
23.742,-76.051,24,1990,302.56,0,1
23.745,-76.081,4,1987,302.19,0,1
23.745,-76.081,4,1987,302.19,0,1
23.7907,-76.1393,7,2005,301.16,4.61,1
23.797,-76.146,7.77,2005,299.89,4.61,1
23.797,-76.146,7.77,2005,299.89,4.61,1
23.797,-76.146,7.77,2005,299.89,4.61,1
23.752,-76.105,2.74,2005,299.9,5.33,1
23.752,-76.105,2.74,2005,299.9,5.33,1
13.073,-59.603,5.6,2006,300.13,0,1
13.188,-59.642,4.6,2006,300.18,0,1
17.92,-87.94,5.7,1999,301.37,0,1
16.81,-88.06,5.7,1999,301.73,0,1
16.77,-88.16,6.6,1999,302,2.65,1
17.92,-87.95,13.4,1999,301.48,2.94,1
16.76,-88.14,4.5,1999,301.92,0,1
16.813,-88.078,13.5,2000,302.48,3.26,1
16.17,-88.34,4.5,2007,302.38,3.35,1
16.749,-87.786,9,2005,301.08,5.11,1
16.749,-87.786,7,2005,301.08,5.11,1
16.251,-88.176,10.2,2005,301.31,7.44,1
16.218,-88.191,13.35,2005,301.25,6.95,1
17.538,-87.744,11.85,2005,301.15,6.44,1
17.5,-87.758,11.25,2005,301.16,4.4,1
16.176,-88.225,12,2005,301.29,7.03,1
16.313,-88.137,11.4,2005,301.26,6.12,1
17.563,-87.475,11,2005,301.2,3.23,1
16.802,-87.86,9,2005,299.93,5.27,1
16.802,-87.86,7,2005,299.93,5.27,1
32.33,-64.83,5,2003,300.25,10.3,1
32.33,-64.83,2.5,2003,298.31,10.91,1
32.467,-64.795,8.5,2005,300.34,4.7,1
18.441,-64.548,3,2005,262.15,10.49,1
19.7,-79.8,17.5,2002,301.63,0,1
19.7321,-80.0463,22.5,2002,302.25,0,1
19.694,-80.069,11.2,2005,262.15,5.6,1
19.701,-80.057,9.4,2005,262.15,5.6,1
19.685,-80.078,13,2005,302.92,4.56,1
19.681,-80.023,11,2005,302.94,6.29,1
11.323,-74.081,5,2005,262.15,4.12,1
10.175,-75.771,6.5,2005,302.71,7.88,1
10.238,-75.737,7.5,2005,302.63,9,1
10.16,-75.74,5,2005,302.79,5.11,1
10.137,-75.743,2.5,1987,302.94,0,1
12.466,-81.65,1.5,2005,301.75,7.89,1
11.3333,-74.1333,13.5,1999,301.14,4.8,1
11.333,-74.133,5,2005,300.84,2.63,1
12.59,-81.714,16,2005,299.7,0,1
14.15,145.2,7,2001,262.15,2.54,1
16.0167,146.0667,6,2001,302.3,3.82,1
-18.8625,-159.8028,1,1994,301.11,6.56,1
21.727,-83.348,12,2005,300.15,8.32,1
20.7984,-78.9568,13.3,2001,303.33,0,1
22,-82,14.5,2005,303.25,3.48,1
19.9613,-75.871,17.5,2003,262.15,0.38,1
21.1167,-75.867,18,2003,262.15,0,1
22.55,-78.04,15,2003,300.32,0,1
22.5607,-78.4628,7.5,2005,300.22,6.64,1
21.656,-83.419,3,2005,300.23,4.76,1
21.61,-83.102,5,2005,298.8,5.32,1
15.262,-61.264,3.5,2006,262.15,4.56,1
15.266,-61.276,3.5,2006,262.15,5.7,1
17.7879,-71.6658,10.7,2004,301.74,0,1
19,-69.04,3.3,2009,299.03,6.53,1
19.05,-68.96,13.2,2009,299.09,5.11,1
-0.2701,-91.0988,30,1998,299.51,47.44,1
9.5167,138.1667,20,1998,302.05,3.33,1
-18.371,177.981,10,2002,301.54,2.59,1
-18.1338,179.3226,7,2002,301.63,1.1,1
-17.3,178.5,10,2002,301.61,1.68,1
-17.3,178.5,4,2001,300.41,0,1
-17.3,178.6,7.5,2002,301.61,1.54,1
-17.3,178.6,6,2002,300.44,3.79,1
-17.3,178.6,6,2004,300.22,0,1
-17.3,178.6,6,2006,300.22,2.17,1
-17.1114,179.101,11.5,2002,301.74,2.45,1
-18.392,178.201,15,2002,301.02,8.59,1
-18.38,178.199,17,2002,301.02,8.59,1
-18.331,178.142,10,2002,300.98,0,1
-18.319,178.033,10,2002,300.92,2.96,1
-16.666,179.85,1,2000,262.15,1.72,1
-18.6223,178.555,11.75,2000,300.06,7.33,1
-16.91,177.39,3,2007,301.32,6.89,1
16.357,-61.587,1.5,2006,300.13,0,1
16.43,-61.54,12,2007,300.06,1,1
16.36,-61.574,12,2006,300.13,6.52,1
17.874,-62.814,12,2006,262.15,0.27,1
16.398,-61.533,11,2006,300.31,1.06,1
16.398,-61.533,11,2006,299.36,3.58,1
-17.5,-149.9167,2.5,1994,301.95,2.42,1
-16.5,-151.78,15,2008,300.74,1,1
-16.5,-151.78,7,2008,300.74,1,1
18.3421,-78.3558,8.9,2000,302.71,0,1
24.4846,124.1241,10,2009,300.25,2.36,1
24.5282,124.2525,3,2008,301.1,0,1
26.2509,127.6683,3,2009,299.06,1.35,1
26.5074,127.8846,9.6,2007,301.5,0,1
30.4581,130.4889,8,2016,300.78,3.45,1
32.7688,132.6389,2,2008,294.46,3.75,1
33.4532,135.7498,10,2008,262.15,3.75,1
33.4563,135.7611,12,2008,262.15,3.75,1
33.4811,135.7464,3,2008,262.15,5.12,1
33.4835,135.6932,10,2010,300.24,11.37,1
33.4835,135.6932,10,2010,300.24,11.37,1
34.8219,139.0778,10,2008,298.41,10.07,1
34.8219,139.0777,10,2008,298.41,10.07,1
34.8222,139.0785,10,2008,298.41,10.07,1
34.3356,139.2077,3,2008,298.67,7.48,1
34.6601,138.7878,5,2008,262.15,7.08,1
26.2158,127.6466,1,2009,300.13,1.28,1
26.553,127.9687,3,2008,262.15,5.88,1
24.2354,123.9859,8,2010,298.39,9.66,1
24.3471,124.0825,3,2008,301.2,4.78,1
24.3478,123.7371,2,2008,262.15,1.28,1
24.3582,124.0843,2,2009,301.56,0,1
24.3702,123.9757,6,2007,301.94,0,1
24.4513,124.1741,3,2013,262.15,8.57,1
24.4516,124.1832,1.5,2008,262.15,0,1
24.455,124.1638,4,2009,300.76,1.33,1
24.4557,124.1857,10,2007,300.48,5.75,1
24.4582,124.2052,0.3,2008,300.59,0,1
24.4583,124.2054,0.3,2013,299.65,6.82,1
24.4692,124.2188,2,2009,300.66,1.84,1
24.471,124.1055,10,2009,301.56,0,1
24.4975,124.2285,2,2008,298.2,1.04,1
26.0883,127.7122,2,2008,262.15,0,1
26.2274,127.3628,10,2008,301.73,5.82,1
26.2562,127.6909,0.5,2010,298.09,4.09,1
26.2576,127.6837,2,2013,301.22,2.43,1
26.2577,127.6819,3,2008,300.74,5.29,1
26.42,127.7112,3,2008,301.52,5.4,1
26.4389,127.7122,0.1,2009,294.25,1.82,1
26.5996,127.9386,1,2008,262.15,20.04,1
26.7035,127.8794,2,2007,299.46,0,1
26.7093,127.8838,0.5,2013,300.08,10.5,1
28.372,129.4037,2,2013,300.38,6.63,1
24.2865,123.7318,10,2008,262.15,5.16,1
24.2969,123.7253,5,2008,262.15,2.18,1
24.3117,124.0701,3,2008,301.25,3.69,1
24.3126,123.9155,6,2008,296.74,4.96,1
24.3221,124.1734,5,2007,296.83,5.49,1
24.3403,124.0748,4,2009,301.32,0,1
24.4295,123.7932,5,2016,301.29,10.51,1
24.4489,124.0774,5,2008,262.15,1.82,1
24.9257,125.2754,5,2009,301.91,1.34,1
24.935,125.2309,0,2008,302.04,6.2,1
26.079,127.6633,7,2013,262.15,4.4,1
26.1294,127.7986,15,2008,300.55,2.8,1
26.1637,127.2363,10,2008,299.65,4.99,1
26.1756,127.2311,5,2008,297.4,2.8,1
26.1927,127.2874,3,2008,300.86,4.65,1
26.216,127.2874,8,2008,299.61,0,1
26.2559,127.4062,20,2008,301.4,8.3,1
26.4949,127.8399,1,2016,301.11,13.78,1
26.504,127.8438,5,2010,300.49,4.57,1
26.5042,127.8439,4,2008,301.77,7.36,1
26.5117,128.067,8,2008,297.72,1.08,1
26.6805,128.0192,3,2013,299.28,9.53,1
26.7042,142.135,15,2009,300.91,8.8,1
28.1662,129.2702,2,2008,301.09,1.06,1
28.1754,129.2821,2,2008,262.15,1.06,1
32.6941,129.7922,7,2007,262.15,16.81,1
33.0433,132.4849,5,2009,262.15,1.1,1
33.0676,139.8423,20,2008,294.73,2.4,1
33.4827,135.754,5,2008,262.15,5.36,1
33.7192,135.3247,10,2008,292.06,1.13,1
33.7246,135.3327,5,2008,293.9,7.18,1
33.9764,135.07,7,2008,262.15,3.55,1
34.0561,139.4806,5,2008,292.9,6.39,1
34.099,139.486,10,2008,262.15,6.21,1
34.2398,139.1368,5,2008,262.15,8.5,1
34.2401,139.1368,6,2013,262.15,7.25,1
34.7868,139.4095,10,2008,298.62,8.45,1
-3.215,40.127,0.65,2003,301.04,4.68,1
-1.986,41.383,0.65,2003,301.12,1.04,1
-22.12,43.2,12,2008,298.01,0,1
2.814,104.212,2,1998,302.74,9.99,1
2.921,104.11,5.75,1998,302.78,12.52,1
6.0167,116.0333,1.5,1998,303.92,2.53,1
6.059,100.043,4.5,2002,303.23,0,1
6.064,100.036,8,2002,303.23,0,1
6.054,100.04,5.5,2002,303.23,0,1
4.3433,113.8983,5,2009,303.13,0,1
5.95,102.71,5,2008,301.66,0,1
5.29,73.11,12,2008,301.64,1.39,1
5.29,73.11,2,2008,302.47,1.39,1
3.448,73.754,5.5,2003,302.06,2.8,1
3.203,72.919,5.5,2003,302.14,3.04,1
7.167,171.035,1,1993,301.44,0,1
7.01,171.367,1,2002,302.38,0,1
-19.681,63.423,1,2006,262.15,0,1
19.8833,-87.4261,2.6,2005,302.01,1.02,1
19.8833,-87.4261,6.4,2006,302.01,2.19,1
19.8833,-87.4261,4.6,2004,300.03,0,1
19.9667,-87.4531,10.55,2005,262.15,0.27,1
19.9667,-87.4531,9.8,2005,262.15,0.27,1
19.9667,-87.4531,9.45,2005,262.15,0.27,1
19.9667,-87.4531,8.8,2005,262.15,0.86,1
19.9667,-87.4531,10.4,2006,262.15,0,1
19.9667,-87.4531,9.3,2005,262.15,0.86,1
19.9667,-87.4531,9.15,2006,262.15,0,1
19.9667,-87.4531,9.75,2006,262.15,0,1
19.9667,-87.4531,8.65,2005,262.15,2.2,1
19.9667,-87.4531,9.3,2004,262.15,1.63,1
18.7066,-87.704,14.9,2006,262.15,0,1
18.7066,-87.704,14.75,2005,262.15,1.08,1
18.7066,-87.704,14,2005,262.15,2.12,1
18.7066,-87.704,14.6,2005,262.15,4.58,1
18.7066,-87.704,16.2,2005,262.15,4.58,1
18.7066,-87.704,15.25,2005,262.15,1.32,1
19.934,-87.4336,13.5,2005,299.47,0,1
19.934,-87.4336,11.45,2005,299.47,0,1
19.934,-87.4336,10.25,2006,300.07,0,1
19.934,-87.4336,10.65,2006,300.07,0,1
19.934,-87.4336,12.05,2006,300.07,0,1
19.934,-87.4336,13.6,2005,299.92,0,1
19.934,-87.4336,11.15,2005,301.45,1,1
19.934,-87.4336,12.5,2005,301.45,1,1
19.934,-87.4336,11.9,2005,301.57,7.61,1
19.934,-87.4336,14.6,2004,300.9,1.01,1
20.1004,-87.4638,6.85,2005,299.52,0,1
20.1004,-87.4638,6.85,2005,299.52,0,1
20.1004,-87.4638,5.8,2005,299.52,0,1
20.1004,-87.4638,7,2005,299.52,0,1
20.1004,-87.4638,6.85,2004,300.12,0,1
19.7864,-87.4263,19.55,2005,299.64,0,1
19.7864,-87.4263,18.3,2005,299.64,0,1
19.7864,-87.4263,19.2,2005,299.64,0,1
19.7864,-87.4263,16.8,2005,302.08,0,1
19.9729,-87.4528,19.9,2005,262.15,0.27,1
19.9729,-87.4528,19.35,2005,262.15,0.27,1
19.9729,-87.4528,19.2,2005,262.15,0.86,1
19.9729,-87.4528,18.45,2005,262.15,0.86,1
19.9729,-87.4528,18.9,2005,262.15,0.86,1
19.9729,-87.4528,19.65,2005,262.15,0.86,1
19.9729,-87.4528,18.3,2005,262.15,0.86,1
19.9729,-87.4528,0,2004,262.15,0.77,1
19.9729,-87.4528,19.65,2004,262.15,0.77,1
18.724,-87.6968,7.8,2006,299.84,0,1
18.724,-87.6968,8.8,2006,299.84,0,1
18.724,-87.6968,7.75,2005,301.31,1.05,1
18.724,-87.6968,8.8,2005,301.31,1.05,1
18.724,-87.6968,8.9,2005,301.31,1.05,1
18.724,-87.6968,8.5,2005,301.31,1.05,1
18.724,-87.6968,8.35,2005,302.26,5.58,1
18.724,-87.6968,9.9,2005,302.26,5.58,1
18.724,-87.6968,8.45,2005,300.28,8.95,1
18.724,-87.6968,8.35,2005,299.45,2.65,1
20.0995,-87.4625,9.1,2005,299.52,0,1
20.0995,-87.4625,9.45,2006,302.04,0,1
20.0995,-87.4625,9.3,2006,302.04,0,1
20.0995,-87.4625,8.2,2005,302.1,4.27,1
20.0995,-87.4625,9.6,2005,301.5,9.09,1
20.0995,-87.4625,9.75,2005,299.49,0,1
19.9333,-87.4321,17.25,2005,299.47,0,1
19.9333,-87.4321,17.85,2006,300.07,0,1
19.9333,-87.4321,17.9,2006,300.07,0,1
19.9333,-87.4321,18.3,2005,302.09,3.18,1
19.9333,-87.4321,18.45,2005,301.57,7.61,1
19.9333,-87.4321,18.75,2005,301.57,7.61,1
20.0375,-87.4662,11,2005,299.53,0,1
20.0375,-87.4662,7.45,2005,301.38,0,1
18.724,-87.697,7.75,2005,301.31,1.05,1
18.707,-87.704,14.75,2005,262.15,1.08,1
18.707,-87.704,14.6,2005,262.15,4.58,1
18.7069,-87.7058,9.6,2005,262.15,1.08,1
18.7069,-87.7058,9.1,2005,262.15,1.08,1
18.7069,-87.7058,9.9,2005,262.15,1.08,1
18.7069,-87.7058,10.05,2005,262.15,3.56,1
18.7069,-87.7058,9,2005,262.15,3.56,1
18.7069,-87.7058,9.45,2005,262.15,4.58,1
18.7069,-87.7058,8.3,2005,262.15,6.63,1
18.7069,-87.7058,8.8,2005,262.15,6.63,1
18.681,-87.713,9.6,2005,262.15,4.6,1
18.6809,-87.7126,9.9,2005,262.15,0.72,1
18.6809,-87.7126,9.15,2005,262.15,0.72,1
18.6809,-87.7126,9.6,2005,262.15,4.6,1
18.6809,-87.7126,9.25,2005,262.15,4.6,1
18.6809,-87.7126,10.25,2005,262.15,4.6,1
18.6809,-87.7126,9.5,2005,262.15,5.39,1
18.6809,-87.7126,11.3,2005,262.15,5.39,1
20.052,-87.466,6.8,2006,299.66,0,1
20.052,-87.466,6.55,2005,299.31,0,1
20.052,-87.4663,6.8,2006,299.66,0,1
20.052,-87.4663,5.8,2005,301.38,0,1
20.052,-87.4663,6.4,2005,302.15,6.73,1
20.052,-87.4663,7.45,2004,300.11,2.17,1
20.052,-87.4663,7.15,2004,300.11,2.17,1
20.052,-87.4663,6.55,2005,299.31,0,1
20.052,-87.4663,6.1,2005,299.31,0,1
20.051,-87.463,15.25,2005,301.7,11.76,1
20.0514,-87.4628,14.3,2005,301.86,0,1
20.0514,-87.4628,11.75,2005,301.86,0,1
20.0514,-87.4628,15.25,2005,301.7,11.76,1
20.0514,-87.4628,14,2005,301.7,11.76,1
20.0514,-87.4628,6.85,2004,300.97,3.37,1
20.0514,-87.4628,16.65,2004,300.97,3.37,1
20.0514,-87.4628,12.8,2004,300.11,2.17,1
20.0514,-87.4628,20.4,2004,300.11,2.17,1
20.0514,-87.4628,14.35,2005,299.31,0,1
20.0514,-87.4628,12.2,2005,299.31,0,1
19.8832,-87.4175,8.95,2005,300.11,0,1
19.8832,-87.4175,9.1,2005,301.35,0,1
19.8832,-87.4175,0,2004,300.86,0,1
19.8832,-87.4175,9.9,2004,300.86,0,1
20.04,-87.4697,3,2005,299.53,0,1
20.04,-87.4697,4.3,2005,299.53,0,1
20.04,-87.4697,1.35,2006,301.38,0,1
20.04,-87.4697,3.5,2005,301.38,0,1
20.04,-87.4697,3.85,2006,301.86,0,1
20.04,-87.4697,2.85,2005,301.86,0,1
20.04,-87.4697,3.4,2005,301.86,0,1
20.04,-87.4697,4.6,2004,300.97,3.37,1
20.04,-87.4697,4.6,2004,300.97,3.37,1
20.04,-87.4697,4.6,2004,300.97,3.37,1
20.0505,-87.4704,3,2005,299.53,0,1
20.0505,-87.4704,3.2,2006,300.27,0,1
20.0505,-87.4704,2.55,2006,300.27,0,1
20.0505,-87.4704,3.2,2005,301.38,0,1
20.0505,-87.4704,3.05,2005,301.38,0,1
20.0505,-87.4704,2.55,2005,301.38,0,1
20.0505,-87.4704,3.7,2005,301.7,11.76,1
20.0505,-87.4704,3.85,2004,300.97,3.37,1
20.0505,-87.4704,3.7,2004,300.97,3.37,1
20.0505,-87.4704,3.7,2005,299.31,0,1
19.8805,-87.412,20.25,2005,299.65,0,1
19.8805,-87.412,20.3,2005,299.65,0,1
19.8805,-87.412,20.6,2005,299.65,0,1
19.8805,-87.412,20,2005,300.11,0,1
19.8805,-87.412,19.65,2005,302.32,2.17,1
19.8805,-87.412,19.65,2004,300.86,0,1
19.9683,-87.4517,18.35,2005,262.15,0.27,1
19.9683,-87.4517,17.25,2005,262.15,0.27,1
19.9683,-87.4517,18.3,2004,262.15,1.63,1
20.0169,-87.4622,9.45,2005,299.56,1.07,1
20.0169,-87.4622,9.3,2006,299.68,0,1
20.0169,-87.4622,8.65,2006,300.25,0,1
20.0169,-87.4622,10.1,2005,301.31,0,1
20.0169,-87.4622,8.05,2005,301.31,0,1
19.933,-87.432,17.85,2006,300.07,0,1
18.707,-87.707,4.75,2005,262.15,2.12,1
19.9321,-87.4342,6.1,2004,300.2,0,1
18.72,-87.701,3.9,2006,262.15,0,1
19.934,-87.434,10.25,2006,300.07,0,1
18.7199,-87.7011,3.9,2006,262.15,0,1
18.7199,-87.7011,5.15,2005,262.15,1.08,1
18.7199,-87.7011,5.5,2005,262.15,1.08,1
18.7199,-87.7011,6.2,2006,262.15,0,1
18.7199,-87.7011,5.3,2005,262.15,1.08,1
18.7199,-87.7011,5.3,2006,262.15,0,1
18.7199,-87.7011,6.6,2006,262.15,0.55,1
18.7199,-87.7011,4.7,2005,262.15,3.56,1
18.7199,-87.7011,4.45,2005,262.15,4.58,1
18.7199,-87.7011,5.05,2005,262.15,4.58,1
18.6808,-87.7142,5.5,2006,262.15,0,1
18.6808,-87.7142,5.8,2005,262.15,0.72,1
18.6808,-87.7142,5.35,2005,262.15,4.6,1
18.6808,-87.7142,6.4,2005,262.15,0.88,1
18.681,-87.714,5.5,2006,262.15,0,1
18.7241,-87.6983,4.25,2006,262.15,0,1
18.7241,-87.6983,5.65,2006,262.15,0,1
18.7241,-87.6983,4.75,2006,262.15,0,1
18.7241,-87.6983,4.95,2005,262.15,1.08,1
18.7241,-87.6983,4.45,2005,262.15,1.08,1
18.7241,-87.6983,5.5,2005,262.15,1.08,1
18.7241,-87.6983,6.4,2005,262.15,4.58,1
18.7241,-87.6983,4.75,2005,262.15,4.58,1
18.7241,-87.6983,4.65,2005,262.15,6.63,1
18.7241,-87.6983,4.3,2005,262.15,6.63,1
18.707,-87.7068,5.1,2006,262.15,0,1
18.707,-87.7068,5.25,2006,262.15,0,1
18.707,-87.7068,5.65,2005,262.15,1.08,1
18.707,-87.7068,4.75,2005,262.15,2.12,1
18.707,-87.7068,4.8,2005,262.15,4.58,1
18.707,-87.7068,5.35,2005,262.15,4.58,1
18.707,-87.7068,5.2,2005,262.15,7.12,1
18.707,-87.7068,6.4,2005,262.15,6.63,1
18.6672,-87.7155,10.45,2006,262.15,0,1
18.6672,-87.7155,10.25,2006,262.15,0,1
18.6672,-87.7155,10.7,2005,262.15,0.72,1
18.6672,-87.7155,10.5,2005,262.15,0.72,1
18.6672,-87.7155,11.15,2005,262.15,0.72,1
18.6672,-87.7155,10.1,2005,262.15,4.6,1
18.6672,-87.7155,10.4,2005,262.15,4.6,1
18.6347,-87.7188,16.75,2006,262.15,0,1
18.6347,-87.7188,18.2,2006,262.15,0,1
18.6347,-87.7188,17.55,2005,262.15,2.12,1
18.6347,-87.7188,17.85,2005,262.15,2.12,1
18.6347,-87.7188,19.6,2005,262.15,3.66,1
18.6347,-87.7188,17.75,2005,262.15,4.82,1
20.05,-87.47,3.7,2005,299.31,0,1
18.667,-87.716,10.7,2005,262.15,0.72,1
18.667,-87.716,10.1,2005,262.15,4.6,1
20.015,-87.465,4.6,2005,302.21,6.12,1
20.015,-87.4648,4.9,2005,301.31,0,1
20.015,-87.4648,6.4,2005,301.31,0,1
20.015,-87.4648,4.6,2005,302.21,6.12,1
20.015,-87.4648,6.1,2005,302.21,6.12,1
20.015,-87.4648,6.1,2004,300.01,1.06,1
20.015,-87.4648,6.1,2004,300.01,1.06,1
20.015,-87.4648,0,2004,300.01,1.06,1
20.015,-87.4648,4.6,2005,300.01,3.67,1
20.015,-87.4648,4.6,2005,299.26,0,1
18.6672,-87.7142,13.85,2005,262.15,4.6,1
18.6672,-87.7142,15.15,2005,262.15,6.52,1
18.6672,-87.7142,15.75,2005,262.15,6.52,1
18.6672,-87.7173,6.4,2005,262.15,0.72,1
18.6672,-87.7173,5.25,2005,262.15,4.6,1
18.6672,-87.7173,5.05,2005,262.15,4.6,1
18.6806,-87.7113,12.05,2005,262.15,0.72,1
18.6806,-87.7113,15.35,2005,262.15,0.72,1
18.6806,-87.7113,14.75,2005,262.15,0.72,1
18.6806,-87.7113,18,2005,262.15,4.6,1
18.6806,-87.7113,14.35,2005,262.15,6.52,1
18.6806,-87.7113,15.55,2005,262.15,0.88,1
18.681,-87.711,12.05,2005,262.15,0.72,1
18.681,-87.711,18,2005,262.15,4.6,1
18.6596,-87.7156,14.25,2006,262.15,1.35,1
18.6596,-87.7156,15.75,2005,262.15,2.12,1
18.6596,-87.7156,21.2,2005,262.15,2.12,1
18.6872,-87.7122,7.45,2006,262.15,0,1
18.6872,-87.7122,6.4,2005,262.15,1.82,1
18.6595,-87.7165,11.25,2006,262.15,0.25,1
18.6595,-87.7165,11.2,2006,262.15,0.25,1
18.6595,-87.7165,12.05,2006,262.15,0.25,1
18.6595,-87.7165,11,2006,262.15,1.35,1
18.659,-87.717,11,2006,262.15,1.35,1
19.967,-87.4608,1.65,2006,262.15,0,1
19.967,-87.4608,2.85,2006,262.15,0.29,1
19.967,-87.4608,2.25,2005,262.15,5.2,1
19.967,-87.4608,2.7,2005,262.15,7.67,1
19.967,-87.4608,3.5,2004,262.15,1.63,1
19.967,-87.461,1.65,2006,262.15,0,1
19.967,-87.461,2.85,2006,262.15,0.29,1
18.6343,-87.7199,9.45,2005,262.15,0.56,1
18.6343,-87.7199,9.8,2005,262.15,0.56,1
18.6343,-87.7199,10.25,2005,262.15,3.66,1
18.6343,-87.7199,9.1,2005,262.15,3.66,1
18.6343,-87.7199,10.4,2005,262.15,3.66,1
18.634,-87.72,9.45,2005,262.15,0.56,1
18.66,-87.709,15.5,2005,262.15,0.56,1
18.66,-87.709,10,2005,262.15,4.82,1
18.675,-87.707,14.8,2005,262.15,4.6,1
19.967,-87.453,9.15,2005,262.15,0.86,1
19.967,-87.453,8.8,2005,262.15,0.86,1
18.7196,-87.6977,17.8,2005,301.31,1.05,1
18.7196,-87.6977,17.85,2005,301.31,1.05,1
18.7196,-87.6977,17.05,2006,301.31,0,1
18.7196,-87.6977,15.6,2006,301.77,0,1
18.7196,-87.6977,14.6,2005,301.77,3.11,1
18.7196,-87.6977,15.5,2006,301.77,0,1
18.7196,-87.6977,17.7,2005,301.77,3.11,1
18.7196,-87.6977,15.35,2006,301.77,0,1
18.7196,-87.6977,18.75,2005,302.26,5.58,1
18.7196,-87.6977,17.85,2005,302.26,5.58,1
18.7196,-87.6977,16.95,2005,299.45,2.65,1
18.72,-87.698,18.75,2005,302.26,5.58,1
18.72,-87.698,17.85,2005,302.26,5.58,1
18.687,-87.709,15.65,2006,262.15,0,1
18.687,-87.709,17.5,2005,262.15,1.82,1
18.687,-87.709,16,2005,262.15,1.82,1
18.6868,-87.7094,15.65,2006,262.15,0,1
18.6868,-87.7094,16.3,2006,262.15,0,1
18.6868,-87.7094,15.95,2006,262.15,0,1
18.6868,-87.7094,19.1,2006,262.15,0,1
18.6868,-87.7094,17.5,2005,262.15,1.82,1
18.6868,-87.7094,16,2005,262.15,1.82,1
18.72,-87.699,8.95,2006,262.15,0,1
18.72,-87.699,10.55,2005,262.15,1.08,1
18.72,-87.699,9.7,2006,262.15,0,1
18.72,-87.699,9.85,2005,262.15,1.08,1
18.7196,-87.6995,8.95,2006,262.15,0,1
18.7196,-87.6995,10.55,2005,262.15,1.08,1
18.7196,-87.6995,9.7,2006,262.15,0,1
18.7196,-87.6995,9.85,2005,262.15,1.08,1
18.7196,-87.6995,9.55,2006,262.15,0,1
18.7196,-87.6995,9.15,2005,262.15,1.08,1
18.7196,-87.6995,9.1,2005,262.15,1.08,1
18.7196,-87.6995,10.25,2006,262.15,0.55,1
18.7196,-87.6995,9.1,2005,262.15,3.56,1
18.7196,-87.6995,10.05,2005,262.15,3.56,1
18.7196,-87.6995,8.65,2005,262.15,4.58,1
18.7196,-87.6995,9.8,2005,262.15,4.58,1
18.7196,-87.6995,10.5,2005,262.15,6.63,1
18.7196,-87.6995,10.25,2005,262.15,6.63,1
18.7196,-87.6995,9.6,2005,262.15,6.63,1
18.6873,-87.7105,10,2006,262.15,0,1
18.6873,-87.7105,11.6,2005,262.15,0.72,1
18.6873,-87.7105,10.25,2006,262.15,0,1
18.6873,-87.7105,11.9,2005,262.15,0.72,1
18.6873,-87.7105,10.25,2005,262.15,1.82,1
18.6873,-87.7105,10.4,2005,262.15,1.82,1
18.687,-87.711,10,2006,262.15,0,1
18.687,-87.711,10.25,2005,262.15,1.82,1
18.687,-87.711,10.4,2005,262.15,1.82,1
18.721,-87.691,8.35,2005,301.31,1.05,1
18.721,-87.691,10.15,2005,302.11,4.57,1
20.469,-86.983,9.88,2006,301.44,0,1
18.655,-87.71,10.65,2005,262.15,0.56,1
19.7869,-87.4331,10.7,2005,301.48,0,1
19.7869,-87.4331,10.05,2005,301.48,0,1
19.7869,-87.4331,11.75,2005,302.08,0,1
19.7869,-87.4331,10.4,2005,302.08,0,1
19.7869,-87.4331,11.45,2004,300.87,0,1
18.704,-87.704,4.75,2005,262.15,1.82,1
18.718,-87.701,5.55,2005,262.15,4.58,1
18.721,-87.692,4.6,2005,302.26,5.58,1
18.721,-87.692,4,2005,300.28,8.95,1
18.721,-87.692,4.65,2005,300.28,8.95,1
18.718,-87.693,9.1,2005,302.11,4.57,1
18.718,-87.692,19.05,2005,302.26,5.58,1
20.038,-87.466,7.45,2005,301.38,0,1
19.88,-87.412,19.65,2005,302.32,2.17,1
18.685,-87.706,9.25,2005,262.15,1.82,1
18.685,-87.706,14.5,2005,262.15,1.82,1
18.655,-87.709,14.6,2005,262.15,2.12,1
18.7421,-87.677,10.7,2006,301.77,0,1
18.6596,-87.7193,5.2,2005,262.15,2.12,1
18.6596,-87.7193,4.9,2006,262.15,1.35,1
18.6345,-87.7222,4.85,2005,262.15,3.66,1
18.634,-87.718,19.35,2005,262.15,3.66,1
18.634,-87.718,17,2005,262.15,4.82,1
18.69,-87.709,15,2005,262.15,4.6,1
20.832,-86.874,6,2005,262.15,6.31,1
20.408,-87.298,12.5,2005,262.15,5.08,1
20.406,-87.302,5.8,2005,262.15,5.08,1
20.337,-87.027,10,2005,262.15,3.45,1
20.505,-86.758,8.67,2005,262.15,0.23,1
17.46,-62.98,17,2008,262.15,0,1
12.1833,-68.3,19,1998,301.09,8.18,1
17.4643,-62.9878,14.4,1999,262.15,1.2,1
17.4868,-63.2317,15,1999,299.34,1.02,1
17.4633,-62.9847,13.7,1999,262.15,1.2,1
17.6433,-63.2532,5.6,1999,299.28,0,1
17.6267,-63.2597,12.1,1999,299.28,0,1
17.4635,-62.9782,11.5,1999,262.15,1.2,1
17.4648,-62.986,14.2,1999,262.15,1.2,1
17.6293,-63.2588,14.5,1999,299.28,0,1
17.4648,-62.9667,14.9,1999,262.15,1.2,1
17.6308,-63.215,9.5,1999,299.28,0,1
17.6248,-63.2595,11.2,1999,299.28,0,1
17.6282,-63.2595,13.1,1999,299.28,0,1
17.4625,-62.9777,16.2,1999,262.15,1.2,1
17.464,-62.9825,14,1999,262.15,1.2,1
17.615,-63.225,10.7,1999,299.3,0,1
17.4643,-62.985,15.2,1999,262.15,1.2,1
9.4233,-82.3242,1.2,2002,301.06,0,1
9.4887,-78.7281,8.4,2002,301.67,0,1
9.2728,-82.0659,1.3,2002,301.52,0,1
-10.305,151.052,10,1996,301.97,3.11,1
10.55,124.66,6,2008,302.8,2.57,1
-9.7951,159.7996,15,2000,302.49,0,1
-9.795,159.8,15,2000,302.49,0,1
8.409,79.752,1.5,2005,303.11,5.04,1
7.7221,81.7278,42,1998,302.72,8.32,1
8.574,81.242,1.5,2004,301.69,0,1
12.634,-61.35,2.25,2003,301.33,4.43,1
-6.2786,39.1782,8,2010,299.48,4.65,1
8,98.33,1,1998,262.15,3.93,1
10.8365,-60.9145,1,2009,300.95,3.9,1
10.8367,-60.9229,1,2009,300.95,3.9,1
10.837,-60.9455,1,2009,300.95,3.9,1
11.332,-60.645,7,2005,300.11,6.24,1
11.29,-60.523,7,2005,300.27,11.84,1
27.908,-93.596,19.8,2006,293.69,0,1
28,-93.58,22,2006,293.35,1.02,1
17.785,-64.759,6,2006,262.15,0,1
26.083,-80.096,10,2006,297.55,0,1
26.203,-80.078,17.3,2006,262.15,0,1
26.032,-80.087,14.2,2006,298.57,0,1
18.186,-65.077,30,2006,299.84,0,1
18.186,-65.077,30,2005,301.24,14.14,1
26.122,-80.087,14.3,2006,262.15,0,1
18.341,-65.082,8,2005,301.24,12.9,1
17.798,-64.607,6.04,2006,300.13,0,1
17.776,-64.67,6.1,2006,300.23,0,1
17.794,-64.597,7.86,2006,300.13,0,1
17.8,-64.629,3.41,2006,300.17,0,1
17.794,-64.626,4.08,2006,300.17,0,1
26.259,-80.059,20.1,2006,299.92,0,1
17.803,-64.595,28.35,2006,300.13,0,1
17.806,-64.612,13.29,2006,300.13,0,1
17.806,-64.607,16.7,2006,300.13,0,1
17.778,-64.669,6.58,2006,300.23,0,1
17.792,-64.585,10.49,2006,300.13,0,1
18.295,-64.832,17,2006,301.28,5.35,1
18.244,-64.758,33,2005,301.16,13.67,1
18.244,-64.758,33,2005,301.16,13.67,1
18.191,-64.95,36,2006,300.46,0,1
18.3,-65.6,8,1999,300.53,0,1
24.633,-82.918,11,2002,301.47,6.61,1
18.3267,-65.3322,7.5,2001,301.22,0,1
25.3698,-80.1393,6,2003,303,5.55,1
24.616,-81.4,7.5,1987,303.29,2.64,1
24.54,-81.833,6,1987,303.36,0.69,1
25.119,-80.3,3.2,2005,300.95,1.03,1
25.034,-80.35,6.1,2005,298.21,0,1
24.483,-81.956,5.1,2005,302.62,4.15,1
24.446,-81.863,9.3,2005,302.61,1,1
24.524,-81.574,5.4,2005,302.6,2.11,1
25.702,-80.102,8.4,2006,302.32,1.13,1
24.521,-81.662,4.8,2005,302.55,2.17,1
24.539,-81.626,6,2005,302.52,2.87,1
25.643,-80.097,8.9,2006,302.35,0,1
24.504,-81.582,24.45,2005,302.6,2.11,1
24.537,-81.437,17.9,2006,302.64,1.68,1
24.525,-81.625,6.6,2005,299.9,26.01,1
24.497,-81.651,8.7,2005,299.9,26.01,1
25.592,-80.106,4.5,2006,302.39,0,1
26.148,-80.096,6.4,2005,262.15,0.71,1
24.537,-81.615,4.95,2005,302.53,2.79,1
24.527,-81.674,7.5,2006,302.55,5.08,1
24.496,-81.645,5.55,2005,299.9,26.01,1
24.469,-81.822,8.55,2005,299.87,28.48,1
24.489,-81.675,3.3,2005,302.58,1.02,1
24.6831,-80.9911,6.5,1998,302.74,7.42,1
25.0111,-80.5153,4,2000,302.71,4.25,1
26.0519,-80.1442,6.5,2001,262.15,0.84,1
18.349,-65.577,13.5,2005,301.91,11.59,1
5.869,-162.071,1,2002,301.53,5.01,1
18.29,-65.25,8,2003,262.15,0.17,1
18.322,-64.752,11.5,2003,301.84,0,1
17.684,-64.739,9,1987,301.88,0,1
24.467,-81.806,17.6,2006,299.79,38.51,1
25.061,-80.387,3,2006,300.86,2.17,1
26.31,-80.067,12,2005,300.76,5.06,1
25.967,-80.09,18.9,2006,300.89,4.14,1
24.448,-81.95,7.4,2006,300.94,0,1
25.927,-80.087,16.9,2006,300.85,1.15,1
25.288,-80.223,3.5,2006,300.62,0,1
24.517,-82.001,6,2006,300.72,0,1
27.121,-80.127,6,2006,300.26,2.26,1
24.969,-80.539,3.1,2006,300.57,1.13,1
25.111,-80.284,12.8,2006,300.95,0,1
25.329,-80.173,10,2006,300.73,0,1
24.768,-80.75,7.2,2005,300.95,1.46,1
26.006,-80.106,8.5,2006,300.9,4.01,1
27.104,-80.121,7.2,2006,262.15,2.56,1
25.5,-80.103,13,2006,301,2.43,1
24.456,-81.913,9.6,2006,300.87,0,1
25.104,-80.31,6.7,2006,300.95,0,1
25.488,-80.109,6,2006,300.95,2.49,1
24.895,-80.556,9,2006,300.99,0,1
25.112,-80.342,1.7,2006,300.78,0,1
25.242,-80.224,2.1,2006,300.91,0,1
26.205,-80.073,18.9,2006,300.92,6.07,1
25.225,-80.214,4.1,2006,300.91,0,1
17.9541,-67.06,18,1998,302.2,2.88,1
24.6304,-82.9498,12.2,2004,298.9,1.1,1
24.6287,-82.8971,8.1,2004,298.81,0,1
17.758,-64.568,6.1,2005,301.2,13.51,1
17.786,-64.595,7.6,2005,301.22,10.41,1
17.804,-64.631,6.7,2005,301.19,11.61,1
17.784,-64.581,12.5,2005,301.22,10.41,1
24.6355,-82.9231,1.2,2004,298.82,0,1
24.6353,-82.9223,1.7,2004,298.82,0,1
24.62,-82.86,3.2,2010,298.32,2.54,1
18.06,-67.92,16,2005,299.47,1,1
26.243,-80.073,15,2005,297.32,0,1
10.882,-68.218,12.5,2006,298.69,3.76,1
10.882,-68.218,12.5,2006,299.77,3.83,1
10.882,-68.218,8,2005,298.96,10.38,1
10.887,-68.221,8.5,2005,301.13,9.1,1
10.781,-68.311,5.5,1987,301.26,2.33,1
10.85,-68.21,5.25,1987,299.96,5.1,1
10.883,-68.212,12.5,2005,298.96,10.38,1
10.81,-68.14,0.75,1987,299.72,2.3,1
11.904,109.139,9,2010,300.78,8.79,1
12.256,109.205,9,2010,301.13,13.24,1
12.589,109.239,9,2010,301.62,3.19,1
12.62,109.23,9,2010,301.67,8.51,1
-18.5463,146.4875,5.1,2002,301.63,1.16,1
-18.2742,147.3817,7,1998,300.59,2.24,1
-18.447,146.9891,18.5,1998,301.43,1.16,1
-18.4448,146.9933,2.1,1998,301.43,1.16,1
-18.4443,146.9933,6.6,1998,301.43,1.16,1
-20.2558,148.8122,7.2,1998,300.12,2.59,1
-18.8316,147.6345,4,1998,301.7,0,1
-18.806,147.6686,8.4,1998,301.67,0,1
-18.6521,147.7217,7.7,1998,300.51,7.34,1
-18.2589,147.3812,2.5,1998,300.59,2.24,1
-18.2567,147.381,20.1,1998,300.59,2.24,1
-16.4267,145.995,8.1,1998,300.69,0,1
-16.425,145.9933,0.8,1998,300.69,0,1
-11.4413,143.0336,2.5,1998,301.27,5.76,1
-11.4409,143.0336,7.7,1998,301.27,5.76,1
5.871,-162.1103,5,2009,301.17,8.35,1
5.8813,-162.042,2.5,2009,301.6,0,1
5.8813,-162.042,2.5,2009,301.24,7.22,1
5.8862,-162.1263,5.2,2009,301.61,0,1
5.8862,-162.1263,5.2,2009,301.25,8.7,1
5.8695,-162.0752,20,2009,301.28,10.78,1
-23.4384,151.9182,1,1998,299.04,13.66,1
-23.4384,151.9182,1,2006,299.3,17.68,1
-19.1715,146.8475,2.4,1998,300.6,19.04,1
24.627,-81.11,1,2004,302.56,2.18,1
5.8715,-162.107,3.3,2009,301.17,8.35,1
5.8709,-162.0752,5,2009,301.28,10.78,1
5.8693,-162.1108,4,2009,301.17,8.35,1
22.2,38.9,0.8,2010,303.12,7.32,1
-18.5463,146.4875,5.1,1998,301.86,6.34,1
-18.4448,146.9933,2.1,2002,301.22,4.32,1
-18.4443,146.9933,6.6,2002,301.22,4.32,1
25.012,-80.376,2.7,2005,302.49,1.26,1
24.456,-81.877,1,2005,302.56,2.34,1
-23.0864,150.9052,5.1,2011,293.43,1.68,1
-18.5718,146.483,6.5,1998,300.74,8.15,1
-18.5464,146.488,2.6,1998,300.72,7.79,1
-18.5463,146.4875,5.1,1998,300.72,7.79,1
-19.2011,146.8209,7,1998,300.6,19.04,1
24.638,-82.862,2,1997,302.79,1.22,1
24.638,-82.862,2,1998,302.79,5.55,1
25.012,-80.376,2.7,1997,302.7,1.35,1
25.012,-80.376,2.7,1998,302.7,4.6,1
-19.1722,146.8484,5.1,1998,300.6,19.04,1
-18.6116,146.4839,7.7,1998,300.76,8.04,1
-18.5718,146.4833,3.5,1998,300.72,7.79,1
-16.3834,145.5625,4.9,1998,300.68,3.05,1
-23.2015,150.9701,5.6,1998,298.81,10.3,1
-23.2015,150.9701,5.6,2002,299.84,12.7,1
-23.2015,150.9701,5.6,2011,293.23,1.48,1
-3.9883,39.7503,1,1998,301.14,17.25,1
-3.9883,39.7503,1,1998,300.22,15.65,1
24.627,-81.11,1,2005,302.56,1.1,1
22.2,38.9,0.9,2010,303.12,7.32,1
-23.2005,150.9706,2.4,2011,293.23,1.48,1
-7.527592869,162.2571503,22.22782431,2020,297.8581025,297.8579699,0
-26.51498327,131.8234125,18.43233534,2023,300.5798866,297.3102637,0
13.31992634,157.8789752,1.022584209,2020,300.3961483,300.3640924,0
-29.57602169,-171.697527,16.21846515,2009,297.2566611,302.3556554,0
-16.03371957,-147.3816836,18.93319427,2011,299.8282894,300.2582801,0
-27.21297524,38.71614668,5.945199587,2006,297.0729573,302.1821097,0
3.797293071,-41.25005909,1.463021314,2001,300.7632816,299.4208387,0
-22.67770591,-1.73631236,1.997267112,2013,299.1508333,298.0022985,0
15.32168462,-26.94388518,7.030308223,2003,298.0166995,302.3327155,0
16.5079694,158.219619,26.94999316,2013,300.999996,298.7959742,0
4.226638464,7.500333609,28.87398871,2020,299.1377251,298.4924197,0
19.72425055,-51.56880239,9.147100781,2012,297.7750832,301.4120834,0
-25.52696138,175.2792972,23.39509831,2011,298.614185,297.077439,0
-18.06945575,76.08310299,23.91509068,2004,302.0946548,300.5809236,0
24.89758053,126.013888,14.03406955,2000,297.3495709,298.7104028,0
-10.48900068,82.6582242,19.48916667,2002,299.5971821,297.6577684,0
12.79468723,93.8826175,17.27703873,2013,299.7158758,299.8750306,0
-4.347538898,-170.8491144,4.128851383,2006,299.6145362,300.0980156,0
11.73096519,-129.8406764,18.528104,2014,301.1555313,298.2583899,0
-25.38120541,-75.68947695,5.67541733,2001,300.4339473,298.6259853,0
-23.67034441,-15.64755463,7.334772679,2019,301.9090745,299.9663823,0
18.44640931,142.592868,10.22210077,2000,298.4967274,300.5622957,0
-29.96877738,-53.07521172,9.838656487,2005,299.8091102,299.2957605,0
-16.67353137,-136.8484678,10.79083997,2014,297.9256007,298.2032032,0
3.486120121,-34.61897842,2.881875166,2019,298.3578183,300.8296735,0
12.7362354,-126.6887052,29.93447407,2016,302.3713823,299.2607036,0
-28.01695603,-55.77435071,19.396189,2001,299.9201402,299.4628074,0
3.173585344,33.3708206,3.344746464,2023,298.3070065,301.0051899,0
-7.933012037,47.63009901,19.37236161,2010,301.4903753,301.3908982,0
-20.95694736,2.951559627,21.1785714,2002,300.2499112,300.726604,0
-29.00473026,4.353500988,7.568377481,2006,297.9590154,300.8001576,0
-6.795879222,157.2227959,4.98810738,2024,297.6241044,302.0858149,0
22.6403612,-87.14101402,20.13953733,2015,300.0536045,299.9130782,0
-15.48886255,-146.4830036,27.01925698,2004,301.8544999,298.0378891,0
-13.26771884,72.12881879,25.55317312,2019,301.8789753,301.2893155,0
8.521898769,-149.7096126,5.687232709,2005,300.6794354,300.1937764,0
-7.663034006,158.4480393,29.23625127,2017,297.8844443,300.0180358,0
11.51371186,54.70605342,7.503809974,2000,297.0994145,299.7164154,0
-19.27063745,-48.07123755,22.58094517,2002,300.6168709,300.1256973,0
-24.37951393,-47.6223109,8.690868663,2013,300.2442897,302.3839107,0
-0.795470822,146.1955636,13.5974366,2020,299.764504,300.1729714,0
-0.448938371,-109.7125244,21.95111134,2018,300.1460231,301.2270471,0
-27.38377369,178.0381839,14.62839091,2013,302.0317541,299.0358729,0
-29.07260301,154.1946825,13.4173403,2020,300.1476086,302.3918237,0
-25.47922464,-69.94907306,6.536419903,2000,298.743071,297.9322101,0
3.408075748,157.0157187,21.1848641,2007,297.3872887,298.1490529,0
10.26861101,-50.88715873,8.370745823,2009,301.8255519,301.0742274,0
11.82094446,72.89427024,11.42524339,2009,301.4514864,301.4556237,0
22.02433911,148.7665989,15.82892957,2024,300.4534193,298.0685067,0
-25.74354498,-37.1578222,2.4722874,2018,298.8589734,299.0657062,0
-24.36108361,28.18085076,2.04232594,2024,297.8527289,302.4001249,0
20.33601012,129.7456626,8.257289455,2009,301.5243031,298.9810485,0
-22.37636924,8.00757362,23.32981304,2011,302.3088851,299.5149584,0
20.5213845,-110.0231878,12.92926325,2002,300.5058645,300.9935023,0
28.55112477,5.868125388,10.36573772,2016,299.193515,299.3843641,0
14.64255858,-89.69021016,6.345676556,2022,299.3557296,300.7867495,0
-26.50838427,149.4769419,13.82821466,2021,300.9302776,300.6310856,0
-13.20396618,163.751501,22.39901058,2004,300.3644641,299.3078003,0
-15.13614063,-51.84983569,22.9775372,2024,298.8803382,297.5048949,0
-24.3505807,-67.89120862,29.40580533,2004,299.6079561,297.5380879,0
-0.503047493,-9.550162519,6.022854227,2004,299.191776,300.3871755,0
8.105619052,-163.6905565,11.86376582,2018,299.7672494,301.7106941,0
9.521617897,-121.3436063,3.046493675,2022,302.1933838,301.7695941,0
8.184215847,108.3417461,20.63788193,2002,300.5380852,299.5203909,0
2.737007359,158.9273312,12.1969765,2000,300.5831662,298.136764,0
-13.56233236,-102.7479169,11.94051341,2018,300.4003964,298.8510482,0
9.343358123,-41.25721645,20.7667964,2001,298.4338199,299.728206,0
11.57342152,-54.5988224,28.1627964,2023,301.0428907,301.4191451,0
-13.07792565,-116.1217642,22.7678278,2002,302.4477783,299.2693972,0
-7.678914852,99.50866587,10.88330267,2004,298.3122827,300.7391463,0
14.39452563,-94.23498513,11.9541377,2016,299.778888,301.5455161,0
-10.79702394,142.3883623,12.28684868,2011,302.2719782,301.6592873,0
-8.705688572,164.4483186,20.62632723,2019,300.1539084,300.4751047,0
-3.093268681,-74.44412219,10.53127182,2020,301.1380599,301.3536847,0
17.37708857,-147.1658029,15.33818884,2006,302.4776218,297.3072914,0
14.22213341,16.52967726,21.46911303,2014,297.7864543,301.1883085,0
7.093083799,-143.5958366,3.439097377,2012,298.2241703,299.1815838,0
23.51381453,-127.2222642,15.88645889,2005,302.4265177,299.0584894,0
-7.761471176,112.6078442,28.47020874,2024,300.2553881,298.9262004,0
12.49087173,-6.599884333,11.96164011,2006,299.3332211,301.9849491,0
-23.32815106,-2.654962455,1.329255698,2019,297.6534985,297.6463944,0
8.952618127,88.57615654,17.91769419,2024,299.0617882,298.5714165,0
22.11594769,-99.50549813,28.93345364,2011,302.3784537,300.0580277,0
-10.6388167,-164.375718,27.81465658,2004,298.3914459,300.8247612,0
-25.47392717,-120.1624445,7.287464091,2014,299.4999759,300.4515694,0
5.058858715,144.4168838,2.31794503,2011,302.2728632,297.3182514,0
-6.328692084,-141.5678163,10.73414188,2003,299.5503412,298.9434373,0
5.019366711,-152.0155307,29.25744942,2021,297.1777377,298.5386993,0
-5.327596748,37.00147753,8.857771633,2012,302.0100995,301.5239548,0
26.9879948,81.25902302,18.78904068,2001,297.4551163,301.8216382,0
3.095272353,-120.659666,12.92639838,2021,301.4580433,302.4300187,0
-20.97498653,33.88705753,12.04583484,2021,301.5604032,300.1299481,0
-26.18929022,-166.7441277,4.881711445,2020,297.3100652,301.7559731,0
18.77406055,179.8983624,29.90246828,2020,300.2183224,300.9936646,0
15.42487212,-43.97380226,7.991460138,2008,297.7103768,302.2472806,0
6.370478067,-97.68859002,20.47931985,2001,298.9698949,297.6245668,0
10.29439174,7.310772325,23.39723336,2017,301.6869983,300.0354876,0
3.656278292,135.595297,12.70100312,2015,299.6402528,299.3129468,0
17.08009584,50.17008851,24.34629536,2006,297.7500431,297.0799957,0
-8.964746472,32.37036727,12.37507731,2018,301.9728728,298.9154051,0
0.83936935,102.1150846,12.49974069,2022,299.8798125,300.8370303,0
17.78830654,-14.63514914,25.42065104,2016,298.4203441,299.5252467,0
28.80195452,-2.657486163,10.5337967,2010,300.1880746,298.8785977,0
2.235805003,-14.35710277,17.95821707,2010,297.7635494,300.5248111,0
-19.08719494,-55.559778,27.00686389,2002,299.8337983,302.3521069,0
6.116123732,-99.41433627,24.83192847,2017,298.5322469,297.9735577,0
-24.67784797,-136.5710864,14.36258427,2013,299.0034842,299.768795,0
11.42368972,-165.8476297,24.18290157,2024,300.7828159,299.8141136,0
-20.58133904,-44.17705251,1.075255707,2003,301.434107,301.1154283,0
-18.92873884,-104.6342436,11.74369098,2021,298.2986409,301.1797547,0
1.875945238,79.3857821,2.807899513,2023,297.7321431,300.7794103,0
20.66644036,89.86184352,1.883692429,2017,299.460768,299.929395,0
-15.45176978,-83.07243686,11.94124073,2009,300.101808,301.6239049,0
-24.64774028,12.72080305,7.763275935,2012,300.2647585,300.7350628,0
17.35027432,-0.560808386,3.520688355,2014,301.0525236,300.0675825,0
5.19212608,23.20507531,11.98440615,2004,298.9969526,300.5525448,0
4.24669828,-51.80517868,29.60894221,2004,302.135305,297.041439,0
-16.48003214,-48.47154492,15.14648422,2010,297.4833819,301.4322569,0
-26.66079064,123.2330527,2.497428858,2007,300.833288,302.4849054,0
23.79661578,27.35943041,27.60447278,2014,301.4938964,298.4184655,0
-19.74674476,60.71155917,27.95190368,2014,299.942702,299.6214072,0
20.31495352,-106.1720783,29.07182793,2003,299.3399004,299.7918571,0
-15.45541606,-138.6587431,18.70798123,2005,300.1968102,297.8489949,0
-1.131593889,11.73219572,2.502882568,2017,299.4984738,300.0173171,0
2.935318793,-107.3770336,20.85257489,2019,298.4005236,300.748265,0
15.61367159,34.42994662,14.67570947,2022,301.368592,297.5868459,0
21.0436476,88.5508292,12.8470305,2020,301.0197711,302.1608725,0
-19.12601603,-156.0613437,22.49249883,2021,297.2645205,301.2983296,0
19.67645323,90.18069292,24.1865768,2002,297.9034619,301.480161,0
9.911833242,8.303552917,11.40608404,2012,300.2356867,300.7564013,0
-2.883083922,76.96168375,27.09035591,2005,299.9687958,299.4130957,0
4.649176254,-52.06951735,12.3529812,2001,299.9895407,301.9855966,0
7.454279755,-137.9167053,28.25513158,2006,301.0180203,300.8154468,0
-19.9961544,136.3064815,15.36728517,2006,300.1523297,302.4873094,0
15.1441872,74.51296605,23.57858623,2000,297.1844284,300.1343933,0
15.74752114,135.6356292,10.92037071,2005,299.9506474,299.0835186,0
-2.579986843,37.42483395,15.56636208,2007,297.8245459,298.2608827,0
13.3351541,79.21315316,19.59328135,2018,300.1102959,300.9389849,0
5.941761887,117.647578,28.81316904,2007,300.2086549,299.2046828,0
-2.279651781,161.0220023,5.44719069,2012,297.7651391,297.5543703,0
-14.63906809,81.39441098,18.19592425,2011,300.1082325,300.8315795,0
25.34996287,74.60590835,5.423632245,2008,299.3327187,301.0504433,0
26.06202089,153.2046646,14.07434177,2013,298.2974832,297.9103628,0
-18.82074723,121.496684,10.63224597,2021,299.8536093,300.2520149,0
-6.059837768,-160.28581,10.72072001,2019,301.3328444,300.3204684,0
-23.143962,-30.77834969,26.04202608,2005,298.904903,298.9082426,0
14.25007489,-17.20154128,7.513539865,2011,302.020122,298.3652454,0
4.657917245,-120.4152057,1.982495647,2000,298.9931664,300.1932359,0
7.935857275,-175.2859956,20.24258379,2006,302.3654772,299.5244394,0
3.438322133,129.8275264,16.51702185,2007,299.7620726,300.2746176,0
-25.97541136,89.98576934,7.0872622,2018,298.9216285,299.5752751,0
7.498559223,-44.01865892,25.26037959,2018,297.3613975,301.2654019,0
-2.802669915,8.780496958,13.78211966,2017,299.7335657,301.2094595,0
-23.82111124,-59.62938793,3.18959755,2002,299.0532012,298.4890957,0
8.639972594,-32.8556984,1.736204314,2017,301.7684657,299.2439147,0
3.103355716,-88.60011694,6.687279891,2007,297.5725972,301.3995385,0
-19.28732028,54.98859883,7.90730065,2001,301.4292323,302.4380083,0
6.191844131,110.4660536,28.91683024,2019,300.6744683,298.1274136,0
-12.41113618,142.6808947,1.377055782,2006,301.0474754,301.6647045,0
-22.63338662,135.5198673,19.64484134,2017,301.9096944,301.4959396,0
-9.490958898,-86.60756396,12.01107984,2022,297.1882546,301.5685998,0
-9.288471307,98.58042835,11.51997895,2020,298.6195617,302.2164932,0
15.81634765,-129.5592567,26.1855713,2023,302.4195202,299.59086,0
-19.07357167,-5.479787826,15.86127202,2008,299.9789882,300.4841302,0
-14.52673887,-129.8318133,25.21297687,2003,297.7275192,301.9531477,0
11.47331146,65.94618832,24.8549324,2020,301.4827994,299.7394991,0
-25.96947601,-34.11068831,15.42648193,2011,298.135317,297.0604771,0
-21.7868622,144.0067111,26.34281225,2007,298.3790186,300.4820393,0
-0.343568992,26.38597614,25.30510193,2020,299.1072619,299.8540474,0
-27.18204199,-120.1379872,22.40297488,2018,297.4968533,301.2404226,0
-25.90501768,121.3484367,13.67860849,2003,300.9547525,298.6341694,0
3.984278418,-8.621855208,20.2464638,2021,297.742507,299.6606522,0
-13.80532666,14.34340041,5.698402459,2019,297.282842,299.7300144,0
5.810570935,-59.67219931,23.35645391,2020,298.8941105,298.9334709,0
-5.232386964,73.77319789,18.35029569,2024,298.3552112,301.5050627,0
17.96495274,70.09072951,8.89220898,2001,297.5670156,298.7302811,0
18.44581511,166.3555629,23.9103932,2024,299.4530318,298.0182311,0
2.514056843,134.2605009,22.23452171,2020,301.1746972,300.9825683,0
8.233894787,173.0076481,27.19755057,2011,298.2166519,302.432174,0
26.64356038,-165.8063479,21.46168,2006,302.4964442,300.0569362,0
-1.607392915,-67.37225166,4.495154785,2006,298.6354195,302.0841791,0
28.26349471,159.9359361,14.75221228,2019,301.6450217,298.7550526,0
19.73492845,-166.6772515,18.29182648,2002,300.0837246,299.6458404,0
23.09990139,10.89544775,13.78993269,2022,297.3594599,298.7340969,0
2.369477543,104.6603393,10.24382259,2017,299.8609246,299.3474938,0
22.59992267,-29.69780975,14.39634267,2001,297.1169818,301.8108592,0
1.736228042,158.0643715,24.16471384,2006,297.0521699,297.2897611,0
-24.68739536,-166.4651616,14.91365848,2015,301.8052241,302.4124591,0
16.09640483,-29.60395842,13.21935307,2004,301.0274949,297.018405,0
-1.961354008,-73.07896448,25.73183283,2017,298.2848426,297.2315125,0
-28.92756392,175.5800603,13.40542088,2016,299.1539658,297.6844066,0
27.38494185,107.276156,8.510496896,2005,302.4028178,301.8630944,0
6.047906787,145.3406282,29.68636238,2006,302.4514274,298.2741944,0
26.56390645,53.87279364,18.62436705,2012,297.6618632,297.2581995,0
-6.954563311,-166.7765025,28.76083763,2023,298.9256889,297.3181347,0
28.14615781,138.1629186,27.90481621,2016,297.9564239,299.1793311,0
15.49430854,70.5674225,5.462981284,2002,298.2344231,298.2309969,0
2.218465374,33.45837654,17.82250003,2001,299.5158765,299.1514337,0
-13.62243751,-8.396341801,2.286923242,2001,301.7417019,301.4523384,0
9.314518838,18.30865342,3.522616037,2023,298.38957,297.0279518,0
11.74285757,-162.4379106,16.44547306,2004,298.2110076,300.7579232,0
-25.43214843,126.4344891,15.35924928,2018,301.5357453,298.9129506,0
10.68096915,23.66350704,8.743819835,2005,299.8669317,301.7748844,0
-15.28286806,-123.3573625,5.651603055,2012,301.6035733,300.836093,0
10.80844631,42.70009616,22.82878255,2006,301.8490042,302.2872341,0
-2.071799474,136.4657329,1.149209952,2010,298.2574384,301.9978572,0
-29.93279331,20.22542461,22.94243831,2011,297.0351223,298.5787097,0
7.015615103,173.2270241,19.32259228,2001,300.4870314,299.9699196,0
16.79072371,-141.48697,23.06980917,2009,299.3773243,301.6206683,0
-6.470927313,-115.3809636,22.85726619,2021,302.1547567,300.7833715,0
-25.92977645,-71.6531159,21.53699057,2021,300.897146,299.6046564,0
-26.52477237,-153.1100096,25.72002512,2013,302.3541893,302.3288282,0
14.9791099,-133.1689536,22.98963268,2006,297.3609438,301.5183212,0
-7.689988246,114.7628316,8.322753741,2022,299.4524649,298.5049467,0
29.82747001,-26.5747312,14.09022371,2006,299.8986325,301.5425642,0
-12.09753414,122.3809793,23.41186062,2019,300.5998117,298.5029274,0
27.05181374,-125.619159,13.53770923,2020,302.0023848,301.7154805,0
27.87122834,93.63386824,13.82666411,2000,298.7640851,300.9843247,0
14.75022072,-107.8707083,26.17556159,2023,299.0268949,301.7539704,0
-1.607405599,168.549634,6.380239955,2016,297.5014047,297.8451192,0
-2.778381924,10.92758174,1.517994882,2011,297.178894,302.0646632,0
6.999018871,106.7534248,14.96414819,2013,300.2908,300.3401855,0
-15.14760266,21.02856213,7.540664131,2021,300.2008427,298.4794637,0
17.85354604,-68.26969479,14.20138432,2007,299.5552923,300.7425114,0
-6.267294967,170.8919467,21.93474121,2010,300.8224004,301.7306732,0
16.79105933,-165.7372229,14.93470147,2023,297.8025714,297.5653582,0
4.254270111,-173.3876507,14.98833506,2019,298.9030911,301.266926,0
26.47425025,-153.930142,16.49302397,2008,298.9284481,297.1826171,0
-25.28529017,-37.10762057,4.848756867,2006,298.104725,300.8125667,0
19.28644368,-165.1739417,20.44117829,2007,300.5003664,300.8856165,0
-28.10483131,157.0364086,2.507167226,2008,300.8998329,301.7903302,0
12.84521593,108.6221099,10.84405558,2006,300.6345107,300.041508,0
5.848551758,102.1797192,14.94621111,2008,297.9019971,299.4123397,0
13.48959359,33.58031339,19.85853139,2024,301.7948096,298.2056769,0
28.55191535,-58.71751496,6.281419555,2022,299.3851043,297.2401391,0
-20.29964735,-172.4899899,19.94462756,2004,302.4798365,302.3613624,0
9.019541181,-108.1647177,20.72661903,2021,297.1685888,298.4172559,0
-2.242622596,132.5781019,22.08790302,2023,299.3402133,298.9026425,0
-7.737674221,175.5538429,2.163166551,2016,299.8269773,300.2343211,0
-28.23633325,-37.61453885,18.57947269,2014,301.9538603,299.3194651,0
-13.39033217,33.24611829,27.45853702,2011,299.1111593,299.5619704,0
20.15988383,-95.11484617,23.504006,2003,301.9996789,297.9882571,0
-15.7474005,169.7022339,6.248331629,2004,297.3802303,299.4044096,0
-24.15639645,-34.19251233,18.1946336,2006,298.9757835,300.2612297,0
-20.18856764,-39.21064681,29.11295735,2001,301.7189244,297.0496672,0
5.304758,35.53703284,12.50313351,2022,299.4958425,298.2982775,0
-25.59019516,-118.8871542,16.07344451,2009,300.6816472,297.8016611,0
-3.033969887,31.6383736,28.50891729,2024,297.9187305,297.9219057,0
-27.79971438,85.10472542,20.2503313,2004,301.2998468,300.8796208,0
-3.217881209,131.117824,17.18606724,2019,298.4836229,297.3139777,0
1.87017168,157.1780492,2.140962679,2022,298.2358565,297.9900574,0
-24.68666495,-142.8087754,17.95545031,2011,297.8158876,302.4264657,0
27.90712179,-178.2216069,28.60254178,2017,302.3520376,300.1906173,0
-14.74652521,7.822816789,10.93695116,2005,297.7680819,297.1648547,0
-11.5242035,73.68507459,6.853750112,2022,297.8931004,298.03592,0
13.84976849,-123.7810159,7.802277507,2014,297.9743238,300.8094427,0
20.28691738,160.061119,20.81419282,2017,298.3428101,301.5698246,0
21.87653016,96.66697123,4.280184753,2024,300.7923971,300.7208236,0
-17.05949086,57.19876928,12.42206776,2004,300.1745188,298.9171552,0
-20.44275329,37.78341217,10.22523505,2000,299.2379938,301.789144,0
16.94312904,24.12585396,22.41502707,2003,300.5778141,301.2085498,0
25.54048985,-22.25795529,27.13989384,2012,301.3879751,299.3957082,0
19.07005297,-136.7247401,16.79018384,2024,298.8060968,300.4661481,0
6.58990833,22.83801385,12.03217142,2024,300.2806701,300.0012779,0
-3.334832835,-174.7198595,18.02478952,2007,300.6751704,300.4071969,0
-2.190357372,-43.27711914,26.03667584,2015,301.6594205,302.0283008,0
18.8259773,-140.7893969,5.320763823,2015,300.190948,299.934814,0
6.474305568,95.35797416,24.57658642,2017,300.9352,299.8667877,0
19.34360513,-24.88964705,27.00471441,2020,301.939168,298.3391526,0
25.62207269,-158.3037395,28.09864478,2021,298.0700708,297.9148238,0
7.041105445,8.310500849,20.432785,2014,299.9274312,300.1951263,0
-24.62241965,78.34888293,12.597251,2012,299.2745201,297.6703735,0
-19.13103903,65.20242743,6.261712083,2012,298.0152182,298.6240306,0
17.60443549,-113.3177592,27.61482219,2019,299.6595011,301.432959,0
3.013592529,-164.3714882,19.36138989,2012,300.308865,301.5055387,0
23.0523878,-97.8912821,7.149300357,2009,297.9612539,298.9842489,0
24.35346629,97.18009209,17.14247468,2004,298.6613328,301.0257694,0
21.07045565,61.71288103,24.4763693,2018,300.4312263,299.4847222,0
5.196507791,-119.5148852,22.3693386,2001,299.6009058,299.9444696,0
-19.29324209,-67.58215702,7.677138884,2006,300.0068358,298.275709,0
-6.545640246,34.01148067,15.40623891,2001,298.5099714,300.283758,0
10.55047471,-20.62189196,13.92793652,2008,300.8083988,302.451908,0
-22.29634263,-142.5205262,22.0058257,2009,301.9803864,301.249425,0
-14.10627317,52.30434151,18.27677112,2008,298.7785436,298.2466102,0
-8.70022165,-155.0074166,16.05273394,2001,300.6828144,297.3846238,0
8.41009343,-82.38692286,18.19154776,2002,299.9312678,298.7838356,0
-10.01988522,61.01530387,29.83004148,2001,298.9961935,302.4751427,0
-3.218858928,-59.91496219,17.83377519,2003,302.2891615,300.4922803,0
15.2902692,-118.6279423,12.87485774,2024,301.5199354,297.0068017,0
-11.9488135,173.2450948,14.77170976,2012,297.6590595,302.3579055,0
-28.79841864,85.384881,23.28939434,2000,301.6311831,299.8652689,0
7.41514128,-147.9152044,22.90284219,2000,300.3466753,299.7876114,0
-20.44175876,-157.2807481,4.411821826,2022,298.4471191,298.9807502,0
-24.74143519,157.3048163,17.06026498,2010,301.5390736,298.5383695,0
26.54322115,134.4011982,5.691162129,2021,299.7332992,302.4568691,0
21.08549746,-104.9362148,27.98726122,2009,299.9685294,300.4537253,0
10.45822838,11.69322932,21.92123995,2002,301.3451674,298.6757353,0
-25.14484302,-34.92713564,6.032210935,2001,298.2298794,302.2652759,0
4.382485736,155.7830666,17.67973716,2021,298.7255023,300.3350402,0
-21.64811852,143.3741858,25.05063975,2019,299.7641134,299.1926467,0
-21.21756047,-47.68760798,2.976996972,2001,299.7835916,298.2790325,0
-25.20207634,99.62050697,4.539016512,2012,302.1504705,301.8185786,0
-13.33484258,126.5215095,1.009642677,2010,300.4077338,300.576106,0
-20.87850881,-157.9141342,23.642086,2009,298.1646544,299.6653087,0
15.25521266,43.01919051,9.623296399,2022,298.3154906,297.7823715,0
-22.71690363,-70.82094688,3.930328519,2015,300.8038993,300.3992842,0
7.991377561,-97.59794226,7.746720618,2019,297.9556393,300.6064802,0
20.88095311,80.75428908,23.97071538,2002,299.0226764,299.2777136,0
19.65227373,84.101177,23.30984192,2022,299.288847,299.6473928,0
-28.84846339,-86.46724485,23.04840487,2023,299.9442057,298.1836103,0
-29.27275352,-93.16747526,29.30033889,2017,297.3553917,297.2344827,0
-7.715485941,-84.2935908,19.73661358,2020,301.643964,297.5394542,0
-0.705531779,-125.9824807,10.41560188,2017,299.6180997,299.0673856,0
-6.331423286,-14.59916337,23.76547977,2012,297.7322975,297.5618224,0
9.521528772,159.4192109,24.45762039,2015,298.4006884,301.6247937,0
-27.69441906,144.6343172,14.38284647,2010,299.7249866,299.124919,0
-2.992534055,-98.29271003,26.79233657,2022,299.8512441,297.8259295,0
14.24602612,4.399891493,20.7266056,2012,297.2091202,301.1041399,0
9.542132052,108.7670009,4.055658485,2016,302.2607577,301.056296,0
-8.80491549,-73.24719074,11.14139366,2014,302.1827346,301.3111347,0
-8.709518385,-31.63286511,16.93886527,2021,301.2040496,298.4577554,0
-28.74330234,-150.4181997,29.06794101,2007,301.2307273,300.4356496,0
-7.083621621,-105.9525856,4.520206127,2003,301.2604858,300.5414734,0
1.818127995,-164.8975596,29.08617455,2020,297.6887846,299.6088486,0
-23.16260192,-5.034418928,27.68861826,2015,301.4647338,300.6106323,0
-22.31425522,-58.22369784,27.91442557,2022,297.5225643,299.0679609,0
3.005516427,-40.08499249,5.746830242,2019,298.3238099,297.6682576,0
-18.15177061,139.2929641,19.72851357,2002,300.6930021,298.7430736,0
22.7561196,-86.96461669,16.7764808,2020,301.1527306,299.5329672,0
20.51991317,82.25664378,23.51697595,2011,297.2962201,298.7603291,0
15.19124015,-83.04073261,16.64713039,2012,297.9064815,297.7245083,0
13.5587946,114.4027187,7.191829623,2018,297.8287186,298.88311,0
-5.195013042,92.94660399,22.5592898,2002,298.6365165,300.107621,0
11.33311812,134.3962497,19.45244927,2004,297.880394,299.5385661,0
-29.44010281,-91.19560877,22.06738974,2000,298.5284615,298.0667463,0
22.78898916,56.7217126,10.01693897,2020,301.0318921,300.38792,0
-18.71851592,-52.06155527,23.72996175,2019,299.8828754,301.6642629,0
20.39783882,119.764969,1.319916814,2024,302.2694041,299.0236741,0
-10.38410302,-126.4003019,9.862522249,2023,299.7612762,297.6859273,0
-6.877447017,51.61146477,23.63159351,2021,300.2617438,299.1533913,0
-5.242689549,70.42253274,1.093329645,2005,297.9178681,297.997256,0
-6.739584315,-35.16223511,26.35361165,2013,300.9787262,297.5727555,0
-16.47367467,73.05963875,2.531314854,2023,300.7205737,301.4274395,0
-13.81075679,117.0177877,15.44941479,2013,297.8194985,300.8247861,0
14.75551253,173.5089086,7.085417851,2003,299.8449798,299.4210945,0
-21.1528484,-61.8506087,13.58656162,2017,299.042821,297.3439822,0
18.08201495,95.97186863,22.27485907,2021,300.5341086,299.3168643,0
8.170641882,102.8345825,4.431749537,2005,302.4511954,301.1097077,0
14.3991832,162.1125911,6.88515466,2019,298.9922949,298.8398121,0
-28.42819749,-171.290965,25.11921427,2012,300.8371885,302.1128931,0
16.95491639,-159.7910028,25.72911258,2018,299.0730279,299.5395305,0
-1.145639955,-23.33505627,28.18324553,2003,297.7341398,297.4433083,0
13.67635842,-1.273985152,13.66867038,2024,297.0386606,297.3150414,0
-16.48657786,-132.7142131,12.56624486,2019,300.6132534,302.2613804,0
-25.86251902,-159.4603004,9.183425166,2006,298.3583834,301.9844002,0
-15.02722801,-82.09809859,23.02254961,2009,301.6463419,298.4747646,0
-20.61709174,127.1122644,2.348517007,2017,301.985406,297.7658495,0
1.945240937,-32.00558306,11.07295646,2014,297.1200287,300.6508433,0
27.80366605,21.66054605,28.1678514,2009,301.5532761,301.3324216,0
7.465526788,-1.986792734,29.40697437,2004,300.5979603,298.089537,0
3.919815274,-12.98430479,29.18815456,2011,298.922285,297.6275268,0
-20.92519028,-98.88590522,8.278033179,2006,300.7606476,299.9980804,0
28.83100932,-98.13258149,12.71535841,2010,297.372176,300.893093,0
2.612293041,-150.5788755,14.2907186,2000,299.357468,297.775278,0
9.85127487,-102.2074369,3.829312797,2015,299.2647105,300.5803541,0
2.725912164,-157.5816819,15.86257681,2009,302.37934,301.3669434,0
-0.164644181,-57.68011024,26.2919353,2003,301.1621333,299.8566222,0
-17.70712355,136.0188281,26.50787379,2013,298.3133792,299.4818164,0
29.09937937,97.92449147,1.787855216,2024,297.5178355,298.8901476,0
-13.05414608,-39.33778838,24.15198146,2006,300.6122906,301.5215674,0
-7.17479955,99.22026633,28.96982296,2023,298.0269781,297.5171986,0
-8.599741551,92.69347852,9.016809027,2007,301.3885279,299.1778376,0
24.9054041,11.89039221,5.580689862,2019,300.0680111,297.9131887,0
6.808388318,-49.28373481,27.01840389,2010,302.4093681,297.7739134,0
-17.8790599,-113.6790579,26.92570159,2015,297.8365736,299.4217788,0
6.917881504,-149.9529294,26.59007468,2011,301.0685168,298.7581676,0
29.30495936,-5.270766062,4.550583052,2012,298.7765616,302.4839299,0
28.78694747,56.20824649,4.76496702,2004,300.0786563,299.9006979,0
13.16121734,140.4928991,3.302790955,2004,302.3540156,298.8526228,0
-12.21061312,150.5548799,4.211704914,2011,302.4343606,301.9571281,0
9.100075122,-66.9381138,8.375337454,2021,301.5553709,298.8436443,0
-19.57430441,76.32504732,24.95336817,2000,298.3193076,297.7808459,0
-9.123515305,-17.87364759,22.71596377,2024,299.39528,300.1748735,0
14.2841474,110.2305172,25.46838247,2002,297.1711358,301.066121,0
-23.61937642,-66.6289481,1.11069689,2014,297.9618479,301.7065549,0
-16.36922658,121.3348051,9.099006565,2002,300.8178282,299.8196011,0
-11.6813594,-103.4480245,1.962491282,2020,299.2456849,301.175868,0
24.21647066,-96.20526704,24.41448488,2012,301.9436606,300.579227,0
22.45360345,-179.9321762,5.90335104,2001,299.4588055,299.5319705,0
21.87381657,16.79335927,12.03161592,2013,299.6348853,297.0990005,0
-4.713357505,-170.2169942,29.02105891,2021,301.7208792,298.6072003,0
24.6462097,91.42628529,24.34229653,2019,302.3998928,300.4173947,0
3.55108841,46.16571977,16.44760072,2018,301.8001461,297.6191921,0
12.22115865,14.65145159,3.799499636,2008,297.0682222,299.5782238,0
-11.92408435,35.40869435,9.619896424,2013,301.0875626,297.2647856,0
24.17369971,126.8149948,20.36633581,2013,298.8722321,302.439656,0
7.570570296,11.2739474,25.30641332,2015,297.1906865,300.2054376,0
29.72625097,128.0505938,16.12192498,2004,298.3876899,298.2112392,0
-0.697522261,85.52366967,16.23195297,2008,300.6806014,301.5610774,0
22.73873402,25.83804674,16.0059442,2014,297.4521389,302.0087212,0
-2.134005826,-130.4914411,10.88365529,2019,299.4385901,300.3389927,0
7.878453186,33.01097843,21.37637942,2003,300.720345,297.7243139,0
-15.94893319,103.2301207,29.15221999,2011,302.2279208,300.3035809,0
14.61563497,2.255781418,19.38901691,2005,301.9031401,297.0160657,0
-27.6140421,37.46580375,27.31402478,2018,298.5224787,302.3434298,0
-10.11917957,-6.46521908,6.686833669,2002,299.4610748,299.6085863,0
5.452046476,13.32269581,25.76994393,2016,298.2048785,297.2019675,0
-23.51845475,-58.01016624,24.27498471,2016,298.2018041,299.1823827,0
-27.33673367,-79.9840538,24.68378309,2016,300.3938658,297.6261112,0
-9.286611432,2.668297938,26.35245322,2012,300.7148111,297.2466946,0
-2.964178861,154.59361,5.790914241,2007,299.320055,299.2606159,0
24.45666015,77.05175201,18.62925121,2015,298.632002,300.9513608,0
27.24198766,79.7016424,26.02353458,2013,297.2812446,298.4168397,0
-26.42851798,37.36636306,20.91110749,2001,300.6591066,301.4019518,0
9.759870784,-146.7774749,18.29332405,2007,301.1314793,297.3905422,0
-25.18919916,-52.28233494,28.31004564,2008,300.5554755,301.8842149,0
5.921544139,0.775299586,5.027268465,2008,300.3691541,301.8053423,0
13.43838333,-136.5989701,27.17114591,2005,301.5595975,302.4519477,0
19.20075775,70.15765452,16.44228828,2010,299.6730027,300.1745994,0
-27.37565566,-135.7188138,17.2006295,2024,301.0104542,300.5876041,0
20.73626178,69.2974176,13.46800124,2002,297.4268805,299.983939,0
21.7045497,32.50279546,7.562094138,2002,299.4756785,300.1859649,0
15.56106155,-144.4054976,26.79990896,2024,297.1508117,299.1613582,0
1.548755932,4.205299169,5.803222064,2006,297.7842678,301.8955337,0
-9.247352356,-124.394491,1.737985037,2017,300.5029627,298.8733229,0
-25.69728667,-32.53359784,10.02530736,2005,301.6592672,299.9209694,0
20.5034017,28.87974676,17.2309649,2003,297.9204785,302.3461389,0
-16.29079519,171.8827625,16.42546849,2012,299.1131369,297.2144781,0
-28.14265254,-40.32476642,5.640723157,2017,298.7226344,297.8088402,0
-0.728928168,-133.1827983,25.22892686,2004,302.2575536,298.7268169,0
23.30422034,37.05943553,24.97451343,2016,297.4851094,300.3378254,0
-20.90494243,-168.8624479,29.15152246,2021,299.9777418,297.8477977,0
3.222689121,15.01373247,23.09515257,2022,299.4224274,298.6628329,0
-14.43990616,-109.9354188,2.671779884,2013,300.7256303,298.2927047,0
19.84131063,16.13795672,5.792019463,2023,302.4984259,297.8278682,0
19.00541581,-105.3687589,23.68926155,2002,301.8417312,300.4287328,0
4.162641671,43.43777274,6.838051127,2020,297.8139128,301.6890678,0
12.653083,146.4994112,4.838798992,2020,300.2951632,298.9440341,0
-2.492014526,-166.3266372,22.62994112,2006,297.6865145,301.3681586,0
-13.4539459,135.7526092,28.37722072,2016,302.2201168,299.8209633,0
-24.37965476,91.66363978,15.2660019,2022,299.0643145,298.5718096,0
-17.80661453,94.2473489,12.2096747,2010,302.0530409,298.9924745,0
13.54298779,142.0029205,14.223399,2018,300.3116434,300.2527372,0
18.39536054,-8.46598184,29.88756554,2007,301.6967908,299.415324,0
20.81813125,141.5124739,2.811270215,2005,298.4082616,297.1693453,0
28.29198254,-100.5316242,22.28686312,2017,299.6226391,300.7824712,0
13.36241746,69.31167535,4.898618753,2020,298.9729354,301.4244046,0
-13.27440766,-104.146213,28.76599255,2014,302.4480032,298.1035806,0
29.67891849,-147.6676245,1.067208889,2002,301.0582824,301.5877953,0
14.42856792,-128.5738966,22.84940975,2004,301.5205965,301.4505074,0
23.06545653,72.0123382,4.027719763,2022,299.681953,297.4270713,0
-5.547418138,-33.44166391,2.91428548,2002,300.0202168,300.4764941,0
4.622439868,71.19225939,1.176573699,2018,299.8741713,298.6476112,0
-25.38827548,0.224736505,24.04095079,2015,299.6304294,297.7985808,0
12.60660339,60.06759157,7.122261664,2001,298.5455247,301.4191551,0
25.75368322,-34.16302997,27.27721906,2006,299.6204034,298.2431595,0
8.428562531,172.4332015,18.50129979,2020,299.2886679,301.1778629,0
-18.72942885,79.12492321,26.14107058,2009,300.2222563,300.4363112,0
-25.69345163,65.74219964,8.016018729,2013,301.5239414,301.4217718,0
3.150058044,7.261161232,5.143402879,2022,300.9636033,299.207951,0
-20.48255133,137.5171811,24.88956461,2010,298.4935088,299.2134565,0
-23.83510485,-111.9457711,23.70748248,2017,298.5189326,300.8883707,0
-26.2386227,122.1618572,1.110777757,2004,302.1724668,297.454935,0
25.85324232,117.6172776,4.767967812,2008,301.6349155,298.7234135,0
17.33594831,141.0739721,13.58070517,2016,299.0752251,302.1497663,0
10.50840367,-138.2318347,2.226460727,2000,302.1159403,301.6433679,0
10.55086479,-129.9182944,8.372710129,2010,300.6651198,302.3132613,0
15.66226742,162.2781748,21.37367454,2008,297.5795071,301.3000312,0
8.648953289,-162.6530355,11.44146351,2015,299.1181607,301.7620109,0
-1.441936139,-140.0480911,19.39830021,2002,299.0339729,297.2879526,0
16.05405771,-30.05840451,24.84321672,2001,298.1659673,300.6154442,0
-1.66309175,136.8564257,7.256479696,2012,301.1471267,297.1976627,0
-6.315938769,155.090627,4.646003801,2002,298.7359504,300.5465793,0
-6.292145543,76.75447798,6.777242972,2003,297.4693774,297.2365382,0
10.01199963,116.3913947,23.67844471,2020,298.4717597,301.5951412,0
-29.11839668,-43.52614248,10.78302086,2021,300.9016063,302.2186528,0
-28.11469071,85.03215302,10.5770406,2011,300.2732242,297.054581,0
-2.154290433,166.8597267,16.05193612,2005,301.1926997,299.5020539,0
-13.96484221,-100.8700744,4.814029741,2011,297.6905262,297.0932122,0
16.20949271,110.5759935,4.486009644,2005,299.3952919,298.8265465,0
-9.49177767,86.0495608,7.47463818,2024,299.0445661,297.0074449,0
-12.01196835,52.72514699,29.25163887,2014,300.7156905,300.0082979,0
19.78578722,38.21276338,9.443183186,2012,299.1890291,298.6660365,0
-26.05830846,-97.83526914,8.151505414,2012,301.1109442,299.6059541,0
-26.52933303,164.8043284,28.33900525,2004,299.9190555,300.5802653,0
8.675470485,22.06567546,23.5309123,2016,298.239597,298.077082,0
-21.55182307,44.06891096,23.65833382,2012,298.5193053,302.3990933,0
1.635910855,146.311547,5.75254969,2010,298.4294774,298.8985571,0
25.04915059,-75.41837796,14.62965978,2014,297.3334591,300.7949986,0
11.40579349,155.0184497,15.42206094,2008,299.4622038,297.7385117,0
27.47604726,10.67750062,8.014905529,2020,302.2927061,300.4149972,0
25.71961722,93.90756403,16.85892959,2013,299.380488,297.2414497,0
-20.05501321,-19.60501005,7.066378497,2010,300.7089194,297.7534948,0
29.69888216,9.803757871,12.3638906,2011,302.2834484,298.0830914,0
27.08578862,178.1349458,21.63996137,2024,298.2051461,299.5242991,0
25.16324427,-116.6056303,7.204754122,2017,302.3964781,298.0455921,0
17.55570698,146.8435658,28.36734619,2010,299.1736326,302.2409324,0
28.02316089,-38.59424071,25.77243528,2003,298.3603717,300.5233835,0
9.996028743,-121.4280922,17.38747406,2021,301.7036384,300.3168537,0
20.12446985,102.3915089,11.93258072,2009,301.4261422,297.253312,0
18.48475694,-115.9602753,15.9258249,2015,297.524696,299.3578611,0
-28.24981418,-6.879547223,20.21058634,2009,301.957607,297.8459386,0
29.40518256,163.7449175,15.3455805,2024,301.1855436,299.0444824,0
-6.452508826,91.5353904,27.63436653,2016,299.4440094,298.5155137,0
7.322373742,177.2792242,12.20337202,2020,298.9721815,300.6114709,0
-15.57606523,-111.0265395,27.62893351,2019,297.1513555,301.6189889,0
15.10633038,-97.67001262,28.73328271,2021,301.7672369,298.5536331,0
27.02755023,29.38402548,13.6618115,2018,299.3512601,298.7948614,0
20.37957934,-128.2268339,13.47298342,2022,302.2055108,301.9090703,0
-4.833120363,100.9315811,14.81373627,2014,299.9947817,298.1245349,0
-14.68145541,-73.54991735,18.22027194,2013,298.138917,297.3913706,0
-25.85954444,158.6824274,15.7006927,2002,297.5227918,301.5471072,0
-27.14152455,81.6297207,23.44328043,2023,300.6005788,297.8337729,0
22.55298501,14.07403898,9.191700365,2022,302.1205548,299.1550318,0
2.802031233,11.52780443,18.1225016,2021,298.9919694,300.9772055,0
-17.96638494,-106.7117841,1.292627594,2019,298.2672916,297.008106,0
13.76068765,168.0643799,7.504511015,2003,301.0804298,301.6663396,0
-4.642248179,-70.94487397,10.43355889,2024,298.3904748,298.4929122,0
-22.47861145,-58.69269874,29.98677364,2003,302.4167212,301.1483654,0
-6.408287938,32.62962024,20.16941337,2022,299.9947333,300.9012646,0
-19.96072176,101.0274183,17.92941063,2010,300.4563873,299.6502711,0
-8.297384708,161.7151057,19.33262548,2020,300.0805043,301.2940252,0
12.50938185,-118.0478775,29.20017997,2023,297.8746375,297.9910766,0
-24.10590047,109.266519,4.538884335,2006,301.6775939,298.8953225,0
-28.14852574,-161.3176922,5.122942954,2005,298.8458575,302.3818901,0
21.39223342,72.42115017,22.08464609,2014,299.3942832,300.0212037,0
-11.28095878,-6.299848715,15.69350682,2003,299.1139527,297.1385638,0
20.33983966,-175.889526,21.40729361,2013,301.6380295,297.5363288,0
3.538838046,0.391636894,21.47960231,2000,302.318694,297.284178,0
0.287735898,78.64342104,26.01657366,2012,302.2883234,300.9292592,0
27.148027,-98.37814236,26.50088959,2024,297.8650026,298.7038332,0
-12.59726808,133.7090523,20.50838683,2004,297.3899037,298.7207474,0
26.11782591,126.2448938,29.47526524,2018,297.0668622,300.7071096,0
-26.88985205,17.58911943,9.341349142,2010,298.0528522,299.264105,0
26.09966591,-25.00552458,26.46155041,2004,297.3759426,301.3106791,0
-12.85450052,-24.20392334,20.87787261,2004,297.396611,298.1297077,0
-7.113537515,173.5378333,23.76099287,2006,300.4775518,298.0944568,0
-4.899968154,90.33832741,3.939814029,2023,298.5197551,299.3761041,0
28.82212446,-155.6990832,16.04232884,2016,297.5671675,300.0128158,0
28.73745042,19.97835268,6.504643786,2019,299.3250075,298.9058829,0
-6.143257287,-84.86054526,6.954655222,2024,301.0708875,300.4688526,0
2.976376112,68.32038573,5.174315494,2022,297.4233871,297.4157099,0
27.08539325,-72.97531549,3.669942596,2011,299.5191222,297.5065239,0
3.202740968,50.98748718,21.40997702,2005,298.3799118,300.7181446,0
12.39779219,39.60267015,10.07431443,2003,298.372384,297.0111018,0
-19.55509948,-137.8562251,14.02345761,2020,302.1960494,301.0509438,0
22.97962949,-107.0522517,18.03999026,2001,299.0545514,297.2776892,0
7.649194307,-41.17913537,28.15174704,2008,299.4763984,302.2666956,0
-6.057880941,122.3285784,6.467677567,2005,302.3735382,297.5604121,0
-29.50080347,-23.91019465,3.686139008,2020,302.0300177,299.3871153,0
-14.47730147,-23.61480516,21.97998672,2018,300.2419969,300.3731043,0
8.261294814,-92.87205121,21.70752898,2007,300.5969675,301.5010326,0
-26.99888539,148.1476656,1.855617599,2000,298.1792357,298.4894348,0
-15.14641378,-157.4905335,14.30927498,2002,298.1843941,300.2840267,0
5.688192881,-46.00785894,10.65801128,2017,301.4279968,301.5264109,0
25.96263049,15.9314278,6.808178518,2009,299.8248608,298.3934644,0
29.25957554,-75.06153327,23.3515334,2016,302.0642163,300.214469,0
2.299916595,-83.21273482,11.68501868,2021,301.7290311,297.1925435,0
17.2424007,-31.91779206,26.33796469,2005,299.3518073,299.4340003,0
8.959339475,157.0610237,2.856184052,2001,299.7504407,301.3180374,0
5.930724005,-107.6044581,18.11674712,2006,297.3089684,299.7010265,0
25.62663773,-142.0584415,23.16878111,2013,297.0632086,299.2482749,0
25.44161223,-139.722978,15.97630726,2016,298.0210569,300.6532066,0
22.90143671,113.0852468,20.86889499,2002,301.4321449,297.0438042,0
25.47366332,-20.40965657,17.04802545,2024,298.9628729,298.9458404,0
19.71333587,104.1454254,9.926079119,2022,302.2404826,298.797084,0
-8.734503072,2.028295232,28.29250356,2000,298.7523493,301.9695714,0
-25.34155344,118.3936595,11.11781218,2008,301.7234922,300.7231743,0
20.27450249,129.1551406,22.70231976,2024,297.0728807,298.6276859,0
-2.448645976,-32.0063008,21.9359476,2019,298.2627899,297.6465322,0
-20.08293059,-179.2828313,21.84344892,2005,301.3418771,298.6323268,0
2.482176609,-55.71721668,13.01182684,2009,301.8491437,297.6682247,0
8.078355389,29.57177073,4.434036136,2009,300.3426398,298.3494377,0
-26.53607045,-39.22816711,7.791897757,2014,301.1216475,300.1455171,0
29.17480032,-30.69510229,22.86208714,2000,299.9749775,300.8303639,0
12.12876577,-118.1901932,15.50326981,2018,300.0067689,300.1647516,0
-28.67151147,160.241108,21.20219087,2020,297.6446215,298.8546362,0
-21.42948211,69.14651293,6.981311301,2004,301.2064053,300.7339375,0
16.37920328,162.5191303,23.51818978,2016,301.715199,300.7028554,0
-5.51285659,138.8231151,7.435113363,2015,297.0548833,300.9789401,0
2.139395961,121.0023732,24.82026252,2015,298.1189006,297.7006253,0
-12.86947319,11.36786284,15.80629207,2018,301.7023571,301.8540793,0
-2.021414632,-152.7480982,12.24695661,2007,297.0852958,298.5448508,0
-17.52261844,-164.8852456,14.89854261,2014,299.9796853,302.324362,0
-26.00611633,53.39448268,3.149057255,2001,299.8235252,302.4406976,0
-16.10709384,159.3165383,2.242289098,2002,298.2106123,298.9278629,0
-7.648003574,-155.263076,11.71765178,2019,297.249256,298.9246972,0
25.75730414,-43.47844662,25.10966348,2016,299.0528264,300.4759377,0
-24.27770386,-142.6757109,2.411072246,2003,301.2158328,300.2104247,0
16.91759863,90.62891726,24.28706009,2019,297.7717849,300.6913661,0
7.228427103,87.21114739,5.926549175,2008,298.9082946,299.1491533,0
-20.47926758,-87.03683292,18.55694097,2020,300.5977301,301.8902036,0
4.728405271,47.66087676,5.537824764,2009,299.2823417,300.9202772,0
-6.827280431,31.86177666,6.375810593,2012,298.1820195,299.3366796,0
24.47031083,2.541472826,6.449691044,2016,300.2156745,297.7350782,0
-3.368448695,-17.7205378,28.79643723,2016,298.4957032,300.8079741,0
-14.15628092,158.0646526,19.45485416,2000,299.9079843,301.5425474,0
-2.21311717,-79.75528331,19.98656319,2006,298.4554926,300.6408292,0
18.89638371,100.0890875,23.0646886,2005,301.3268959,301.2551441,0
14.87031446,-125.7810828,7.299695707,2004,298.4276705,297.1852202,0
22.75114636,-92.37719404,17.16277792,2023,301.7196622,301.3107481,0
-4.26090409,-107.6165453,15.91183016,2006,302.4788672,301.5397862,0
20.69228087,-90.356855,17.72436957,2005,297.5220487,302.4939094,0
-10.40164503,89.34620834,24.39328654,2009,297.0314522,299.5620416,0
4.269737917,-70.54910192,10.22502896,2002,297.1233424,298.9823475,0
17.02429506,23.82504884,10.07056169,2015,298.71708,297.086586,0
-28.97101309,149.9771886,21.47859656,2003,297.2141591,301.604158,0
7.171572002,22.82232626,19.1138074,2020,299.2128423,299.1482648,0
-25.84030018,49.79600633,22.25710497,2001,300.8906835,299.1407676,0
-16.26747225,34.86667568,27.91728085,2013,299.0431727,300.4018988,0
7.98435921,-11.05731816,13.84872151,2017,300.5722991,301.4242773,0
12.90600968,33.53695885,2.547091913,2010,301.5805755,298.9933723,0
21.81848528,-140.3772177,27.82636808,2011,299.751977,300.7998619,0
11.82814835,53.51002444,8.98335819,2018,301.1128689,301.4564222,0
-5.170352081,-106.5000387,2.227926084,2017,300.6726833,301.6055189,0
-19.81629429,-173.1078475,23.59397501,2022,297.942888,299.4946845,0
-2.707653432,66.85219546,27.39617801,2023,302.244443,301.848886,0
5.069987732,120.1651023,19.6347507,2021,300.2075494,300.260621,0
-8.704520347,-161.2838333,1.920569196,2007,298.2693706,302.0361973,0
6.978869534,-91.33703323,21.02971336,2010,298.1617751,301.7464826,0
23.16560612,-109.2047094,22.38535649,2023,301.8652081,297.6887131,0
-17.96682133,-102.1582767,21.04514247,2022,300.4044536,302.1742531,0
16.55469197,-133.9427072,11.07770539,2020,302.3643872,301.4933565,0
21.15284527,157.6674833,3.468001097,2010,301.3417518,299.2891993,0
-19.9129123,-9.017652505,2.601453102,2023,297.5553796,297.921201,0
-21.16346619,170.3076472,23.0194827,2007,297.6293734,297.0478838,0
-20.66571379,-105.3817275,19.28684731,2023,297.7132344,298.4105468,0
-8.680815092,62.63791493,2.814380424,2004,297.9356348,301.9403094,0
16.60819993,-152.467216,29.61514394,2023,297.4550526,299.664959,0
-11.85482932,22.82701121,24.31034182,2004,299.6317286,301.2930581,0
-11.78256371,-67.79166173,1.091086275,2022,297.4524978,299.5277123,0
-11.61219192,116.057236,2.652383083,2023,299.000953,298.0489929,0
-9.17625789,17.00550735,29.76141355,2016,301.7421164,298.7263152,0
2.281362322,122.4389082,29.6940828,2008,302.1723056,297.0870274,0
1.365608494,-10.48775176,20.02559564,2011,299.6574947,301.6102673,0
-8.315773256,129.5260829,12.79733923,2022,300.8419184,299.2887995,0
0.831044075,145.1872852,26.80662807,2016,297.965204,300.1225002,0
4.758868,-3.735193662,19.69761221,2003,302.3362944,302.1277752,0
14.49615717,-79.4102817,4.817954075,2023,298.018987,298.5325368,0
-16.87741198,-114.1783992,24.9456176,2021,300.3211804,300.171377,0
3.525956677,-46.37897423,23.78365,2002,302.1639223,301.9169186,0
-9.75118046,82.60695714,17.62347264,2004,297.9631773,300.7002054,0
-16.76974419,-101.4452876,26.34808143,2006,300.2391319,301.1342189,0
7.408669831,36.10132579,2.551919424,2019,301.1264617,297.8362671,0
-2.500584325,-53.56102055,3.719519261,2007,302.0640681,297.2203252,0
-12.51234519,-105.285263,7.906252956,2012,299.5743798,299.5646468,0
15.63453855,-124.3828066,15.13069527,2017,299.8210719,300.872458,0
26.1103252,-44.7101943,21.53553321,2017,297.938896,297.1675503,0
-17.73309765,-57.4518398,15.80684197,2019,300.685179,299.575816,0
16.41316451,-135.5757065,19.1633482,2000,301.691401,302.1061093,0
29.78389762,106.5626649,22.85828804,2015,298.3061321,297.2728791,0
13.47589721,-139.82652,18.6412655,2007,302.0730212,300.8259356,0
6.646243841,-108.0571423,2.610225951,2006,297.6901746,301.2502428,0
-15.78400051,63.86152676,17.40766509,2022,302.1004535,299.012372,0
-10.91702565,89.79336215,13.50225975,2007,301.2638423,298.2893408,0
-9.294975269,-169.162606,28.88327741,2007,302.132628,298.4602302,0
6.687816674,64.25998859,10.20894131,2001,300.4078876,300.2979516,0
0.379818561,-53.85123,27.47499914,2003,302.2984818,297.0565647,0
12.96299839,74.24861852,19.05799669,2013,301.3696445,298.5297104,0
-21.46468561,-67.26124734,25.63649225,2009,298.8886269,301.5901448,0
26.12907081,-113.1360941,11.80275902,2003,298.0917009,297.9068663,0
-15.60063817,75.6477506,8.915549847,2022,302.3244201,299.4569299,0
0.091077621,-91.20289831,14.65784732,2009,301.9762149,300.5613406,0
-13.61756284,-116.2106996,9.533735362,2002,301.1637646,297.3058304,0
-29.58732227,-103.5189802,20.24218422,2014,299.2132344,301.8652279,0
23.73377089,147.3030951,10.10246422,2022,297.5888145,299.4203193,0
13.78271439,158.47949,18.51011277,2019,301.5702204,297.659401,0
14.09555084,11.32376911,9.350414938,2014,302.2244482,297.753992,0
14.03298785,47.60573431,17.92454607,2004,298.9532241,297.2488705,0
-16.9254775,-174.5363224,17.86109606,2020,301.5153956,300.1163289,0
9.421829894,143.419128,12.58604475,2024,302.1846255,297.4550372,0
-14.76373368,100.7957977,3.863379,2020,299.5518993,297.6529,0
28.83409362,-102.7094805,2.949791223,2015,301.3092504,300.8483786,0
7.016641643,130.8476629,7.468799785,2006,297.9488813,300.1238586,0
-12.21854319,157.7936623,24.74346666,2008,297.1747817,301.3012792,0
-15.59575557,-128.0486877,4.355338227,2024,300.8060619,299.5186095,0
-16.40870244,41.02931028,8.332885429,2009,298.9756481,301.5295372,0
19.24176965,-8.153856676,11.17375417,2007,297.8706715,297.2848224,0
3.438634519,-123.8271079,25.20313763,2015,299.6517265,301.6249979,0
-16.72567821,-42.84314148,24.44376643,2021,301.1903599,301.2982811,0
-13.45455573,-106.4711668,1.48593283,2004,302.1356218,300.7612655,0
1.894329161,-168.2427381,14.79228956,2019,298.3737469,300.5978808,0
7.154341923,-60.44047801,27.91495323,2013,297.3764775,299.2971685,0
-23.01849089,40.60650079,28.21598259,2011,300.8133433,300.5652974,0
-16.11119425,65.28708477,28.26531255,2011,301.4806905,300.3650706,0
-7.592523292,-88.07890545,4.070355228,2003,299.2724488,300.7170261,0
9.489589458,-154.7610697,12.46252015,2003,300.059804,297.1603535,0
24.43493666,-123.7378646,7.382571629,2012,300.9056312,297.5265098,0
-10.93831815,168.722858,8.607946037,2006,298.212453,301.8739997,0
26.05824685,149.911396,19.42701635,2024,298.5713478,297.5025576,0
-11.11045024,-164.501135,23.64795205,2006,301.0232306,301.5345933,0
-21.2138246,119.8546976,16.66859942,2013,297.591878,301.224705,0
0.028638952,-23.84259623,8.235589311,2008,298.6965755,300.1517321,0
-10.48732822,-165.8630109,8.887959555,2010,300.920653,300.8318231,0
-10.53925154,-95.79710467,7.115700603,2021,301.5123475,299.4231544,0
-22.05572319,-42.38918929,18.96096017,2012,302.4468277,297.1417328,0
6.21172839,57.42215339,20.95332116,2016,298.6747089,298.0895253,0
-26.05847301,139.3629542,13.17561223,2019,300.005522,299.2945638,0
-20.38646394,-118.4628951,13.12619886,2024,301.3846609,300.983279,0
11.42434331,-57.40385923,24.34394818,2024,300.6394528,300.3134719,0
-20.21885317,-95.82738009,1.687524856,2020,302.2153835,298.675313,0
-14.12905176,-79.23864519,9.053853533,2024,299.3079506,297.2784236,0
-27.63648998,26.62195178,12.39395816,2020,301.0213654,302.2071582,0
16.89692875,-67.06565566,8.188327403,2009,300.2359372,299.1872643,0
28.4280248,15.9115185,8.98193625,2014,298.493206,301.9733381,0
-7.51668177,17.9526826,2.466620011,2011,299.2577269,297.8983516,0
-16.69308131,-65.68035125,8.522263622,2007,302.1171913,297.5244851,0
-2.996481634,-58.51645957,26.24996521,2022,298.1611927,301.1385759,0
-26.92236906,-2.687262943,13.82110401,2002,299.6641515,300.8159306,0
3.165742082,-102.1498099,7.049062664,2004,301.1808851,297.8464495,0
-21.04503182,-83.45722761,11.47116706,2021,297.6906107,297.9421223,0
19.64139329,30.54190741,10.78844151,2001,298.0638944,300.5282746,0
-14.41031172,138.9909992,26.97500838,2003,297.6716133,297.6112543,0
8.886302072,135.042496,23.9250948,2019,300.7020067,301.5339275,0
-6.180470268,-123.7258905,22.40057747,2004,297.4511303,297.1921659,0
29.3853848,-169.1923204,13.89131934,2006,297.6450408,297.9298398,0
-8.891699615,94.20331544,15.7053903,2018,302.4184601,301.2240299,0
-3.938310112,-19.28090815,18.94439023,2023,300.103275,301.6781599,0
-17.90829732,156.395894,20.98354196,2000,297.7104594,297.5475058,0
6.191529937,8.496196975,8.353939393,2016,301.8945236,302.4557951,0
-12.35595227,-104.2853197,23.19553755,2001,300.3135841,299.8140122,0
-26.33957142,-76.38073241,3.704871957,2010,301.6578797,298.7838116,0
10.58902497,33.92705783,18.49135348,2015,297.0297271,297.0074045,0
-7.313953813,-128.3776668,1.533198122,2009,300.8079487,298.2833305,0
7.519810197,88.94817617,7.342702778,2004,300.5773389,298.1678369,0
-22.67955519,72.4979828,4.289783696,2015,298.8772526,299.631906,0
25.73157299,-60.4902583,14.49477108,2008,300.4250276,301.4371666,0
20.52093969,-6.223149692,23.54620855,2018,300.0147986,297.9605595,0
-12.24407823,58.97681095,28.99377899,2014,301.8971138,300.1728466,0
3.835174005,0.100272675,3.012428491,2013,301.6190119,297.7011712,0
18.01238086,130.6832566,5.369937123,2005,300.9309536,298.6134438,0
1.528218441,71.21980278,27.10765922,2024,298.6933751,301.6064196,0
6.869146651,29.23035254,8.35543111,2012,298.4957501,298.1984026,0
9.710075107,48.13617592,18.2103801,2013,301.0082793,298.7794173,0
9.90335934,20.36823426,10.93919684,2014,297.5193039,301.5733508,0
25.10385252,53.92369684,3.999589331,2019,300.546966,298.5853837,0
-12.07302774,140.8320263,1.395386693,2002,298.961279,298.3996473,0
-29.22615181,14.50778643,25.68337133,2019,300.1115972,299.8295373,0
-24.89661687,17.59420856,12.01939329,2012,302.4385954,298.2415025,0
-6.606015223,-7.182944168,5.002449124,2010,301.5634758,302.3723691,0
-5.71649617,-148.446059,2.90854106,2019,300.2049295,301.468606,0
-10.38353854,-69.93217532,12.67840791,2019,300.7520543,298.7338169,0
-22.00740455,47.66265233,4.721450003,2011,300.8138217,300.8533632,0
15.20832664,134.2293918,15.49881077,2005,297.5087524,301.2919132,0
10.42210401,96.29957901,9.918364069,2014,300.3940827,301.6747763,0
-18.225257,-134.8020756,28.94091848,2015,298.5524436,298.6394161,0
-13.32929021,97.74434232,19.9051251,2015,297.5801589,300.2207323,0
2.660693258,-95.85331487,19.49545011,2010,297.2286843,299.7397147,0
11.35862473,-89.16770625,9.925356254,2009,297.8465573,302.3736742,0
2.686333619,-131.1522056,26.91542235,2006,300.5253104,299.5639988,0
-18.60383181,72.6257786,17.13747448,2010,302.1786727,299.9134268,0
13.9433068,152.6787777,29.2802193,2021,298.6665963,302.3160113,0
7.687171875,155.0312915,20.60704575,2010,299.0351349,300.0275948,0
17.40089049,-65.52628152,17.81220382,2024,299.0781157,297.3412022,0
-9.641683961,2.135395555,5.695767192,2016,297.5848551,297.6277698,0
26.4628956,134.155826,14.11051131,2024,299.2815411,299.1300093,0
9.581416376,-20.86796846,19.7987706,2005,299.5046072,299.2822824,0
13.82954865,-131.2720434,6.731537397,2009,299.625789,300.309937,0
4.904198845,-35.47375953,10.80444787,2000,297.8939589,300.7159172,0
-27.71482196,43.18868335,21.24775449,2003,300.0380138,300.2737635,0
22.31478368,27.71338047,11.01894476,2018,298.6250736,299.9148369,0
10.70351313,33.39753871,5.302449781,2015,300.0709377,301.7846581,0
-7.707209321,41.18400268,16.18623907,2013,301.1532349,300.2264316,0
19.70632026,-151.1327675,14.82832745,2011,302.0368353,298.9788675,0
-11.58166307,-109.7290208,20.67624389,2022,298.7912664,299.1677483,0
6.200051773,108.6063455,14.6160413,2017,300.1935487,302.1476549,0
10.33504124,-6.739937561,24.48057605,2021,300.3986236,298.8801601,0
22.43249733,-175.3533979,7.57402891,2010,297.7269881,299.419206,0
8.637394767,-42.85733579,2.58239684,2002,298.0410601,299.5263229,0
15.12772197,145.9939817,25.22580338,2010,301.5448745,300.2340025,0
-8.813826664,107.9220112,17.08592372,2011,302.1445799,299.5636396,0
-3.276808441,-174.7558243,8.174592665,2013,297.9054564,299.2831872,0
-29.14014565,-7.799226599,1.609612095,2021,297.327729,300.3239763,0
15.82153616,8.424493532,7.576406134,2006,299.0559446,300.4393148,0
-29.25953724,-128.5340841,22.52651261,2014,300.2890501,299.1180643,0
21.28834673,162.8695102,26.62337712,2007,301.6153063,297.7992968,0
0.341804627,-157.6650899,3.063514687,2022,299.8624717,302.4702009,0
-17.88948988,-87.0825855,4.292678627,2006,297.5390423,297.2423622,0
-18.88338898,14.85723994,19.72159326,2000,298.8171531,300.2406804,0
-2.743296193,-17.43638882,28.17090805,2024,297.6981943,297.6780608,0
1.11370132,-91.4949207,11.38605178,2010,300.7989947,301.0083242,0
-27.18162053,154.0986301,3.643078544,2017,300.698144,297.9342993,0
-26.67504669,-60.7872639,23.21317567,2008,299.2849365,297.1320277,0
-9.877703627,-116.2503881,3.854301484,2002,302.3229151,300.024253,0
27.78954162,-138.6887042,15.22184706,2004,297.5333112,297.984674,0
17.85084272,63.91648987,16.8609374,2017,298.8259256,301.2989791,0
-3.776908689,45.98834936,19.77628028,2018,302.4588304,298.3236878,0
22.45844005,119.0241938,7.515064532,2008,300.4689459,301.0682559,0
6.736545942,-173.9967071,6.648431433,2011,301.0197869,299.3100605,0
4.701585787,119.7402384,24.32080138,2016,302.2645833,301.8957593,0
9.136506654,-14.52794494,20.59707749,2022,300.1270374,297.3254739,0
7.96815664,96.81121605,29.82836798,2007,297.8730522,302.2210021,0
22.7760898,146.5351057,29.7544505,2000,298.9490745,298.6655644,0
13.8527774,72.26118766,18.08158264,2012,300.2657935,300.1657639,0
-20.31252996,-10.17365849,17.05068151,2012,298.2353134,297.3803446,0
19.6499245,-88.36540455,14.7177976,2015,300.1014111,298.4363934,0
11.69718716,24.2607399,24.09106467,2007,300.3555936,299.6849772,0
-22.00907246,-85.92011356,13.15388471,2016,300.8170958,298.0051314,0
-10.85729554,-30.4149373,27.33243759,2005,297.5021984,298.7527928,0
-23.71944177,-133.7052651,17.64166734,2000,297.502821,300.4412505,0
3.031900836,-33.34841128,16.11993362,2000,298.0796187,297.1241048,0
21.69989308,27.76214966,26.82909521,2001,300.4483264,301.4461719,0
6.698785163,-73.53087747,8.416567345,2009,297.9943183,298.4783869,0
-18.08132539,-91.13147007,9.886048031,2012,300.233954,299.3457486,0
6.925246789,-150.6330268,3.545858875,2009,301.2496904,300.9319474,0
4.738658793,-174.740761,11.45088928,2014,299.1309821,301.7491394,0
-11.47186348,-74.32747471,8.7139331,2014,297.8458104,301.8739421,0
-2.488886269,23.25263002,20.22778891,2001,301.4884347,297.1041997,0
14.15507721,-104.9761535,4.854913239,2002,297.270715,298.2709447,0
23.84314305,-87.7710548,7.398880729,2009,301.7251147,299.7503204,0
10.49359218,-93.93610173,22.98317221,2019,299.8171809,300.742637,0
25.90187842,43.33365076,24.30890184,2020,302.1399913,298.6686205,0
16.91345478,95.7091118,21.0580139,2017,298.8070698,297.2995633,0
-19.05251756,167.4754699,13.41733426,2009,300.9936119,299.0182877,0
-21.16637554,-105.6308342,10.08472782,2004,298.2772358,299.2292895,0
-13.85030574,-108.492619,23.71822938,2023,301.5386625,301.3728191,0
-10.57615046,95.46978015,5.151679377,2018,302.2596053,299.0717204,0
-9.64556033,-157.5247222,15.09903597,2007,301.468149,297.4532328,0
5.998071496,-5.16712848,16.83178247,2012,301.7228397,301.7147702,0
15.87905702,-127.189759,21.01936256,2022,301.6933107,298.8048804,0
-26.7736613,60.96851433,7.707117921,2018,298.6832594,297.3502662,0
-19.37237135,-178.1497341,13.91687611,2015,298.8085244,300.6427256,0
15.10950876,112.3006445,28.42674136,2021,301.7217855,297.724278,0
12.30245438,87.11198263,20.65397399,2003,300.4373886,300.5109282,0
-11.57126111,129.4846506,28.82469331,2015,301.6700391,299.1086843,0
-19.90328469,121.1191893,16.91837932,2017,299.2098622,300.1780538,0
-11.52755248,-8.20797141,23.99882782,2015,301.5625949,300.9016385,0
-23.67591736,121.9873903,20.45937644,2016,298.6733303,297.7658576,0
6.720511798,-69.73164112,10.45712772,2014,302.2877914,300.7353941,0
7.882558659,-82.59866766,8.214961873,2014,301.7491653,297.7275837,0
28.65539762,29.74631257,29.86875042,2019,299.9934154,302.3667835,0
-7.851828371,-51.41075976,10.97865692,2001,297.9210286,299.5442645,0
-28.00392173,-136.1202903,13.05997884,2013,302.4050675,298.3748509,0
-25.59815595,58.73264963,18.26562473,2019,299.3220573,301.3178516,0
-18.25724159,115.2911948,19.8136663,2016,297.7554896,298.5227848,0
-27.23621618,155.096667,20.16315736,2005,298.7136446,301.6510944,0
-14.42380298,-179.4082474,11.91603391,2004,298.1233316,299.3028233,0
-16.82190428,-179.9182662,27.53504459,2021,301.0826073,297.9229803,0
-22.77818543,-155.6622902,21.99684647,2000,298.2751271,300.8805949,0
-11.5378312,-92.81712587,3.117104194,2000,300.9529496,297.6083198,0
-27.86458615,177.958909,7.749122119,2022,301.1264344,298.5097867,0
7.479838457,-150.7808792,14.11387189,2016,299.4430087,300.7157273,0
0.533644204,130.120447,26.11503458,2018,297.1744737,299.9423167,0
-27.73813651,110.9044142,10.30101121,2006,301.1501315,298.3673269,0
2.303698757,177.1688302,25.86838762,2010,298.4689125,299.9406351,0
21.52568579,-62.68271666,28.66722569,2023,301.503781,298.8553183,0
19.65142164,-179.784742,9.926755351,2016,297.753615,299.9567154,0
-18.90478215,-25.86413771,2.781328749,2002,298.9980004,299.4125613,0
28.64977549,110.8316324,22.38488839,2009,297.5874039,302.2437158,0
-26.38638331,-72.84590008,9.643919834,2013,300.7070964,301.6437318,0
24.948455,78.45576874,9.224629779,2024,297.387946,302.0018623,0
-18.59227402,115.6500556,16.79429526,2004,297.9453208,299.6208956,0
14.27282491,-129.9592061,13.76206118,2021,297.0727585,299.8147925,0
16.16655477,156.5263863,27.36686195,2024,301.4163972,302.3943659,0
6.355571725,1.33501935,26.47406003,2012,299.1632637,299.9950543,0
-20.4072142,68.84879896,5.85942964,2016,299.7683982,301.3804231,0
14.36815399,52.39236831,5.517424557,2020,299.2082369,301.362207,0
-16.76947277,-113.0538573,28.57374114,2012,302.2560721,302.2449793,0
-8.860376745,-164.4839608,6.193753241,2024,300.8827593,299.7702874,0
19.74903842,2.931018719,18.98699927,2015,301.26379,298.884251,0
7.66013263,-110.8742095,5.23460956,2008,299.9211022,301.1014472,0
19.55645515,70.76210477,27.79811668,2008,298.8413397,298.7253672,0
8.138719317,-51.85520155,5.306696668,2001,300.7884578,300.03565,0
-15.48970828,-26.64089299,29.06454192,2014,298.6494368,300.5353729,0
6.056729072,70.58875016,11.51255755,2016,298.06238,299.5921955,0
-1.649073431,-43.83917451,16.00151098,2012,298.8861131,300.7612857,0
-28.47908374,68.41687983,10.16693803,2009,300.989079,298.9821672,0
-24.77572767,-107.2262163,16.81921987,2013,298.6388748,297.4936773,0
24.64957588,-177.8230645,15.03194635,2023,298.692235,302.0933276,0
-20.2983268,167.6996351,6.968036933,2010,298.3212069,299.4407424,0
-13.05792486,-150.856655,26.42180098,2009,297.9142615,302.0406903,0
-10.32970807,-46.05038821,23.03488609,2003,302.2363435,301.0586027,0
5.845754554,137.1222578,2.438571342,2014,299.7455942,298.1911855,0
22.35755313,-148.6406558,15.13414881,2013,302.288529,299.4466884,0
-0.657095973,-53.40604596,27.37690572,2016,298.645776,299.3697205,0
-11.26848697,81.04001758,24.09271924,2002,302.4217254,301.3520636,0
6.083044241,-57.88069258,16.79326801,2023,301.6477181,299.1727934,0
-26.92419245,-35.32454235,20.53893066,2007,301.1192973,298.9634034,0
8.084648466,-112.8888703,22.73171366,2010,297.6206375,300.2803868,0
-0.918628984,-170.3276445,12.03397468,2002,302.3199915,300.9331876,0
27.42808995,-26.24218367,14.77790988,2011,302.2915616,299.9459898,0
7.097447925,65.04205436,20.33521437,2020,298.1328902,297.0051888,0
-27.6440969,171.8221763,8.028257159,2022,299.1323234,297.7610251,0
14.29009623,128.5071893,28.22272443,2022,301.0218782,301.2336064,0
28.52462206,26.48278081,10.90759227,2013,297.3764239,301.9356853,0
-22.83713932,-61.97657836,24.65661604,2020,299.1649954,299.6038961,0
21.27284359,-57.59842102,26.21984086,2010,297.463454,298.958512,0
10.82306483,-81.31666903,25.00258065,2004,300.8863227,299.9444127,0
8.119400802,-109.2646919,7.14063,2020,301.1140884,301.6009199,0
12.26011896,154.2948774,22.42356178,2022,302.2421606,300.9558486,0
25.80991217,9.931670378,8.508223969,2008,301.5190286,297.5575891,0
17.51347943,112.1659216,14.985946,2006,300.3032076,297.9144043,0
-7.215755711,42.18992176,29.12474707,2004,297.6825905,297.667782,0
13.26794144,-113.8375206,10.52317949,2010,300.4285876,300.3135804,0
-0.612847921,10.31637744,10.69883329,2020,301.0040674,301.4723121,0
-14.55126143,98.79101806,12.18105337,2013,301.7080059,301.1247452,0
18.30701108,-130.73574,3.021863349,2019,302.0745483,299.763045,0
-10.32696036,85.36766902,2.064675361,2011,298.7379843,301.6871682,0
-27.54396334,-162.1218631,19.08205666,2005,299.6675989,297.4697167,0
28.3476834,6.483755295,18.81140109,2006,299.6592395,299.3603222,0
-25.50624948,-141.7822727,25.28670307,2015,297.6283043,298.4044434,0
19.67858781,-43.92214609,29.45426521,2024,297.6556574,297.2005358,0
-26.83536287,120.299079,4.421202025,2006,299.4084494,301.6419641,0
-14.25549741,-28.18345769,2.157753444,2002,301.7343942,298.9040829,0
9.227205067,-53.92847483,18.89936791,2011,298.272467,299.223329,0
29.59591179,132.6805302,17.37455588,2000,300.3043568,300.8547613,0
-12.88765184,47.07735126,14.21383693,2018,298.1080516,298.458647,0
-19.81444792,-145.5693494,13.15494906,2024,299.6709886,302.0204044,0
6.621780469,16.70654672,8.242581198,2002,301.6862663,300.0756997,0
0.884531625,-144.1513031,1.464816537,2017,299.0734239,300.3176718,0
-25.21709561,65.92114286,28.04443455,2023,298.9022237,297.1936835,0
14.77077831,108.7337773,5.657217156,2012,300.5677562,301.9458691,0
7.410318675,-132.7363301,9.981059622,2009,299.6197729,300.6836495,0
-5.857616957,-72.71753141,19.13886375,2003,301.160481,299.6078687,0
-16.45262687,41.98391214,2.169681712,2020,299.5770635,297.8137708,0
29.07926866,-104.7249487,4.780240771,2015,298.8802617,302.4219201,0
20.31653325,111.0853923,10.21923554,2011,299.4520405,301.4916038,0
23.11433272,-148.7856357,16.61252996,2021,300.4900606,300.4165248,0
-22.75520185,171.7075966,6.421011454,2006,302.1773392,300.7213948,0
-8.19576408,157.7452221,8.991436513,2000,298.1833559,300.4510734,0
25.41989025,179.1065272,1.941081227,2014,301.0620033,297.3508701,0
-6.766611527,-78.20443546,9.830222306,2003,302.0518688,297.2584588,0
-9.671218704,-34.14652068,7.931421505,2004,299.3899203,301.7824352,0
-19.16054752,161.1670237,7.344379544,2022,298.5069383,300.261809,0
-0.646364715,-131.9959918,8.033784021,2009,302.0837026,298.2671265,0
-12.64536583,-47.03251317,20.24853942,2016,299.1999066,297.3156551,0
4.998434891,138.3636341,5.400544476,2016,298.8641963,301.3761313,0
-25.35102157,-78.36701968,17.97360802,2022,297.0404417,300.8044606,0
9.680560737,-166.1756842,11.67925311,2007,298.7089343,299.8296928,0
21.41012098,-11.92388432,11.431876,2024,301.3879257,301.7540145,0
-2.586715696,-8.960988625,12.19547713,2003,301.1631021,300.790166,0
21.81846315,178.851305,13.37889154,2011,300.0234449,299.2944035,0
22.66496429,-106.5619427,24.96747368,2020,297.342128,301.5248661,0
-11.31708361,-35.38911861,15.57975556,2004,301.7182178,298.6769672,0
-18.43941621,-133.5343511,9.637922553,2019,302.3529349,298.1077347,0
-29.42739882,-152.8914839,11.89972149,2001,298.8866469,302.4346824,0
-0.886172654,-115.5009894,26.84306266,2009,298.4011179,298.9353666,0
12.33691829,7.758354208,4.614775441,2016,298.5500375,298.0136577,0
-27.63828721,-172.1351837,23.46008249,2024,298.0383672,299.2792462,0
26.149568,-15.45852266,9.417398056,2017,297.0578227,301.1903944,0
23.59826963,-24.17762842,16.53073172,2011,299.1406474,301.8808349,0
23.63601064,-59.10610873,18.83702287,2015,302.2913217,299.7992747,0
-2.830511683,-79.67004627,28.80728432,2023,299.5973667,298.7838088,0
27.12863502,116.5124141,21.56104383,2012,297.3023147,300.18198,0
-25.04567052,-124.3725012,13.74732531,2005,297.3514552,297.4088403,0
-23.07823192,133.0852764,14.69456635,2015,302.1958906,298.8418306,0
4.251236177,147.4543408,1.179330857,2001,302.1570188,300.7383763,0
4.210897905,39.67056323,28.32877174,2008,297.0780815,298.416976,0
-3.003379544,69.44720797,22.26165097,2006,301.7694754,302.2571373,0
-15.79708165,137.7415647,3.812384113,2003,302.3760111,301.6932445,0
-0.100018302,37.16835217,7.590570553,2018,297.5706599,298.6248212,0
-24.56643194,60.48117027,4.866477674,2023,301.4945508,297.0751393,0
23.74358133,-169.580046,7.949727764,2023,298.8471392,299.8262659,0
17.79869214,-58.32664183,21.45921072,2020,298.2341064,299.7747661,0
-14.34904524,-176.7286674,19.80062829,2021,299.450348,302.3183268,0
4.271951038,130.835368,5.04405685,2017,301.7738879,300.2070817,0
13.08085069,-46.06431559,3.681035994,2005,298.4436675,300.1966851,0
13.09007685,-135.2081207,18.38832054,2017,298.361974,298.9142858,0
23.73334445,167.9839995,13.85973398,2011,297.8834849,297.9516313,0
-13.99367618,-136.968887,7.679257516,2022,297.2711197,299.1245824,0
-8.791608476,-66.37204247,15.23957312,2004,300.9113805,297.037381,0
15.83139001,5.069491476,23.60158994,2014,300.1709974,302.4083742,0
-15.50392341,65.26155979,21.76355611,2022,299.728235,297.0427165,0
-0.474479379,175.1354646,9.069762164,2001,301.628921,297.1669459,0
20.62877182,-14.28154177,7.310050258,2021,300.7242973,297.6546172,0
-25.86432731,-5.922053715,7.382611915,2012,299.996406,297.6910392,0
-12.61632098,-94.04936241,7.19274278,2004,300.9732626,297.0406555,0
0.548124775,-129.8449863,26.12058389,2023,302.250665,301.4007567,0
-15.50046475,-155.5065669,10.19021999,2023,299.7825919,301.2775035,0
21.49937633,124.1510707,11.43059128,2016,298.0057549,298.2782223,0
8.137919918,177.4596477,23.55380718,2001,298.811586,300.8135765,0
15.97472837,-70.52593105,24.53718342,2002,301.4885079,302.411485,0
24.5846212,126.6445219,2.524657537,2024,300.6427485,300.3532505,0
24.90590727,-123.709629,22.80214674,2015,300.1311386,297.0114208,0
-14.35747355,6.580699448,21.94426686,2020,300.1311774,300.4744733,0
1.124870827,-161.5804177,7.752898149,2006,298.6304469,302.1130728,0
-22.52319686,54.89134398,2.528873224,2015,299.5519198,297.7330634,0
25.66474398,132.3727553,21.52099699,2013,301.2673249,301.4437653,0
16.06587706,-138.9722806,19.67333075,2007,300.1754437,300.5552406,0
-2.498191234,10.33463516,1.996928892,2005,297.4689759,301.7640104,0
-0.048812944,-73.24646774,8.688284262,2015,302.4947722,298.2118007,0
-23.80700107,30.61266074,15.16773153,2001,299.9050409,299.5699355,0
-23.59729085,53.84016243,26.17198816,2012,301.0826432,300.5370739,0
-11.05539585,43.74674065,7.375996735,2006,297.7461381,298.4302642,0
-6.896516657,159.4738023,18.70090573,2014,299.4965938,299.7884979,0
4.330317707,155.645331,25.88799694,2018,299.402168,299.5520024,0
17.3457667,37.04143774,19.9723934,2005,300.8317894,300.9892951,0
20.18271464,170.7981518,29.29245566,2003,301.5201163,300.5547046,0
8.840528062,-133.7940264,19.85542783,2006,301.22332,301.1348702,0
5.301941353,-103.4408569,3.813528329,2011,300.2598284,301.5376943,0
21.49982591,-13.09605324,23.74386768,2009,298.5134356,299.1887819,0
25.88873956,-58.23685177,27.50241242,2002,299.6282705,298.9540619,0
10.95070381,58.403577,21.74434701,2011,297.3140189,298.8867845,0
10.01615911,-143.0894886,1.345621506,2002,301.7833274,301.8995768,0
-3.057734378,-14.65067224,3.232106307,2021,301.0525455,299.7557213,0
4.365631977,-130.5982272,28.19218236,2007,298.3374899,300.0281385,0
-18.45041096,-143.3236449,27.42249454,2020,301.180192,297.2682148,0
20.62372756,-22.30413267,10.92945858,2015,300.2039358,300.7608351,0
15.18713083,81.88286086,26.21887727,2012,298.0133676,297.3135131,0
5.267906962,122.5253439,1.507448206,2015,300.1502365,301.5072263,0
-10.39566657,-54.13881643,18.29404843,2023,302.3160741,299.4240647,0
-14.37581347,121.8238697,21.75300079,2004,301.9121256,300.7917942,0
-12.97212342,69.79073828,9.868591827,2008,301.7223006,302.2950292,0
7.700827053,-113.7235236,4.063860018,2002,300.3124097,298.7727865,0
16.61362489,-154.515083,20.15125932,2001,297.3091765,301.1113635,0
21.05116544,-76.99138472,19.57297095,2016,299.3759415,297.1815656,0
27.23620515,-104.4295035,23.87888369,2022,297.9673966,298.2946079,0
-0.337751337,149.340582,7.139716792,2009,301.1743726,299.7534074,0
24.70710674,-127.2187594,19.7319089,2021,301.9229211,300.1566102,0
-8.953342619,119.7697487,15.30879431,2003,299.4638441,299.2300942,0
29.04536784,-74.79037557,9.549699912,2009,297.3049488,301.5816885,0
-2.531704046,-86.77382219,26.48364919,2000,297.5691129,300.6110949,0
24.41913111,-119.2502022,29.08148184,2017,300.7618632,298.0462536,0
1.253146962,-11.13849202,3.060085221,2021,298.8462532,300.1602021,0
0.887054096,4.773781645,4.109449432,2018,297.7167624,300.5388592,0
-18.16902108,-144.8603863,5.838608768,2003,298.3026721,297.9071371,0
-22.52309621,-48.2762525,7.652411562,2003,300.7546913,300.4580371,0
-14.03391789,-165.9576885,14.21143668,2015,299.8078614,297.7732555,0
-4.512999509,-56.97041676,6.319285661,2015,300.7086147,302.389755,0
29.13604404,67.20430022,8.064828967,2019,298.5126362,298.2298694,0
21.42581638,114.1585557,14.00204765,2006,298.1976179,297.4306592,0
4.405909521,-144.5958282,14.02896186,2010,297.9612971,301.8110901,0
14.24588649,-88.97853575,2.951253775,2008,298.4928698,297.0203632,0
-20.24632764,-54.17179158,10.15591276,2009,297.1546683,299.0642674,0
7.605200913,-127.4052364,24.86710366,2015,302.1448365,302.3889194,0
22.11316985,-117.3740804,2.339698013,2009,302.0026044,298.482965,0
19.18062017,179.7661082,7.131506482,2003,299.2753832,300.7338804,0
-15.79214487,-149.7734772,23.33061563,2004,297.7466022,302.37591,0
27.86119404,-121.0575752,9.683270619,2017,298.4944468,301.4877568,0
-7.30106357,-148.1770918,10.92454022,2002,300.4632598,299.2888852,0
-20.00768919,175.023647,24.80462127,2008,297.1019218,297.7899176,0
9.476969147,81.89174808,23.80866569,2017,298.6824215,299.6572406,0
-26.20901419,40.01094836,29.52831598,2024,301.1406611,299.7501865,0
-22.33128934,29.60548157,9.696353785,2002,299.6099346,301.4883122,0
-4.075962896,106.7006601,18.26702925,2009,301.4748485,300.9322405,0
-15.07217617,147.6779958,5.478056969,2003,297.5145767,297.0916935,0
22.41205585,-94.86903159,7.133695729,2007,301.8508656,302.2749633,0
-18.45921821,78.25419866,20.26584163,2010,301.1929867,297.7913189,0
-29.48285984,-172.8097443,18.01145038,2018,299.8490844,297.0410473,0
-4.638802821,78.50453803,13.83811736,2018,298.4805436,302.4024083,0
-7.025819158,-115.9617389,11.19988323,2009,300.4541676,301.5646678,0
-5.062333078,-87.01184551,26.1433366,2000,299.9768102,297.2909909,0
12.0686532,-159.9379251,27.4401076,2012,302.4760485,299.6410093,0
-0.846863629,23.70664347,27.58592409,2013,301.9744905,297.0041124,0
5.648183489,78.94821925,18.94366249,2016,299.5516494,298.3520022,0
24.89052899,-59.25354714,28.61565642,2006,302.1419118,300.5039724,0
23.92006209,-15.65681208,5.333651497,2024,300.4262472,299.4578081,0
16.67909829,-100.6306268,5.772415694,2001,301.6922049,302.1346925,0
25.95613245,-134.9171908,12.07956259,2009,302.4151674,300.6652402,0
-12.87575589,30.89102192,4.174988616,2006,298.6854329,302.292171,0
27.8692935,-75.80290751,14.90912781,2000,300.7038085,300.379747,0
23.54814564,-151.694384,10.59652821,2012,299.2379414,298.2138449,0
1.998501748,178.5577137,24.21554705,2002,300.4939574,297.2285792,0
-17.59213944,153.0232403,11.61728042,2016,302.3108541,298.8786371,0
-9.689587234,-177.4469474,20.72726996,2018,299.243658,302.3914366,0
9.006793405,87.12808268,1.913878249,2020,300.4240084,298.6990475,0
-7.876490672,97.10331059,24.51712059,2020,301.6430224,297.7661629,0
1.21391763,-166.6392048,3.339423254,2016,301.9926868,297.4807924,0
26.18959988,117.1925429,23.94801072,2023,299.9811489,302.3251486,0
-21.12885373,158.7154563,6.303898539,2016,299.0735424,302.3071073,0
-13.58747826,-36.12311925,29.50294342,2010,297.7868407,297.0770798,0
4.011505998,155.6160782,20.31246782,2020,298.8792102,302.24324,0
24.19144144,76.93425312,24.72622185,2019,300.7643945,299.7677123,0
15.90893099,-5.295371738,5.332067451,2000,299.9508908,301.7296739,0
-17.21788081,38.8002379,3.429938204,2002,299.85101,297.4009415,0
7.609974265,-88.84839348,24.3071101,2002,300.4226664,302.1393112,0
-17.60793576,84.60941368,26.12708083,2023,300.0080353,300.0043618,0
-24.63161263,-29.52572922,25.74525916,2006,302.2970177,302.0464969,0
15.87409583,-151.5326324,13.9775838,2007,300.9599824,297.5564109,0
7.388271225,-51.81577232,23.87850493,2003,297.5315232,298.5079022,0
-10.79659639,94.73402079,24.2652262,2017,301.7662763,300.2646639,0
-22.37337055,-26.08493207,5.664948511,2017,299.492971,301.692467,0
4.879261184,-151.5852522,6.558468246,2022,299.8243483,302.2265357,0
2.141338227,-38.09142194,25.59789073,2006,298.8753161,301.4300646,0
-9.683326253,-160.044124,17.07144188,2008,298.8331492,299.7056041,0
4.366350584,-94.19860417,24.02469746,2004,299.9026914,300.0659253,0
28.69984846,98.34036903,4.081711239,2015,297.9287261,299.5337004,0
-11.5747354,-167.3426699,10.3712113,2015,300.034418,298.9610741,0
-3.161834625,167.5864506,11.94310584,2016,298.0143935,299.7363403,0
-13.44307031,83.16372569,3.222049658,2020,297.116324,299.3041314,0
16.55190391,-58.05613592,17.34837594,2005,302.0439223,300.2088442,0
-2.243381805,114.5881834,20.81646452,2006,298.9389108,300.9747597,0
-10.84648213,146.1282016,4.67247664,2016,299.8556384,298.2890355,0
-22.58601076,-135.4712938,17.91500972,2024,298.7684315,297.1905789,0
-22.36650678,149.2900417,15.31276613,2002,302.4401893,298.4577601,0
10.32357016,-161.2714482,4.295735122,2002,299.1086332,301.6043908,0
21.91767355,37.02469694,22.09855639,2018,297.8319536,298.5657111,0
-7.441726684,92.27163491,16.65019188,2011,297.0991595,297.562827,0
-5.370077178,155.9494501,19.48467196,2018,299.5650603,298.9891635,0
-23.49597764,135.335888,23.71164084,2022,297.5238691,297.1510881,0
-5.782446284,177.6881422,6.07163415,2011,299.971195,297.2767761,0
-26.22555144,-112.5551551,1.941652379,2020,301.1009558,302.4759048,0
9.939030038,-2.347200694,27.77204567,2017,301.0145794,301.8881058,0
-26.29952498,-17.97689865,6.936864165,2002,297.3075949,297.7819976,0
-26.83044637,45.30283019,2.580769045,2010,297.8774698,301.8705769,0
-29.39937537,137.6673071,17.57868747,2001,298.7534953,300.2642303,0
-17.39293344,-138.1205782,29.13338971,2011,298.3258539,297.0863275,0
-8.394022153,-147.6640334,8.448071094,2023,300.8358739,300.5354363,0
16.96474046,157.4932221,21.06589353,2021,297.7768403,302.0634548,0
-24.3820264,163.8227474,18.71686524,2006,299.213895,302.0602203,0
9.015304266,-147.449168,28.48784045,2017,298.7355441,301.3391982,0
10.90712987,139.9508942,21.08290637,2003,298.9289038,301.2506205,0
18.1902307,-124.7713623,11.62998443,2014,297.0842082,301.29315,0
-8.303560894,-33.68932524,24.47171679,2006,297.5819276,300.4551363,0
-22.71768453,174.9363007,23.63978017,2015,299.7674854,299.7130446,0
-29.76240342,0.418583325,12.12940128,2019,297.875375,298.9478481,0
-4.831110895,-39.35032664,20.309094,2006,297.5216706,299.992693,0
14.43057127,92.49366425,18.59476986,2015,298.0313997,297.058034,0
-24.51442387,20.46193009,26.86432077,2014,298.8561238,297.099446,0
-5.980207895,17.95569162,18.96789519,2020,300.7021124,302.4491185,0
22.96938976,-9.723386269,16.0708659,2004,302.3611804,301.6339603,0
0.052596353,173.311713,3.823925144,2007,301.9473202,302.1748395,0
10.25189322,59.19256317,14.12987579,2009,300.2497645,300.5900047,0
-14.6600266,-48.75608609,25.46673536,2011,299.9766207,301.4212294,0
0.53311531,-157.520061,12.13446326,2007,297.7788948,297.5637298,0
2.127896979,-149.3482908,9.785409869,2022,299.1418907,302.2343632,0
-10.81674904,132.5153376,26.55626977,2022,300.8618622,299.0444984,0
-28.93716896,73.15192252,1.629302763,2002,301.2785017,299.1029983,0
-3.412359281,-44.57143124,11.65287494,2014,301.4483969,298.9897257,0
1.455283232,61.46183716,8.813743943,2008,298.8820252,298.0695494,0
3.7168866,-66.75690567,3.446755997,2005,300.3995663,299.8022988,0
2.744980787,-50.60742234,3.362743034,2009,300.6776899,298.7347902,0
10.95595679,133.735875,7.887095229,2024,300.944498,299.9595207,0
0.522359053,-92.47516905,22.59777122,2007,299.2793873,301.1934449,0
24.01873437,59.33447666,4.051367102,2019,300.5803446,301.5348439,0
-4.937485982,-153.6893672,8.936325163,2010,300.8382542,298.475377,0
29.9601768,-116.8796731,1.293318518,2022,301.2672976,299.4573102,0
-3.149985131,163.8082511,27.66941233,2012,300.7048541,297.356946,0
-2.05646534,-93.51179335,14.62432532,2017,300.2017964,298.9622377,0
-20.14377303,1.338996452,25.07588365,2011,300.3849828,298.059801,0
6.383167019,63.88680753,16.24733976,2022,301.0771979,301.5518564,0
28.07187396,140.3411019,18.41550828,2010,297.1531258,298.3566105,0
-2.423114896,46.26140403,17.16030317,2012,298.4635938,301.5825541,0
-4.392577668,53.54465,22.09078564,2000,300.8137047,302.4485351,0
-13.32653244,-0.651852297,10.556382,2022,302.0531102,299.4220582,0
2.926791556,106.6628459,17.90896285,2015,297.3286925,301.887296,0
-10.25557323,-66.74845197,15.85056872,2008,301.1145812,298.1455272,0
-17.68679476,-111.7731444,4.642852782,2006,299.336368,299.1205388,0
24.92497209,94.29637527,15.64835112,2011,299.5590264,297.3203081,0
-14.26354069,-23.01462712,5.5501761,2017,299.1298533,301.3142312,0
-0.426222865,-114.8851712,22.30809253,2009,301.8489944,299.8335572,0
16.47915719,22.37211138,17.02841281,2008,302.2493253,301.8079291,0
12.47645494,76.91474682,8.319649733,2019,297.1786763,300.2740226,0
2.351627648,168.7732886,15.04218104,2021,300.3215624,297.2727643,0
-24.31914057,-168.1715888,15.47592516,2023,298.0518317,300.384859,0
-5.657134549,-165.2103486,11.07136575,2011,300.8010823,301.8575618,0
26.8919104,-4.769622593,21.3674244,2012,299.9596656,297.3880254,0
26.04197947,95.886461,20.08054742,2009,299.4699587,301.3804847,0
2.823779455,53.98275534,22.85927786,2016,297.6438543,299.9049775,0
-22.38763032,33.2976525,14.99229876,2018,299.2319665,302.337412,0
-23.25684406,-83.33822979,15.27965102,2010,299.3340461,300.9308285,0
6.227565437,-72.38658596,12.91367547,2000,299.1377111,299.440358,0
23.47883614,-31.92109548,5.211525578,2009,301.2925913,298.1064638,0
-25.19619585,-9.196855256,1.289107807,2011,300.6211978,298.5772178,0
3.577011339,-79.43573126,11.11724208,2004,297.2878307,301.3056674,0
20.73064865,107.6695725,15.74589202,2012,301.1097988,298.1517972,0
2.225007335,85.39892049,19.19210997,2001,302.2788108,300.7188653,0
24.46504801,82.71738417,22.32844233,2006,299.0095176,301.628885,0
3.277229473,144.5872426,27.85959661,2006,302.0890851,301.7738165,0
-0.019006183,-157.9162052,21.72230804,2003,298.0367492,301.4273176,0
28.03968668,-83.30438415,15.3499526,2024,300.8299934,300.6958688,0
-15.55910462,87.69690632,22.75788305,2000,299.8700698,300.2210988,0
-29.49026528,93.96215386,21.67741446,2016,297.2911476,301.152129,0
27.31050963,-93.54542543,10.3822138,2024,299.2185037,300.7205968,0
-18.60403403,114.7488517,4.383984478,2021,299.1255441,299.3113728,0
3.726652957,-177.888698,3.276786185,2003,300.5025181,302.3612341,0
19.53620549,-158.3970507,11.91065197,2007,300.1290677,301.8493993,0
26.51433524,86.24276932,3.511973065,2017,299.4070547,298.8683094,0
13.14116659,-76.68475219,8.246740586,2024,299.4967736,298.6591423,0
-6.958855562,127.5838248,22.7209715,2015,301.999844,297.1601808,0
16.14646461,144.6874458,13.9442828,2020,300.2801648,299.0131555,0
18.42642122,8.383049748,4.38568918,2010,301.5022628,301.9478033,0
16.91595479,-109.6707741,3.51571043,2024,298.3629684,297.1998741,0
-23.88916409,82.25781619,6.790422403,2014,299.7593454,300.9900749,0
-23.2061266,-33.7080941,15.06711437,2009,301.219439,302.3497881,0
-12.84951308,-154.400145,11.02405113,2017,300.8474033,299.2660976,0
-21.69614484,59.6754865,16.21549689,2023,298.8589933,301.9877662,0
5.242192115,-149.2551057,14.04431573,2005,298.2470382,300.3108974,0
11.84686969,-147.421328,15.42835016,2012,301.942283,301.9294119,0
11.14276613,129.232997,3.574424742,2017,299.4091199,299.2480907,0
-4.26486243,30.80206566,16.11403802,2006,298.7631217,297.7423817,0
-12.22939407,26.02217324,13.81375753,2001,299.1343216,301.377808,0
-11.65463235,-153.7756929,28.04655112,2019,297.835891,297.7167489,0
-9.262377778,110.7728529,8.14409917,2023,301.5684967,300.1423315,0
6.448305235,8.33688029,26.359778,2001,299.9016879,300.6048979,0
-16.00874673,131.1850754,9.9716883,2004,299.9126497,299.2048517,0
-12.15640008,65.42094615,7.025923476,2009,301.3457226,298.1977944,0
10.62226889,109.1563644,17.29443173,2018,298.9737778,300.3552384,0
-7.050932365,-70.37165191,1.720925962,2006,299.0842575,298.6652218,0
-2.43923939,114.466858,27.96773113,2020,298.3449724,298.2502714,0
-9.645759568,-0.648460958,13.72136539,2017,301.5305945,301.7136597,0
-5.093569389,-147.8376352,13.69566284,2006,299.57731,300.2521563,0
23.21045417,139.9878354,22.62627828,2016,300.1628873,301.3262091,0
-28.96271731,17.88646092,25.87516023,2014,299.5279801,298.229814,0
26.00730631,-55.94522554,5.668548519,2003,300.898396,297.9783389,0
23.31199731,-20.91317581,5.14253132,2018,301.3448598,300.5161251,0
21.20793319,85.45426993,26.58396638,2008,297.407412,302.4605767,0
-5.526345793,-76.53508782,17.17849632,2008,300.2304129,297.9581587,0
27.77349805,-116.7912801,6.149179672,2001,302.4956401,298.5776566,0
-13.17269611,-122.4901943,5.75784406,2001,301.3606202,301.9816623,0
28.50523018,-96.37572453,26.55762882,2003,297.620623,301.7851371,0
8.166338079,-120.6968774,13.46510647,2007,297.863045,297.082624,0
-11.23720229,31.73173442,5.010212029,2000,299.6504509,299.7672346,0
-11.04385066,82.52648968,26.36766513,2008,302.1766808,301.7403418,0
3.857010104,-32.29459094,10.65574182,2019,299.1916332,298.7430216,0
-1.956759873,-77.19133815,28.88673183,2015,298.0335928,297.8143287,0
-24.07888633,28.72992426,19.20805095,2002,299.9447733,301.3361974,0
19.0862501,164.8483473,24.90377159,2012,298.7405783,301.256973,0
-26.87565563,-175.3842062,24.07078737,2008,299.7977617,297.300928,0
2.128234475,156.8697341,18.33078254,2021,299.6522388,299.8617799,0
28.51467212,167.6773598,7.242802328,2001,297.3295884,299.8467971,0
-22.53394752,166.3905155,9.407818116,2017,297.4895535,299.813391,0
25.11129183,145.4809178,5.539347189,2014,297.5835048,300.6874567,0
-12.66963513,30.81750042,18.14919942,2017,297.666355,297.4697467,0
24.56661984,-110.2954285,13.07226293,2003,299.7913,299.2068892,0
21.30470316,-24.50932879,12.19687648,2018,301.2970986,297.1067069,0
-10.37959389,46.06514472,8.980516141,2007,300.4603076,299.0366119,0
-16.43090401,134.2188843,24.62239115,2009,299.9279813,298.6685036,0
-6.429655411,-115.3255615,17.76409096,2012,299.7668993,297.4560302,0
7.200080009,-57.519722,25.8218305,2008,299.6305602,297.9935018,0
-0.862155958,73.50320023,1.863924617,2000,298.1323802,298.769275,0
-2.070781654,159.5505059,28.02021132,2005,297.5845318,301.6309094,0
-1.028714101,57.36865942,15.80980655,2017,301.5919469,301.1573751,0
-0.995865809,-139.8110654,4.34668582,2017,299.3197583,298.2634396,0
-18.02570305,-166.3975776,19.65772203,2002,301.2089879,298.959438,0
-13.55500826,108.4190642,11.93818496,2020,297.3832988,297.3201963,0
25.62024961,53.44376911,12.00838134,2019,299.0865108,302.0095882,0
6.920870438,-31.6992425,28.09791304,2015,297.9469278,301.6778141,0
22.67083866,17.79430042,20.02919205,2003,300.5703468,300.839388,0
8.288394151,-64.59723923,3.712083584,2018,297.2940229,299.4513048,0
-27.03902618,24.96046749,12.09914655,2021,298.6810667,300.2614049,0
2.261011305,-178.3035268,3.09929255,2000,301.198122,297.7507666,0
-16.27975492,137.6982378,1.583529934,2001,298.3361995,301.9960089,0
-24.41357061,-11.46890093,26.73871532,2013,299.974211,300.7251538,0
12.15777459,164.1528212,16.40885864,2000,302.3293232,302.1319271,0
22.24028809,-28.14125921,21.04775131,2000,301.6773622,299.2787986,0
-23.25683704,-152.773069,17.73485731,2013,299.2733835,300.0063822,0
-3.837181553,89.52198309,25.00982368,2021,297.7285792,300.6975546,0
0.521516444,79.6041922,11.22804248,2008,301.6339398,298.6676451,0
-4.233126175,-10.54585897,5.563775917,2015,301.7004046,301.4121165,0
-9.074325156,69.79555272,5.629349946,2003,300.1885541,300.6687027,0
24.69461324,-55.5767392,19.02371202,2024,298.0272489,301.5718519,0
16.00610138,-53.76863108,11.92750821,2002,301.5973862,297.5570187,0
10.55355737,-90.45885824,1.449449013,2008,298.5382062,298.0533673,0
0.255807648,131.6322131,7.999141411,2018,301.9180019,298.2549125,0
14.40106801,-68.49603038,25.90380874,2012,300.3209169,299.7133787,0
-27.59585482,174.3559124,12.12095255,2003,297.0518092,301.4483614,0
-14.43601567,49.00812038,14.17221817,2010,301.5986524,298.4573188,0
-3.082044503,13.56916629,20.2451169,2011,300.2494873,299.7817506,0
-28.92071211,155.7976608,3.271484599,2002,301.0123678,297.111876,0
-17.68877143,-4.650284044,26.46932156,2004,298.6647357,299.5726177,0
-13.63236644,-13.12148956,26.74729976,2001,298.3583098,301.9478687,0
24.64945322,159.5916403,16.08668418,2011,299.4011995,300.4858834,0
-2.996884167,-58.3858644,12.25486332,2001,297.8516347,298.0060761,0
-8.097145998,-24.32261998,19.07200031,2020,299.7703047,298.0044382,0
4.438510502,49.46566041,17.14456844,2016,297.0494926,298.4179598,0
-5.590641156,-14.37691797,9.632683998,2018,297.1009711,300.5969682,0
7.115108944,-68.45503797,3.488034262,2008,302.0777306,300.7910363,0
-22.37384317,-51.57965905,18.18200682,2017,300.5982649,298.5148645,0
28.06439728,-64.24494034,29.94878675,2022,300.3737102,298.4391925,0
-25.98053434,-169.8511174,8.097607309,2015,302.3319281,300.9819404,0
-17.27730904,-142.1648819,20.96363743,2020,299.8441486,301.9944603,0
18.26246485,-156.3012564,21.0846112,2022,301.9910475,297.6736478,0
2.042166792,136.6065697,12.89068982,2000,297.3875337,298.52979,0
-10.52960105,160.2440815,9.197353456,2007,300.6921743,297.8920085,0
-0.813456771,85.87405421,26.13880118,2008,302.4126539,301.0493967,0
16.45506886,56.23307293,14.6782323,2019,297.2552159,300.4317773,0
7.565886119,140.8322871,15.66403437,2020,300.3979726,301.2348549,0
-23.76243745,166.4515139,26.81639945,2014,301.5251813,299.8507816,0
-2.291611106,-66.80372191,17.84808901,2001,297.3855581,301.7549774,0
-0.026012197,-22.13711399,18.71967893,2020,301.7286129,299.5203932,0
-14.2550351,-92.96477731,15.00740927,2011,298.9044632,301.4425661,0
-8.616570042,-143.6588346,28.89475892,2013,301.2374079,298.1579067,0
0.086488422,-95.89508509,12.87726689,2003,298.2545521,302.0722282,0
5.554090966,-43.22725525,15.55613184,2007,300.0793979,299.6752277,0
0.295968245,-116.4917122,24.56925422,2022,298.446699,298.2350771,0
-2.069660008,-84.56789925,22.29498968,2014,297.7453428,299.8511979,0
-23.24344624,156.2354707,6.323809193,2022,299.4123629,301.1817141,0
-4.780001434,159.6791324,27.1734826,2022,298.4696544,299.8001236,0
-21.15276495,40.19604323,17.40667189,2024,297.556401,297.0623293,0
2.918058312,170.4219449,13.72185638,2012,302.3238339,298.4035023,0
21.50821516,16.7005682,17.51481893,2023,299.3284692,297.0512066,0
-3.456375555,-163.4150989,16.77245971,2024,300.372437,301.778406,0
9.714094588,-23.74240735,24.76340776,2015,297.6586798,299.9256314,0
-12.92928242,-163.0579688,20.38785416,2014,297.8959646,301.4682751,0
21.20374401,149.1625594,8.693267583,2021,300.4563256,299.1721985,0
-14.75813893,173.5686664,29.50757994,2020,299.4446399,298.4096081,0
-18.57519024,61.18325671,1.011644777,2023,301.0967595,297.4380966,0
-27.0862366,-18.73666901,13.92352522,2004,297.693842,297.6780616,0
-21.15284397,-169.2949459,3.080220397,2016,298.658009,297.5200599,0
15.5030863,38.1649795,17.53906273,2012,297.7727446,300.4240217,0
-17.53056951,1.465228709,16.80156889,2007,302.2240606,300.0515419,0
-9.538789665,166.2713548,16.87478577,2000,299.7102974,297.8839234,0
28.69592781,-122.9327158,15.13656723,2017,300.5166253,297.7097002,0
-4.181014317,-81.10618819,26.74479422,2011,297.3958945,298.4117433,0
12.834056,-7.193336456,12.66941338,2004,302.3177605,299.8962722,0
-11.80313844,-49.47004347,2.92575525,2021,300.3375461,297.6595702,0
-10.75601446,132.3509813,7.744474153,2024,299.2146916,298.1431405,0
18.80441361,87.41925953,20.18614091,2011,300.1542047,298.183841,0
21.69749701,159.1867636,16.03629627,2013,302.4602404,301.3097114,0
25.31924856,-109.7803,28.85648755,2010,302.192227,299.1795249,0
11.63180054,-3.843810909,15.86471026,2002,299.5022293,299.5893175,0
12.3985513,158.6303997,10.55031705,2016,297.074345,297.891939,0
29.09488596,-152.6423377,20.68485845,2016,302.2017609,298.0840832,0
22.52179439,73.61770911,14.16155035,2003,299.1454732,298.0700138,0
13.90077593,-124.5068912,25.81366626,2010,298.0399271,301.9549925,0
10.45121693,47.97681024,3.885390559,2009,298.6408576,298.4466421,0
-20.18349475,-49.40383207,8.278628983,2006,297.4907219,299.3704068,0
-19.5127971,175.3560309,17.27335616,2017,300.4041434,298.5558725,0
23.69215204,-171.285824,11.10947161,2006,300.5742516,297.1358351,0
18.61554783,13.16814841,9.068298425,2010,301.4693695,297.7071877,0
-28.89714061,68.26986708,9.740362077,2016,300.7983842,300.1482425,0
-5.728828533,-49.09987829,7.287614002,2003,299.7262992,298.8300378,0
-25.72918582,-147.7727292,13.57956996,2012,298.39781,301.5382418,0
-0.884663751,15.62610679,9.838066471,2016,297.4725071,300.9276553,0
-18.2259431,68.42712751,12.32091694,2020,297.8166575,300.0486539,0
1.628902898,84.32200843,2.598179558,2009,300.6618142,298.5742337,0
-2.393842407,-110.3589979,7.100790364,2011,301.636225,299.8625085,0
21.64865176,-178.0402647,2.020064314,2003,299.4788833,301.1448557,0
27.3383677,97.9522286,25.42876868,2008,298.4081165,300.5795537,0
-23.02357918,13.10773791,13.67729505,2002,300.7233721,299.7348247,0
-24.36054424,-75.33996926,29.52822377,2019,298.2386391,298.4140285,0
-1.232701311,-47.78002754,27.50062116,2013,301.9579576,300.065861,0
22.10856907,120.3944832,25.15718024,2006,298.8377866,301.498473,0
-27.69816832,133.486982,15.86974709,2013,300.8435852,301.696263,0
-21.590074,15.90593363,1.23223608,2017,297.2981646,300.9901292,0
-25.13642617,77.92307336,8.239116428,2001,299.3149309,302.2877967,0
5.956651069,110.6920568,4.17132119,2021,300.8136005,297.9364253,0
-13.69754887,-103.4182922,18.50398784,2000,301.6767474,298.1706755,0
10.12519527,15.43612765,25.15391425,2000,298.5193142,301.3581493,0
-16.48560586,65.32564155,8.354853202,2000,302.1174673,301.6031031,0
29.72901664,-171.87531,4.272886197,2022,299.685703,298.8574553,0
2.956109601,89.40990003,23.73392907,2018,300.966376,300.6178383,0
27.54673752,155.1925046,23.89200044,2001,300.2195648,300.0118886,0
8.428997589,-86.59829842,3.454813854,2018,301.5976452,297.8174827,0
-2.630475533,-2.751265969,2.06226123,2019,301.5470834,301.5692206,0
-12.45509497,134.9630045,23.38170523,2019,302.4406918,297.9175634,0
-27.19891081,100.6314055,8.324994194,2019,300.8716517,302.2012045,0
-5.464365855,58.3091422,14.48078864,2004,299.472794,298.0374774,0
0.47384496,10.29031252,24.5075116,2023,297.15714,300.4696807,0
-9.024888253,-74.63827953,12.38504476,2010,302.0592901,297.3033612,0
19.23849362,-166.4289394,11.64791915,2019,300.4227415,300.8869522,0
-12.11764007,-31.64523527,7.489573202,2010,302.0415371,300.8802316,0
10.30675622,-38.03718731,1.03724834,2008,300.8811263,299.6907645,0
-7.023757063,-100.0504122,24.91416423,2000,297.4079691,298.0560894,0
20.39989339,80.96858878,26.94809762,2017,301.8781816,301.4574012,0
-7.541640396,-96.72689439,22.31066509,2022,300.674107,297.9717527,0
4.813711932,145.4525951,10.28525386,2024,301.6620218,301.2436335,0
22.85288543,110.0688812,18.47282954,2020,297.9836259,301.9605386,0
-6.168786821,-91.69945021,14.00382739,2015,297.2782827,302.0945398,0
27.6978754,-111.7835475,20.61529196,2011,297.8647962,300.7984251,0
0.806069828,54.21834837,26.80093496,2008,299.2336049,297.6197044,0
4.612996499,-165.2574484,16.29227071,2013,302.4097851,300.6704314,0
-27.36918885,-62.41611393,19.07611858,2022,300.0635374,301.9168497,0
28.46096739,-163.3457098,11.31744844,2004,297.9059476,300.7902885,0
0.874266976,-107.944484,10.26809336,2001,301.2845297,297.1102899,0
23.42817444,24.94129786,24.54536433,2000,301.1432211,300.9397894,0
10.16312542,-8.282910464,19.62606674,2006,300.9940422,301.6300395,0
-12.05923922,-66.02469825,20.46542513,2018,300.5354113,300.8104066,0
22.25805599,-56.75973031,23.32339691,2012,298.7724322,302.3586773,0
29.17969041,4.537819088,28.09382395,2000,302.3057976,297.4045984,0
-26.79392386,157.5181215,16.36639314,2002,300.0553879,301.0679193,0
-0.045425549,-81.97716215,5.912498489,2005,300.9544492,300.132367,0
14.30107663,-129.0523671,26.59163565,2010,302.147968,300.7296738,0
-5.134211252,68.23231521,10.97540945,2019,300.911962,297.5499189,0
-27.98724772,21.74362338,21.1499998,2006,297.1708128,300.0479969,0
15.72196326,13.45650856,25.38276709,2020,298.7967896,299.4044463,0
-13.23183353,29.47149594,2.605143887,2022,298.2279047,302.0726928,0
-4.446410698,174.788688,17.06769312,2018,297.9757521,297.6029996,0
4.02196701,154.2008779,2.58882439,2022,299.3351493,302.135234,0
2.543193611,9.88432694,5.092657431,2007,299.1183945,298.878633,0
22.47634767,22.99213148,15.97688592,2018,300.6590006,297.4328422,0
6.22530863,-120.9845805,22.34265325,2023,302.4435513,299.0756319,0
-3.314646108,-163.283884,1.398262454,2009,300.6430452,297.8705568,0
11.28705955,-133.8522938,13.33533839,2000,300.1076789,300.6832618,0
27.68294821,36.96118594,17.22478252,2015,300.3761527,297.482447,0
-6.507774024,76.79582262,20.12327416,2016,299.9030872,301.3336202,0
20.42401989,53.29139664,10.82374722,2021,300.898211,298.3691894,0
-10.53370628,-59.68247859,1.746529883,2018,300.4680758,301.1227969,0
-3.759145654,155.7507825,19.34169387,2003,301.8356239,297.0715562,0
26.68500481,-3.882150472,10.91610031,2021,299.7516383,300.7339546,0
-6.481935584,-85.10204167,28.68456466,2009,300.587452,300.9992216,0
-29.95698848,157.2672348,5.771235799,2011,298.0261817,298.4814784,0
18.03983649,-16.6072968,20.44567469,2014,297.634156,297.5884519,0
13.16759806,127.6447191,8.451616686,2002,298.3157277,299.2836757,0
6.905477242,-6.772265469,14.32556573,2004,300.2265548,300.4340498,0
9.197372454,-154.6674812,19.2999911,2017,299.0963079,299.2651876,0
13.65475933,-17.40996161,25.84516845,2002,298.0132094,299.4027302,0
-6.457073944,-34.12255561,4.640201256,2003,297.1967143,299.9052463,0
9.712703283,-105.3110023,27.26965557,2016,299.5909605,299.2613191,0
-15.80592449,82.79756087,4.820570189,2023,301.5140471,300.3799756,0
19.92974722,-2.155798584,4.435389448,2003,297.6509923,300.5516755,0
-14.99505187,121.1588608,15.85671047,2004,299.316154,299.2578753,0
-16.11907721,-130.9064022,6.703968189,2015,297.079833,300.1616147,0
-5.863513954,-45.12628115,6.305124317,2017,298.9020571,298.9681264,0
-29.49291024,122.1148631,1.927839344,2008,298.8082586,300.3597305,0
22.27588112,-174.438926,13.63629635,2021,300.5597226,297.2462261,0
-26.75714236,-15.39704894,16.93904673,2002,297.5756335,301.5245636,0
-17.39715976,-38.12988654,10.18147061,2015,300.1416765,301.5404195,0
-13.48583364,-152.9272696,21.52573537,2002,301.6682217,300.8833196,0
-0.572735489,-87.22956665,26.66287566,2009,298.7850476,301.299279,0
15.53974575,-7.687846602,2.295175275,2023,298.6076668,301.4609799,0
-24.7454656,110.0431365,20.40632591,2010,299.9562156,297.2711481,0
-29.85915157,-91.87204572,20.73690969,2022,299.6005409,300.5396692,0
-23.51535038,-22.95199859,29.18657451,2021,297.4377348,302.1721837,0
-14.36001705,127.2047391,26.04125206,2014,297.5227213,297.5222451,0
13.69100143,-63.31133742,29.34526548,2014,298.4437973,297.6703907,0
0.585424014,30.69391518,11.42083072,2015,297.2657842,300.0979071,0
8.869338289,-104.5675354,5.208061628,2023,297.7747773,300.4371907,0
13.73223057,155.4885837,9.087285862,2003,297.9426907,297.4343933,0
11.59784811,102.5004295,24.96715592,2015,300.6814159,301.5736566,0
-20.98136265,-166.1070377,26.48755323,2023,297.709384,299.5765368,0
5.898364542,-168.8505828,8.971974089,2018,301.9230502,302.4045883,0
8.22285321,-121.8104302,27.26963231,2010,302.0317179,298.9360912,0
-5.351459939,-173.3862044,8.845131625,2021,298.101869,298.1605368,0
11.29757991,-100.89981,13.72147921,2009,298.7768909,301.614341,0
-12.13957706,57.51491056,4.972484447,2021,302.0231484,300.3472074,0
3.591322802,166.0025765,19.1945001,2018,299.5043081,301.9964065,0
-23.73118099,79.29645262,20.93120713,2016,302.0741482,300.1265971,0
-8.176468732,92.35389006,8.463598294,2023,300.7070405,297.3106588,0
10.37130227,123.4933009,12.56582428,2011,300.7239054,301.2473215,0
-1.607208787,42.38169266,14.23345179,2020,298.1340839,298.3741959,0
-9.812330245,32.09629586,14.17824726,2018,299.2334517,301.5441956,0
-16.34204785,8.797084509,24.37680569,2011,300.532153,298.3509737,0
-23.44323328,105.978321,3.870090079,2017,298.4797873,301.465393,0
2.008708554,-161.0076187,14.25122665,2017,301.8832264,297.5624535,0
14.64760114,110.0854317,8.870257459,2000,301.7860818,297.7625889,0
-22.36128728,-116.7579727,28.8477244,2011,300.588666,301.2559041,0
-8.498247861,-114.0486318,19.64043619,2021,300.035058,300.4747616,0
-14.57288976,161.5154691,5.922996448,2004,297.8422414,297.0541575,0
-15.71488723,115.2996695,7.070332665,2022,299.3957404,299.2816577,0
13.96340492,66.91545903,25.16486718,2021,300.0533785,301.0172895,0
1.972586082,155.1693575,28.59183653,2016,301.2772421,301.0634076,0
23.5778755,-18.74028953,16.38372243,2022,301.0132313,297.2862521,0
23.05471044,130.5630587,13.8562893,2005,297.7396956,298.7610242,0
24.80668191,-32.67882713,22.69877778,2000,298.3616048,301.4404009,0
15.77957618,-40.98386931,28.67751016,2006,302.2926541,299.3535308,0
-18.15158498,45.59711007,20.85842159,2015,301.3256567,297.0993312,0
-1.036296751,-60.83414658,22.46878874,2008,298.332009,297.9444049,0
1.790033338,-75.60453865,19.2382492,2010,302.4172267,297.1585998,0
-9.711600691,-141.1728248,8.60684301,2024,301.7704505,298.2848497,0
16.70231427,39.08577354,29.15623663,2004,301.3483163,297.734487,0
-11.36537907,41.66137924,21.03758962,2009,301.8145419,299.2852137,0
-5.833431939,-166.9653859,16.98309875,2004,297.1221155,298.6704812,0
25.26416918,-64.46324221,8.315332182,2018,300.6971036,298.0821733,0
23.73917517,-141.9845774,21.48994427,2002,300.9160438,299.117273,0
-5.862319315,101.9844333,28.92075943,2001,299.7027399,300.9708733,0
26.2644993,-147.1494027,1.565576781,2018,297.5949316,302.4268324,0
7.160894938,54.31190229,6.767859385,2018,298.6414786,300.50951,0
-12.71087185,-95.03714508,22.18492497,2020,297.3102075,301.7756336,0
-12.31710919,-179.3476678,7.490724496,2009,298.5884548,297.8209741,0
-15.54022452,157.0052058,16.08464647,2009,297.1084916,297.7435068,0
11.71178758,-136.7096448,7.691294022,2021,298.741764,300.7251718,0
-12.62503772,27.79190871,2.910872786,2005,297.0156318,302.1199398,0
-23.34478615,-33.75032545,23.36011274,2016,297.6986847,297.3219513,0
-11.67519009,-123.2420304,6.046302992,2023,302.0960128,301.9396811,0
13.89626043,-47.88066698,4.077637138,2018,298.7235223,298.6230987,0
14.00411096,133.6597157,6.584867341,2006,298.3706207,298.8802608,0
-19.90437334,29.39447976,29.2880652,2014,300.241324,299.8882747,0
-17.82038645,-17.32714393,24.11147762,2020,300.8650606,301.3598687,0
7.747054718,-125.0430608,21.59502473,2017,300.6321276,301.0172756,0
-2.804298997,66.35831416,11.43750705,2004,300.2497956,302.0226328,0
17.86814233,151.724785,29.37667304,2017,298.1233124,298.3596282,0
29.76532364,-142.7839174,6.239218268,2006,300.3753938,301.3644557,0
-24.86402683,-113.9551615,22.99370652,2015,297.1910697,298.7593377,0
5.79947352,37.72863426,14.92366064,2008,300.8281727,298.8836137,0
-23.52225311,-154.9274876,18.07914465,2008,300.5707583,297.8995013,0
-27.9810166,-129.2005266,18.65514085,2001,298.8455646,302.3681109,0
22.41333457,-61.42389587,18.04606675,2010,297.7016248,301.9681562,0
10.33672977,143.1103041,13.96765463,2019,300.8126525,297.3900391,0
-18.63834745,97.67633156,25.40175304,2002,302.2587307,300.8404993,0
-17.53376223,-172.6990866,14.90305816,2021,298.1817003,297.2218159,0
-17.93180744,-115.6936044,10.79469191,2018,299.7969639,299.6221463,0
-13.75952364,-169.4985593,18.54794704,2022,299.0977844,297.4326413,0
-19.68757785,-158.6796101,4.05651111,2024,300.8292179,298.1334058,0
-3.526219854,-156.599716,24.93394367,2015,300.8734249,300.0724229,0
24.21707219,-140.041867,6.13652227,2004,301.416916,299.3749281,0
17.14850905,-13.51554586,28.28800785,2010,298.8443603,300.3437764,0
4.547112653,-121.0953599,4.622674511,2015,299.5726703,302.3243988,0
15.17917158,112.0185374,1.951939466,2006,297.5393182,299.3996578,0
27.73817899,120.2899178,15.20141692,2016,298.0852268,298.7449037,0
-13.08422689,11.10925234,2.498884717,2024,302.498392,301.6381663,0
-8.293799654,-176.2755853,19.15904814,2003,301.1998576,299.4603283,0
17.39187726,42.60467054,4.279892443,2000,299.6183232,300.7908421,0
6.462588494,13.72934438,14.59574978,2001,297.9391816,298.2476041,0
4.530061108,-27.56203024,15.93289776,2012,300.2292304,297.3667527,0
19.78012082,22.45621694,20.45397374,2012,300.2727549,297.4960764,0
6.360900149,-147.7325616,28.81782762,2003,297.9658008,297.3549474,0
4.659686203,-51.18721931,8.988279394,2015,302.2625962,299.744699,0
25.89210295,29.9998476,16.61314142,2006,301.5787429,301.6792817,0
-4.564167898,-156.0696731,1.04595469,2000,298.8924152,302.4842254,0
16.34465998,94.05916429,28.70204028,2007,300.1387575,301.1838764,0
-21.00823207,25.85835763,8.355631756,2014,299.3049826,301.3082429,0
-13.89961252,71.26984473,1.045803211,2015,297.7167817,298.0949527,0
5.2621937,-156.9443314,26.01058977,2023,299.3096628,298.0550986,0
-9.971105297,81.97429322,20.40845568,2014,298.4853216,298.1376041,0
9.24138466,-30.16186883,6.210119382,2013,298.4373062,302.4172688,0
-11.41630898,-92.89417116,9.075493437,2014,297.6325602,300.821514,0
-3.507162667,160.1945228,5.106729168,2024,298.0880344,301.6385533,0
-17.77343795,87.44357308,20.88248893,2007,298.4871078,301.4194798,0
29.73625211,-89.04131922,13.66653791,2014,298.6221212,297.0839566,0
-16.79224535,-78.50272164,13.86439134,2012,301.9929872,300.9669185,0
10.62638197,8.126215294,23.67662589,2006,302.2592165,297.0166148,0
-15.12405301,154.0049326,28.03188355,2012,297.1957018,297.7520447,0
15.84220939,-173.5063526,28.09334567,2003,301.4566681,297.7427098,0
-1.88090178,157.8881663,6.389129611,2019,298.8319792,299.3460013,0
-21.64219864,-171.9819162,26.20452681,2018,298.7012832,298.5434957,0
28.33378255,-124.7886621,22.26650935,2016,300.2790047,302.0376865,0
-12.72395435,-113.2106489,19.89871405,2023,301.7145612,297.2661774,0
-21.08895454,-30.97162855,15.01836993,2002,299.5152414,301.6540663,0
-2.860591342,-27.21995349,5.54612548,2005,297.5928574,299.6816988,0
11.85878297,10.76230676,12.3585923,2020,300.4933634,302.0025549,0
-28.91807941,20.53713103,23.8331166,2024,297.8369603,297.9715367,0
-12.87831684,164.1132156,22.28914886,2000,300.2221867,300.7080566,0
18.25566926,57.29599606,12.54359038,2005,301.4872039,301.4141049,0
20.7425149,-138.413556,29.1114761,2012,298.9660831,297.3624171,0
-19.97665983,177.4190972,17.32737535,2009,300.2653818,301.2461748,0
19.69276547,-118.6090598,27.02515245,2020,300.7611367,301.3562453,0
-12.43550709,-151.4928927,15.14686228,2004,299.4648848,298.5092695,0
-6.409773926,-40.40484173,9.319139375,2001,298.5439036,302.4962395,0
-13.91930997,-61.63135035,20.12051571,2008,297.3384867,298.484855,0
16.10526427,138.6055168,7.424287405,2016,301.4255293,297.7584222,0
16.55861099,107.1152924,16.59966626,2002,301.6604528,297.0524642,0
-5.826598137,146.6075402,22.46907789,2010,299.9130449,298.9127355,0
1.231232018,55.93795181,13.13252811,2022,301.5279776,301.8366835,0
-0.736867901,47.02902859,3.306071686,2023,300.52138,301.8261908,0
-4.912104012,147.965652,29.80174843,2018,298.2817925,302.2270886,0
27.49966119,-144.8253809,1.434956511,2020,297.5622329,301.6448684,0
4.941447304,174.9842929,19.45643357,2001,301.3986951,298.9000363,0
-14.42336249,-25.02230996,14.54999899,2009,298.2182145,297.1913956,0
-5.445025573,-75.89046529,24.46035474,2002,302.2087215,299.7768115,0
23.22639075,-51.06787877,11.98062912,2004,300.0064411,300.0441965,0
-0.216064699,-69.83964951,27.88898748,2000,300.9523206,298.1755518,0
-18.18278219,-31.4070047,7.605571907,2013,297.6165418,299.4242119,0
-1.261766313,142.9178681,12.44922229,2009,301.8423205,299.3854804,0
-5.274383422,-167.1796259,15.44131278,2007,302.2856151,297.0719209,0
-19.69794981,55.35522111,1.73870806,2018,302.2094384,297.7476301,0
-0.14102673,-102.896549,2.742121882,2015,299.7483812,300.2666734,0
-21.09589821,-36.4170917,27.22764166,2012,301.4448638,297.9690692,0
6.372998533,-58.70811129,17.97909221,2003,300.5668986,298.7018786,0
6.372135217,8.553058759,1.709927709,2000,298.4509334,297.0663846,0
1.136241856,38.07341617,28.92324433,2011,302.0243103,299.2862361,0
-2.430253508,-54.05391501,19.19767847,2005,298.304899,298.4444849,0
0.265262383,87.85780244,15.59335701,2010,300.9796939,301.4328357,0
-12.63012809,59.08526614,13.37116513,2009,301.6560864,297.3512651,0
-28.10279771,-86.93979563,27.11931644,2003,298.7228791,301.1451638,0
-16.79602471,-40.12878672,26.10608988,2011,300.4286471,300.6614349,0
-17.17558428,56.63477706,13.31569136,2007,301.4352155,299.806359,0
28.6455025,-78.59543239,14.93943326,2001,297.4399037,297.4940416,0
5.445223281,35.77087863,13.14401072,2014,297.2966292,299.8410058,0
0.284368523,-126.1622453,4.011342197,2002,302.1236074,300.8933438,0
14.87541908,-109.1039445,23.5415717,2021,301.700396,298.2677216,0
-10.34602236,-104.4385768,15.26440282,2014,297.624605,301.4330644,0
-14.8075511,-90.38556442,18.12104799,2020,301.3557856,297.6994965,0
-6.086446551,-118.7450492,8.386894513,2006,299.6974555,297.203786,0
2.115164078,73.72641597,10.83577144,2004,298.2685125,301.2508067,0
-9.66180443,-128.4906976,25.87878637,2020,300.6237047,300.1154403,0
-1.694621437,-1.504989847,22.23489951,2020,297.6247302,298.8783934,0
27.87737134,3.320113798,19.19912469,2019,298.7791827,297.1273072,0
0.020019341,-5.900757569,5.577091059,2018,299.7097088,298.8644668,0
-21.18546546,18.77789771,22.83169376,2019,299.2816618,301.2232351,0
-27.56944962,-135.7519743,6.889047195,2015,297.4789513,297.2008621,0
7.217319155,-74.05424136,3.506926842,2014,298.9648308,300.1737934,0
-9.464064433,-149.8054541,29.79131537,2015,302.3241153,300.8662115,0
-21.79666342,-29.98985772,12.17721189,2005,301.6306187,300.2088211,0
-26.30659934,55.94965085,1.23969364,2017,302.1896087,297.2303422,0
0.184099358,30.32092398,27.6857126,2016,298.9376629,298.6442125,0
3.589487333,-176.9883624,3.397344102,2003,301.0285005,302.1321227,0
9.431859698,-21.94947217,2.301549478,2004,299.8906866,299.7315487,0
-21.34993105,151.2980528,13.78219218,2007,298.178495,297.3546987,0
4.457612383,43.93061253,15.66652665,2007,301.3115577,301.53299,0
13.41656627,119.7659605,6.824033755,2022,300.5056587,300.9399497,0
-16.54449701,-144.5635047,27.58739076,2010,297.5218633,298.831542,0
-7.586022838,-102.851974,17.96852817,2009,302.1609888,302.0278605,0
2.785260742,-51.76392579,1.210911423,2005,300.8396431,298.7103516,0
-24.02016468,-81.91181375,25.12177371,2023,299.7161586,297.053352,0
-21.59731127,-64.05099289,17.77897511,2022,299.8997429,298.787817,0
-20.51240582,-58.1304115,1.594836488,2017,300.3369577,300.447311,0
8.280194113,46.33969933,17.05811871,2017,301.0275981,301.2732051,0
22.34776891,-102.3696854,3.430320614,2016,299.8274438,301.5604998,0
-3.372985243,25.5070892,16.28505722,2004,300.59146,299.7625118,0
13.28935039,-177.8658425,18.18078191,2024,297.6790497,302.3902857,0
-6.376849821,-98.12817766,5.968411789,2005,300.3519491,300.5395367,0
-24.71963835,141.6724501,12.28872551,2001,301.1568518,302.3041088,0
-23.12728202,-66.82138522,24.4936374,2012,301.7516469,301.2983772,0
25.84846034,-91.52988761,17.73181535,2015,299.1921128,297.9357168,0
15.71323673,98.45064642,26.37850878,2001,300.5469848,301.6831645,0
6.551723484,127.1422723,8.673316245,2008,300.6001141,302.2475165,0
16.50965571,109.308653,16.41642172,2015,300.1423674,297.3671264,0
-23.01326855,34.73084792,8.974396567,2019,297.9252696,300.8161496,0
8.723920459,67.45408767,11.80329613,2012,301.1517989,300.5678227,0
8.246722723,19.23397228,1.330300375,2013,301.5964688,300.785283,0
0.754957611,-14.88313458,19.62726988,2003,299.6211237,298.6283603,0
0.895769724,-120.4666468,29.35367157,2012,300.0954694,297.2602849,0
-27.52633116,-89.71259936,21.00134763,2014,300.4651902,298.8731677,0
-11.93045881,28.16272302,15.44576055,2022,301.1837387,302.1012695,0
-2.503007017,57.40043714,27.51927188,2013,297.4083577,297.5707609,0
18.77570432,-166.0054691,20.10934102,2018,301.3713877,297.6207199,0
2.011285859,-143.5445348,26.30464656,2001,300.1036559,297.6299308,0
29.81943017,-26.79988403,11.09868855,2021,300.0819359,297.1195636,0
1.234232658,-38.96217288,17.73654583,2021,301.0464489,298.1644423,0
-21.28283942,-66.13475446,29.30604699,2001,299.2937926,300.6508912,0
-0.610316367,6.275721533,13.53832377,2001,302.1015874,298.692483,0
-23.30436451,122.3153007,29.91793729,2014,302.2282668,301.725217,0
-16.29866315,-100.7604612,6.834016046,2006,302.1932627,301.4649721,0
14.50996282,85.31867222,6.162589404,2005,298.3936896,299.7776543,0
-28.17020713,-132.5482655,26.71109829,2004,297.5878691,300.630654,0
20.16475651,78.64102127,16.17449688,2014,300.9743645,298.1247739,0
-9.721801246,-10.85564341,10.59299675,2000,299.4261389,301.0349201,0
7.501607269,127.4458801,24.27133464,2018,300.3668726,299.3813518,0
-25.73852594,-4.364421841,21.36276553,2014,297.6590362,299.4809911,0
24.65273429,113.1483541,16.070369,2001,300.1702305,301.3560172,0
-10.54118017,77.81923374,4.927146645,2001,302.117911,301.3982313,0
-4.031906326,-2.492384476,8.702674272,2017,299.9027471,299.9701606,0
-2.337985914,-62.67954838,14.7939959,2011,302.4229536,302.1577051,0
21.7291775,140.0869929,14.56762632,2016,301.841364,302.2849728,0
23.58008174,78.90408866,17.96478927,2023,302.1651007,298.374993,0
2.10723046,68.25888684,20.69816304,2009,301.2713376,300.0372225,0
9.658429239,-63.75561531,14.9569446,2017,302.1631807,299.9366064,0
5.756877048,-168.7098352,5.937804977,2005,299.2607596,298.9532247,0
-5.570142092,-32.68920824,16.78122336,2016,298.0194469,300.4888115,0
19.0989127,50.70748911,10.00154476,2009,298.1575396,298.7504025,0
-15.59582081,20.49303686,4.138572756,2013,301.2304343,299.0270936,0
27.60071285,115.3660645,25.76450543,2010,298.9168003,297.7263675,0
-14.04628548,-22.16165581,1.878503568,2010,300.4200351,300.3074778,0
2.762995913,32.51274204,28.10490663,2012,297.0317386,299.3612752,0
-5.526904389,-138.979703,20.60811187,2001,299.5271582,302.4547838,0
-16.38684511,-68.10116363,29.54298079,2014,299.5838957,300.0502829,0
20.59067524,-6.847111423,6.974687984,2023,301.0632792,302.2795418,0
10.71284049,25.40210566,28.42326065,2006,297.6933049,301.8136539,0
0.732661009,-34.42880521,5.697048348,2002,300.7782384,301.355486,0
4.981118847,147.2103879,28.31775196,2012,297.0207223,300.4725759,0
5.790960042,-65.46521311,14.0912671,2005,301.6560488,297.7012485,0
-24.41817752,32.13624195,16.4314212,2023,301.5250507,299.4827422,0
0.086845191,7.498342995,14.00264113,2008,297.6618724,297.541955,0
15.4477514,-99.52998397,2.614511634,2023,299.019456,297.1038448,0
-23.96817848,-1.360987384,21.00896636,2015,297.0814487,301.6257474,0
0.809877681,-129.9023961,7.872429233,2013,298.4772954,299.9391206,0
19.95654078,-35.33771315,21.79228293,2014,298.6728539,301.2394799,0
-10.36672901,-92.80947888,5.902674725,2024,298.444148,298.401418,0
16.33554988,-23.5233655,10.59305485,2023,301.4589637,297.2461329,0
-12.21355651,-79.15171724,5.234490262,2013,298.2079048,300.7260672,0
15.50451845,-99.0338506,3.221712164,2023,298.8489094,298.5965602,0
2.471283351,-171.4621103,3.313884585,2003,302.1860199,300.9683148,0
-24.71240583,124.6744846,22.23672235,2013,300.3511705,299.5704651,0
7.589138398,106.2779712,29.10209116,2017,300.1550926,299.4464302,0
10.10931726,46.77138146,1.517179916,2002,302.1888546,297.5417205,0
-14.09260431,-1.779859564,25.5495003,2007,297.3524652,297.9872514,0
15.9362891,-2.328901116,26.53938541,2006,298.9324576,298.4567644,0
-9.008298347,74.99665767,11.66756825,2019,300.3119282,299.7116001,0
17.14516343,161.1121863,11.31953143,2019,298.1531351,301.8657124,0
6.973455096,-25.65894897,6.287720324,2016,302.3755298,301.6397282,0
-19.30499136,145.6578911,10.8793378,2014,301.2118136,299.4266061,0
12.98857576,-40.86225977,7.126624591,2020,300.2462716,300.8240077,0
-9.368785467,69.79704793,26.6420132,2008,301.1895849,297.3206346,0
29.90527404,90.86488334,26.05319617,2020,299.1792954,299.2364403,0
3.648740507,-97.77277384,24.8441235,2020,301.3346542,301.5951739,0
-20.24086691,127.5645538,20.91626607,2006,301.5663761,299.3058709,0
-18.36036263,-77.45303642,15.64975653,2014,301.4496798,298.3491759,0
6.913692168,-20.45517295,19.3481852,2009,297.2753549,301.804986,0
-25.46673037,-91.19216529,21.16424954,2013,302.0744273,297.3119597,0
-28.23141887,-115.8257587,29.60698405,2006,299.0676611,299.9418002,0
22.59588713,148.4946195,8.713247875,2009,298.8652195,297.3877773,0
4.802309274,79.09004573,3.732970164,2023,299.0791708,297.0445951,0
-29.44484865,-14.19623728,15.16171248,2015,299.1765527,297.9919578,0
20.49094344,-176.0297585,10.05172003,2016,299.2394556,298.2775035,0
2.088058615,-108.4217291,15.74377332,2024,300.859425,297.2895316,0
-26.44146631,-70.08267635,27.00057422,2012,300.2900035,298.4542236,0
1.65746741,6.285963378,27.80627604,2006,300.3885078,299.0638552,0
29.0516035,-169.0778711,29.95934687,2020,301.6431527,299.37818,0
19.72002861,116.2397046,6.477235416,2024,300.6390926,302.4972299,0
-14.21581717,27.38911645,21.19669599,2021,297.8176991,299.5096935,0
-6.851248694,77.11755727,3.015754372,2019,297.0785234,300.3072425,0
3.757955752,-131.5023369,5.376563499,2024,299.466984,300.4443465,0
-21.217616,-111.985267,25.9236029,2009,299.0910725,301.7919952,0
9.788869764,-56.98372344,20.82728683,2020,299.4652541,299.4563105,0
-2.541263038,-86.87456143,21.75132199,2012,302.0009577,299.8169348,0
-8.391473152,-12.5872831,21.0069841,2000,298.1384247,302.0500624,0
18.91081392,172.3881655,26.52730143,2008,299.0549906,300.7882213,0
10.25972767,-122.3292912,1.225735138,2015,301.9458767,300.4306436,0
-29.66212124,-112.9259605,3.892059912,2007,300.5071523,298.6283511,0
12.62548298,-119.0405313,25.12771154,2004,300.211394,298.1537648,0
-25.55347504,-12.69907089,18.85274661,2017,302.2279396,302.392279,0
2.727401724,162.0248959,6.20391189,2013,300.3494951,298.5851658,0
-20.38145763,16.03126545,16.43699764,2017,300.840185,300.430747,0
-18.65896304,-11.00344962,21.88936458,2016,298.195962,298.3979774,0
-0.56115004,167.7959542,25.13490031,2021,297.4111025,299.5337674,0
23.44944789,-145.9935267,29.67739565,2024,301.0118435,302.3016905,0
-20.65948723,-98.14321649,7.545145557,2000,299.4247031,300.488337,0
16.46864516,-167.8359057,18.20152387,2018,298.157126,298.5966198,0
17.19261935,-122.6195043,2.278674276,2004,297.8009581,297.1839089,0
-1.78505488,163.6011701,4.354581486,2002,298.8587006,298.7048908,0
25.95258757,-90.55133121,19.63342322,2019,299.7761488,300.8340013,0
5.209226704,119.8004656,3.095879561,2011,299.9371525,299.0853848,0
-9.583501066,43.4997478,26.83886586,2007,299.6927318,298.7125649,0
22.30786626,-123.8829489,6.98691174,2011,299.0908258,298.8548076,0
13.07622142,87.41574057,2.474765096,2020,299.2297218,298.8547095,0
-29.14787063,-124.7696714,13.21293983,2023,299.8090663,299.5025849,0
16.03008842,57.5289725,13.93247185,2005,301.0644563,299.1828839,0
-14.22454514,-44.82049607,15.43494034,2009,298.3304817,299.1917612,0
-28.84962536,98.09922459,5.957401913,2001,299.6962209,298.970592,0
19.66971642,-171.8624018,8.071439169,2006,301.0547522,300.8484219,0
-15.22375595,145.2267921,4.026772284,2000,301.6764707,300.8850282,0
-12.57126245,-120.5377202,27.72157524,2020,298.5331569,299.5900645,0
25.07084537,-40.65576718,17.31658892,2018,300.2744565,301.7971249,0
-27.14500845,-41.23064351,5.588981513,2004,300.7860563,298.621761,0
24.80477629,-80.79959876,24.22347535,2005,297.1018852,299.407775,0
-28.70238045,-5.906502682,15.53037396,2009,297.5140737,299.7931758,0
-20.26586711,-30.11418043,25.15648017,2006,298.7487791,299.9257563,0
0.677881462,163.5845435,14.87892824,2014,299.8569683,300.0947882,0
26.69684525,-109.594567,19.60859559,2001,298.487454,299.2019558,0
22.22375449,-50.70174326,18.40733796,2016,301.0953202,297.2613477,0
-16.84228305,74.24369947,23.69689532,2018,299.8329641,300.7713898,0
8.971945864,-27.27154685,13.32486197,2001,302.2142931,297.3781302,0
0.443645631,-61.58887984,15.74103913,2016,297.410639,302.029422,0
-28.76139363,166.446048,14.40831243,2013,298.4104421,297.0553912,0
-13.51258413,-140.6160268,20.13480444,2014,301.6560293,299.3479793,0
3.121090338,-96.86100074,22.56157354,2010,299.2046488,298.1371829,0
-18.01887443,2.293105555,20.48486845,2013,297.9493501,297.0144769,0
-2.945780814,-53.12421665,17.09238518,2017,298.1984746,300.562185,0
-4.694701183,-127.1514126,14.89082408,2005,298.1829688,298.495234,0
-19.81768565,78.6456642,23.33258191,2009,300.9274786,301.0476447,0
-21.70346834,167.8240889,24.80992647,2024,300.1640378,297.7198198,0
-2.54586914,-83.41840961,25.41870232,2004,301.1044019,300.3253699,0
11.18199639,-173.3919392,10.04155176,2007,299.3385416,299.5160391,0
1.060720094,119.4566826,20.12198893,2021,300.686758,300.5333462,0
25.86115655,122.909917,19.77596079,2001,299.7052128,301.2265729,0
-16.70116112,-82.98358195,8.038734617,2000,297.384405,300.5201671,0
26.35561373,-179.3045109,22.04736036,2022,302.2111248,301.8651459,0
-17.12660872,48.25982016,23.06585272,2019,298.4688957,299.6226078,0
19.35817629,-82.31074733,6.371017838,2023,301.3660975,299.5566739,0
2.251386012,178.2573877,12.57416969,2003,299.0088431,299.1603211,0
11.73844521,157.6393114,16.72840956,2019,300.6237667,300.5591119,0
-28.01686831,-179.592669,3.28572424,2019,299.8457071,297.0822866,0
-14.12722283,5.051095011,17.62132819,2000,302.1372007,298.8009231,0
-21.8500543,-94.70666854,23.50897327,2023,297.719633,300.716964,0
3.592989935,104.282501,22.42534645,2009,300.2656291,297.0865479,0
-14.42686508,58.09754802,1.929818193,2009,301.8279264,301.2068739,0
-28.67060224,0.616614008,8.965937326,2014,300.5000499,301.1320021,0
10.71102417,-108.5723636,15.32562822,2019,301.851917,300.1617822,0
-6.11961375,-48.82092835,1.351617753,2014,301.9247699,297.8941189,0
29.73098692,-137.2130717,1.433549162,2000,301.3408408,298.971792,0
-22.89927998,178.7221818,23.83025878,2013,298.6172184,300.9063384,0
-23.0760085,-33.54865511,25.59117911,2022,300.2510246,299.7707539,0
8.757091867,170.2419802,2.616330269,2006,301.6117554,302.2227272,0
22.16117088,-6.007878469,10.74313891,2022,297.8521798,301.6696898,0
1.295970779,155.9795085,24.37447863,2006,297.0276403,299.353029,0
-18.1508231,147.887248,6.062935556,2017,300.9170351,300.1887891,0
-19.68858781,-85.81506973,15.3928045,2010,300.9636545,300.0514372,0
-4.627411892,23.67056312,11.59809305,2004,298.1947325,300.927726,0
-7.803352077,-79.57217001,6.231236803,2015,298.6275949,300.9437637,0
-24.94376645,112.2702119,21.84830139,2015,301.3673334,302.3290758,0
4.396601325,-100.7122041,26.00407958,2003,299.2786957,299.6046322,0
-5.324856091,154.7791777,10.96241673,2002,301.6472271,297.0013248,0
-19.88912139,-169.0475257,10.51626823,2016,297.7019275,301.1482723,0
-1.707592405,-126.0582717,8.65486477,2011,298.1661532,297.1624808,0
-3.963885022,-79.98015616,26.22727208,2007,299.8703131,300.5031811,0
-15.94169404,28.41738343,19.76786539,2000,301.5937611,301.9140248,0
19.39358155,-142.9049904,7.595999368,2022,302.2396599,299.1237502,0
17.21568635,43.16326263,3.399317409,2015,301.1206944,302.1622208,0
-26.76610258,-175.6152593,20.1788053,2023,297.5024463,299.3507456,0
-21.91213029,148.9210551,14.63823415,2024,299.818357,300.6999249,0
-6.772169462,-89.52923263,5.819815567,2019,298.7515818,300.977762,0
18.0963406,105.0178203,29.35255801,2017,300.1387931,299.6634641,0
2.998739183,-2.955372255,17.39823462,2012,300.2984546,297.976646,0
-11.77601465,-58.75466001,17.46701522,2001,302.1287048,301.1255083,0
20.57702341,-10.76545496,12.30348427,2021,302.2283648,300.4883896,0
-8.765659967,37.19720363,10.04803788,2006,302.2424195,300.345173,0
-16.80003167,-7.482147324,20.58672868,2013,297.4380288,300.208896,0
26.87221012,-5.374085197,27.27716334,2016,301.7171079,301.9362986,0
26.8024749,-36.90432273,7.297071717,2022,301.084634,297.9894298,0
24.86668092,90.41300782,28.06788948,2013,297.1766027,300.5412736,0
15.77693271,93.41516491,26.69614505,2003,300.2885105,299.6944156,0
-28.07008378,44.85501055,13.08820384,2023,298.3206964,297.5544396,0
-14.38731792,-116.264414,1.82708072,2007,300.2537963,297.0663438,0
-27.9424993,72.84183628,9.093468948,2011,300.5964563,300.6972878,0
-29.67965148,174.5537638,26.4571455,2012,302.1488146,302.2765892,0
-17.51340021,-67.97030311,23.32977616,2012,297.5485203,302.070756,0
-21.55377253,-99.03714994,17.18589059,2007,299.5810945,297.6413163,0
-7.932774871,-170.8390284,19.63963534,2024,301.4545222,299.5311364,0
24.22603568,-32.45483768,16.22308844,2001,298.875594,298.0325044,0
19.2720122,149.3114045,16.57077458,2017,297.2076102,300.2075734,0
-16.20231508,-126.6717881,19.96106895,2021,301.8255599,301.085998,0
23.99143691,114.6249531,29.72085846,2021,297.4771127,298.8535154,0
-22.2597495,8.326840646,19.35783826,2006,297.3126231,302.3817196,0
5.306013385,20.502753,20.01809212,2014,301.2181091,299.288652,0
-28.9854112,42.49572448,2.829745754,2016,300.576379,298.7186858,0
-9.118190838,-4.749452286,29.37877345,2019,299.1055331,300.240153,0
13.24897899,-93.16556113,5.876091491,2019,300.3377289,299.6882866,0
-5.520338265,-103.9373865,14.99266215,2014,298.4366009,299.8154617,0
-10.82291247,-119.656237,8.623540358,2018,298.5667087,297.1333214,0
7.50116725,-89.07531871,20.39965759,2005,302.0376026,302.2696754,0
-29.36843722,176.5347154,20.80753124,2021,300.9519222,297.4013258,0
19.26756627,-2.507356246,25.55670779,2005,300.5528034,299.3914084,0
-17.95399626,-141.277899,13.7637032,2008,297.2169857,297.0795885,0
-22.84628533,53.67302659,17.44772955,2023,298.6908789,298.5838823,0
24.90194541,132.401536,11.73428963,2019,301.2890027,301.311589,0
1.156804944,128.8627003,12.34996471,2017,297.9758741,299.6261843,0
-0.32413376,-3.624568832,16.624405,2015,298.2601414,298.2748465,0
24.08399647,120.2099762,17.05239568,2006,301.5543275,299.2636007,0
1.128498725,-167.8858804,20.55854414,2014,298.8950905,299.739829,0
-2.542087527,6.800231394,5.05765034,2008,299.6159134,299.3341796,0
21.62220824,15.16950335,20.99943652,2010,300.4465403,301.0017634,0
10.75899992,-10.61974113,12.24905734,2006,301.9008036,298.8319705,0
-21.14856995,-145.2418277,1.389264538,2024,297.7492851,300.4672051,0
-11.92645512,-173.3145412,26.77063741,2015,299.5350643,301.0899577,0
29.14840926,60.18852407,8.100346973,2017,299.8669726,297.9465492,0
-11.67409844,-64.27350794,5.629268064,2008,300.9759555,300.5450974,0
13.70117025,-7.885073225,15.65156786,2016,298.821676,297.6526064,0
4.223239522,146.287516,23.73779162,2005,299.7626594,297.9147144,0
12.32283358,-75.03202197,9.205479473,2004,302.3076739,298.4321855,0
-28.89261486,16.41904719,21.49692463,2017,298.0655641,298.4396408,0
0.755455516,-60.98370841,25.95483311,2002,301.3976825,300.1934087,0
16.3854085,-60.23772485,25.11108204,2006,300.0035434,298.1770391,0
-1.468408702,-65.45692458,8.734399488,2008,297.8804076,301.3302921,0
29.04989757,-172.8354659,21.27179501,2000,302.0937845,301.3615449,0
25.34613666,59.85724929,7.833677143,2021,298.0134579,298.171833,0
-13.73622059,-70.47132786,15.91990962,2012,302.1828397,301.5269814,0
-27.48163643,-10.41017375,12.54063863,2011,299.482352,299.113068,0
-4.059966007,172.5342716,3.570356268,2019,297.2671166,300.3204969,0
18.02465175,30.59702953,29.91363233,2022,302.0904113,301.5591144,0
-23.46000061,-141.0755931,13.40821593,2022,302.2553474,300.6727747,0
-26.43970615,56.72459008,26.61046279,2011,298.947108,301.515003,0
16.95072049,15.90557552,5.476491327,2005,301.6509447,302.0117887,0
19.23764361,-133.9380213,29.9395389,2001,300.9240407,297.0196765,0
-27.20750873,-178.4361356,19.71426792,2011,302.3702727,298.5469301,0
27.20614949,-160.7239257,21.56888834,2010,299.3490861,300.0508153,0
-25.17978801,104.4598993,13.26000454,2020,298.3928495,302.2559176,0
-28.28212837,-108.0978192,8.027007585,2000,298.2800163,299.70242,0
22.3479314,76.34283171,17.81889744,2023,298.8348819,297.2086607,0
-21.18237565,150.1481516,29.95004544,2011,298.9275861,301.7234765,0
-22.40733248,23.63215766,5.119786674,2003,301.9779297,299.3903421,0
-0.714464384,153.8722211,16.10875027,2001,299.9224846,298.106877,0
-12.91953648,95.45513791,14.6400705,2024,297.3979168,301.3240047,0
-7.383001699,-143.8677018,19.37959215,2023,297.3166453,301.275951,0
-7.01518312,-61.06286364,13.9941794,2013,298.8605708,301.4444272,0
-22.52968474,169.4160244,17.09301769,2014,297.7216852,300.2533024,0
7.979966631,-160.9107224,8.04705551,2018,301.2727318,301.3371997,0
12.48142704,-88.48158154,26.00043849,2020,297.1058693,301.5386822,0
-21.43668876,-68.56488293,17.50410243,2022,301.8750701,299.9792775,0
8.7841042,16.33062677,2.484984127,2009,298.8317158,299.1997917,0
-4.600396379,45.42460305,9.317076146,2005,298.5329254,297.8736898,0
-18.26002226,170.271857,5.440289927,2022,300.1231253,297.2308378,0
-19.39458795,131.3978303,17.32409496,2012,298.3052474,298.5876647,0
26.27927193,117.2417206,21.23611396,2022,299.3004524,300.0761603,0
-18.75532272,-18.63843044,18.42975045,2020,301.2951965,301.6224727,0
-10.58343183,121.9165756,4.003720417,2004,298.6314147,301.8919572,0
29.96189593,61.32731028,29.70943783,2021,298.9975406,298.5793374,0
0.044094369,-15.85937312,10.98841334,2015,302.1208247,300.4289097,0
-9.381161493,-124.5541229,8.689530661,2006,299.1684203,300.7239508,0
-1.441098579,177.758317,22.13816194,2022,298.5623325,301.8430159,0
-10.36498153,-75.69446381,8.815808015,2021,299.036761,297.1112993,0
1.439590048,1.820808097,16.23226348,2008,297.09244,299.8611698,0
11.76208393,159.1712936,6.194459241,2006,297.2864835,299.3982287,0
7.38884204,122.5992084,20.79670159,2018,299.539737,302.0069049,0
-10.39553625,-0.457068567,28.7983947,2024,298.3833217,300.8206945,0
16.16912324,-91.87577315,2.433975664,2010,297.5705159,301.5975027,0
18.87322722,12.0978364,5.093814963,2018,297.0495312,298.2950928,0
-21.73630191,40.37983946,5.829822069,2001,300.2456403,298.6392293,0
-27.89610306,-166.588603,1.764072634,2024,299.9250293,297.3416917,0
15.99343766,78.91612115,26.56966747,2020,300.921673,298.5042658,0
-22.70475903,20.18064067,10.48235107,2008,301.2914263,298.8156149,0
-10.6621516,20.80896524,25.97730365,2012,300.8826514,299.9380444,0
10.73418125,134.4814568,13.53586735,2017,301.7561574,299.4500228,0
12.84427057,132.3206235,2.250705858,2005,301.6941437,299.1898522,0
-11.85698363,106.4544066,10.73781092,2008,297.4967521,300.0945977,0
-1.25755646,-142.3603951,18.76219571,2019,297.9397311,298.7111637,0
-10.7580429,57.16300237,19.0708547,2008,298.6307586,297.8760567,0
-3.876636232,-35.31646514,17.69585985,2006,297.4017848,299.0800708,0
12.60176086,-172.7915276,17.52950175,2017,297.6482306,302.2703814,0
-24.53929159,-96.82699034,2.350818321,2008,299.8864921,299.9916503,0
-6.489419224,-68.38544926,8.294821041,2013,299.5291809,298.0559557,0
-16.50749449,-82.24388328,14.02853687,2013,301.7088038,298.5792251,0
-18.97629958,-43.61491265,26.93710921,2001,300.0460985,299.913762,0
-10.69577821,-152.992048,26.97388568,2014,297.7673973,301.2722255,0
7.550799963,-32.70823635,8.366613324,2005,297.0983044,298.8409748,0
-18.96760556,64.85142345,2.64443489,2007,298.0653516,298.1461102,0
9.678237737,148.0522147,12.7089417,2001,299.2954136,302.2957428,0
-28.54977887,-69.71595293,20.31959585,2014,301.1353193,297.7703551,0
-9.103523078,-39.76230079,15.82757664,2023,298.1669921,302.0117948,0
25.9881521,-0.872948105,1.188355464,2007,300.1516538,297.1307719,0
-6.185284561,-70.78681959,21.71609999,2021,298.1457982,299.8857863,0
3.304956086,87.28472312,7.376606702,2004,300.7537117,301.6616298,0
11.61705827,155.5568516,21.80064224,2003,298.460493,300.1452833,0
23.6581736,-8.928820995,28.40840771,2021,297.4078751,301.9029963,0
20.86087188,177.3323553,20.70241116,2001,298.9926249,298.752324,0
23.68495326,-1.179422605,18.40041985,2019,299.975183,298.5105651,0
13.83821528,119.7102056,21.72951007,2016,301.851265,299.444166,0
5.33661891,-129.892391,1.098247591,2023,297.3836636,299.274103,0
-2.293310653,-87.69342305,22.10357603,2016,297.9982938,297.0768994,0
16.30832811,135.0124312,18.81071838,2006,302.2289201,300.2878771,0
-29.10786154,-52.96415382,5.148759784,2016,299.4169652,298.6381604,0
-2.645043779,-154.3655817,24.16193376,2021,297.2123913,297.7055222,0
-16.52167341,111.9981745,26.47699906,2023,302.3232296,299.6283986,0
13.64383763,-46.54416347,6.346678903,2017,297.2739433,298.450215,0
-26.09967064,-47.203527,25.15047591,2013,299.9594375,300.6420224,0
-23.0291535,19.80666871,9.329164563,2005,297.7493861,301.9383586,0
-15.44536783,-52.87039442,28.55524061,2003,297.0613502,298.3327915,0
10.72655901,-96.80798803,15.76109992,2009,298.4731471,301.6819182,0
-20.06755231,83.28742984,16.20903244,2000,300.4870042,299.0028405,0
21.14192096,92.35895762,18.70488176,2024,301.7111251,299.6515144,0
16.99328742,-127.7601352,15.27026741,2012,297.909705,301.2743866,0
-16.26076888,9.591214869,14.09484447,2018,297.1015147,301.5753844,0
-19.51802219,5.579091352,8.583294208,2009,300.3340645,300.0677062,0
9.080166348,-124.5327363,19.74951786,2020,298.5582123,299.7424843,0
-27.29642508,-113.0277379,28.10157247,2008,300.8776899,298.2477878,0
17.71722269,47.08070392,18.03929139,2024,302.2157016,298.2364709,0
29.97813753,-1.535833691,23.37146968,2011,301.8881052,298.4850112,0
10.07620467,110.2879011,5.760284476,2011,298.1135715,302.274742,0
0.144167609,150.1123496,21.49619317,2024,300.6813215,300.479263,0
-16.06405645,143.0938385,26.02086782,2008,298.8641492,301.5063356,0
-22.15810478,-117.5856636,10.88541965,2021,298.9178655,301.2000587,0
-24.18291644,-53.56187293,25.27995999,2015,302.2094306,300.273601,0
9.47303612,-156.9919245,5.81383936,2015,301.2701525,300.2775975,0
8.66194203,92.70353621,4.421390984,2021,298.4003513,302.2187512,0
8.127430777,-123.8755523,21.94520876,2019,300.6655861,297.7409624,0
-5.520510992,-141.567721,24.68199462,2005,299.7896217,298.8865851,0
-18.94503153,-141.678868,29.10797762,2020,297.3293104,302.2891672,0
2.937104481,106.7964246,2.269209569,2006,301.8946208,300.5798336,0
-1.485208405,127.6587226,14.6696752,2016,298.6036722,297.7084719,0
21.31886786,31.46945897,26.78367955,2001,302.3850687,300.9157414,0
-0.405390244,128.6380165,4.029716589,2004,298.5432462,300.0623911,0
12.52371479,-131.6048102,24.60794027,2021,302.2224559,298.8674091,0
-23.51124346,2.340432373,3.48851238,2024,298.0795796,298.127803,0
8.745574292,124.5612324,14.69373732,2017,300.4219181,300.2187118,0
-13.14700362,147.6798125,9.819190213,2018,301.584468,299.2280617,0
27.71963459,-150.6860321,13.6393707,2002,299.1301015,300.301114,0
0.819160309,70.03511065,2.60903432,2003,298.2894687,301.0238437,0
-14.58613164,-116.9271493,21.02937245,2018,298.9843362,300.3671498,0
-20.82677306,-156.1792602,7.262207917,2018,302.2570696,301.4019836,0
10.07838365,13.74997381,23.97290495,2003,300.3481708,299.2648012,0
-1.571493902,-30.77250142,25.42281487,2010,297.9900992,299.3848332,0
18.41396088,-74.18781757,8.363474815,2018,297.4220005,297.5851362,0
-0.289704465,39.3201586,8.972341787,2015,302.3403746,300.7319228,0
-29.39558028,-6.833239272,13.01899012,2017,301.5896056,299.3115964,0
4.624646558,134.2615429,26.04506703,2022,298.631946,300.215421,0
-4.749396697,168.9319669,2.626324909,2005,298.0895731,297.1419394,0
-28.78320157,44.03352832,20.18857676,2010,302.3129697,302.0147531,0
26.95023031,117.2730447,11.19778429,2014,302.3992648,298.9253922,0
-14.36664204,16.8898654,6.427413585,2024,301.8121333,301.7231319,0
-5.785776453,72.86261131,17.15491205,2003,300.6355016,299.1713313,0
14.65025983,142.9370598,27.85859159,2017,300.1730024,300.6162183,0
-18.32284474,-39.34172079,28.45035145,2018,297.8731685,302.0747479,0
-29.83990992,141.7710756,26.63105038,2003,299.5185852,300.1313436,0
11.55680661,33.18846495,26.48222993,2007,301.983536,297.7189958,0
4.28183818,-88.6574882,24.23979525,2018,300.3805355,301.6707053,0
-1.18398446,133.3478983,11.42390576,2014,301.1411859,299.8481492,0
23.44473551,31.71787137,27.60802109,2016,300.251836,298.7313209,0
-26.85907399,161.5162168,19.6032207,2002,300.7174054,302.464995,0
-24.47415433,-93.35781006,26.43759952,2024,298.395182,301.8123738,0
25.44466832,61.34958528,28.00673219,2009,297.1708391,301.9246795,0
-26.9687864,59.70577126,3.078702011,2002,299.5317984,300.1155663,0
-21.03692719,-11.10022252,25.10268928,2018,299.6910959,298.0502187,0
-29.05965757,-29.5206265,3.483247691,2012,302.1985437,300.3467754,0
-14.722388,152.6932617,23.48415686,2009,300.8260212,302.08374,0
12.74364171,-47.38517727,21.67781787,2011,299.6969692,301.2500928,0
-19.8968821,96.29850006,22.73395685,2000,301.7621326,297.7267886,0
5.7287404,-18.2365011,13.24647127,2007,297.9187298,300.9470507,0
15.29872399,-147.9688071,25.97623217,2021,297.2670273,300.5815577,0
-16.71540541,-150.5298579,9.723378671,2001,299.9279125,298.4721672,0
24.69581319,-47.42539565,2.320954523,2013,301.372981,297.072977,0
2.868695083,87.58770203,7.291353537,2011,297.8575541,299.4301645,0
0.382285245,-42.88135604,13.75923924,2020,301.9771123,300.0800219,0
-2.976595416,52.80219114,28.6313116,2008,301.0395761,299.588255,0
-17.31598893,13.18640555,28.78147955,2013,301.5444803,301.022398,0
29.35999721,-81.88284676,26.37469536,2005,298.9416335,302.3312446,0
-10.87949078,-32.44171288,19.38823478,2009,301.9376997,299.8569366,0
-1.99134564,129.8615984,28.63922109,2011,300.1323153,301.821329,0
25.69300774,10.36987854,22.86030103,2004,297.6315597,302.2610468,0
-7.903780473,52.65090636,2.00775237,2010,300.9735372,301.5954453,0
-6.051500334,-18.74072982,25.68718415,2021,301.7637081,301.0833128,0
26.9385399,158.4438816,12.08745877,2020,298.7046145,301.949908,0
11.2904662,174.9507544,23.24336337,2022,297.6402157,298.1245046,0
-24.94246869,43.21137876,5.273230214,2008,298.9071804,301.7432239,0
21.25606156,-171.9713862,18.67564855,2011,299.3844982,298.3177719,0
7.283076484,-115.7457332,22.94962462,2017,300.6449733,300.6965779,0
-14.86829031,-63.08978077,25.20915628,2009,298.8100273,299.936761,0
-26.29918222,-104.8514823,15.08879621,2014,300.4236705,298.1579653,0
-9.675524223,22.20530017,18.20027057,2010,302.3733408,300.5317103,0
-28.15280587,80.56899959,27.25859207,2020,300.1298685,299.1042385,0
-10.4501988,-94.45888793,16.52829096,2021,300.7713668,301.0942809,0
20.06267182,-53.4114096,2.823397681,2007,297.7052647,298.4584948,0
20.11473286,-62.24705784,15.15374453,2014,299.8183828,300.415308,0
19.1688433,94.09991944,29.65128431,2004,302.0351014,301.2715204,0
-16.3001498,-171.0686412,12.12944398,2020,297.9932791,297.2113837,0
-13.49673314,120.5502905,9.522812413,2016,299.3772489,300.6736355,0
-4.234872789,-21.13639099,2.903211865,2017,297.5606359,299.7146504,0
11.79282386,-82.38586998,9.604627947,2007,302.185246,298.4688352,0
-3.591347608,106.5503677,18.68111351,2006,301.5906769,300.0711566,0
-28.13432268,-13.8955713,14.42003829,2021,299.5437185,298.5369333,0
-16.14201911,134.7306756,5.959314778,2018,300.6760087,298.2549774,0
-10.95766002,166.5919251,11.09404075,2013,301.6871781,300.0457567,0
13.07207107,142.9338659,27.15050861,2006,301.953611,300.1363088,0
-8.040215503,118.5102508,12.59514132,2018,301.5158972,300.0022267,0
-9.711387707,-89.67874451,18.22012632,2011,300.7080966,298.124567,0
25.96091414,-84.78256559,5.346934565,2015,300.0986106,297.6256935,0
-21.67344695,-71.98902699,9.167937281,2014,298.3453697,301.2105159,0
-25.85199985,-126.9488152,21.13257767,2005,300.485526,298.2226008,0
-26.79517421,41.44556972,2.37455876,2019,300.8891634,300.2321798,0
-10.92364022,19.37912971,22.19049965,2022,298.3971947,298.6862949,0
20.05667394,-68.83486927,12.89474931,2001,299.3806811,298.0871902,0
2.909015145,-138.2207546,1.670098731,2019,298.6257952,302.1975318,0
29.26026763,-9.563434836,24.27110062,2007,299.7988194,299.5567901,0
27.09481857,160.1407631,23.60865063,2016,300.6538416,297.7185686,0
8.395841247,97.97483934,25.95745075,2004,297.1050371,300.8878007,0
8.137281884,-126.5947693,23.21753079,2013,297.1519751,301.5869492,0
-21.58289923,139.1630805,22.16340648,2016,299.7659174,299.5471492,0
-20.54331906,32.51232378,22.54705564,2015,299.1919904,297.9343767,0
-7.016059435,133.7820647,11.5307326,2000,297.6348516,299.4086192,0
20.54868229,34.79090594,22.00929293,2009,297.0240569,298.506295,0
5.857739592,107.7357477,4.868269896,2014,301.3011885,302.323832,0
-10.7966787,-166.6149354,11.46513146,2003,301.1715066,299.0449165,0
-15.35432565,82.44483167,13.17049647,2015,298.3963447,297.7648252,0
-16.86118621,27.9947043,2.888900542,2004,299.3819098,302.046386,0
-2.992543642,87.94933824,14.54205487,2019,301.7765442,299.1090456,0
-11.19519811,-42.98860984,1.537897676,2020,298.9237485,298.7232809,0
5.888463922,-22.95003178,29.44445768,2001,297.0603001,297.9338595,0
9.151612665,40.34855455,23.84807687,2019,297.6969692,301.0316332,0
-13.84739653,-18.49922898,26.61085881,2006,299.4891048,301.8465854,0
-4.72851721,122.2440143,18.11734759,2004,299.6878839,301.8948004,0
20.72023335,-73.09976546,23.95316309,2005,297.4001931,297.5432298,0
-5.045008024,-70.06266649,27.84078545,2010,300.2700256,298.5997516,0
-14.010168,94.51264034,8.447590949,2019,300.8213395,297.4378894,0
5.672902957,32.17549415,20.84263262,2004,299.4693888,298.8148312,0
18.49009483,-132.9801264,28.92566465,2000,299.792813,299.7271202,0
25.82540959,140.3877127,23.78821349,2021,299.9975463,298.2314348,0
-3.364998117,-5.683296326,25.11756116,2012,299.2961101,301.1694043,0
-6.406158122,117.4907465,8.75155738,2022,297.13734,299.1972856,0
29.15761813,-143.7503036,13.28710141,2013,299.5839471,300.0852607,0
-21.44399677,20.41870526,10.25844445,2008,298.5362497,302.1227568,0
11.00017688,-85.5142879,19.7059087,2005,301.7167322,297.3222499,0
-17.07108103,179.4816895,13.55920698,2012,298.2263597,299.2392776,0
29.27957955,102.080166,17.67750448,2016,300.3187967,299.1401766,0
3.458543601,27.63390508,5.800523488,2002,300.7157993,298.3732421,0
4.415076417,159.564342,21.96453653,2022,302.3248699,301.3938032,0
-21.80258741,-54.85136869,28.98908032,2018,299.1922981,298.4890355,0
29.96010737,-68.99217457,26.65039951,2014,298.8750403,299.9894391,0
20.4321528,138.0125873,5.651422375,2008,299.7653104,300.4166008,0
-29.78780258,155.2072232,11.48208146,2019,297.9576009,299.0798339,0
18.23661185,107.9970021,28.13810839,2003,300.8979683,299.7898066,0
18.24136737,76.51512329,11.66918483,2007,298.3884335,300.1708368,0
27.8305711,-107.9759745,3.762321192,2005,301.9567321,297.6935648,0
-6.422471602,126.5179307,27.28137287,2017,300.0073292,301.0897417,0
-9.655551091,-17.26971355,3.9570827,2014,299.5424038,298.6587813,0
6.768034328,-164.5192204,4.53122495,2016,300.1147139,300.9162999,0
20.51832712,-13.01963654,23.07075114,2008,300.1064703,301.7351177,0
19.29879583,-135.9760604,25.60904205,2024,298.8556606,297.6756199,0
-24.92144357,-163.2614257,4.21773157,2009,297.0216113,299.7250256,0
-23.9863046,91.57534399,9.006178946,2006,300.9831541,299.0148069,0
-27.79333244,145.5598251,4.706011159,2017,300.1453542,298.6805968,0
-0.268522601,0.586731212,1.675325304,2006,300.9330809,300.517546,0
9.826004167,-30.88780045,2.292142317,2003,299.8905232,299.9059367,0
27.68804754,-64.48269635,14.90669263,2004,301.8003798,301.3834321,0
0.898788639,-132.9354938,7.237072672,2022,302.0747171,297.7108623,0
-10.90108799,-160.2765911,21.3958539,2003,301.3377754,298.9329292,0
-19.97399473,-167.9784462,12.18578467,2005,301.7053115,301.5707174,0
17.93789415,-49.59778898,7.306400424,2006,298.7675348,297.2061838,0
25.06815241,-129.7287611,17.00159923,2024,297.3585604,297.2745737,0
-23.06659807,-154.307875,23.05618535,2000,298.8859065,299.301029,0
25.73680413,147.8706526,21.75461792,2010,300.8454759,297.1237078,0
21.38658268,69.98303789,23.2745097,2016,297.6749074,301.523481,0
0.27854626,138.788582,26.71101143,2009,297.5509313,298.9383706,0
-5.821631993,-174.0466352,24.62896805,2009,299.0969615,299.7551628,0
27.06877388,94.35904801,13.45031384,2016,302.4931252,299.0452306,0
-12.07181616,129.0081799,29.95973138,2008,298.1867625,297.2397721,0
-11.67536814,70.48883334,28.58225383,2002,297.116401,298.8518812,0
-21.3314582,-96.13000365,27.25919485,2017,299.28828,297.9477151,0
-23.04917084,28.33848381,11.56426504,2001,301.8784289,298.0909606,0
14.91506082,-78.3977054,24.57424009,2005,297.3233781,301.0109652,0
-10.26928271,55.25601554,9.108236745,2015,298.5711574,301.7562185,0
23.10715925,-163.8232371,5.874626975,2018,302.0994616,301.9576277,0
-24.60730319,-132.5052627,15.36976614,2021,300.0632587,300.6361486,0
-10.03376724,-42.43864878,18.23787213,2023,299.0638262,300.2945695,0
21.37605921,-137.7136538,20.99736792,2015,299.1116657,298.4780011,0
9.12359256,-131.5227019,16.03983592,2004,298.712731,297.6659471,0
21.87954683,-2.360059458,17.59225946,2017,302.3566447,298.0636046,0
19.32835255,22.2662351,8.669692569,2010,300.9057977,298.1486036,0
-11.59363492,-8.918111879,14.03118819,2003,298.5094863,301.8341327,0
20.00347885,154.4890441,14.30116381,2018,300.2541194,298.7077651,0
29.66586015,-166.2093119,5.705904604,2014,297.235308,298.342349,0
-23.14252285,12.00172136,25.88186146,2003,301.1495931,300.2070516,0
26.15227752,132.3518518,10.64678142,2014,302.0034507,299.8008489,0
11.65648479,-139.7518664,17.39337984,2018,300.5168355,299.4612993,0
9.730380739,74.40613045,26.89786878,2016,299.8287651,301.3917199,0
27.87057336,-125.5523983,1.529771467,2014,298.6830336,297.7008143,0
2.73375265,128.8646839,20.66375093,2012,300.0888889,300.9317079,0
13.68626954,59.95384391,26.25350232,2000,301.0663938,300.6285976,0
-16.29382224,-27.70697553,25.54201719,2003,302.4559835,298.0059157,0
-1.78506086,133.9307045,7.526171572,2009,300.702384,302.4846248,0
16.81151577,-75.39713583,9.056765346,2013,302.4624393,302.4714717,0
-23.11282328,81.34876056,2.50061891,2003,300.8626424,302.3182327,0
-11.98846894,92.32037149,13.58789257,2019,298.322943,299.8355085,0
4.182277922,-100.226365,22.94206085,2003,297.508326,299.3660223,0
5.197998778,147.4262339,6.466153448,2012,298.5976488,298.86843,0
26.15730922,-120.6932262,2.222362092,2017,299.5399359,302.4949992,0
20.34548992,86.2931284,26.25106289,2004,301.2811759,297.5133047,0
-19.64055593,-175.575362,18.2159248,2005,299.3454244,299.8971132,0
-8.317043306,45.38143132,1.886482653,2005,298.7283284,302.354396,0
-12.72373511,140.1497006,26.54170874,2019,300.0990876,297.6600151,0
1.91830407,-51.55334796,23.97429396,2023,300.4454715,301.5536388,0
12.4472875,-7.386972771,17.95364243,2023,297.7160695,297.4470351,0
-28.74928561,46.3482813,19.2605069,2019,299.4992536,299.607881,0
-1.928235758,-168.0283414,7.99089458,2000,301.8754476,298.5123315,0
-21.69344193,-136.8839045,21.2997052,2003,297.9334789,297.0008676,0
13.0942797,-140.0050048,8.071333891,2003,299.4308026,300.5448315,0
5.982248191,-53.9859955,13.87787025,2024,299.7456633,298.8533063,0
-12.25119823,-155.8698915,26.97585607,2006,297.6688999,297.3577528,0
28.49235201,65.22211816,13.10622606,2006,302.2652427,302.4755144,0
13.82988877,-98.09461329,3.954828734,2013,302.0960641,300.3181933,0
-17.81076377,151.057231,27.53302515,2011,297.6313778,297.2640127,0
4.024798234,-92.56095482,22.2971256,2005,298.270172,297.5414065,0
28.76523082,-73.43116145,26.25586192,2016,298.7794145,301.7115916,0
5.616792994,6.480841103,22.55799578,2023,300.7734024,299.4200348,0
-7.24207244,97.79937778,16.01930766,2012,297.5138753,299.663886,0
-24.54970914,-133.58257,7.948685129,2020,301.1325447,299.0353192,0
-19.59664315,-144.5812227,10.49208248,2007,300.9701924,302.4635503,0
-22.10575729,-162.2548804,21.13632078,2001,301.6470275,298.8108391,0
-24.7228195,73.78932017,11.44381895,2011,302.3229668,301.659366,0
-11.4144862,-109.3623656,16.89548188,2023,300.0058382,299.3218534,0
7.120602544,-20.22741325,8.136874555,2017,298.7642043,299.1293547,0
7.355627794,-123.0722475,25.95753022,2005,297.155784,300.824034,0
18.45015151,58.88049104,5.38946759,2019,300.1507231,299.2083394,0
-4.254132991,168.4080888,21.99375746,2008,301.2609689,302.2073514,0
-23.97357493,-123.9874832,28.84036706,2012,299.2323826,297.1712466,0
28.04409781,175.0809824,16.93157199,2021,298.7431991,300.5986848,0
-25.19804581,-92.76126788,23.43670105,2002,297.585814,297.7004183,0
24.26261002,9.305869055,23.9556778,2012,302.2790891,298.8102519,0
23.15542023,125.1400947,7.109731522,2010,298.1293693,298.4533417,0
24.5973038,149.6131148,10.54087747,2017,300.7165989,301.4360945,0
-12.20942999,3.649875088,20.36254458,2001,300.1084529,299.4634024,0
-11.44386727,0.863470024,10.82170853,2000,302.2694795,298.1922013,0
-27.07067748,-74.70934804,23.80218691,2022,298.1376257,300.429293,0
-8.536994103,123.9860204,14.14569242,2002,300.3572652,301.0186961,0
29.60316672,64.36140993,7.72350954,2014,300.5250423,299.8775069,0
23.94871731,81.57888763,15.78253105,2013,301.459513,299.4039295,0
-22.56716608,23.199063,28.61674015,2004,298.145798,297.6895968,0
-18.62427059,-168.5559062,20.55271204,2002,302.3748286,301.7489372,0
-10.61738492,-13.03898495,13.03726574,2018,298.3524386,299.6219156,0
25.22833804,80.63433549,20.19653801,2007,297.1317876,301.2032127,0
4.854833895,45.21225005,2.499905594,2017,298.1083277,301.4415555,0
-26.76827313,-154.9177688,13.77513058,2020,300.020882,298.5016584,0
-15.32955016,-130.6585139,25.62305537,2017,301.7426678,298.8990097,0
-9.60625073,143.9825054,2.443917342,2020,297.6526987,297.1593932,0
-23.22783494,-24.75151518,20.92172601,2001,301.1741257,298.633943,0
-4.406828746,-113.0567597,4.220520887,2014,302.1282302,300.8890284,0
23.7349914,-94.86946175,11.01718581,2007,301.4113441,301.3392299,0
15.5998295,-54.36182329,14.16174441,2000,302.3566732,298.80151,0
25.38863326,-83.03150946,29.6831595,2020,298.1379659,301.3760274,0
7.898669365,-65.60621754,7.733358721,2000,297.6272766,298.9121946,0
15.77132867,38.86962034,3.97495225,2002,297.5548512,300.2304701,0
-2.869038878,98.83811789,7.063460423,2002,300.5667368,297.1554559,0
-29.10538415,-133.4149198,8.298268616,2016,299.3283504,302.0780533,0
-25.62497928,109.1732658,7.241749231,2014,299.8568635,301.3046026,0
20.31209446,30.14361006,12.68802918,2006,300.0098059,298.2714674,0
-9.370650524,41.05123144,25.96479581,2004,299.4562962,298.52196,0
-23.7392032,-152.9429165,11.07919149,2023,302.4339045,300.6540648,0
10.86826194,-166.3207786,18.56034897,2022,301.45273,300.0450487,0
20.79929481,6.678632185,18.51157359,2004,297.3997519,300.9276684,0
12.1710494,41.05569851,15.79761674,2022,301.9836146,298.0390879,0
-14.60877436,-160.8011754,28.99660339,2003,299.4732392,301.4312663,0
-20.30303636,-74.57917591,20.70573266,2007,299.7641184,297.9659363,0
9.517350538,171.1577843,26.29225894,2022,301.9402294,300.1973657,0
-8.890386175,-96.26593069,18.88968771,2002,299.8681874,301.7406925,0
-0.497245591,-134.0126051,1.144202074,2000,300.0244961,298.820296,0
-19.861671,-11.98248393,3.908307702,2023,301.3162588,299.6702274,0
-9.871403366,-150.3529235,16.95857017,2008,300.382138,302.3745326,0
-23.32114071,-103.6348565,14.7197416,2003,301.2449538,301.9402606,0
-9.977109091,177.1338506,3.982151666,2003,297.5228582,300.7071265,0
-21.99620466,136.765956,15.81068532,2000,297.5747916,298.151809,0
28.20459713,60.42968001,23.57803774,2006,299.06113,297.0429368,0
11.6210289,-63.8394705,17.57607854,2003,299.9342972,301.5289918,0
28.90363304,-32.02467645,23.13832967,2022,301.0724922,299.4556285,0
-25.88954596,-119.3026819,23.94763463,2016,297.6558759,302.0821897,0
-25.3396552,154.8024191,21.50698802,2010,297.4291753,301.8659848,0
18.93313524,42.45640398,28.40399106,2015,299.6829741,302.4442712,0
-17.16462777,-29.57177285,9.46287244,2003,300.2883671,301.2909214,0
-9.66101464,-43.31535008,26.74915331,2009,299.2568568,302.4361443,0
-1.811875458,-87.68938695,26.84565379,2016,299.7286693,299.3700631,0
27.26187693,-105.9390621,10.03881445,2014,298.5895348,299.5769592,0
29.350754,139.963236,10.51053748,2003,300.6821441,297.0943342,0
19.20921952,136.7273006,25.8588097,2004,299.5409973,297.0681358,0
-6.036279117,-14.24634395,27.3022545,2017,299.3743664,302.3314229,0
-21.58058881,31.4520406,6.828246951,2003,298.4992686,300.180692,0
12.0368291,55.66752933,2.422692655,2000,302.4209849,301.8531809,0
27.39383571,-56.66444236,4.061693624,2023,299.7527219,301.3627632,0
-20.99078135,57.50335161,10.38375052,2018,302.199515,301.7559268,0
-25.97594091,54.11057663,4.482630491,2004,297.3532939,298.0672963,0
9.36898287,127.7732363,8.327709204,2009,302.2526554,299.7318837,0
-6.385330791,-6.030470144,23.91625709,2007,301.3080272,299.374336,0
-14.87965973,-62.46981727,3.256880474,2014,297.8146101,301.4635085,0
-4.764565551,95.40083664,28.6793524,2004,299.1813484,299.0350195,0
-12.91197755,148.2315595,22.77692341,2019,300.930781,299.9001452,0
24.05207366,-67.33957775,17.65069799,2014,299.692585,299.5085797,0
-17.66223147,92.0555721,14.08874495,2019,300.7503012,299.9758732,0
27.64427033,-136.8157652,22.39939156,2008,301.5511453,298.9806474,0
6.007436396,-123.7459177,16.5302506,2001,299.9601022,299.9308052,0
8.257586097,-70.61271089,16.67534828,2014,297.3944079,297.2395837,0
-16.96455597,169.5860851,29.39790688,2011,300.1091648,298.4855266,0
-6.456053866,-35.73055885,6.178032919,2015,297.6171635,300.1522036,0
16.85846404,-47.99981597,29.35898365,2012,302.1462861,300.6612055,0
-14.09451588,25.40161863,13.8274077,2000,299.8468576,301.7232641,0
9.108006203,-112.0469479,2.827486587,2020,300.0925538,298.3865426,0
27.2933826,-5.992450899,10.6190173,2017,298.6714548,298.4587512,0
-22.23714414,3.963180846,5.45655488,2015,297.8533788,300.1717032,0
19.57615435,-164.6911319,13.17266227,2019,301.8227222,301.2994725,0
-29.07509004,114.069773,9.71527596,2019,298.9706468,297.4721325,0
13.79493777,133.6097341,29.13187157,2004,301.3857985,300.5390956,0
16.88760875,-24.44986337,18.24851023,2000,297.7518229,300.032318,0
6.324022317,73.98095784,20.72618776,2017,300.7276827,300.0032534,0
-5.94367584,-24.90573932,2.665620632,2007,297.48572,301.565764,0
21.18668335,-100.8898919,2.878393786,2015,297.1393571,300.1369219,0
0.407002895,122.4030596,17.87163772,2001,301.4241805,298.1389665,0
-9.845169294,-131.6741691,3.151006278,2017,298.6452166,300.446438,0
19.27976702,4.250303078,21.82140649,2006,298.6833215,300.6717121,0
12.32453244,157.3234918,7.520318667,2010,302.261019,298.1079556,0
21.83742169,-64.31316991,29.69737944,2024,298.6334719,298.9822649,0
29.33025797,101.8647957,3.070634832,2020,299.3391948,300.3223966,0
-26.72762036,123.1956289,19.79687342,2004,298.4991522,302.0352548,0
19.70998273,173.0008587,10.40347002,2022,298.8197679,302.2505739,0
-10.01560224,23.47625518,12.7066992,2003,300.19097,300.6397084,0
13.26815122,-88.11676191,3.588242797,2022,300.6601013,300.3920594,0
7.554013975,-73.34285906,13.03919061,2012,300.3306365,300.7393008,0
8.57587249,130.0068875,15.10634922,2008,299.8894732,297.6307912,0
29.50285373,-71.11158229,19.41470019,2004,300.5056497,301.8472869,0
5.160982649,100.2964891,8.212507523,2020,300.6999189,301.3135717,0
10.01199817,143.9566274,9.269611856,2016,300.1982957,297.7160414,0
28.03915033,112.106701,4.181990236,2018,299.7705301,297.8897535,0
-7.840743347,-144.4748697,17.58355139,2020,297.8818955,297.4700674,0
-7.121361603,123.1050436,27.29999536,2018,298.4496512,298.1469015,0
15.90380588,161.2501484,21.788279,2007,299.6930432,299.1498172,0
-24.61752291,45.2003183,15.36124059,2006,300.8251158,299.4113589,0
3.132904083,20.75804914,9.043898587,2002,299.5891812,299.1363497,0
19.240523,-17.58095867,18.50569121,2000,302.1469054,301.2753339,0
-20.88044631,-117.2944056,3.914348018,2021,298.5328904,302.0014818,0
8.95456397,-150.5865745,4.925979284,2006,301.8074769,300.9656157,0
8.573040899,23.44416155,21.96614521,2003,298.7037487,298.3217758,0
-8.474305952,149.2794387,17.67826444,2005,298.5779695,298.7711771,0
3.767732112,-79.74631582,3.773809387,2004,298.1843179,300.9705027,0
18.63994641,-31.71690779,22.64615775,2009,302.3737131,298.5005247,0
-20.49761877,-161.2663784,7.987830206,2020,297.9109103,298.1224018,0
11.60370016,150.1364125,12.4435436,2024,297.2622573,297.3361758,0
26.51250301,125.9537143,25.50326122,2024,297.0431471,299.9657679,0
17.62600842,-84.15781693,18.49545381,2007,299.3930001,299.9445953,0
25.9069796,-141.3004906,26.00667729,2009,299.6612374,298.2013272,0
6.176857841,21.08643181,12.02021356,2003,298.8530978,301.1425984,0
-12.33911001,94.79090778,22.61854411,2013,301.008522,301.1127715,0
-6.15276446,-104.2486259,16.1168534,2003,301.6533653,300.397984,0
15.09698362,-102.9599822,21.77820604,2021,301.0373522,299.8322104,0
18.83903847,79.97600855,18.83712686,2012,301.5977201,302.1474807,0
-21.78209257,-4.233193404,8.507773517,2007,297.2513765,298.1110981,0
17.51789952,87.3995908,14.8134573,2013,299.2369826,298.7409048,0
8.42463821,-22.81875761,3.680211913,2021,297.6198382,297.3977082,0
14.62604084,76.27755068,2.694498735,2024,300.3715768,297.9484702,0
-28.75551943,-168.6308356,15.71359869,2020,301.4629917,301.5569622,0
4.182471034,-69.81868864,7.316174338,2002,300.0778825,300.7671521,0
27.82651093,155.1037211,17.53368227,2014,300.2375402,302.0774682,0
14.88536194,59.91358109,17.8989228,2000,298.0261012,301.9209075,0
-15.08783988,-147.1288041,22.7504402,2005,297.1068934,297.6088813,0
18.71149337,118.588859,24.25644328,2004,300.6116133,301.6035429,0
-7.601075618,134.8475316,7.187050662,2007,298.9984098,301.016074,0
-12.08123918,15.44476733,13.56731299,2019,300.0013666,300.451967,0
26.11501886,-72.33684854,11.41575422,2006,300.2262417,300.3717159,0
19.23368471,-56.54892289,6.615369336,2017,297.9805114,302.0843655,0
15.7391257,-6.711900441,20.72176982,2014,300.4528926,297.0006525,0
-28.90083944,-39.76087117,21.04914606,2013,299.3656505,300.8009048,0
1.265770775,171.69531,5.711346201,2021,302.2547779,299.2750462,0
27.14524169,116.5671416,14.9504827,2006,299.0615681,298.3431246,0
-4.157680098,-9.595482866,22.58242851,2023,297.8720578,300.2602476,0
23.7718679,-140.8368208,14.71450729,2020,298.5804451,300.2586752,0
-12.13277561,-160.0233404,1.073298945,2003,297.9823435,302.4033307,0
-7.431012946,-107.884625,13.00916338,2022,298.1742357,298.602915,0
21.2727901,179.6434062,10.22700805,2021,297.1292633,299.0652348,0
-23.35508953,-53.10884103,6.03257067,2021,300.4394602,299.3316549,0
3.397435094,-103.2428896,20.95520158,2018,299.5213423,299.8762705,0
-15.61129977,141.0724742,29.16405775,2018,299.4735002,298.531706,0
26.58978767,138.2652394,3.433173713,2015,299.7055403,301.4133006,0
10.22417346,-134.4029523,11.04708791,2005,298.1433859,301.4017867,0
7.471080922,-11.49643425,7.307046262,2021,302.1238445,302.3491813,0
16.86701077,-129.7071258,25.7402429,2007,298.8705992,297.9828837,0
5.0961671,59.47347725,21.66882209,2008,300.0625304,297.9420981,0
27.93105794,9.706703697,17.05320502,2019,300.6646793,300.0058254,0
-17.68454822,91.85149804,24.30880725,2024,301.3710114,302.2950732,0
-25.68683263,-83.40261517,3.326023527,2001,302.2451105,301.3099251,0
9.595457716,6.353312046,5.853658391,2005,299.6785847,299.3393403,0
-4.469973075,133.8754969,12.46154387,2019,297.0603125,301.8746266,0
-13.71094695,-165.969949,25.58591784,2011,298.5590725,301.9468475,0
17.44923941,29.51550754,20.41463011,2019,300.040111,302.322059,0
29.76880986,-138.0439404,25.63676903,2002,301.6136531,299.0673557,0
1.930197651,159.1057755,20.75641328,2012,298.1740383,299.3451444,0
26.36885326,-25.71701839,11.39266134,2018,297.0652041,297.6891549,0
-10.50048628,23.39998963,26.56276852,2022,299.9354636,298.8616428,0
9.477049687,78.38001171,17.18342029,2021,297.3570799,299.9160645,0
24.08787457,73.95577045,24.11522739,2024,301.1562498,298.4593836,0
-11.39868923,10.04753806,7.261842427,2012,298.0410558,300.3183973,0
-28.12069289,-137.2179116,10.04481434,2016,299.3141811,300.8868191,0
28.3956446,141.5299386,10.93055144,2008,299.4883897,302.3709871,0
-27.01198303,-114.9742166,19.77772496,2001,298.3043144,299.3435508,0
13.83397623,44.76078956,7.891015309,2000,297.624813,301.7748164,0
-22.2545603,47.85558428,21.88226666,2021,297.3434715,297.1933839,0
-19.89552306,82.0281125,6.328428849,2019,297.358985,299.4402301,0
21.03709251,-152.3979425,11.31052559,2001,297.0337076,299.5527435,0
-28.52063666,147.1293959,16.0338188,2013,297.606522,299.1092996,0
26.41405157,69.44729456,26.16094712,2012,299.6523838,300.1464147,0
6.95428402,104.2806466,24.5476511,2023,297.0554972,300.7903648,0
28.83241824,167.6252602,5.667173325,2007,301.0435117,298.1871022,0
20.79864386,-30.69625091,2.048427156,2008,300.5130659,301.6587581,0
2.403942917,-30.86033487,29.33830429,2009,301.1058913,300.079774,0
7.883380897,-92.84437536,13.54465369,2017,298.1046817,298.0230464,0
-14.71447229,-70.22353043,11.44189931,2005,298.6467703,298.7778492,0
-14.37641918,91.00545163,11.60575986,2017,300.4894197,301.5522367,0
-4.338425453,50.80300742,28.65359449,2007,298.1422625,302.0148557,0
-19.50964264,120.3922245,5.356231969,2013,297.8279745,302.076972,0
3.900496959,-61.46141791,5.069360474,2018,300.2271514,298.5101498,0
-28.05112068,115.5071897,8.996159472,2015,297.9119343,297.8469339,0
12.44771941,170.8818824,7.759728055,2014,300.3548982,300.0826042,0
24.88174461,62.79878569,12.70825712,2024,301.8543794,302.1944088,0
-23.96658274,-82.13546377,29.39488361,2001,300.594584,301.6165397,0
26.66927279,-81.74817809,5.920171356,2014,298.6330188,301.529744,0
-8.505500998,-144.3530078,22.98421552,2005,299.2072899,298.0591685,0
-8.634619575,-118.857804,4.082868818,2012,297.7040974,301.15353,0
-17.12758673,171.8600196,2.510586451,2012,298.1265169,298.657837,0
-17.94775586,98.73380464,21.66476035,2009,301.5957734,297.1000978,0
18.13068597,160.8825691,1.929871123,2013,299.8909707,297.5018781,0
-3.813096071,29.44485532,16.14013356,2008,298.0803755,300.6014622,0
11.09126875,155.680544,5.257110024,2002,297.3652902,300.0350552,0
-23.70364918,-171.9551562,5.973876932,2017,299.1683551,302.0868534,0
20.86549789,-44.40965335,17.64351496,2001,299.2657782,300.5958973,0
29.70316515,157.6141075,1.124170977,2010,297.3656994,302.2417562,0
-13.09045925,-42.46746105,3.65750795,2014,299.9655963,299.807833,0
-20.44223445,-46.01271706,20.51042613,2023,298.4454785,297.248763,0
-29.88763536,-53.76625814,8.002462618,2017,299.5862671,299.9162067,0
-14.15837426,51.40176811,21.39803988,2021,300.2620828,299.989192,0
-24.05661395,-65.23258977,2.486839641,2001,300.0889789,300.8104462,0
1.927191612,-23.67478922,12.2326692,2023,301.346555,298.588492,0
-6.750157286,45.63971066,17.05038269,2004,299.5879782,297.5126766,0
-27.24419807,-139.8228482,6.427205912,2004,301.6702515,298.2960328,0
26.10972064,163.7668472,28.80823354,2010,298.6814765,299.0095756,0
-6.184423163,115.7545376,3.349431892,2015,302.4779508,299.7948652,0
-9.287758138,-113.0753838,1.13919492,2016,297.5475142,298.6852642,0
0.0518965,-96.58776306,16.71422835,2021,301.6218493,297.8156595,0
21.32016782,63.0517876,5.936757941,2008,300.4735442,297.432899,0
-0.818993093,-104.4869346,6.773795428,2005,301.6179616,298.9820797,0
-4.385874761,173.4904024,23.73357878,2009,297.0323376,299.1345303,0
-13.34324982,25.33543213,8.264744641,2017,298.4875801,297.2564975,0
-4.0591357,117.880465,1.715246961,2009,299.3815271,300.5563398,0
-13.68422775,-41.72154672,22.29033832,2016,298.2921106,297.5518208,0
-21.10304773,72.73284065,22.04700739,2006,298.8484311,297.9337732,0
4.845665517,-5.875039527,22.13619027,2007,302.4509694,299.3728731,0
22.18794922,142.7435408,25.24420299,2022,298.9077136,297.201134,0
-18.81516917,88.83736006,10.43860067,2007,298.0130809,298.5830079,0
-15.09566369,66.52634477,6.416541892,2009,302.2733265,301.7424945,0
-19.92643849,-62.34468975,6.001103356,2023,299.3023386,301.6760582,0
25.93834096,36.44498087,5.159197474,2005,301.2435246,297.3556605,0
7.267517945,-95.28280165,17.16802968,2013,300.9581029,297.1217077,0
3.890706133,89.09746412,13.89413196,2018,297.6283665,300.0210125,0
-29.91998163,-63.41413293,7.378095101,2016,299.0869496,301.6097289,0
-11.21033143,25.23718496,19.80430813,2005,299.9503625,301.5944929,0
6.947553126,48.16383104,16.68987838,2001,299.5534872,297.1101891,0
-21.54123978,64.38469861,22.6763865,2020,300.4998937,299.7505078,0
-23.80197133,-108.8467988,14.90932673,2012,301.0265404,300.7586375,0
-13.17237079,62.55451773,27.9036518,2003,298.8101553,300.1429126,0
-15.26989134,54.56841407,25.13559135,2007,298.0048215,298.7118489,0
0.593554544,130.6897013,13.08343241,2012,301.7100575,298.70509,0
-6.434988988,-51.63975947,25.15281845,2005,297.304381,301.4542939,0
29.05052911,116.6505453,17.09428471,2001,298.0867152,299.3689414,0
0.102179051,144.4280839,8.564219721,2020,300.5433277,297.1118746,0
13.47788021,-167.2013241,29.92405268,2023,300.2524698,298.2640679,0
-1.278792151,-33.81253475,26.32162142,2019,298.750521,300.4162337,0
-20.14418018,124.5532653,24.55967204,2012,300.2366739,299.9546306,0
17.1520114,20.1135947,25.8558185,2014,301.4329042,297.9862203,0
18.78706752,158.5668668,10.73513013,2001,297.8839357,301.0326264,0
-4.118072617,-19.45250265,9.949622767,2019,301.8217374,300.8542875,0
9.343468476,84.12784534,11.61362013,2006,298.2712719,301.889454,0
-26.70279277,-116.4190707,16.91286856,2017,299.0398967,301.0175669,0
-5.359425103,-79.32189347,18.68199738,2003,299.5873774,298.4660257,0
-9.307572978,53.65600822,26.60154217,2011,298.9499931,302.2331249,0
8.236788607,103.5726778,21.29330226,2020,302.0451673,299.5269131,0
-25.34004829,165.5016617,26.49077693,2018,298.7172899,298.5675985,0
13.83192785,-80.35917067,21.72562926,2017,301.3830136,298.9057228,0
16.46391222,-85.51573093,10.52917273,2021,298.1213309,301.9655486,0
-13.44335116,-28.41429665,6.866350314,2012,298.8427704,301.282002,0
21.32496928,-23.18166091,11.96698262,2009,298.138897,299.0736952,0
-29.51650267,93.10953021,19.15071269,2017,300.1692618,301.5728959,0
-18.69631396,102.4236488,18.28872114,2006,299.7164024,300.4027804,0
-26.06454812,73.82877415,16.76254683,2007,302.4481087,298.542168,0
28.53259162,-114.2886416,11.47173885,2013,298.7704024,298.9083189,0
-17.4968878,-19.57655084,2.507809511,2001,299.4335901,297.8549876,0
5.756495744,-89.80400726,10.68141987,2023,299.7696998,298.0466671,0
22.57826538,26.01640399,6.571121537,2013,300.820696,297.0445552,0
7.002739846,-146.2590482,23.64706221,2011,298.1840003,298.5368934,0
-15.53809573,-0.892796237,28.39225074,2013,297.9208262,298.4604458,0
-3.273979483,76.40960106,11.90063469,2011,301.3160431,301.4817686,0
25.63995691,73.00596953,8.109464437,2008,297.9031933,297.3078916,0
-22.739057,154.7945219,17.00077561,2021,298.7624746,298.0930517,0
21.27817241,-110.0404284,5.686677837,2022,297.254943,300.0231832,0
-1.980512766,154.023216,8.462917657,2003,299.2624044,298.3385334,0
-22.24896493,128.6693448,17.19001921,2003,297.6723912,301.8086339,0
-26.42162492,-65.61700322,29.74339771,2024,299.2234449,299.165219,0
-11.83467776,-14.1610519,8.30102221,2017,299.1473283,299.0975266,0
-14.23814209,-163.9043012,8.772260527,2015,297.2897033,301.8902973,0
-16.84893926,64.27412792,17.8939992,2022,302.1731985,301.9494118,0
-9.115435326,-139.8479975,21.42048777,2000,298.190437,301.4161141,0
-6.02169105,-111.9910117,23.01060677,2023,299.1831263,300.2128895,0
14.27467999,-66.18575096,15.0332013,2022,299.359764,298.2472325,0
-2.647044695,163.1717481,25.66313462,2015,297.1637943,302.1343837,0
1.604984993,13.62161633,23.64082188,2007,299.6504916,302.327646,0
10.32892122,-124.6517885,4.863575692,2001,301.2565878,302.3450343,0
-8.463914385,-34.10295472,27.26170571,2015,297.05257,298.3042238,0
-15.89827277,-28.0781097,27.69130511,2022,297.8589753,297.5792191,0
11.00496794,38.16362655,11.42072078,2009,302.1657327,298.0268444,0
-18.09595625,-9.914281613,15.256787,2000,297.8137511,299.0798515,0
11.02384161,-97.76935554,13.26741894,2015,298.6404144,301.1040477,0
29.40991274,179.934019,16.4709127,2000,297.6042287,299.3357592,0
-28.93289152,-167.9186946,15.00564753,2009,301.6480901,300.3118487,0
-2.764022295,-33.14326642,15.42011893,2023,297.265864,301.7975136,0
-4.929476299,21.52326855,1.636651554,2015,301.9650725,299.9880292,0
4.63869799,73.80619647,8.676151997,2004,300.7071262,297.5743235,0
-2.756279717,-2.60624736,12.05877233,2001,298.8565649,299.7459612,0
10.48085049,168.5646445,5.180734545,2004,297.0078002,300.0798028,0
5.439313597,169.9376273,11.48287169,2015,298.7550498,301.6905902,0
-16.79429758,-115.1114266,1.452615663,2009,299.5918018,301.8199366,0
-3.372309541,-77.4328957,26.98445017,2007,301.1688644,302.4881002,0
24.00177423,153.3823432,24.14791095,2021,300.0718388,299.0529395,0
23.32296568,-16.87092067,10.14192022,2010,300.8361006,297.2873402,0
2.054905375,-71.54517677,9.264079706,2023,297.003517,299.5666348,0
-0.805998984,130.7271297,14.00724263,2016,301.1966067,297.9271303,0
7.888414028,-149.1608901,28.45915453,2016,298.87372,299.1403825,0
15.35240156,-153.7258537,26.08990559,2010,299.7467251,299.6110028,0
-23.39872542,21.54279441,8.160578358,2008,299.718509,302.1531555,0
-29.93228265,141.9256187,10.02031427,2008,298.0413356,298.1633628,0
3.413438296,103.3403954,10.11513148,2017,297.5621622,297.7857214,0
21.72111834,-36.38240249,5.908878643,2020,302.2478455,302.4475615,0
18.45957609,-112.2536991,7.147464103,2023,302.0896269,300.0715848,0
-14.98773078,-105.7349466,4.94249146,2021,302.0023906,301.5532871,0
-20.18148952,133.6213195,8.895178555,2004,300.7403128,302.1610831,0
8.302291774,-48.90304865,14.0349246,2012,301.0154134,298.1710451,0
-25.27307574,-80.31539169,8.218053171,2000,298.7501374,297.8022252,0
27.29035258,-152.4988018,3.778355318,2006,301.5059907,301.2597726,0
26.26195597,-129.0230728,11.89609045,2009,299.6956131,297.4762305,0
5.546726447,93.15495025,6.530800337,2012,299.9213072,301.9158308,0
-14.59573352,-93.50471678,8.632582621,2012,299.2303664,300.1282301,0
17.43957156,70.97033302,29.87008662,2009,298.4060312,298.6336113,0
16.11228582,-26.06166452,24.7607041,2024,297.4661771,301.0788486,0
11.60555052,-89.7105123,8.332179712,2019,302.4652906,297.6889718,0
6.79639616,-108.1948803,8.612779586,2021,301.9976056,301.446823,0
23.68005746,-175.8144235,29.01118676,2014,300.2819839,299.1394071,0
23.3854689,-71.28651129,13.5294798,2005,297.6779059,301.4317011,0
-29.44546113,-67.49803549,6.057905753,2015,298.7158812,301.4960594,0
-22.66362884,-114.196128,28.57440832,2003,298.3594611,302.3556152,0
-6.170850003,35.63643263,8.004741569,2013,298.030255,301.9034655,0
-29.55579248,114.0552095,15.99157251,2008,302.4609692,299.1760575,0
7.473518155,166.6713393,25.1145142,2018,298.2156933,297.1545593,0
28.77683335,172.940947,11.96609878,2006,299.344545,297.72058,0
11.93910649,-15.75358414,16.40319434,2024,302.0704906,301.3491516,0
-17.95530305,-31.852361,18.42443035,2008,301.7820251,297.3974961,0
22.55314328,8.742954015,12.83973644,2010,301.1415561,302.0255462,0
19.97410337,-88.60408261,10.60760631,2004,297.0784912,301.971461,0
-27.33934725,-63.92114251,17.50606894,2012,300.5374824,301.8521683,0
-5.870971428,-156.0160485,15.96547385,2010,300.6972396,302.2306811,0
-0.86350092,-12.17151714,19.98295921,2022,301.3230027,300.9129983,0
-21.14184216,-15.81582781,2.118999823,2019,300.755605,301.2041956,0
20.39157436,-74.81635078,27.99982929,2001,301.1837538,297.2653427,0
-7.702619379,-81.71159337,12.19784104,2008,298.4018508,301.4749533,0
7.11581769,121.7336995,15.95634946,2007,299.8725344,299.839808,0
11.49422267,-162.7469367,21.58698716,2021,298.0895979,297.2698237,0
-23.48833257,8.888882911,22.99384737,2016,301.0507181,302.0893136,0
-3.189946169,-117.6748419,2.386520847,2016,301.1025717,300.4434251,0
-5.052273638,167.3109118,22.31489671,2011,301.5736322,300.2529746,0
-8.514881886,141.9220954,3.035701731,2005,298.7037876,301.8015347,0
-9.785169805,43.09050795,9.29189923,2024,301.7389793,297.8290282,0
-13.26974499,-146.3427498,7.115457378,2004,301.0856928,297.1259619,0
27.53804077,-56.00112981,6.50358791,2015,302.4873292,301.1436346,0
28.24745943,103.3564077,28.93287659,2000,302.0444649,301.0784708,0
-9.870467642,-49.34203948,15.68838679,2010,300.175696,302.1342603,0
-27.90108759,96.92323327,21.95909106,2003,300.5938838,300.7706727,0
11.11143642,-170.2853871,27.07454092,2021,301.209436,301.9261807,0
17.38272055,-109.7039033,18.39090311,2000,297.2210928,301.1904269,0
-24.0246811,-37.16966671,4.004944842,2007,298.5658388,302.2796511,0
-7.254796617,-176.5491695,9.231538302,2013,300.6285048,300.1632373,0
-28.14617265,-107.4877528,8.7595747,2020,301.7410974,299.3338598,0
24.941481,-0.742300778,12.56626183,2011,302.0075939,299.7654927,0
-13.85916413,35.44623297,6.848471611,2000,302.0394896,299.1360178,0
5.784601595,0.250786006,29.46670901,2020,302.1239579,301.0530226,0
11.63922419,-58.7340011,4.016500302,2022,302.1934639,297.1061743,0
27.92332222,-126.2657171,24.76370437,2004,297.9721813,300.2563537,0
2.407002562,-2.193842193,15.88926508,2013,297.0860602,297.3540619,0
-24.02033084,-29.16227329,24.62908901,2009,298.0492578,298.7653498,0
-4.839180364,33.81747979,26.03700803,2013,299.8818581,297.7418117,0
-28.44106238,-124.9899086,19.17875502,2008,298.04333,298.8581964,0
-25.32779614,-110.9882624,27.42682388,2014,300.5938756,299.1142491,0
10.35892437,31.92901933,7.481463876,2004,300.0917945,299.5590321,0
9.403872373,-127.1877927,25.38682194,2017,301.9023898,299.4723664,0
2.988315562,142.7692809,9.697478406,2010,298.7850355,301.3928752,0
-17.36126414,16.40676483,6.215596304,2001,300.3402853,297.0013237,0
18.32842408,-61.12355878,10.28603154,2019,298.7928847,300.0963983,0
-18.76928346,108.2245163,29.19253878,2009,298.3761391,300.9829345,0
4.501527376,-140.6919613,6.167696377,2004,302.2613031,299.1520227,0
-4.791926749,168.8046182,21.14362074,2018,299.8889374,300.8607168,0
28.19623263,-23.41960905,12.77499199,2012,301.043137,298.5972601,0
-11.79127812,101.8744738,9.604482386,2004,298.591594,300.5279594,0
-18.84287412,-71.02419512,15.09530716,2020,298.0280024,299.9811946,0
-13.05006979,-63.5517595,11.19431321,2010,302.4227893,297.1734405,0
9.749812391,-46.35804681,19.73429844,2014,297.7336147,302.3866765,0
-14.53404679,-14.81711774,7.27181717,2012,298.5399315,297.1584075,0
-5.110159687,-23.92448299,14.54804987,2012,298.698641,298.7340428,0
-26.36686463,67.25563776,17.46695665,2005,301.0254731,300.0850999,0
-16.53448665,3.681657792,16.10416299,2015,300.6300143,298.589268,0
-21.5553982,-123.6116948,19.54233569,2024,298.3615712,297.5719756,0
16.17697064,-64.75498215,25.37428274,2014,300.3375729,301.7340071,0
-29.07510249,-141.3951114,3.684705945,2001,300.755552,301.9357383,0
-10.04559049,160.1600494,1.393866049,2004,297.9373826,298.9385453,0
16.45029,-169.0479668,20.51556161,2018,302.3713865,298.1898093,0
-21.55200527,7.453361534,25.04209083,2006,298.418285,297.5182231,0
-11.08876259,135.0673968,11.06783835,2006,299.3835947,299.5240409,0
28.17432311,-73.38439143,19.19240962,2006,297.336304,299.6913196,0
18.80059974,-144.4489313,3.018163574,2000,300.3900346,298.2849078,0
2.543637856,-100.0054055,5.260767786,2011,301.216838,301.4656824,0
18.79573808,51.37817571,14.28242411,2013,299.2230567,300.8602053,0
-27.67172856,164.5647104,2.342116505,2008,301.8035319,299.1383732,0
-22.85399654,-151.0404479,5.538729073,2024,301.7176743,300.0299246,0
-5.357436246,121.7848298,29.44760212,2013,299.8699864,299.966889,0
1.064439426,-176.8410882,1.050019841,2005,298.7655739,300.1661377,0
5.648135038,-66.57421438,11.14571866,2008,302.3674134,302.1649472,0
-13.68670068,3.519664093,6.088194136,2006,298.1489909,302.2118357,0
22.93617387,-92.02257132,3.772218353,2003,297.2213462,301.1428003,0
-4.47868354,178.3977353,3.82037226,2024,299.9357702,302.2540741,0
-12.01849405,-75.9632645,24.18825732,2009,297.8341683,297.4508283,0
-4.103068958,118.1962687,14.72921279,2003,300.9534785,298.2390889,0
-20.0235379,120.5835344,11.4000788,2016,298.674439,299.7508145,0
-4.658887638,-118.1395595,11.38625913,2000,300.8069885,299.784316,0
2.299759756,87.34742885,8.171752166,2016,301.9126362,300.5009947,0
11.36040694,60.3386027,14.0343166,2023,299.958401,298.952852,0
28.67856716,73.38696665,25.11033439,2022,297.0695343,298.1948561,0
-26.09176568,100.88169,22.92035038,2009,299.934996,300.8265989,0
16.44125538,-164.5429842,13.41159899,2024,297.4626055,297.9972922,0
-1.4521911,55.28345497,5.230204682,2007,300.5019646,301.8697403,0
10.70811699,114.7877859,17.34957073,2017,299.4091748,301.2678565,0
13.15611036,-134.4503109,2.416407076,2009,297.4390709,297.8158655,0
-28.67200347,46.20109151,17.88874633,2018,301.7509543,297.6780752,0
20.747308,-63.27003757,18.20389393,2017,297.7275604,297.6276312,0
-15.56927746,-69.59929309,28.88579016,2022,299.5203576,297.2066509,0
-0.464615617,143.4403923,6.523054513,2022,297.7874059,302.1979356,0
29.20864091,-163.8325813,5.360030367,2001,299.3204806,301.6490846,0
11.78075737,97.65112046,23.98213524,2010,297.3060242,301.4054223,0
-14.43695874,29.5091307,13.8676148,2018,302.2363213,301.3456023,0
9.575809624,128.3703999,3.193695739,2024,298.4188396,301.1620649,0
16.51411368,-34.23700928,28.5783746,2004,300.885913,301.182761,0
1.39068059,152.7255723,24.92612841,2001,301.3174955,299.5002093,0
-0.455352797,-112.90702,20.16595656,2007,298.6397863,297.8202431,0
19.77138993,121.14727,24.62073108,2016,298.5834825,301.0459154,0
16.53114483,111.176316,17.55210626,2006,301.1892196,297.586286,0
-22.98771683,38.02492895,29.52209511,2006,297.2862882,297.2098448,0
-4.210938112,-157.2929372,23.88517459,2010,297.1597133,297.2227538,0
6.760111784,110.2002544,13.69618641,2011,297.6053201,300.3542605,0
-3.401592398,-159.1204844,16.79925737,2012,300.414808,302.3308317,0
-18.16270148,162.3926446,16.61184522,2012,299.7108174,300.4830593,0
-19.00615688,-176.8081399,10.99804543,2005,300.0062684,297.4855301,0
29.75138575,143.0267719,1.611339152,2018,300.4565732,297.2359336,0
-19.7456826,-24.20968712,11.33260475,2010,298.8717457,298.7740758,0
-4.533966669,-127.5956069,25.10302997,2021,299.2008225,301.9173004,0
-0.202571156,15.93140737,28.73844562,2016,297.9320669,299.6026827,0
28.27777365,-45.94813264,11.77562015,2001,300.3112952,300.4922454,0
-27.43300314,179.96136,11.55366773,2008,298.3384387,297.2206412,0
29.12624306,-57.4377496,10.04717473,2014,302.0727907,297.196562,0
16.00343178,61.4556822,2.437964145,2005,299.8328319,300.8034382,0
-25.3481153,109.9003627,5.042699818,2020,297.4428411,300.0898882,0
-29.18373627,-31.71661286,3.128136483,2010,302.0148802,300.9451284,0
-23.6824285,-93.80156638,6.418621564,2015,298.2953448,298.344417,0
7.003796123,-65.26704385,20.63772342,2018,299.4491212,298.9030133,0
-2.927675507,89.48123484,27.16438831,2000,299.8826135,297.1805949,0
-1.895427299,138.7018185,11.48611773,2018,302.4454799,298.7737347,0
20.57737369,-115.0936341,2.824049471,2019,299.1679375,297.9355879,0
-0.305303713,-10.30746395,28.73151674,2019,297.0690151,301.0008966,0
-11.44753581,-45.10642681,14.60398627,2012,298.9125688,299.1992228,0
-8.351590425,117.4893157,14.1120326,2019,299.4219756,297.7835473,0
8.438335279,98.26441645,19.50517611,2000,300.3634238,298.3170563,0
22.04424679,-62.24412046,10.54282169,2006,298.009596,298.5668875,0
-5.002088993,-52.69036927,16.22143932,2013,301.1499114,297.956407,0
3.909138281,148.3919642,29.08243366,2008,301.6792921,298.4135343,0
-5.574482631,-0.515081893,16.46647844,2005,299.2094376,299.5212278,0
20.91766792,93.11349339,18.44137097,2023,297.8199936,302.4176861,0
23.35712772,97.67290796,12.93383648,2013,301.2107454,301.8608288,0
11.96225741,-57.02318606,13.56213442,2007,297.924536,297.9036091,0
-22.16481855,-115.3507577,6.877957875,2013,299.5439369,299.3041746,0
16.76017592,-52.22089278,29.49391408,2009,301.7262082,297.7407115,0
20.8587088,33.37222962,28.00765803,2022,300.0563695,299.6660775,0
20.10179768,156.9506705,29.68698925,2023,302.4500461,297.8575944,0
-14.78701344,-147.9541951,8.880416978,2015,297.9986763,302.3032111,0
4.732382614,7.959796941,1.255855079,2010,300.7245455,300.8379258,0
2.156159588,138.6824343,8.308427277,2011,297.3665849,301.9402162,0
-11.22073715,31.52030471,20.70015066,2012,301.8880468,299.5540368,0
0.967475052,-60.20506248,9.023428323,2007,300.5929188,298.7274256,0
-18.47224037,60.15097848,17.66159372,2020,300.3144811,298.0149428,0
-13.60778964,-32.76485866,21.27803932,2013,301.1350854,297.0967587,0
-13.91929607,-44.85772057,26.58490089,2021,298.8384486,301.8468724,0
6.894605148,116.050865,16.84209404,2015,299.9832557,299.0411142,0
11.84994216,-8.714234975,25.24727134,2015,297.1270482,299.8408185,0
-0.944816626,-20.52304608,9.767969093,2002,298.8161837,299.9459741,0
-21.77380872,13.8513516,5.230788148,2015,302.0506651,301.7205385,0
-18.05734165,135.2385446,7.066397772,2000,297.4470429,301.8420329,0
-26.90998203,19.77944013,23.61163423,2000,301.7988628,299.8858915,0
-28.66497888,78.01689946,4.196754353,2013,302.1300275,298.6822196,0
-27.0823517,63.22599637,23.8183929,2006,301.5617012,298.0493575,0
18.43078621,56.69786133,6.589561709,2007,298.481527,298.5621941,0
-22.55982032,151.8673226,6.015013925,2011,297.0660504,299.975059,0
4.419995853,149.1151643,15.67415471,2019,299.5940904,298.4789737,0
-26.63825201,-32.8832344,2.525152666,2010,299.9305367,300.4365273,0
29.2851994,-22.16920871,2.921386212,2010,298.0449808,298.8889436,0
6.809566311,-145.5529654,11.28246681,2015,300.3535224,298.5089106,0
11.91428911,-124.9738906,4.132734261,2002,302.1283528,302.3313157,0
-22.47726695,-122.1991881,20.62536426,2006,298.7129339,301.4012882,0
1.393891672,-112.2665945,3.98262019,2017,301.9007784,300.2652129,0
18.35433882,-26.12481438,4.288551493,2007,302.0625409,301.9610143,0
27.1246398,123.159104,18.21109416,2008,298.0920382,299.8974161,0
2.232490764,-21.66453438,23.38487224,2015,301.1881713,299.7370494,0
-13.50771431,63.9407432,2.114559826,2019,299.1913384,302.378228,0
0.453614947,18.81639088,21.65851724,2001,297.3589035,301.7268242,0
22.10792047,-10.05197952,15.91200806,2013,302.379188,301.5645727,0
9.542047985,84.9587358,28.15801419,2012,301.9270907,302.2592441,0
22.77379426,28.81567991,13.89356238,2000,302.186255,301.8938839,0
1.419579724,13.32262317,9.958690138,2008,298.9983358,300.4626207,0
10.43027767,-104.1523499,25.2712265,2010,302.3585816,299.1468695,0
24.5798983,-98.80056122,6.487061154,2018,302.1719161,297.7733319,0
-25.72939207,20.77371429,9.418627008,2004,297.7207047,298.8874701,0
10.54708522,-144.7115614,4.690292914,2022,298.3154724,300.2455137,0
-3.402840835,-19.18023984,11.51936279,2018,298.2048664,299.7407859,0
19.47694436,113.8803836,24.0341408,2016,299.1639648,297.7251859,0
0.461029478,69.27852691,19.2753815,2004,302.1232274,299.4793765,0
10.18722019,-83.20207958,12.8986451,2019,299.390313,299.2975491,0
15.61233747,-117.0587104,10.81899319,2023,300.6605601,300.5602626,0
-15.21772001,-37.85149241,20.81580593,2012,298.7355111,298.1851709,0
5.621758729,-155.8090447,21.72170934,2017,298.9523132,301.9097271,0
0.130868492,52.47538225,7.077775976,2006,300.2336355,301.6329623,0
-12.92634961,27.17110004,4.573805372,2009,301.0258231,297.2356053,0
10.54745782,-30.7115445,4.598809407,2022,298.0682811,299.2855774,0
-6.939658322,85.8209893,23.45225119,2018,301.523151,299.2727247,0
-29.1425538,83.71181855,18.29443299,2024,298.1014639,300.1857165,0
-2.001937803,-28.85803835,26.80169788,2006,297.4143926,302.206513,0
25.23211387,66.39576825,14.56888332,2011,301.3491147,297.4151285,0
-25.88394091,13.45818328,5.643718965,2023,299.3271239,297.7546948,0
-20.36907508,-152.3121701,6.947718858,2007,297.1609416,298.6056148,0
2.710410434,-80.15968582,16.97886322,2013,298.4166225,299.9914413,0
14.37306892,37.80110208,12.37170779,2014,298.3540305,300.683729,0
-10.57702717,3.297286515,20.54061023,2021,301.9900926,302.0656623,0
2.1064068,4.143011316,8.7046755,2013,298.3785434,298.2605188,0
-15.00863339,12.81941984,17.87685027,2013,299.1231708,302.096184,0
9.117260699,148.5577425,25.17069095,2020,299.0177762,301.1845707,0
-0.87762629,-107.6099442,4.60827793,2014,300.9865726,301.8608779,0
25.13976978,4.160230747,19.24273103,2006,298.6534756,300.1424336,0
-21.00137855,102.208457,10.64098383,2020,301.7982532,298.8290962,0
-22.03907721,112.1611287,20.54448963,2017,299.7676257,301.2280414,0
22.65273255,-142.6385059,12.16083161,2004,299.7618165,301.7440626,0
10.2898002,123.2827474,8.261580102,2006,299.7114584,298.1467196,0
-20.22920548,-164.7540909,17.20569981,2012,301.6851171,298.985343,0
-21.26087454,-60.35861512,14.20266607,2021,302.4475942,299.0584546,0
15.64810031,-17.01884641,24.00700001,2004,301.8873467,300.0825201,0
5.003392222,-7.897483939,16.92026441,2000,299.1924593,301.1706814,0
9.053009107,-115.9925981,2.485946693,2021,299.1806149,297.8452188,0
21.75118837,-108.729628,27.70225431,2010,301.0853496,300.0084772,0
-14.60239177,61.59246282,28.77946398,2016,297.3715516,297.9428771,0
29.06287876,-11.32309808,26.15301964,2000,300.9087833,301.566278,0
8.106032249,145.8095751,21.24130537,2023,301.5763415,297.4604827,0
16.38832037,-144.0227136,26.55448787,2014,298.4927825,300.5520917,0
-16.12578376,149.8914384,12.77527336,2010,297.2269836,302.0536907,0
6.544899301,110.6331483,12.13237365,2023,297.3050613,301.8281428,0
28.397223,-71.09044517,21.11190378,2009,300.5292758,300.943373,0
4.956056207,-128.4083869,13.91675743,2019,301.2127699,299.4959875,0
7.81704237,14.24722664,2.51686739,2002,299.5947193,301.0912418,0
-21.59764612,61.45902925,7.853454511,2000,297.0707164,297.6048858,0
