Latitude,Longitude,Depth_m,Year,Sea_Surface_Temperature_C,Degree_Heating_Weeks,pH,Salinity_PSU,Turbidity_NTU,Coral_Cover_Percent,Marine_Heatwave,Bleaching_Risk,Bleaching_Label
-7.5276,-45.4893,22.17,2002,26.95,0.0,7.995,35.42,2.9,63.6,False,0.0,1
27.0429,-60.1516,6.35,2016,27.43,0.0,7.903,33.79,3.82,71.45,False,0.0,0
13.9196,-116.5846,11.05,2022,30.24,5.25,8.063,33.31,9.83,27.94,True,86.03,1
5.9195,38.616,20.24,1995,27.58,0.0,7.909,36.06,12.66,75.24,False,0.0,0
-20.6389,-8.4153,14.98,2002,30.0,2.45,7.993,33.03,8.59,45.11,False,49.15,0
-20.6403,131.6524,22.42,2002,26.33,0.0,8.109,36.32,4.57,52.41,False,0.0,0
-26.515,-168.4406,28.88,2002,26.45,0.0,8.158,34.35,4.63,43.25,False,0.0,0
21.9706,51.7925,4.38,2009,28.77,0.0,7.962,33.53,1.02,39.31,False,0.0,0
6.0669,94.6616,21.58,1998,27.62,0.0,8.252,35.02,0.58,41.88,False,0.0,0
12.4844,93.4152,7.68,2006,28.04,0.0,8.032,36.89,2.36,76.89,False,0.0,0
-28.7649,138.9866,13.02,2007,28.98,0.0,7.981,35.94,14.9,45.06,False,9.31,0
28.1946,82.4521,1.95,2014,26.55,0.0,8.122,36.04,3.35,81.22,False,0.0,0
19.9466,154.0116,4.94,2004,29.48,0.0,7.992,34.63,8.46,60.95,False,17.28,0
-17.2597,-60.2436,10.27,2012,26.65,0.0,8.081,34.8,2.99,29.29,False,0.0,0
-19.0905,1.1554,10.92,1990,28.08,0.0,8.033,36.37,13.06,52.77,False,0.0,0
-18.9957,-174.9313,27.09,2007,27.44,0.0,8.074,33.34,10.1,22.47,False,0.0,0
-11.7455,-177.4953,22.51,1990,26.48,0.0,8.055,33.22,11.26,64.0,False,0.0,0
1.4854,-93.5544,29.19,1999,30.47,4.63,8.088,35.76,12.33,46.43,True,100.0,1
-4.0833,-143.7094,18.37,2020,29.75,2.29,7.966,34.09,12.26,26.38,True,31.48,1
-12.5263,-86.3239,8.01,1996,27.12,0.0,7.927,37.0,0.6,39.39,False,0.0,0
6.7112,-116.2644,10.5,1997,25.24,0.0,8.018,36.98,10.24,68.19,False,0.0,0
-21.6304,-169.7328,10.28,2023,30.78,6.22,7.98,35.57,12.43,28.99,True,100.0,1
-12.4713,147.3495,10.47,1998,27.78,0.0,8.023,34.85,1.3,35.86,False,0.0,1
-8.0183,-177.0397,20.52,2014,28.63,0.0,7.818,33.03,8.22,48.29,False,0.0,0
-2.6358,84.9896,16.39,2016,27.23,0.0,7.914,35.41,2.99,47.13,False,0.0,0
17.1106,-125.2268,12.18,1996,29.32,2.44,7.921,33.36,3.59,70.06,True,42.19,1
-18.0196,148.4027,5.32,2021,27.0,0.0,7.881,36.62,12.71,71.83,False,0.0,0
0.8541,141.4065,1.64,1998,27.28,0.0,8.084,33.46,7.17,37.88,False,0.0,0
5.5449,55.4044,7.35,2006,27.8,0.0,7.919,33.4,3.18,72.46,False,1.87,0
-27.213,62.0043,4.12,2005,28.75,0.0,7.945,35.88,11.32,76.38,False,20.7,1
6.4527,-178.0779,23.78,1991,27.65,0.0,7.959,33.61,13.43,61.21,False,0.0,0
-19.7686,174.5538,4.26,2020,28.77,0.0,8.141,35.34,10.34,51.02,False,9.23,0
-26.0969,136.0197,22.0,2005,27.85,0.0,7.882,36.18,13.85,38.94,False,0.0,0
26.9331,142.2382,12.18,2022,28.02,0.0,7.899,33.01,4.65,74.21,False,0.0,0
27.9379,57.328,3.13,2010,30.35,1.83,7.991,33.61,6.77,51.04,False,57.03,1
18.5038,-55.8767,24.57,2006,30.09,2.16,7.884,33.71,2.03,41.18,True,38.95,0
-11.7232,141.7135,17.81,1996,27.27,0.0,8.196,35.22,1.56,49.92,False,0.0,0
-24.1397,-75.0539,7.84,2018,29.29,1.05,7.893,36.19,6.35,50.69,False,25.58,0
11.054,22.5762,26.95,2000,28.94,0.26,8.123,36.44,10.39,39.27,False,0.0,0
-3.5909,-144.0968,2.31,2019,28.34,0.0,8.023,33.25,11.44,31.38,False,0.0,0
-22.6777,151.904,6.85,2007,28.79,0.0,8.072,35.03,2.69,59.22,False,0.0,0
-0.2894,-129.3226,22.81,2005,27.44,0.0,8.056,36.48,9.4,54.74,False,0.0,0
-27.9367,-99.0371,21.57,1995,26.95,0.0,8.205,33.28,8.11,48.16,False,0.0,0
24.5592,20.9283,9.39,1991,27.17,0.0,8.057,33.1,12.21,60.49,False,2.33,0
-14.4732,95.0735,2.8,1999,28.24,0.0,8.087,33.19,11.07,36.28,False,17.78,1
9.7513,42.9665,25.88,1993,31.44,7.22,7.858,36.73,7.75,20.59,True,100.0,1
-11.2973,-96.4318,10.1,1999,29.81,3.45,8.23,34.6,4.07,27.05,False,46.36,1
1.2041,-179.6605,6.68,1998,26.5,0.0,7.945,33.24,13.22,44.28,False,0.0,0
2.8026,92.5742,15.97,2013,30.32,3.61,8.016,36.98,2.92,38.86,False,62.29,1
-18.9087,174.6746,27.4,1994,30.18,6.49,7.803,36.82,4.27,43.97,True,93.02,1
28.1751,111.5687,2.26,1993,27.0,0.0,8.132,34.67,10.28,54.24,False,0.0,0
16.508,-14.3256,23.21,2002,26.95,0.0,7.985,33.41,8.16,22.98,False,0.0,0
26.3699,145.3562,17.6,2021,28.86,0.0,7.868,35.97,2.01,20.68,False,0.0,0
23.6896,-32.4548,13.34,1990,28.71,0.0,8.064,33.24,7.53,37.78,False,2.82,0
5.874,8.9763,22.58,2000,26.97,0.0,8.063,35.51,2.21,59.34,False,0.0,0
25.3125,-8.2333,29.01,2015,27.58,0.0,7.857,36.05,2.08,52.42,False,0.0,0
-24.6904,-18.8554,7.65,1992,28.62,0.0,8.05,33.85,4.21,38.78,False,28.0,1
-18.241,99.0687,5.17,2002,27.59,0.0,7.972,36.77,2.99,69.3,False,0.0,1
-27.2864,9.6368,27.47,2021,28.57,0.0,8.109,36.98,14.88,32.76,False,0.0,0
-10.4802,-65.9818,20.4,2012,29.29,1.35,8.145,34.44,14.39,33.62,False,0.0,0
-6.6794,-87.0631,13.7,2012,26.56,0.0,7.888,36.85,11.0,43.26,False,0.0,0
-13.7191,-166.411,17.62,2019,27.44,0.0,8.144,33.93,12.67,38.55,False,0.0,0
19.7243,29.9503,22.62,1995,29.02,0.0,8.065,36.21,13.52,83.32,False,0.0,0
-8.5948,-97.2139,23.42,1996,28.94,0.08,7.965,35.96,8.18,74.68,False,0.0,0
-13.1439,-126.6718,27.68,2019,30.32,3.55,7.979,33.17,12.22,27.76,False,28.55,0
2.5618,55.3788,13.38,2021,28.7,0.52,8.088,34.04,13.59,44.95,False,1.53,0
-21.5445,65.2353,9.51,1995,28.48,0.0,8.05,34.54,1.23,71.85,False,0.0,0
18.1318,90.7758,19.55,2021,30.57,5.51,8.03,33.06,12.19,57.81,True,96.69,1
-25.527,1.2877,13.06,2001,27.41,0.0,8.038,36.79,1.7,68.56,False,0.0,0
29.2132,141.8597,18.24,1993,28.96,1.5,8.119,33.85,14.19,51.66,False,27.85,1
16.3347,157.0834,13.18,2021,27.91,0.0,8.031,36.7,10.25,43.45,False,0.0,0
-18.0771,110.6535,5.44,2005,28.22,0.0,8.173,34.76,14.98,80.06,False,0.0,1
-29.6687,48.8137,14.61,2004,25.96,0.0,7.953,33.51,6.34,45.71,False,0.0,0
18.9277,-70.6605,21.04,1991,29.4,0.0,7.978,34.71,12.96,39.46,False,20.6,0
12.4114,173.8602,24.18,1995,29.38,0.77,7.966,35.45,14.37,74.3,False,29.72,1
13.7404,-81.311,15.31,2003,26.0,0.0,8.069,34.9,4.76,75.32,False,0.0,0
16.2762,-107.0435,5.79,2018,29.54,1.79,8.149,34.27,12.99,56.95,False,45.06,1
-25.5573,-20.8245,13.03,2015,30.85,7.68,8.156,36.26,5.92,54.36,True,100.0,1
-8.4921,-159.5374,23.8,2007,29.34,1.92,8.057,36.82,6.57,60.79,False,17.53,0
-23.0479,172.258,12.97,1993,29.22,0.35,8.249,33.38,13.13,59.89,False,6.18,0
21.7862,31.8361,21.2,2014,26.71,0.0,7.903,35.2,8.32,60.02,False,0.0,1
7.3979,20.5028,15.71,2018,27.54,0.0,7.948,34.27,6.37,55.13,False,0.0,0
-10.1461,56.0867,8.0,2023,27.15,0.0,8.139,35.99,2.7,28.32,False,0.0,0
-26.1865,-1.0715,24.09,2005,30.92,8.56,8.076,35.54,6.84,25.67,True,100.0,1
-11.3411,-168.4571,3.44,2019,28.35,0.0,7.83,33.11,11.09,27.32,False,29.32,0
-10.489,40.4321,16.22,2012,30.47,4.19,7.991,35.54,10.5,22.51,False,65.62,1
13.7764,77.8226,7.06,2017,27.99,0.0,7.844,35.9,11.85,61.24,False,3.51,0
8.2534,-29.9703,2.94,1990,28.86,2.28,8.149,36.08,11.46,40.69,False,23.52,1
23.2328,92.6264,15.59,1997,28.64,0.0,8.147,36.56,5.73,49.76,False,20.45,1
-1.6671,-98.2795,15.49,2004,28.14,0.0,7.968,36.78,12.66,64.54,False,0.0,0
-22.8243,-100.3404,21.5,2023,28.95,0.0,8.254,34.07,1.06,36.51,False,0.0,0
12.7947,-121.8899,22.6,2008,26.36,0.0,8.093,35.65,0.91,69.71,False,0.0,0
15.6471,-46.0819,22.11,2019,27.27,0.0,8.027,35.23,14.36,66.46,False,0.0,0
3.6766,124.9243,12.88,1999,26.78,0.0,7.929,36.29,13.21,50.12,False,0.0,0
16.258,118.0483,19.32,2016,26.24,0.0,7.811,33.15,6.34,46.42,False,0.0,0
-0.3723,-42.1833,17.73,2009,26.57,0.0,8.019,34.64,12.72,51.18,False,0.0,0
1.364,32.0827,13.23,2014,26.99,0.0,7.854,34.37,9.93,29.23,False,0.0,0
-4.3475,79.4939,18.32,1998,26.79,0.0,7.998,35.61,2.97,36.73,False,0.0,1
-28.4749,-93.1656,28.47,2023,29.95,3.16,7.973,34.67,7.11,44.6,False,26.43,0
-23.5265,-119.4692,6.59,2010,28.9,0.0,8.19,34.57,1.42,57.88,False,4.95,0
-28.1142,169.9546,27.27,2013,27.38,0.0,8.12,34.5,5.36,51.13,False,0.0,0
8.1846,42.3206,2.55,1996,27.87,0.0,8.122,36.3,3.5,63.35,False,0.0,1
-11.1386,173.3097,9.94,1993,28.82,0.0,8.212,34.93,12.41,51.55,False,9.21,0
0.5142,-58.4078,9.36,1997,27.01,0.0,8.088,34.6,11.19,73.64,False,0.0,0
24.454,73.0914,19.16,2002,26.82,0.0,8.119,36.46,1.39,63.21,False,0.0,0
-15.0425,-99.8627,4.81,2010,29.14,0.22,8.081,33.01,8.3,42.3,False,21.65,1
-5.377,-85.9679,26.59,1994,28.33,0.0,7.981,34.28,11.03,66.22,False,0.0,0
15.3331,4.2848,25.03,1997,26.94,0.0,8.146,35.7,9.54,69.5,False,0.0,0
-16.2721,-64.9375,19.91,1991,26.54,0.0,8.285,33.42,1.28,53.69,False,0.0,0
-25.3812,-119.6562,14.29,2013,28.2,0.0,7.863,35.32,3.36,39.59,False,0.0,0
-12.6149,-85.3629,28.06,2005,29.8,0.09,8.072,34.8,6.07,65.91,False,1.89,0
-20.3267,-167.1306,25.09,1993,27.95,0.0,7.894,35.68,2.36,28.79,False,0.0,0
25.7819,73.5925,15.48,2019,30.11,4.84,8.128,35.12,2.62,43.03,True,87.8,1
18.4872,-2.838,21.35,2019,27.74,0.0,8.129,33.78,6.1,55.64,False,0.0,0
8.0042,-146.0725,17.44,2002,30.24,3.04,8.22,33.53,7.61,54.82,False,19.61,1
22.2876,-118.1902,18.05,2000,30.52,4.71,8.083,34.23,1.47,38.63,True,46.38,1
18.2203,-143.0876,10.6,2008,26.57,0.0,7.881,36.77,11.08,45.62,False,0.0,1
-18.8058,40.5334,14.4,2007,26.11,0.0,7.929,33.84,8.37,73.96,False,0.0,0
23.5535,-146.0843,3.27,2006,26.99,0.0,8.006,34.84,14.44,73.4,False,0.0,0
2.3605,91.5416,11.36,2000,26.47,0.0,7.944,36.8,4.57,47.13,False,0.0,0
18.4464,-172.6161,21.18,2004,27.92,0.0,8.124,33.81,4.28,75.87,False,0.0,0
23.7655,-90.2247,28.64,1997,29.53,1.69,7.904,33.98,5.42,24.4,False,14.36,0
-10.9198,140.64,28.93,2018,30.2,4.53,8.139,34.91,8.39,40.39,True,100.0,1
-23.3969,78.6713,17.12,2006,28.7,0.0,7.993,33.42,4.93,63.67,False,0.0,0
-16.3239,-153.7314,18.59,2015,29.57,1.36,7.821,33.32,4.9,54.88,False,22.15,0
-4.3735,115.6054,6.39,1994,29.13,0.59,7.975,34.21,12.96,50.99,False,8.75,0
19.0809,-2.5074,21.16,1993,27.18,0.0,8.187,33.57,1.91,70.99,False,0.0,0
21.6438,124.8419,3.05,2013,29.04,0.0,8.023,34.71,7.75,78.64,False,17.13,0
-29.5829,36.2663,9.26,2000,27.95,0.0,8.097,33.43,11.44,71.81,False,0.0,0
0.6448,65.4599,20.38,2019,30.28,4.0,7.866,35.35,14.37,36.49,True,71.45,1
-4.9553,177.6606,10.0,2022,28.85,1.59,7.978,34.97,13.28,60.92,False,0.4,0
-16.6735,-96.3592,2.45,2010,28.1,0.0,8.062,35.37,3.58,57.55,False,0.0,0
-22.8081,44.6204,25.12,1994,28.89,0.0,8.133,36.6,7.18,68.82,False,0.0,0
-9.7431,-14.2843,10.0,1994,26.34,0.0,8.221,34.38,8.93,69.14,False,0.0,0
26.5746,-165.7973,2.83,2010,30.29,4.4,7.966,34.07,5.21,77.28,True,100.0,1
-10.6078,-174.7906,3.17,2014,26.99,0.0,8.027,35.3,5.12,49.23,False,0.0,0
1.1274,-137.0777,8.3,1999,27.15,0.0,7.964,33.99,3.19,69.32,False,0.0,0
12.1811,53.673,6.16,2008,26.57,0.0,7.931,33.27,1.23,81.41,False,0.0,0
-8.1822,24.1787,23.45,2021,26.34,0.0,7.949,33.24,11.79,34.97,False,0.0,0
28.3069,19.2346,10.33,2007,27.46,0.0,8.046,33.26,6.99,47.6,False,0.0,0
27.7468,-168.5316,24.34,2023,29.39,2.69,8.006,33.95,13.14,57.07,True,65.3,1
-14.8931,-11.0509,6.04,2004,25.77,0.0,7.994,35.92,3.28,45.94,False,0.0,0
-0.1651,152.8642,15.29,2013,27.36,0.0,7.983,33.62,5.88,67.22,False,0.0,0
-11.9473,-36.8669,20.95,1994,29.31,0.0,8.122,34.03,5.65,38.03,False,0.0,0
-12.9096,44.9721,19.91,2021,27.92,0.0,8.034,36.44,9.28,81.49,False,6.51,0
-27.7868,100.7347,18.43,1998,27.55,0.0,8.009,34.75,7.58,47.78,False,0.0,0
6.5739,102.2131,27.82,1994,27.73,0.0,8.078,33.17,9.31,73.17,False,0.0,0
0.1607,6.9408,7.63,1994,27.54,0.0,7.924,33.99,5.64,78.28,False,0.0,0
-26.9113,128.8627,15.32,2023,28.05,0.0,8.064,34.2,14.15,34.42,False,0.0,0
-13.2812,-39.1039,26.64,1996,29.97,6.18,8.068,33.74,14.03,45.3,False,83.46,1
24.496,139.9296,3.26,2015,26.4,0.0,7.739,36.87,11.78,60.41,False,0.0,0
-15.6263,-93.5182,2.62,1990,30.6,4.68,8.049,34.63,14.94,21.16,True,99.82,1
-21.3063,-79.1221,7.77,2023,26.77,0.0,7.909,34.58,3.52,42.86,False,0.0,1
-0.6328,-160.8766,19.36,2015,28.79,0.0,8.063,36.91,6.77,54.3,False,12.73,1
29.139,106.4095,8.54,2021,29.67,2.37,7.938,35.2,9.66,54.4,True,56.14,1
-15.4767,-29.8601,6.52,2001,27.7,0.0,7.979,33.33,6.15,54.27,False,9.25,0
10.3281,-97.518,14.31,1995,27.32,0.0,8.02,34.77,3.8,61.46,False,0.0,0
15.6972,-96.5555,18.79,2009,30.17,6.42,7.949,35.62,1.13,38.45,False,77.34,1
-15.7417,144.504,8.21,2008,28.61,0.0,7.982,35.28,14.21,48.16,False,5.5,0
13.693,120.21,9.72,2005,27.98,0.0,8.084,36.38,3.84,50.44,False,0.0,1
-7.933,19.2711,18.79,1993,26.15,0.0,8.135,36.85,7.33,43.99,False,0.0,0
7.9383,41.7999,28.43,2021,29.58,2.69,7.932,33.23,0.82,28.73,False,22.23,0
8.0118,-9.2428,20.57,2007,27.91,0.0,8.085,34.02,8.3,56.26,False,0.0,0
2.1465,-39.0,23.7,1994,26.2,0.0,8.014,36.6,12.64,66.24,False,0.0,0
-24.5826,149.5717,11.64,1995,29.68,0.44,8.013,36.49,7.14,55.04,False,6.41,0
20.1181,-134.7794,8.9,2003,28.06,0.0,8.124,33.06,13.72,34.52,False,5.3,0
-10.7532,-29.3592,14.17,2007,27.63,0.0,8.096,35.31,3.6,37.37,False,0.0,0
-18.8089,-55.9577,24.41,1999,29.12,0.0,8.128,34.28,3.44,71.82,False,4.15,0
-27.5535,-0.6657,14.23,2012,30.26,4.52,8.085,35.12,9.18,33.09,True,79.64,0
5.4536,-15.2525,25.56,2007,26.43,0.0,7.966,33.88,12.25,22.3,False,0.0,0
10.6539,6.8002,29.67,1993,29.51,0.39,8.177,35.82,0.57,32.76,False,0.0,0
-29.0047,-129.6292,3.09,2021,30.88,6.05,8.086,34.33,4.18,50.4,False,100.0,1
0.7256,4.7309,2.32,1995,27.69,0.0,8.102,35.57,4.1,70.14,False,0.0,0
-16.4103,-92.7292,5.34,2015,27.91,0.0,7.952,33.3,7.92,41.18,False,0.0,0
8.7104,-113.6407,12.15,1995,29.01,0.0,8.138,36.85,9.45,83.65,False,0.0,0
-19.538,-156.6597,4.8,1994,28.42,0.0,8.084,34.01,8.37,39.67,False,5.16,0
11.4563,94.5549,26.25,2003,28.07,0.0,7.932,34.63,4.04,56.87,False,0.0,0
-6.7959,-26.1209,1.67,1991,28.42,0.0,8.296,34.52,13.13,53.22,False,12.57,0
26.2038,45.5917,10.16,2002,28.43,0.0,7.959,35.38,11.73,35.59,False,0.0,0
-21.7487,81.9336,6.36,1994,28.51,0.0,7.935,33.42,9.72,40.16,False,0.0,0
-9.536,64.554,28.01,2008,28.78,0.05,8.092,34.34,5.89,62.1,False,5.88,0
-23.1916,-10.6197,20.41,2009,28.23,0.0,8.032,36.52,5.26,30.1,False,0.0,0
25.4816,-40.3565,27.45,2011,28.75,0.0,7.918,34.59,11.26,54.51,False,2.24,0
22.6404,-44.6544,29.2,2020,27.38,0.0,8.12,33.95,2.28,55.82,False,0.0,0
-14.5235,50.4176,15.42,1993,27.61,0.0,8.109,36.61,0.99,49.73,False,0.0,0
9.599,-1.874,7.8,1992,27.42,0.0,7.991,35.34,14.53,72.98,False,0.0,0
19.0333,125.6876,6.62,2014,28.62,0.1,8.08,34.67,14.27,39.87,False,11.84,0
3.312,134.8927,7.46,1993,26.85,0.0,7.885,36.75,14.17,74.93,False,0.0,0
1.779,-118.5983,21.55,1996,27.78,0.0,7.979,35.79,8.44,64.89,False,0.0,0
-15.4889,-130.9559,2.17,1996,28.71,0.0,8.224,35.68,1.9,59.04,False,0.0,0
-24.4138,46.9443,2.49,2014,28.37,0.0,8.137,34.31,7.75,30.59,False,19.94,0
23.8329,-71.5587,18.64,2004,28.13,0.0,7.894,35.24,5.72,28.89,False,0.0,0
24.0251,-173.3145,19.62,1996,27.4,0.0,7.975,34.88,8.9,63.33,False,0.0,0
7.9861,139.9114,20.29,1993,29.89,3.16,7.946,34.6,13.55,52.3,False,58.03,1
-9.6582,-98.3157,11.78,2023,29.17,0.0,7.921,33.03,7.27,38.41,False,3.44,0
-9.0474,154.541,24.37,2008,25.92,0.0,7.892,34.18,12.35,35.95,False,0.0,1
13.5573,78.2764,16.48,2016,30.77,6.66,8.079,36.92,7.61,37.15,True,100.0,1
23.8266,94.5553,4.06,1994,26.76,0.0,8.062,36.12,14.3,43.77,False,0.0,0
23.2252,-107.4739,24.12,2002,28.53,0.0,7.861,35.46,7.34,66.7,False,0.0,0
16.7925,-95.69,28.64,2003,27.61,0.0,8.011,34.67,10.81,82.35,False,0.0,0
8.5219,7.6564,2.74,2019,26.67,0.0,7.963,33.31,7.13,55.85,False,0.0,0
-24.9516,-118.0441,12.35,1999,26.91,0.0,7.91,35.44,6.34,71.25,False,0.0,0
-20.3023,-70.0446,15.14,2021,29.46,0.92,7.903,34.09,11.36,41.03,False,5.59,0
23.9133,-64.2735,5.25,1990,26.59,0.0,8.061,35.3,11.3,45.5,False,0.0,0
6.3857,-122.5332,26.16,2013,28.78,0.0,7.969,36.79,3.65,45.77,False,0.0,0
-29.4482,-106.1342,9.24,2018,29.05,0.0,8.144,36.14,6.44,41.93,False,0.0,0
-23.9117,103.8787,23.71,1996,26.66,0.0,8.263,36.84,0.62,44.91,False,0.0,0
9.8101,-119.8095,20.46,2020,30.12,3.45,8.081,36.35,0.77,61.4,True,56.44,1
-29.6963,-169.7553,18.34,2006,26.2,0.0,8.216,33.35,2.6,74.27,False,0.0,0
-20.3515,46.5678,6.57,2019,27.54,0.0,8.064,33.39,11.56,45.32,False,0.0,0
2.924,171.3539,7.4,2014,30.41,4.36,7.903,35.71,1.59,52.75,True,100.0,1
11.5137,-60.763,2.37,2017,29.67,2.85,7.895,35.63,14.14,27.36,False,50.19,0
9.1177,-137.2839,7.98,1996,28.74,0.83,8.143,34.52,3.31,68.36,False,3.32,0
-16.5438,25.3394,11.02,2009,26.24,0.0,8.015,33.21,13.35,24.21,False,0.0,0
12.7308,146.2875,25.16,2003,30.13,6.18,8.05,35.86,14.28,29.36,True,100.0,1
-15.7651,102.2622,11.63,2019,27.18,0.0,7.963,33.42,6.7,53.31,False,0.0,0
-10.476,44.1057,22.88,1990,27.26,0.0,8.003,35.54,8.08,33.53,False,0.0,0
14.7895,-66.5797,13.74,2014,29.04,0.43,8.223,33.19,5.15,75.41,False,0.0,0
8.978,15.0769,23.76,2023,27.29,0.0,8.003,33.73,13.54,45.8,False,0.0,0
20.9534,-147.1519,29.31,1997,28.28,0.0,7.848,35.23,7.89,45.27,False,0.0,0
9.4568,64.4204,7.96,2009,28.58,0.0,8.084,35.39,14.73,47.14,False,20.27,0
4.0985,81.0346,26.01,2019,26.5,0.0,8.008,35.69,14.55,31.53,False,0.0,0
-24.3795,167.4114,19.03,1993,27.99,0.0,7.895,33.44,14.31,61.28,False,0.0,0
-7.9371,-86.257,24.7,2010,27.19,0.0,8.158,34.78,5.67,71.77,False,0.0,1
-14.0879,-173.3557,19.9,2016,30.51,5.55,8.117,33.54,1.69,55.16,True,100.0,1
-15.3606,16.419,13.29,1999,28.73,0.0,7.86,36.75,10.2,43.57,False,3.26,0
28.3806,74.4446,7.61,2012,27.53,0.0,8.174,36.34,13.16,52.53,False,0.0,0
-6.4141,104.5467,3.03,2022,28.08,0.0,7.987,35.26,5.64,55.56,False,0.0,0
23.5228,-110.254,16.53,2000,28.59,0.0,8.046,34.72,14.46,46.32,False,0.0,0
7.8683,-85.769,29.72,2008,29.27,0.0,7.974,34.3,13.71,54.0,False,0.0,0
17.6887,4.5327,22.4,2000,28.04,0.0,8.099,36.14,9.63,25.76,False,0.0,0
0.1582,-60.9837,10.49,1993,26.91,0.0,7.943,35.04,2.19,62.16,False,0.0,1
4.6142,129.7841,24.99,2012,29.86,4.2,7.83,33.05,13.44,45.54,True,77.31,1
-0.4489,-9.4463,23.3,1994,25.38,0.0,7.927,35.28,2.28,46.5,False,0.0,0
-18.2854,107.8483,9.17,1994,28.17,0.0,7.938,36.43,8.08,52.77,False,2.8,0
13.3471,29.0231,1.41,2007,28.2,0.0,8.208,35.43,0.78,64.97,False,0.0,0
-13.1537,98.3125,4.43,2006,28.48,0.0,7.819,33.28,2.74,39.88,False,0.0,0
-28.541,-60.2377,26.44,1992,27.45,0.0,8.054,35.36,8.67,56.61,False,0.0,0
8.7283,119.31,25.26,1997,28.8,1.2,8.106,36.0,0.52,78.67,False,5.35,0
-19.3734,-81.154,9.56,2012,31.08,5.03,7.921,35.95,2.7,69.28,False,53.6,0
26.4275,16.5956,9.27,2012,29.58,2.86,8.195,35.17,3.7,52.02,False,67.11,1
27.2357,-102.9574,23.99,1991,29.21,0.0,8.09,36.01,1.12,66.78,False,0.0,0
24.8919,-8.8105,28.19,2010,29.27,0.38,8.041,33.47,8.91,60.01,False,0.0,0
-7.7905,-65.4569,23.59,2013,28.06,0.0,8.0,34.05,11.58,49.69,False,0.0,0
-29.0726,-83.9868,18.56,2009,26.84,0.0,7.969,33.91,1.04,74.67,False,0.0,0
25.6991,168.1146,8.04,2016,30.4,4.64,7.916,34.39,6.54,39.25,True,100.0,1
-4.309,-122.3733,16.25,1996,28.98,1.99,8.027,35.55,8.37,84.21,False,31.21,0
27.9993,103.4373,7.77,2022,27.93,0.0,8.134,35.06,8.07,72.02,False,0.0,0
27.8172,174.2994,24.43,2018,28.52,0.0,7.914,34.87,7.53,43.77,False,0.0,0
21.1806,-172.8355,12.22,1999,28.11,0.0,8.188,35.26,1.89,65.94,False,0.0,0
-12.3331,71.6499,25.18,1999,26.62,0.0,8.067,34.6,4.11,69.21,False,0.0,0
-6.8941,-88.9517,12.07,2001,29.56,0.0,8.085,36.86,13.95,53.34,False,53.68,1
21.0682,-165.4244,24.9,1992,29.73,4.99,8.114,33.05,3.16,60.1,True,78.96,1
-10.9847,-34.9598,10.67,1992,26.59,0.0,8.025,34.23,11.87,38.32,False,0.0,0
-19.8304,156.6784,13.76,2002,26.41,0.0,7.888,36.94,2.63,38.93,False,0.0,0
3.4081,-175.7646,18.85,2020,27.61,0.0,7.998,36.7,11.25,59.91,False,0.0,1
26.1693,31.6388,3.04,2016,27.91,0.0,7.943,36.33,10.34,50.56,False,0.0,0
11.7618,0.5027,28.5,1995,26.59,0.0,8.137,33.62,14.89,52.82,False,0.0,0
4.2037,134.4183,17.63,2016,30.98,6.51,8.064,36.23,2.73,20.32,True,96.4,1
-24.1694,-149.7594,15.73,1998,28.02,0.0,7.968,33.37,4.5,75.86,False,0.0,0
6.9004,65.3494,25.34,1995,26.69,0.0,7.905,33.31,12.72,42.76,False,0.0,1
29.4032,64.8395,26.11,1995,26.89,0.0,8.191,33.32,8.58,58.16,False,0.0,0
-21.595,60.8688,16.15,2015,30.47,3.98,7.911,35.33,5.28,53.57,False,62.28,0
1.0998,159.2404,27.89,2008,29.61,3.07,7.839,35.76,2.68,44.02,False,10.09,0
22.6424,116.3115,2.88,2005,28.61,0.81,8.148,34.02,8.58,50.52,False,21.5,0
14.4461,-164.8898,4.28,2012,26.58,0.0,7.816,35.61,7.5,45.82,False,0.0,0
11.8209,-10.4102,18.31,2000,29.96,2.81,8.076,34.83,4.07,55.28,False,59.39,1
12.149,-36.7369,11.27,2005,27.74,0.0,7.898,36.89,9.62,46.41,False,0.0,0
-8.4305,-68.347,14.46,2018,29.02,1.03,8.082,34.38,10.4,48.75,False,28.5,1
-12.3845,-17.5188,10.51,2009,28.23,0.0,8.123,35.73,8.54,84.82,False,0.0,0
18.5617,-41.6901,12.74,2010,29.74,3.23,7.961,33.51,10.15,40.52,False,81.83,1
18.6068,-24.3598,24.86,2017,27.83,0.0,7.94,33.23,4.21,49.27,False,0.0,0
22.0243,172.5343,18.21,2022,29.6,2.07,8.069,35.5,13.62,29.87,False,39.08,1
24.7944,-148.0921,29.92,2015,30.3,5.07,7.852,34.01,1.27,63.42,False,66.97,1
0.6805,152.0031,23.82,1999,27.28,0.0,8.029,36.66,2.97,63.18,False,0.0,0
0.091,-7.1148,8.94,2023,27.21,0.0,8.11,33.06,3.73,76.27,False,0.0,0
17.8977,44.5472,8.67,1998,26.22,0.0,8.089,36.77,14.32,68.04,False,0.0,0
8.9978,118.8659,10.74,2000,29.85,0.4,8.044,33.08,4.66,25.71,False,32.99,0
12.118,-50.2333,25.45,1999,25.32,0.0,8.124,35.59,14.01,29.64,False,0.0,0
17.7476,-25.0481,1.79,1996,25.73,0.0,8.116,36.38,7.41,77.99,False,0.0,0
23.4003,-32.5733,7.68,2005,28.13,0.0,8.09,34.72,10.91,38.61,False,0.0,0
-9.7203,-45.0968,27.24,2015,28.75,1.97,8.023,35.64,4.53,72.33,False,18.99,0
-7.465,153.1906,19.56,2021,26.99,0.0,7.999,34.17,10.7,67.88,False,0.0,0
-24.3611,118.4148,7.58,2020,28.81,1.52,8.141,34.86,13.12,55.38,False,40.55,1
4.6968,-140.76,7.36,2021,30.0,2.21,7.821,33.69,8.87,24.63,False,52.35,1
-27.8435,-141.0756,26.02,2001,28.63,0.0,8.07,33.92,13.74,41.04,False,18.02,0
-2.0641,-25.967,26.92,2016,28.5,0.0,8.203,36.58,6.14,34.12,False,0.0,0
2.5587,-144.4833,8.43,2011,26.07,0.0,8.018,35.84,9.49,65.37,False,0.0,0
-12.8075,42.8735,13.19,2004,27.31,0.0,8.122,36.37,4.54,53.66,False,0.0,0
5.45,-128.271,25.2,1997,28.34,0.0,8.006,34.63,2.65,79.9,False,0.0,0
-28.17,8.0544,23.36,1993,28.15,0.0,8.054,33.51,2.85,62.02,False,0.0,0
-27.7591,-177.4008,24.6,1997,28.14,0.0,8.219,36.65,6.94,37.55,False,0.0,0
19.356,-66.0253,16.03,2012,28.37,0.0,7.922,36.86,14.09,30.54,False,0.0,0
-8.3886,63.7887,27.43,2005,27.6,0.0,7.961,36.41,4.81,57.52,False,0.0,0
-22.3764,-5.746,10.45,2023,29.48,0.0,8.007,35.25,1.86,57.78,False,0.0,0
1.3346,172.177,5.54,2011,27.66,0.0,7.91,35.0,6.97,34.06,False,0.0,0
16.1996,134.6774,21.55,2012,30.23,5.35,8.118,36.58,2.56,26.7,True,93.78,1
-17.0507,-50.7345,16.64,1994,26.72,0.0,8.06,34.65,3.55,78.51,False,0.0,0
7.3734,-163.6248,25.78,1996,28.08,0.0,8.088,35.35,13.72,70.41,False,0.0,0
-24.8792,124.4255,3.35,2015,27.59,0.0,7.987,34.66,9.82,23.28,False,1.19,0
-26.8991,148.0444,25.47,2017,29.36,0.72,7.905,33.31,8.04,58.27,False,0.0,0
1.8813,115.4259,9.51,1993,27.78,0.0,8.137,36.54,3.76,52.77,False,0.0,0
2.4381,-133.938,19.99,2021,28.76,0.0,7.881,35.89,1.85,58.74,False,0.0,0
8.2458,179.2494,2.16,1998,28.46,0.0,8.105,34.86,14.16,32.28,False,0.0,0
13.5655,-86.9097,18.68,2015,27.64,0.0,8.145,33.65,8.27,56.31,False,0.0,0
28.5511,80.7138,21.8,2000,29.22,1.87,7.963,33.71,2.39,48.75,False,32.06,0
0.978,146.8926,11.69,2009,27.64,0.0,7.88,35.66,7.2,32.29,False,0.0,0
-10.6226,-95.1526,7.25,2004,28.53,0.0,7.833,36.75,9.41,77.33,False,0.0,1
17.7112,146.9731,16.59,1998,28.77,0.0,8.231,34.71,10.47,31.98,False,3.6,0
-13.7501,-68.5866,25.16,2022,29.08,0.0,8.01,34.78,1.82,36.53,False,0.0,0
-3.6617,171.5088,10.38,2000,30.41,3.54,8.08,35.74,10.74,55.89,False,73.17,1
-25.2926,-78.7464,8.32,2011,27.64,0.0,8.057,36.42,11.75,26.83,False,0.0,0
-28.479,163.2369,9.09,1995,26.75,0.0,7.97,36.22,5.83,89.05,False,0.0,1
27.7589,-160.7239,28.52,2010,28.3,0.0,7.902,35.86,10.21,38.9,False,0.0,0
20.1588,75.3379,11.42,2001,29.58,0.0,7.961,34.04,1.93,58.0,False,2.51,0
11.7585,11.56,1.1,1996,29.75,2.2,8.172,33.69,14.91,46.13,False,68.07,1
-5.4628,-7.9643,23.67,1991,28.4,0.0,8.041,33.03,1.55,22.13,False,0.0,0
-19.6023,-99.542,21.28,2013,30.39,6.26,8.173,36.88,3.44,63.18,True,100.0,1
-20.6138,74.0145,4.73,2015,30.01,4.05,7.973,34.73,11.5,44.92,True,67.79,1
-14.9854,-111.3086,29.56,2014,27.59,0.0,8.107,33.8,14.42,68.56,False,0.0,0
2.9536,19.023,18.63,2009,26.91,0.0,7.89,33.49,4.19,61.66,False,0.0,0
12.8758,-88.8317,15.52,1991,27.18,0.0,7.943,33.6,1.93,56.99,False,0.0,0
9.6118,164.0237,12.08,2022,28.79,0.0,7.929,34.34,2.55,49.07,False,0.0,0
-13.204,-169.6928,27.06,2006,25.42,0.0,7.998,36.43,10.41,43.21,False,0.0,0
27.2919,-108.0978,8.07,2011,28.56,0.0,8.066,36.88,7.9,73.19,False,0.0,0
14.2738,-92.7682,9.29,1990,29.38,0.0,7.924,35.03,13.31,69.33,False,0.0,0
3.2612,-30.9356,4.55,2019,29.38,0.0,8.253,34.27,1.96,31.4,False,26.12,0
6.7032,-96.2171,23.01,1995,29.26,2.98,8.09,33.7,7.77,49.55,False,3.88,0
-4.824,-3.1143,18.27,2003,29.94,0.6,8.098,34.15,9.38,69.11,False,5.05,1
-15.1361,134.0876,18.66,2022,29.49,2.27,8.052,35.48,13.01,20.71,False,47.37,1
-8.6416,76.3428,7.34,1995,27.58,0.0,7.927,36.78,8.53,56.17,False,0.0,0
15.4708,28.7863,19.88,2015,28.94,1.56,8.024,34.96,3.15,39.59,False,0.22,0
-29.1364,-147.9589,23.2,2013,27.62,0.0,8.046,33.56,13.39,34.58,False,1.32,0
-23.0356,69.8372,11.38,2022,29.24,0.62,7.866,36.78,13.05,52.95,False,12.17,0
-27.2398,-120.0909,24.24,1997,28.09,0.0,8.098,36.85,13.16,42.79,False,0.0,0
-27.5563,103.0923,11.11,2023,28.84,2.03,8.106,36.58,9.01,31.82,False,0.0,0
21.3276,-89.9796,22.99,2023,29.44,1.15,8.03,36.44,14.47,45.48,False,45.41,1
12.2195,-29.8625,1.98,2013,26.69,0.0,8.085,36.11,8.56,54.58,False,0.0,0
-1.5496,-53.8307,16.98,1991,29.56,1.64,8.152,33.5,2.66,46.47,False,0.0,0
-24.13,129.173,29.12,1997,28.48,1.11,8.01,34.31,6.29,71.12,False,0.0,0
-0.503,-134.444,29.46,2014,29.84,4.73,7.969,36.02,12.46,64.18,False,41.72,1
-1.5917,23.6322,9.17,2019,28.65,0.0,7.975,36.47,14.69,44.47,False,26.32,0
-19.6079,-128.8578,13.8,2021,27.08,0.0,7.938,33.91,12.55,28.83,False,0.0,0
-3.9689,73.7265,2.83,2019,29.1,1.91,7.967,35.48,5.77,78.64,False,24.48,1
-6.0897,145.8281,26.33,1996,29.47,0.42,7.948,33.24,0.64,44.17,False,3.22,0
6.951,-23.5412,17.49,2013,29.59,1.53,8.104,36.42,3.08,32.52,False,8.96,0
8.1056,-4.2868,12.17,1998,29.33,2.5,8.216,34.39,1.04,73.17,False,38.35,0
-27.2818,153.8722,4.27,2005,27.25,0.0,8.101,33.79,12.42,47.97,False,0.0,0
-7.5232,7.5569,28.46,1991,27.6,0.0,8.186,36.35,4.94,66.55,False,0.0,0
7.5516,-4.4646,16.38,2023,27.84,0.0,7.801,33.68,10.58,18.42,False,0.0,0
0.1882,28.1985,9.2,2011,30.11,2.28,7.829,34.84,6.42,20.57,False,42.83,0
21.3894,68.1227,11.16,2008,26.41,0.0,8.096,33.38,4.46,47.99,False,0.0,0
9.5216,-141.522,8.85,2010,27.07,0.0,7.871,34.78,8.11,70.73,False,0.0,0
-20.2239,115.5998,18.45,2001,27.37,0.0,8.122,36.7,7.59,60.57,False,0.0,0
-25.7659,-23.2182,27.97,2000,29.49,0.0,8.09,35.77,12.43,47.36,False,7.5,0
8.5452,-153.9545,25.84,2008,28.69,0.0,8.111,36.94,10.6,47.53,False,0.0,0
-28.4093,103.0258,14.35,1995,26.93,0.0,7.947,34.79,5.0,43.49,False,0.0,0
5.1465,-44.298,24.97,2003,26.78,0.0,8.075,36.56,12.19,68.71,False,0.0,0
26.4138,-143.8677,13.27,2022,27.7,0.0,8.055,36.65,9.17,66.73,False,0.0,0
4.5285,48.1605,8.32,2002,29.18,2.34,7.956,33.36,5.42,34.7,False,34.96,0
-6.7098,136.8473,29.52,2015,28.58,0.0,7.915,36.92,12.25,55.92,False,0.0,1
8.5973,139.5913,9.81,2003,28.84,0.0,8.068,36.57,5.87,71.33,False,0.0,0
-2.5048,164.7589,10.39,2013,29.25,0.12,7.977,35.51,1.27,35.85,False,0.0,0
2.737,132.374,29.7,1990,30.06,7.05,8.067,35.15,13.24,66.07,True,100.0,1
26.4879,-179.2293,4.88,2019,27.53,0.0,7.998,34.54,6.95,33.6,False,0.0,0
-6.8338,-43.1132,23.06,1999,27.78,0.0,8.181,35.35,5.18,30.84,False,0.0,0
27.6714,114.6753,28.14,1999,27.79,0.0,7.966,35.95,13.75,67.33,False,0.0,0
24.321,-48.1489,15.84,2017,28.89,0.0,8.093,35.83,4.15,67.46,False,34.05,0
-18.2525,36.5575,1.07,1993,29.33,0.0,8.038,34.2,14.57,41.83,False,1.24,0
-25.8383,38.2741,11.88,2003,28.12,0.0,7.962,35.69,0.91,69.62,False,0.0,0
-23.9533,-48.5909,4.24,2001,29.6,2.84,7.858,33.02,10.21,78.42,True,75.54,1
-28.9067,145.6106,13.07,1999,29.36,2.33,8.105,33.68,1.37,32.8,False,30.57,1
-24.3334,1.1622,23.91,2016,26.85,0.0,7.871,33.61,1.82,35.83,False,0.0,0
10.9804,-12.6777,13.72,2001,29.84,1.47,7.935,35.96,14.43,68.23,False,65.61,1
-25.7287,179.1049,13.53,2011,27.98,0.0,8.026,36.59,13.85,69.82,False,0.0,1
-10.8615,-2.3399,17.15,1993,27.95,0.0,8.18,33.35,12.74,55.81,False,0.0,0
20.6925,-115.7766,17.87,2018,30.4,6.2,8.08,36.65,10.34,37.7,False,52.08,1
-28.6037,4.705,25.83,2003,28.48,0.64,7.894,34.23,7.27,46.04,False,0.0,0
18.8681,113.046,9.94,2001,29.54,0.25,8.025,35.49,10.33,46.08,False,35.61,0
-13.0887,99.6697,24.83,2009,29.39,3.71,7.967,33.66,8.58,73.41,False,29.47,0
-22.9101,103.8894,17.41,2012,27.69,0.0,8.068,34.61,12.86,48.86,False,0.0,0
11.8042,74.8886,9.72,2011,30.31,1.78,8.161,34.85,11.28,54.73,False,78.45,1
7.7366,-88.4816,9.56,2023,27.19,0.0,7.884,34.5,10.37,35.49,False,0.0,0
22.6483,130.3503,11.47,2010,29.9,3.93,8.051,36.29,3.3,49.71,False,38.91,0
14.1043,141.6396,19.06,1998,28.53,0.0,7.964,35.33,10.05,67.46,False,0.0,0
18.2089,-110.105,7.69,1999,29.05,0.0,8.18,34.98,7.55,59.48,False,0.0,0
-13.0779,-133.036,27.69,1999,26.83,0.0,8.167,36.14,11.78,88.45,False,0.0,0
-19.3536,171.2178,17.67,2019,29.33,0.14,8.146,35.84,7.09,68.1,False,0.0,0
15.0369,132.5966,27.68,2022,28.68,1.82,7.949,33.42,7.72,26.98,False,0.0,0
18.4101,141.565,2.35,1991,28.51,0.0,8.038,35.07,6.52,70.87,False,3.89,0
29.4303,139.0955,10.94,2021,30.01,2.33,7.959,36.19,14.77,36.82,False,42.6,1
-5.2429,15.0073,1.66,2006,28.79,0.89,8.082,35.55,9.11,56.94,False,20.22,0
-7.6789,52.7046,8.9,2017,27.61,0.0,8.114,35.85,13.72,70.41,False,0.0,0
16.5848,16.3306,26.0,2006,28.46,1.97,8.01,35.29,13.14,23.11,False,12.05,0
-9.5518,-161.5657,2.06,2003,26.9,0.0,8.101,36.71,11.42,76.41,False,0.0,0
25.8454,88.3811,13.65,1999,28.77,0.76,8.123,35.06,7.82,46.76,False,4.21,0
21.5048,1.9195,4.41,2023,28.96,2.8,8.126,35.25,8.31,61.35,True,57.6,1
-4.2604,53.1753,13.09,2003,29.01,0.0,7.853,36.52,14.05,52.18,False,0.0,0
15.0523,0.9503,25.33,2006,26.98,0.0,8.134,35.46,3.85,45.36,False,0.0,0
15.2726,-2.9479,19.07,2011,26.02,0.0,8.064,34.75,11.86,64.92,False,0.0,0
-23.8126,-118.1559,22.37,2007,28.76,0.0,8.001,34.01,4.81,41.14,False,0.0,0
24.1532,-79.6631,11.12,2007,29.98,0.11,7.873,36.86,1.35,46.21,False,28.07,0
0.3151,-122.813,28.39,2019,28.73,0.0,7.942,36.08,6.23,61.12,False,0.0,0
19.5874,-109.5601,21.57,1995,28.67,1.06,7.912,33.33,8.07,45.88,False,0.0,0
-10.797,170.2719,13.23,2004,28.55,0.0,7.924,33.5,2.41,47.58,False,0.0,1
23.7314,-124.8792,13.37,2015,29.86,2.12,8.176,33.82,11.33,60.81,False,19.98,1
-6.6479,-83.0626,27.64,2016,27.26,0.0,8.141,33.95,11.26,64.62,False,0.0,1
-29.3497,32.6123,17.72,2019,28.18,0.0,7.891,35.58,11.09,60.79,False,0.0,0
24.3229,39.6643,21.48,2000,27.55,0.0,7.864,35.13,5.15,25.96,False,0.0,0
-24.5228,-124.5693,13.09,2013,27.16,0.0,8.002,33.94,7.72,46.25,False,0.0,0
-10.8412,105.7383,7.49,2003,28.32,0.0,8.065,33.6,3.02,69.31,False,7.06,0
27.0037,102.673,21.98,2012,30.58,4.47,7.965,35.77,6.85,25.57,True,89.09,1
27.0364,-94.5656,18.63,1998,29.47,0.0,8.195,33.21,14.35,40.55,False,5.33,0
4.4063,-76.0801,15.54,2007,27.5,0.0,7.922,33.88,4.89,61.59,False,0.0,0
7.9102,157.6756,19.1,2008,27.99,0.0,7.934,34.18,1.21,40.34,False,0.0,0
-3.0933,117.2417,7.04,1994,28.7,0.0,8.056,33.73,5.03,72.76,False,7.6,0
-12.4074,71.2069,24.02,2007,27.58,0.0,7.953,35.3,12.61,51.65,False,0.0,0
-10.2801,-150.396,28.5,2022,30.76,3.82,7.959,35.87,13.65,58.58,False,66.29,1
10.3511,-29.4249,26.84,2002,27.28,0.0,8.133,34.63,0.64,33.77,False,0.0,0
15.1425,21.3487,10.32,1998,26.64,0.0,8.04,33.67,7.46,31.23,False,0.0,0
17.4947,-112.5319,12.77,2015,31.21,9.23,8.126,34.61,14.25,47.71,False,100.0,1
17.3771,-18.6384,24.44,1990,29.94,4.22,7.93,34.86,2.32,63.47,False,50.4,1
-24.5276,36.3693,18.26,2001,29.36,0.67,8.199,36.52,1.41,37.43,False,5.07,0
-0.3348,-62.1444,16.89,2013,27.26,0.0,8.069,35.13,11.49,23.55,False,0.0,0
-26.5465,101.1401,27.87,1990,28.8,0.0,8.04,33.23,9.78,60.36,False,0.0,0
2.9717,122.5618,16.54,1993,26.38,0.0,8.244,36.91,10.96,44.93,False,0.0,0
-3.5082,-63.5006,15.93,1996,28.0,0.0,7.945,33.75,4.44,41.95,False,0.0,0
23.2623,121.9166,2.22,2017,29.73,2.51,8.14,35.11,6.35,35.59,False,54.38,1
-8.9451,-142.7124,3.01,1994,30.13,1.86,7.934,34.37,8.82,51.79,False,57.07,1
-22.976,121.5825,1.22,2021,26.18,0.0,8.078,35.79,11.54,49.49,False,0.0,0
-21.4205,-125.0098,27.48,2020,29.13,1.04,8.07,33.76,5.12,26.93,False,0.0,0
15.6906,-150.1462,12.84,2004,29.89,3.99,8.021,35.05,6.38,53.63,False,31.16,1
7.0931,51.0391,14.59,1992,27.96,0.0,8.1,35.06,8.28,73.22,False,0.0,0
-23.9326,-10.1025,25.52,2004,27.11,0.0,8.039,35.6,0.59,65.9,False,0.0,0
-24.9536,146.8406,18.67,2007,27.49,0.0,8.0,35.33,12.78,62.7,False,0.0,0
12.0581,-49.2519,18.68,2010,30.15,4.25,7.927,33.5,9.55,40.38,True,87.74,1
-25.6342,-76.6252,9.6,1999,28.81,0.0,7.887,35.78,1.69,55.06,False,0.0,0
19.3116,0.2646,25.18,2010,29.13,1.2,7.97,34.85,5.62,36.66,False,0.0,0
12.3745,-15.8594,5.81,2015,27.23,0.0,8.082,33.75,3.1,39.25,False,0.91,0
-25.1191,-56.0059,2.54,1992,26.45,0.0,8.221,34.6,1.08,30.93,False,0.0,1
-24.9097,69.7469,6.56,1990,26.79,0.0,8.16,34.48,5.01,37.13,False,0.0,0
29.1984,93.4423,8.76,2010,26.37,0.0,8.088,34.77,13.16,48.97,False,0.0,1
-7.5438,127.0742,9.19,2000,26.11,0.0,8.09,36.58,1.48,66.92,False,0.0,0
-7.7615,170.2284,20.44,2005,27.57,0.0,7.94,36.49,13.22,52.55,False,0.0,0
18.768,-84.0038,7.32,2010,29.17,0.0,8.052,33.1,3.66,64.06,False,22.15,0
26.8349,77.7937,20.62,2000,30.43,3.92,8.144,35.05,14.35,48.28,False,50.08,1
29.1601,-38.067,3.64,2020,30.46,4.61,8.064,33.29,3.69,38.72,True,100.0,1
15.2027,63.7495,5.27,1990,29.83,4.6,8.133,33.15,12.91,64.4,True,100.0,1
-7.4244,-8.6466,15.76,2021,29.3,2.44,7.876,33.84,13.81,53.31,True,53.89,1
-24.99,177.7583,27.73,1992,26.65,0.0,7.981,36.86,13.87,62.52,False,0.0,0
16.6288,82.4048,25.93,2021,28.2,0.0,7.909,36.72,2.29,54.98,False,0.0,0
3.5043,162.8969,29.09,1994,27.15,0.0,8.181,35.85,10.23,38.11,False,0.0,0
-4.5467,120.589,19.86,2001,29.42,2.11,8.084,34.23,12.44,46.01,False,42.97,1
24.3813,145.0444,20.6,2003,27.07,0.0,8.12,33.85,11.17,35.52,False,0.0,0
-23.3282,113.1909,19.13,1998,27.34,0.0,8.03,33.69,7.37,47.83,False,0.0,0
-0.4425,-14.7027,19.06,1996,25.45,0.0,7.982,33.09,14.15,32.61,False,0.0,0
-29.3188,-89.3562,5.27,2005,30.83,5.7,8.056,34.76,3.11,30.73,True,98.97,1
-1.8804,-46.6847,16.77,2017,30.42,4.6,8.06,35.43,13.23,54.08,True,100.0,1
-26.6218,-172.715,12.2,1996,27.34,0.0,8.12,35.38,4.0,73.06,False,0.0,0
-22.8709,8.6375,13.83,2003,27.83,0.0,7.936,35.81,7.03,85.03,False,0.0,0
-22.9484,1.8208,16.18,2021,26.71,0.0,7.993,35.04,7.21,49.47,False,0.0,0
8.9526,9.0902,4.72,1997,26.5,0.0,8.097,35.13,4.7,62.84,False,0.0,0
14.7627,170.6512,11.43,2016,28.41,0.0,7.971,36.84,4.62,67.96,False,0.0,0
5.0021,148.1234,2.84,1992,26.89,0.0,7.918,35.26,5.92,62.31,False,0.0,0
27.7304,-121.7834,29.41,2016,29.08,0.0,7.824,36.5,0.69,52.46,False,0.0,0
-7.5078,-47.2023,4.44,2019,27.34,0.0,8.078,33.5,4.01,63.58,False,0.0,0
-12.8573,-27.3758,8.5,2023,30.23,4.89,8.082,36.31,14.29,24.86,True,95.09,1
22.1159,-50.2081,26.85,2015,27.32,0.0,7.88,35.75,10.93,70.06,False,0.0,0
-16.5842,107.4585,15.0,2011,30.24,2.48,7.829,33.02,6.95,72.24,False,69.57,1
27.7934,8.6536,4.93,2021,29.81,3.23,7.892,33.84,0.51,25.54,False,17.16,0
-29.2707,25.9559,12.14,1991,30.22,4.31,8.066,33.86,10.77,69.9,True,100.0,1
28.1927,127.0849,4.36,1997,28.95,0.0,8.062,34.59,7.65,45.66,False,0.0,0
-27.4104,110.1341,6.81,1996,29.38,0.44,8.013,34.57,10.02,68.76,False,34.86,1
23.4686,-132.4039,2.51,2008,28.18,0.0,7.778,34.4,6.22,34.62,False,0.0,0
1.6621,77.0093,13.71,2022,28.2,0.0,8.025,34.74,0.51,83.6,False,15.15,0
29.5779,-23.243,24.39,1991,27.91,0.0,8.032,36.31,8.96,50.49,False,0.0,0
-25.5722,-73.9264,17.99,1992,26.77,0.0,8.014,33.2,11.93,75.52,False,0.0,0
3.2313,-161.9932,18.58,2017,28.38,0.0,8.093,36.39,3.64,40.57,False,0.0,0
28.1582,-4.5902,6.82,2003,25.53,0.0,8.117,36.67,10.11,77.88,False,0.0,0
1.3859,-52.0428,10.97,2004,28.41,0.0,7.965,33.67,5.6,50.86,False,0.0,0
7.7639,-89.4553,25.51,2010,29.33,3.59,8.056,34.46,12.58,72.49,False,9.71,1
11.7449,70.0818,3.55,2003,30.53,5.9,7.896,35.6,6.85,52.35,True,100.0,1
-2.7275,97.0147,25.88,2007,28.9,0.0,8.043,36.91,1.41,75.06,False,10.86,0
7.6535,-91.8758,15.03,2009,27.9,0.0,8.176,36.46,8.17,48.56,False,0.56,0
5.0589,-162.1989,25.28,1990,26.67,0.0,8.049,35.96,9.31,82.03,False,0.0,0
24.0695,125.551,10.22,1998,28.86,0.0,8.043,36.76,5.13,53.53,False,0.0,0
-27.2732,-176.4145,10.83,1998,28.26,0.0,7.987,36.93,1.63,49.31,False,0.0,0
-13.1422,157.3605,22.8,2018,31.65,9.95,7.945,36.59,11.42,42.95,False,100.0,1
27.0247,45.9432,23.76,2004,26.72,0.0,8.049,33.75,8.34,48.45,False,0.0,0
23.4158,-64.1352,7.66,2009,28.22,0.0,7.922,35.86,3.54,69.35,False,0.01,0
-2.6606,-91.268,29.21,2019,29.65,0.0,7.845,34.6,3.22,53.53,False,7.46,0
7.208,-176.758,3.45,2015,28.1,0.0,7.927,36.27,8.42,41.09,False,4.46,0
-13.3571,-95.2303,2.99,1995,30.44,5.42,8.282,33.22,4.99,72.59,True,85.49,1
-18.7127,-130.4178,18.27,2006,28.0,0.0,7.898,36.32,10.52,36.96,False,0.0,0
-2.1781,40.3798,21.96,1995,29.86,2.4,8.075,34.18,5.56,45.69,True,50.7,1
-8.7989,-120.0436,28.87,2017,29.37,0.0,8.083,36.08,7.32,56.1,False,0.0,0
5.0194,10.3067,12.74,1998,26.39,0.0,8.08,33.67,1.37,68.99,False,0.0,1
-25.3359,32.4419,1.73,2016,27.7,0.0,8.015,33.2,7.18,60.83,False,0.0,0
28.4637,-72.705,18.48,1995,26.11,0.0,8.106,35.6,0.65,42.26,False,0.0,0
29.1726,-167.3766,9.4,1993,28.31,0.0,8.043,34.78,5.73,63.96,False,1.75,0
11.8897,-166.5886,13.56,2005,29.38,3.72,8.086,36.39,5.0,64.05,False,26.08,1
2.1658,-170.515,15.17,2012,30.0,1.81,8.171,36.65,11.47,68.74,False,32.09,1
-11.4283,86.0849,2.87,2012,29.31,0.48,8.046,34.62,11.65,48.43,False,9.11,0
18.8277,-65.5165,15.09,2018,29.84,3.39,8.025,35.47,6.57,59.37,True,47.62,1
11.0839,106.6681,13.36,1993,25.97,0.0,8.2,34.12,14.65,53.04,False,0.0,0
-20.243,-24.5762,21.66,2013,26.54,0.0,8.125,34.04,4.13,25.08,False,0.0,0
24.6556,-16.9207,19.72,1995,25.91,0.0,7.908,36.44,2.9,34.55,False,0.0,0
19.3522,4.6377,6.37,1995,26.55,0.0,8.105,33.58,12.31,38.47,False,0.0,0
26.988,76.6913,6.98,2003,28.14,0.0,8.161,34.78,7.9,45.4,False,11.82,0
13.5432,-81.539,8.28,2003,27.68,0.0,8.026,34.82,3.33,62.75,False,8.52,0
6.8049,-136.2286,6.19,1995,26.78,0.0,8.055,35.34,5.33,75.14,False,5.26,0
-4.9054,20.1806,20.06,2012,29.99,3.28,7.938,35.52,1.87,69.99,False,31.48,1
25.9637,-62.2881,29.84,2009,26.54,0.0,7.885,34.73,10.6,73.4,False,0.0,0
21.9638,-20.7031,19.91,2006,27.4,0.0,7.946,34.77,7.7,66.97,False,0.0,0
-27.2869,52.9008,18.59,2009,29.4,1.42,8.06,35.49,8.68,35.8,False,19.09,1
-28.418,-2.1147,12.89,1995,28.81,0.0,8.066,35.81,1.58,29.62,False,0.0,0
-7.4122,43.3004,10.06,2017,29.74,4.06,8.089,36.17,10.64,43.24,True,99.77,1
18.6332,15.912,27.42,2002,28.63,0.0,7.99,35.74,4.76,50.25,False,0.0,0
29.2366,86.3267,29.1,2018,26.9,0.0,8.032,33.03,2.82,59.74,False,0.0,0
-20.975,74.1372,15.41,2009,30.0,2.53,8.017,33.92,6.66,47.08,False,42.27,0
5.6478,12.3084,9.42,2006,30.12,5.18,7.93,33.54,12.89,66.63,True,100.0,1
-7.1465,64.4051,23.33,2012,30.69,3.63,7.975,36.25,5.89,63.25,False,37.77,1
28.1949,134.4815,4.84,2007,29.65,0.0,8.062,34.92,2.08,60.38,False,12.51,0
20.5271,-24.3823,23.2,2009,26.49,0.0,8.075,34.53,14.16,33.36,False,0.0,1
20.2997,-31.4053,24.75,1996,29.08,0.93,8.079,36.0,9.77,77.69,False,11.29,0
-1.8784,95.1284,4.62,1990,29.43,3.06,8.078,33.31,4.87,37.26,False,65.67,1
-5.1108,29.7194,29.33,1992,28.71,0.0,7.936,35.81,8.95,54.63,False,0.0,1
-13.5956,-154.4376,29.58,2018,29.65,1.41,7.848,35.09,1.81,50.0,False,7.15,0
-26.6175,141.1603,28.16,1998,28.71,0.0,7.956,34.69,8.68,47.6,False,0.0,0
21.8833,-168.9181,15.39,2014,26.97,0.0,8.142,35.64,12.38,39.34,False,0.0,0
18.7741,89.4227,8.14,2001,28.05,0.0,8.101,33.08,2.51,61.78,False,0.0,0
29.9831,93.1659,17.88,1996,29.95,4.46,7.945,33.41,12.6,50.7,True,85.12,1
29.7982,163.12,13.18,1996,28.0,0.0,8.176,34.59,8.52,48.75,False,3.86,0
3.3259,-160.5116,6.97,1993,28.31,0.0,8.033,33.37,3.29,47.98,False,10.48,0
16.1392,34.8685,13.29,2020,28.9,0.0,8.034,34.93,3.56,41.29,False,6.46,0
26.6859,-25.9774,20.25,1999,27.63,0.0,8.079,35.38,13.31,54.05,False,0.0,0
20.9788,-60.9721,3.06,2012,29.36,1.51,7.876,35.58,7.4,51.7,False,30.7,0
-15.1591,-147.4853,10.67,2015,28.4,0.0,8.011,33.95,4.6,45.97,False,0.0,0
-2.9674,22.5555,1.52,2012,27.31,0.0,7.94,36.06,4.16,41.23,False,0.0,0
-22.2504,-7.5453,22.74,2018,30.41,3.14,7.991,33.36,6.3,30.06,False,37.99,1
27.2431,-142.3604,19.58,1997,28.82,0.92,8.225,36.71,11.78,64.58,False,0.0,0
6.3705,40.4962,2.82,2008,26.66,0.0,7.928,33.55,0.89,63.03,False,0.0,0
-16.2814,85.6631,28.98,2018,29.41,1.16,7.789,34.74,2.06,61.57,False,5.93,0
10.302,96.2202,1.66,1995,27.41,0.0,7.971,33.15,6.95,66.21,False,0.0,0
7.0877,145.9343,18.11,2018,28.03,0.0,7.979,34.94,13.66,61.61,False,0.0,1
-8.5102,-32.5905,23.51,2013,28.67,0.0,8.004,36.71,13.31,68.37,False,0.0,0
-23.1865,163.1062,23.85,1999,27.68,0.0,7.911,33.86,11.83,47.44,False,0.0,0
10.2944,131.5546,1.99,2003,27.53,0.0,7.838,36.63,14.69,76.4,False,0.0,0
1.2185,-73.2594,27.29,1995,26.73,0.0,8.239,35.02,2.06,52.86,False,0.0,0
16.3391,-122.6581,27.64,1993,26.81,0.0,7.916,33.43,13.31,62.45,False,0.0,0
1.2098,-23.2598,17.28,2004,28.17,0.92,7.919,36.09,0.79,45.33,False,0.0,0
21.1309,-35.3165,14.98,2017,26.88,0.0,7.863,34.75,6.52,35.39,False,0.0,0
3.1144,27.2589,2.3,1991,26.86,0.0,8.116,34.92,3.77,65.4,False,0.0,0
3.6563,30.019,17.3,2002,26.75,0.0,8.062,35.45,5.76,75.57,False,0.0,0
22.5992,89.9953,12.87,1991,27.37,0.0,8.22,36.32,14.62,67.03,False,0.0,0
-5.791,3.5604,23.41,2021,28.04,0.0,7.845,34.64,5.27,77.48,False,0.0,0
-21.9591,-142.2638,12.71,1994,27.51,0.0,7.866,36.01,9.63,69.47,False,0.0,0
-28.273,128.9849,20.82,1992,29.04,1.79,7.985,33.64,10.48,34.18,False,0.0,0
15.3082,-68.4848,3.94,1991,28.87,0.54,8.18,33.19,8.47,31.48,False,13.74,0
7.2186,169.6671,4.86,2003,29.53,0.35,8.112,33.19,1.82,58.21,False,4.48,0
12.2448,-137.5704,5.05,2018,27.9,0.0,7.858,33.17,12.91,43.38,False,0.0,0
-17.2222,164.9704,2.32,1995,30.01,5.28,8.203,35.1,11.92,25.94,True,89.61,1
-21.8177,-147.2357,16.7,2023,29.0,0.84,8.024,34.56,11.37,23.34,False,45.35,1
-29.1273,-96.827,24.03,1997,27.04,0.0,7.924,36.14,13.7,33.44,False,0.0,0
-8.9647,-163.2312,18.7,1991,29.24,0.94,8.062,33.01,5.54,52.99,False,0.0,0
5.3951,73.8407,17.67,2015,27.39,0.0,7.987,35.69,8.85,64.49,False,0.0,0
-6.4654,126.1075,20.74,2006,30.52,5.38,7.859,34.5,11.86,54.68,True,100.0,1
-3.7515,-23.7344,10.85,2013,28.08,0.0,8.174,34.88,6.94,58.34,False,0.0,0
24.2495,154.2679,11.5,2020,28.23,0.0,7.945,33.54,14.46,39.48,False,0.0,0
-9.1047,32.5077,10.11,2005,29.16,2.52,7.962,36.06,12.81,47.46,True,45.04,0
0.8394,46.8026,21.65,2010,26.65,0.0,7.914,36.48,8.19,64.81,False,0.0,0
17.0192,124.3509,5.69,2015,26.75,0.0,7.926,33.14,2.64,79.4,False,0.0,0
-6.2074,-73.1519,1.38,2006,28.16,0.0,7.978,34.35,7.8,44.71,False,0.0,0
7.3252,-52.4643,18.29,1993,29.62,1.57,8.216,34.66,3.5,35.18,False,25.31,0
21.7418,146.1427,28.33,1993,27.26,0.0,8.136,36.42,6.4,46.89,False,0.0,0
26.9712,144.3469,18.67,2008,27.54,0.0,8.12,36.18,4.35,67.01,False,0.0,0
-21.1756,171.5338,23.7,2014,30.39,2.83,7.969,35.19,12.29,34.28,False,46.76,1
25.5953,144.6618,20.51,1997,26.38,0.0,8.048,33.72,4.26,28.83,False,0.0,0
-0.473,-134.1461,15.43,2007,28.58,0.0,8.061,35.22,9.08,64.87,False,0.0,0
-14.5053,116.5407,21.83,2007,30.25,3.4,8.073,34.76,1.26,63.38,False,27.88,1
-2.4519,-32.4581,24.9,1996,29.85,0.81,8.136,36.61,11.43,65.08,False,0.0,0
28.802,176.6885,7.52,2006,26.8,0.0,7.986,34.07,7.01,57.75,False,0.0,0
-0.4429,-9.9789,10.75,1992,28.71,0.0,8.131,36.18,6.53,71.36,False,2.13,0
-10.2749,19.381,7.49,2011,29.97,0.65,7.901,35.26,6.81,43.91,False,31.62,1
8.0041,10.719,14.11,2004,30.44,5.05,7.928,33.13,10.84,55.55,True,98.27,1
-15.5913,-64.1747,26.67,2020,27.97,0.0,8.183,34.0,6.75,65.11,False,0.0,1
-25.4482,-152.992,11.01,2015,27.53,0.0,8.036,33.52,11.19,29.6,False,0.39,0
-22.2672,142.4344,11.86,2003,26.76,0.0,7.904,34.87,4.6,68.31,False,0.0,0
-22.3172,108.9633,25.95,2006,28.55,0.0,8.13,36.17,14.43,63.85,False,0.0,0
-20.8858,-129.7704,15.95,1998,26.72,0.0,8.008,35.35,7.9,56.21,False,0.0,0
-21.6704,99.6366,16.53,1996,29.19,0.0,8.136,34.31,8.96,31.27,False,24.8,0
8.4525,45.3048,25.96,2016,27.41,0.0,8.017,35.91,10.58,33.18,False,0.0,0
-19.0872,-32.7082,15.23,2017,29.47,3.21,8.143,35.48,8.98,39.69,False,32.17,0
-9.26,-88.5524,20.77,2001,25.62,0.0,8.002,33.28,8.68,37.21,False,0.0,0
23.8073,129.5024,3.48,2006,28.55,0.0,8.176,33.43,0.54,42.25,False,0.0,1
-1.5623,72.0678,6.18,1998,27.49,0.0,8.107,33.41,7.16,46.88,False,0.0,0
10.0535,17.1864,12.73,1997,28.28,0.0,8.101,34.28,13.07,25.17,False,0.0,0
-19.6608,39.4447,15.35,2016,27.64,0.0,7.951,35.32,13.9,38.71,False,0.0,0
-18.4627,-147.2162,29.01,2001,28.24,0.0,8.088,36.72,4.68,56.22,False,0.0,0
-27.5479,-9.3889,29.15,2009,26.21,0.0,7.96,35.67,10.77,53.97,False,0.0,0
-19.8639,-110.2679,25.68,1990,27.23,0.0,7.924,35.83,12.95,55.6,False,0.0,0
-13.2846,-104.9819,10.15,1998,29.11,0.0,7.904,33.39,6.88,80.35,False,0.0,0
-19.3794,58.0694,28.96,2013,27.29,0.0,8.02,33.42,9.17,32.05,False,0.0,0
-24.6778,148.0522,20.99,2023,27.24,0.0,7.949,33.55,9.78,66.58,False,0.0,0
-22.7618,-34.6476,12.4,1993,26.36,0.0,7.977,35.33,14.26,54.23,False,0.0,0
-2.3533,-105.2103,21.35,2018,29.74,2.02,7.831,35.97,7.49,68.59,True,39.29,1
-17.62,53.5489,1.48,2012,28.4,0.0,8.047,36.17,11.79,48.55,False,11.79,0
-8.1438,133.6273,5.24,2005,26.27,0.0,7.88,33.84,3.21,50.06,False,0.0,0
0.205,89.3948,25.06,1997,26.77,0.0,8.128,35.89,8.99,77.91,False,0.0,0
11.4237,132.7526,19.72,2016,28.05,0.0,7.868,34.29,7.11,31.91,False,0.0,0
-27.6413,13.1597,11.56,2001,28.0,0.0,8.066,35.23,3.83,48.96,False,0.0,0
17.9646,90.6754,15.52,1993,28.81,1.55,8.038,35.04,0.7,33.12,False,0.0,0
7.674,-129.5768,27.25,2014,29.0,0.0,7.922,33.29,9.07,36.14,False,0.0,0
-25.0945,-54.6211,19.32,1995,26.87,0.0,8.113,36.36,12.23,51.16,False,0.0,0
22.4147,-39.7623,12.55,1992,29.25,0.0,7.88,35.94,12.2,71.52,False,7.67,0
25.2523,4.0665,4.49,2013,28.88,1.9,7.827,35.71,6.15,67.2,False,35.15,1
-26.3353,154.4675,9.52,2010,28.39,0.0,8.056,34.36,3.12,68.14,False,0.0,0
-13.3873,134.7468,29.37,1995,26.15,0.0,8.155,36.97,14.18,56.86,False,0.0,0
18.3721,-131.5708,13.68,2022,28.58,0.0,8.122,33.25,6.03,58.6,False,0.0,0
14.8956,-117.7957,14.68,1997,27.56,0.0,8.065,34.21,5.54,71.1,False,0.0,0
-18.9287,-51.2494,15.46,2022,28.38,0.0,7.967,33.53,9.42,49.53,False,0.0,0
-17.439,-75.3322,26.64,1992,26.67,0.0,8.035,33.94,6.88,63.73,False,0.0,0
-7.7717,41.3175,18.51,1991,29.69,0.3,7.874,34.79,5.49,66.38,False,22.46,0
-0.9286,144.9994,21.12,2013,29.36,3.23,7.868,35.45,5.21,66.78,True,60.96,1
7.0953,166.425,12.29,2010,27.12,0.0,8.224,33.39,6.19,56.26,False,0.0,0
-7.8652,55.2971,1.84,2007,27.4,0.0,8.12,35.32,10.44,54.59,False,0.0,0
-2.2479,121.7373,28.0,2000,28.01,0.0,8.114,36.11,0.67,31.82,False,0.0,0
14.8483,9.0728,28.52,2000,29.53,0.0,7.843,36.68,3.44,53.5,False,0.0,0
-27.799,-105.0023,28.53,1992,28.71,0.0,8.002,33.83,4.21,65.36,False,0.0,0
-14.8538,8.8878,28.37,2012,27.25,0.0,7.875,36.57,14.99,43.97,False,0.0,0
12.801,19.8297,24.64,1990,27.83,0.0,7.915,36.48,13.32,65.31,False,0.07,0
23.7124,87.2847,20.85,2012,29.94,5.06,8.086,34.13,6.61,33.48,True,70.63,1
0.7006,-100.8421,25.49,2011,28.3,0.0,8.096,35.75,10.67,42.62,False,0.0,0
1.9268,-47.4083,18.42,2019,28.51,0.0,7.962,35.77,3.92,71.6,False,0.0,0
-23.5697,-48.9501,4.9,1991,29.01,2.58,8.121,36.79,14.12,34.66,False,54.92,1
-3.1553,165.3983,12.35,2006,28.14,0.0,8.003,33.92,13.96,38.82,False,2.02,0
1.957,-20.1798,29.17,2009,28.58,0.0,7.947,33.37,2.85,65.57,False,0.0,0
-15.4518,91.8338,11.18,1998,28.57,0.08,8.115,35.24,13.96,61.79,False,0.0,0
-13.8454,90.2921,26.17,2000,28.57,0.05,7.946,34.03,6.45,30.65,False,0.0,0
-7.363,-84.4041,3.7,2006,27.37,0.0,8.066,33.94,7.64,61.68,False,0.0,0
-28.7957,25.8731,10.69,2003,27.65,0.0,8.022,36.69,10.54,48.4,False,0.0,1
-10.6753,141.949,11.18,2007,28.78,0.0,8.053,35.89,7.44,31.97,False,0.0,0
-17.3131,-8.9288,2.5,2007,29.81,2.08,7.979,35.68,8.81,45.44,False,48.99,1
-10.3502,160.2423,4.45,1997,26.48,0.0,7.908,36.81,6.99,44.18,False,0.0,0
-22.8143,-102.795,6.6,2018,28.2,0.0,8.113,33.28,1.47,75.54,False,6.03,0
23.4316,-153.3027,25.3,1997,27.04,0.0,8.142,35.35,8.48,55.74,False,0.0,0
5.6155,140.9234,2.84,2015,29.45,1.99,8.106,34.95,1.21,39.15,False,48.98,1
10.7461,125.1652,9.66,2017,27.2,0.0,7.806,34.21,1.96,68.41,False,0.0,0
17.3503,177.3324,1.3,1997,26.67,0.0,7.988,35.35,10.46,50.43,False,0.0,1
-0.0935,64.5817,21.17,2009,28.37,0.0,7.919,36.2,7.31,76.93,False,0.0,0
-24.7848,157.2077,18.99,1997,29.26,0.52,8.084,35.25,8.33,54.28,False,30.67,0
2.2264,117.7016,19.7,2003,29.03,0.73,8.192,33.7,2.94,38.11,False,0.0,0
5.2105,123.9935,11.86,2002,27.73,0.0,8.155,35.25,10.44,54.56,False,0.0,0
14.7264,24.891,7.04,2006,28.72,0.0,8.146,33.79,1.54,81.85,False,11.42,0
-4.1004,-42.3487,21.89,2015,28.93,3.36,8.029,33.6,4.17,69.82,False,31.58,1
-22.3452,156.4409,24.52,1995,26.07,0.0,8.067,35.19,13.59,29.65,False,0.0,0
-12.9734,-24.4378,5.02,2006,29.19,0.0,7.875,33.42,0.87,40.56,False,14.98,0
-8.2151,13.975,15.12,1993,28.74,0.0,7.91,34.5,11.32,58.63,False,0.0,0
8.755,-19.3988,8.21,2014,30.79,5.35,8.019,35.6,2.8,12.43,True,98.01,1
4.2467,23.3346,5.88,1996,30.02,3.6,7.977,35.33,12.58,42.45,False,67.17,1
-8.6342,-10.6182,22.3,2006,30.2,2.94,8.018,34.94,9.31,69.11,False,31.1,0
29.1909,-162.7317,16.6,2011,26.59,0.0,8.014,33.97,0.99,70.67,False,0.0,0
6.3465,137.5373,7.27,2017,30.03,5.04,7.942,34.2,0.62,49.46,True,99.89,1
-15.7664,-20.0182,9.99,1995,28.07,0.0,8.204,33.88,8.84,66.63,False,0.0,0
-23.8931,32.0197,29.03,2019,30.64,4.56,7.974,35.1,12.01,39.21,True,91.47,1
-20.8285,-129.8924,25.61,1999,28.58,0.0,8.109,36.55,10.85,36.71,False,0.0,0
-15.2425,-178.7804,26.52,2003,28.48,0.0,7.898,36.37,4.79,54.61,False,0.0,0
-20.3591,-91.6956,14.34,2011,25.99,0.0,7.974,36.2,11.0,38.52,False,0.0,0
-18.806,73.651,19.09,2015,26.61,0.0,8.091,34.14,4.53,63.02,False,0.0,0
-12.8943,-144.29,11.93,1999,29.08,0.0,8.05,34.89,7.68,67.19,False,0.0,0
-19.5976,147.1995,3.25,1991,29.46,2.4,8.075,34.57,3.71,48.84,False,41.13,0
23.8059,-102.5919,12.63,1992,26.37,0.0,8.182,35.11,2.18,62.84,False,0.0,0
-25.186,-106.3463,18.23,2000,26.44,0.0,8.09,34.78,14.42,50.84,False,0.0,0
1.4707,-114.6571,9.33,1999,27.11,0.0,8.023,34.83,9.9,64.08,False,0.0,0
-5.3762,-174.9666,25.59,2001,28.74,0.0,8.177,33.27,3.75,62.0,False,0.0,0
28.9427,97.85,5.38,2003,28.08,0.0,8.241,33.8,2.29,65.18,False,5.84,0
-23.2777,135.0124,11.65,2019,26.6,0.0,8.056,34.5,4.23,49.75,False,0.0,0
-6.1287,41.0986,4.62,2002,26.82,0.0,8.122,33.93,5.88,53.57,False,0.0,0
28.1682,-112.248,12.74,2019,29.73,0.0,8.012,36.5,13.05,55.16,False,11.15,0
21.9304,-77.2999,2.15,2000,30.14,4.47,8.145,36.61,10.39,45.15,True,96.81,1
19.0243,-8.6664,8.9,1990,27.07,0.0,8.041,35.76,5.72,27.29,False,0.0,0
-14.5258,163.5645,12.62,2016,30.44,5.06,8.122,36.81,5.23,45.93,True,84.72,1
-19.7467,-90.9535,14.87,1998,27.11,0.0,8.05,33.44,3.95,48.6,False,0.0,0
10.1186,83.3925,16.77,2015,30.53,5.77,7.953,34.39,2.13,20.88,True,100.0,1
25.7626,-21.7986,8.97,2014,29.71,1.54,8.091,36.94,12.99,20.27,False,42.63,0
3.4058,-72.775,16.17,2006,26.08,0.0,7.98,35.61,7.34,55.27,False,0.0,0
4.2968,-15.8703,15.76,1995,26.9,0.0,7.902,36.82,14.22,69.52,False,0.0,0
-13.2013,-154.3656,10.17,2004,30.69,3.58,8.105,33.85,11.81,48.45,False,91.89,1
16.1696,107.5275,25.08,1992,25.77,0.0,8.223,34.81,10.55,29.1,False,0.0,0
-18.7774,-92.4113,16.82,2020,27.96,0.0,7.896,34.03,5.52,70.71,False,0.0,0
-10.5792,81.1484,10.64,2017,30.79,8.19,8.146,36.62,7.33,54.27,True,100.0,1
-4.4738,-155.3946,28.47,1998,25.86,0.0,8.147,35.56,3.94,73.46,False,0.0,0
0.4566,163.8355,25.51,2007,28.45,0.0,8.165,35.72,12.09,85.63,False,0.0,0
-15.4554,-110.5146,29.5,2021,30.5,3.9,8.153,35.42,7.26,59.55,False,55.16,1
-23.1098,137.7871,21.07,2008,29.34,4.01,8.214,36.17,11.94,67.25,True,70.26,1
6.6372,111.4104,11.97,1994,30.0,4.85,7.945,35.04,1.69,57.96,False,56.11,1
-12.6822,168.4296,9.14,1995,27.85,0.0,8.132,36.47,5.06,77.37,False,0.0,0
4.8743,-7.9594,20.24,2001,26.75,0.0,7.994,33.17,1.77,50.8,False,0.0,0
-20.7382,81.863,29.44,2006,29.33,1.8,7.871,36.2,9.06,64.86,False,31.63,1
-1.1316,-46.5442,19.17,1996,29.14,0.0,8.118,33.07,10.99,40.52,False,6.33,0
1.9554,-113.6274,26.57,2000,28.21,0.0,8.121,34.32,11.88,44.02,False,0.0,0
-26.8906,-20.4927,10.54,2023,30.15,6.5,7.897,34.81,5.87,43.3,True,96.79,1
-9.8037,-120.3304,12.8,1991,29.01,0.0,8.065,35.21,2.48,42.51,False,2.28,0
-21.9351,173.5361,27.28,2003,28.79,0.0,8.046,36.61,14.54,51.56,False,0.0,1
-26.1975,-145.3513,22.95,2007,26.58,0.0,8.099,36.6,3.25,69.33,False,0.0,0
29.3976,32.1162,29.46,1998,25.82,0.0,8.039,36.29,5.18,44.37,False,0.0,0
-10.6588,45.527,23.47,1993,27.73,0.0,8.085,36.93,4.92,32.63,False,0.0,1
18.5925,13.7086,14.01,2003,28.24,0.0,7.961,34.19,11.66,59.46,False,0.0,0
-14.7216,58.3869,16.4,2000,26.38,0.0,8.122,35.96,12.63,71.16,False,0.0,0
10.8902,-138.1749,27.11,2019,29.61,0.84,8.002,33.25,4.64,55.8,False,0.0,0
15.6137,19.8067,17.0,2016,29.4,0.83,8.011,34.28,4.61,56.52,False,0.0,0
5.7383,-76.6035,8.41,2018,28.37,0.0,7.869,34.3,10.5,22.95,False,0.0,0
-1.7054,158.4634,13.63,2021,28.55,0.4,8.08,34.05,12.95,62.7,False,4.45,0
-5.2895,94.3458,15.97,2019,27.35,0.0,8.109,36.91,2.69,66.29,False,0.0,0
-9.0679,170.1052,3.8,2015,27.31,0.0,8.01,36.78,14.77,41.76,False,0.0,1
25.7717,-166.4798,22.57,2019,29.18,0.4,7.912,34.57,10.41,38.66,False,8.92,0
19.8372,-77.3521,4.17,1999,28.43,0.68,8.098,34.49,4.87,34.02,False,18.52,0
27.9016,-109.6479,12.74,2001,28.64,0.0,7.939,34.95,11.6,22.16,False,10.52,0
-22.5422,-175.9843,24.33,2022,28.44,0.0,8.073,34.71,1.18,40.29,False,0.0,0
13.852,-92.7627,14.56,2023,27.16,0.0,7.898,34.21,13.7,58.89,False,0.0,0
26.3004,64.3594,25.42,2007,29.79,1.68,7.99,34.05,7.42,39.01,False,46.34,1
-19.126,-96.808,10.91,2005,26.16,0.0,8.088,36.72,3.58,74.64,False,0.0,0
-26.0102,3.2412,28.77,1993,28.35,0.0,8.021,33.8,10.3,76.95,False,0.0,0
14.4672,139.6145,7.07,1999,26.31,0.0,7.86,34.59,1.85,40.91,False,0.0,0
4.4684,69.7529,2.11,2017,27.81,0.0,7.953,35.77,7.38,53.18,False,0.0,0
20.5097,-37.9335,26.3,2007,26.69,0.0,7.987,36.89,14.11,78.17,False,0.0,0
-21.6137,-45.9112,22.81,1998,29.63,0.81,8.085,35.84,9.76,57.71,False,23.23,0
17.716,-15.9351,7.73,2011,26.55,0.0,7.809,35.17,1.87,73.58,False,0.0,0
-17.9024,-116.2651,29.56,1999,30.25,0.74,8.05,34.85,13.21,43.16,False,42.52,1
-20.1806,48.2403,15.57,2012,29.97,4.53,8.015,35.58,12.53,47.78,True,100.0,1
-20.1441,-48.905,28.58,2002,29.45,0.83,7.904,35.75,11.22,66.68,False,0.0,0
18.8745,126.8515,15.65,2013,27.48,0.0,8.05,36.97,2.87,38.31,False,0.0,0
9.9118,92.359,14.68,2002,30.03,3.13,8.01,34.4,9.46,73.36,False,63.1,1
1.3839,39.7847,14.03,2014,28.55,0.0,8.106,33.85,11.89,65.32,False,0.23,0
-8.4702,-48.8872,10.71,2018,27.21,0.0,8.094,34.7,10.85,38.8,False,0.0,0
22.632,-104.4245,16.48,2005,27.88,0.0,7.847,33.98,5.34,23.42,False,0.0,0
-6.4533,99.4147,14.12,1995,26.8,0.0,7.886,33.18,14.27,50.63,False,0.0,0
18.996,-4.8927,2.07,1997,27.23,0.0,7.845,36.87,3.39,75.85,False,0.0,0
-3.6519,-99.09,8.55,2023,30.94,4.29,7.976,33.24,6.85,65.27,True,100.0,1
-7.3833,-109.7371,7.18,2007,29.36,0.29,8.108,34.93,6.45,58.65,False,12.18,0
-2.2392,-120.4557,26.16,2021,28.86,0.0,8.098,34.91,13.5,47.41,False,0.0,0
-11.9173,99.778,18.37,1999,27.89,0.0,7.912,33.74,3.53,64.9,False,0.0,0
14.8566,-97.5646,23.15,2023,29.43,0.0,7.832,35.31,11.68,50.52,False,6.7,0
0.1632,9.5912,28.75,2012,28.48,0.0,7.925,36.3,8.22,79.28,False,0.0,0
-16.0672,-17.4433,19.68,2008,28.03,0.38,8.113,36.51,9.31,43.54,False,0.0,0
23.9745,28.6599,29.5,2009,27.82,0.0,8.013,34.46,0.77,75.57,False,0.0,0
-6.9665,135.7758,10.04,2023,27.88,0.0,7.842,33.78,10.29,27.48,False,6.95,0
2.6132,132.3891,6.4,2006,27.85,0.0,7.926,35.03,3.76,71.03,False,0.0,0
24.3883,-17.6126,12.7,1994,30.84,5.78,7.981,33.49,7.08,56.77,True,100.0,1
7.4543,-174.4681,14.65,1991,30.24,4.57,8.13,36.4,7.4,49.52,True,97.03,1
-22.9861,-26.4802,26.97,2023,28.51,0.22,7.899,34.84,14.45,32.66,False,0.0,0
26.3899,38.2297,17.24,2009,27.51,0.0,8.238,36.56,7.25,31.78,False,0.0,0
7.6625,20.7953,9.47,1991,28.82,0.0,7.979,33.15,6.55,42.39,False,0.86,0
-9.9057,54.481,22.54,2017,28.75,0.0,7.984,36.38,11.52,36.48,False,0.0,0
-21.6437,-124.5327,15.67,2007,26.5,0.0,8.123,34.04,6.59,33.26,False,0.0,0
17.6415,52.7526,5.7,2004,28.16,0.0,8.139,36.82,13.2,86.53,False,17.98,0
7.2044,-114.2454,17.73,1992,27.17,0.0,8.217,33.31,8.17,69.47,False,0.0,0
2.0077,90.1886,27.43,2008,30.52,3.66,7.934,36.35,13.14,27.99,True,85.42,1
23.6336,-57.9285,25.44,2012,29.67,0.47,7.973,35.14,10.16,45.85,False,0.0,0
17.3158,75.5624,18.02,2008,26.18,0.0,7.84,33.78,9.94,25.21,False,0.0,0
-20.8995,-162.7684,11.94,2007,29.83,5.45,7.932,34.72,8.7,26.35,True,65.25,1
-11.2967,-33.1704,3.52,2019,30.4,4.32,8.037,34.21,7.7,28.19,True,100.0,1
-15.0907,73.8124,14.62,2008,28.25,0.0,8.019,33.95,5.77,65.38,False,26.14,1
14.6368,-98.3266,22.81,1994,28.58,0.41,8.132,35.49,12.11,35.69,False,0.0,1
-27.9881,106.3033,11.45,2002,28.85,0.02,8.133,35.7,9.78,89.06,False,1.01,0
4.1934,47.0807,7.83,2023,28.89,0.52,7.951,33.43,1.89,43.37,False,0.0,0
15.7475,31.5222,28.01,2013,28.83,2.41,8.074,35.9,10.32,68.53,True,36.8,1
22.6059,-52.7224,24.83,2007,28.69,0.0,7.98,34.93,1.2,70.25,False,3.17,0
-9.4751,-6.3175,19.51,1993,29.79,0.34,8.165,35.12,14.65,76.09,False,2.63,0
19.2754,35.0457,4.97,1997,27.46,0.0,8.038,35.97,5.15,67.81,False,0.0,0
-23.3621,-9.9136,5.2,1990,25.7,0.0,7.9,34.73,2.21,57.5,False,0.0,0
20.7871,71.3928,3.99,2002,26.03,0.0,8.067,35.37,3.86,78.6,False,0.0,0
-22.3507,-23.8691,18.87,2011,26.35,0.0,8.167,35.05,14.28,75.16,False,0.0,0
-6.1628,-107.1817,4.35,2018,28.76,0.0,8.118,33.47,7.66,59.68,False,26.92,0
17.8377,-102.9838,25.44,1998,27.38,0.0,8.212,34.71,14.67,55.05,False,0.0,0
-21.005,-177.9106,29.8,2016,29.62,2.02,8.081,36.34,5.23,70.67,False,18.69,1
-16.2449,-71.6552,11.62,1993,29.17,0.0,7.915,33.12,1.13,51.86,False,11.69,1
13.3352,89.6104,14.16,2006,29.91,4.71,8.077,33.13,13.82,68.2,True,84.52,1
13.2022,105.8986,21.64,1992,29.68,3.31,8.055,36.72,13.81,35.25,False,33.33,0
8.4689,-107.1117,28.18,1993,26.91,0.0,8.086,36.28,5.62,73.86,False,0.0,0
11.6369,165.2558,26.93,2005,26.85,0.0,7.948,33.01,10.07,80.03,False,0.0,0
2.5635,0.865,2.67,2000,27.6,0.0,8.035,36.74,4.23,79.28,False,0.0,0
-14.8921,150.1123,5.9,2016,26.69,0.0,7.93,34.19,9.56,61.33,False,0.0,0
-9.2582,74.4355,22.88,2015,31.06,4.06,8.02,34.8,1.43,29.54,False,73.34,1
-19.1041,80.076,20.98,2020,28.89,0.0,8.158,33.94,5.52,74.79,False,3.19,0
24.507,-149.3843,4.86,2023,27.18,0.0,8.081,33.71,6.12,67.79,False,0.0,0
5.0035,-100.8032,15.56,1997,26.86,0.0,8.085,33.49,5.01,36.68,False,0.0,1
-5.9489,-176.8267,23.64,1990,28.02,0.0,8.212,35.79,7.61,50.87,False,4.52,1
-2.2797,77.806,7.34,1991,26.43,0.0,8.138,33.06,10.04,43.7,False,0.0,0
26.837,-56.0022,26.27,2016,27.05,0.0,7.986,34.56,7.75,71.62,False,0.0,0
-20.7989,103.1949,2.54,1992,28.19,0.0,8.215,34.82,6.98,49.86,False,36.58,1
5.1738,-57.983,23.68,2023,30.89,7.56,7.932,34.17,10.1,69.01,True,100.0,1
0.3533,114.9602,18.86,2005,29.78,3.28,7.825,34.0,12.77,40.06,False,50.25,1
6.6873,-132.9486,10.14,1990,28.35,0.0,8.046,35.46,6.94,44.63,False,3.49,0
-28.9134,-117.5857,21.91,1996,27.2,0.0,8.04,36.31,7.36,43.94,False,0.0,0
22.3274,-57.2844,23.69,2011,29.17,0.0,7.912,35.02,13.1,74.09,False,0.0,0
25.9271,-32.9445,28.08,2021,30.46,4.5,8.063,35.85,0.62,32.36,True,70.4,1
3.908,-54.467,11.67,2015,29.24,1.73,7.887,35.92,6.48,53.28,False,31.84,1
11.799,94.9129,20.89,1995,29.71,0.0,8.05,36.63,0.82,39.17,False,5.56,0
25.35,-145.0975,18.48,2000,27.56,0.0,8.14,35.93,5.96,82.24,False,0.0,0
12.4343,-53.5619,16.23,2020,27.41,0.0,7.858,34.08,4.26,51.83,False,0.0,1
-20.8477,121.4064,26.82,2010,30.29,1.19,8.023,33.76,8.58,37.51,False,29.67,1
4.5773,-155.9531,1.09,2011,28.2,0.0,7.886,36.63,7.25,41.81,False,0.0,0
6.4029,159.2437,9.18,1990,28.65,0.0,8.094,36.07,1.99,40.77,False,2.76,0
-4.5522,175.0741,16.61,2010,27.93,0.0,8.187,35.5,8.22,63.62,False,0.0,0
14.1867,-148.1155,6.17,2009,26.63,0.0,7.971,36.79,10.56,46.55,False,0.0,0
26.062,-75.1419,27.33,1998,27.4,0.0,8.089,35.69,1.31,46.71,False,0.0,0
25.5341,-45.9358,19.78,2016,27.13,0.0,7.948,35.54,0.97,58.66,False,0.0,0
-2.9496,99.5009,14.86,2018,26.68,0.0,7.949,36.48,13.33,48.32,False,0.0,0
-23.2057,34.5337,24.63,2022,27.41,0.0,8.068,36.15,8.72,70.28,False,0.0,0
29.0905,51.9717,14.08,1990,28.19,0.0,8.247,34.18,2.08,69.74,False,0.0,0
20.3339,92.7035,17.2,1992,30.43,6.09,8.19,35.0,10.91,30.52,True,94.46,1
-22.5202,-137.5276,1.08,2021,30.09,2.4,8.009,35.63,12.92,32.06,False,54.6,1
25.2505,119.9554,11.61,2009,27.24,0.0,8.144,33.94,14.52,71.53,False,0.0,0
22.1938,74.0231,5.02,2006,29.36,0.53,8.028,35.56,12.53,51.87,False,21.49,0
1.1303,27.843,21.0,1999,28.32,0.0,7.984,35.95,11.38,68.41,False,0.0,0
5.4765,140.3047,14.89,2018,29.49,1.52,7.988,34.06,13.24,56.04,False,45.07,1
-6.0598,72.1103,9.75,2021,27.49,0.0,7.931,34.08,7.57,59.15,False,0.0,0
-26.7143,-107.388,14.57,2002,27.63,0.0,8.162,36.97,7.55,59.87,False,0.0,0
-9.8882,-25.2917,7.08,2020,30.12,5.4,7.901,34.46,10.3,30.89,True,91.36,1
18.1712,-2.1446,27.83,1993,27.35,0.0,8.093,33.11,13.19,76.99,False,0.0,0
-29.7221,-160.1217,2.57,2007,25.88,0.0,8.141,33.68,3.53,78.42,False,0.0,0
-9.99,163.6695,26.1,2000,27.29,0.0,7.94,36.02,6.75,53.59,False,0.0,0
-6.1099,-133.7122,15.83,2007,27.07,0.0,8.026,35.7,11.45,40.73,False,0.0,0
2.2437,71.0861,18.95,2022,29.18,2.63,8.106,36.34,4.6,67.07,False,15.25,1
25.1913,2.2432,9.78,1992,29.14,0.74,7.854,35.63,1.31,39.58,False,27.82,1
-9.2192,-170.7724,29.03,1990,29.22,0.11,7.985,35.43,6.47,41.32,False,0.0,0
-9.1828,152.9091,9.17,2008,30.08,2.26,7.891,35.86,14.6,57.11,True,94.12,1
14.2501,126.6613,18.08,1995,29.29,0.0,8.148,36.6,9.87,71.6,False,0.0,0
-2.8669,8.7329,29.81,1999,25.83,0.0,7.986,35.88,11.78,70.33,False,0.0,0
-16.5237,-97.5808,26.55,2001,26.43,0.0,8.008,33.43,1.97,27.75,False,0.0,0
-2.8536,-136.2158,16.55,2006,28.0,0.0,8.154,36.18,8.17,37.57,False,0.0,0
-21.5486,-49.1787,29.72,2016,27.39,0.0,7.898,36.93,13.21,73.95,False,0.0,0
-19.4168,-88.0458,21.34,1991,28.3,0.0,8.072,33.01,13.26,41.75,False,0.0,0
-0.0979,2.4088,7.05,2014,26.48,0.0,8.135,34.97,14.7,54.6,False,0.0,0
-4.8645,167.9073,12.76,2017,28.28,0.0,8.122,33.15,12.46,40.16,False,0.0,0
24.8908,26.9833,10.7,2006,28.27,0.0,8.046,36.82,13.17,34.3,False,0.0,0
-8.2564,140.3752,10.98,1994,27.59,0.0,8.085,36.83,3.48,57.28,False,0.0,0
4.8353,54.3164,23.05,2008,28.51,0.0,7.953,35.52,0.88,41.19,False,0.0,0
7.9359,-8.9113,17.94,1993,28.69,0.46,8.007,35.03,10.01,36.13,False,0.0,0
-29.2143,127.6587,2.1,2019,28.32,0.0,7.985,33.13,10.5,37.68,False,0.0,0
9.8122,-10.3075,26.45,2021,28.73,0.0,7.981,36.87,13.8,31.72,False,0.0,0
-19.3178,132.7061,9.61,2016,26.91,0.0,7.891,36.88,8.58,40.74,False,0.0,0
27.6642,-75.0324,29.92,2021,27.34,0.0,8.091,35.97,6.65,38.81,False,0.0,0
-21.0802,-133.6273,28.67,2000,27.0,0.0,8.076,33.12,14.05,65.83,False,0.0,0
-5.1226,127.9132,28.28,2002,27.13,0.0,7.951,36.18,3.38,68.95,False,0.0,0
-24.879,31.4695,24.52,2006,29.05,0.26,8.0,35.25,7.3,34.67,False,17.53,1
29.8125,140.0733,7.4,2019,27.01,0.0,7.976,36.89,1.13,76.97,False,0.0,0
0.1317,157.6178,16.45,2007,28.41,0.0,7.925,35.73,12.02,44.68,False,0.0,0
5.7231,-160.6938,7.5,2019,25.64,0.0,8.106,36.82,9.54,61.26,False,0.0,0
-25.9754,0.3489,8.53,2015,28.82,0.0,8.014,33.42,4.71,35.22,False,18.26,0
14.9976,-45.0128,18.72,2005,27.98,0.0,8.15,36.02,8.32,51.29,False,0.0,0
-17.4057,45.309,2.18,2000,29.1,0.0,7.915,36.53,10.46,31.51,False,25.95,0
23.8833,105.6928,29.11,1993,28.65,0.0,7.996,35.54,11.97,27.29,False,0.0,0
-17.6916,-78.9875,27.64,2004,29.75,0.21,7.962,35.17,2.0,73.71,False,0.0,1
-18.5587,20.4474,12.04,2001,27.76,0.0,7.921,36.1,3.29,75.48,False,0.0,0
-27.807,75.1423,15.95,2016,27.06,0.0,8.088,36.42,8.08,37.03,False,0.0,0
-1.676,-131.6048,14.52,1993,28.75,0.0,7.964,35.49,10.8,38.33,False,0.0,0
3.8905,113.0641,26.58,2010,28.57,0.0,7.992,35.94,13.26,34.48,False,0.0,1
-26.0575,38.1995,20.97,1991,29.98,1.79,8.084,34.6,8.4,29.66,False,29.13,1
16.5317,161.8335,9.07,2017,30.44,5.17,7.895,34.39,4.92,50.47,True,99.33,1
-2.8027,-57.7696,13.96,2023,30.34,2.0,8.044,33.82,12.94,56.28,False,38.99,1
1.4634,-141.0675,13.44,2022,30.52,3.77,8.169,35.5,14.43,60.04,False,76.32,1
-3.5542,2.3404,28.82,1997,29.46,2.52,7.957,36.27,4.11,29.5,False,6.25,0
-5.9542,-149.1081,6.08,1997,27.01,0.0,8.187,35.65,9.23,65.56,False,0.0,0
3.5784,169.0295,3.6,2011,26.35,0.0,7.891,34.57,5.16,28.52,False,0.0,0
-20.6856,-166.0734,26.54,2016,30.13,4.07,8.067,36.95,12.96,76.25,True,100.0,1
-19.0843,91.2614,27.0,2017,27.62,0.0,8.102,33.02,6.43,68.96,False,0.0,0
21.7071,9.0369,26.28,2000,26.08,0.0,8.033,34.24,13.75,67.8,False,0.0,1
26.7669,-47.2966,15.82,2016,29.44,0.0,8.087,36.87,7.39,66.92,False,0.0,0
-7.6014,-156.2968,20.13,1990,27.41,0.0,7.981,34.54,11.11,36.92,False,0.0,0
-13.7553,43.9801,17.34,2017,29.07,1.29,8.009,35.48,5.5,33.89,False,24.52,1
8.64,30.6793,3.01,2016,29.32,0.5,7.999,33.96,8.14,43.14,False,5.92,0
-5.4759,-78.882,18.28,1997,29.15,1.1,8.059,35.76,10.51,62.82,False,0.0,0
-28.4768,147.6798,1.39,2013,29.26,0.0,8.097,35.59,3.26,59.2,False,29.74,0
-20.6308,-70.5204,10.42,2013,27.37,0.0,7.946,35.47,3.03,40.18,False,0.0,0
12.9583,-18.0989,28.04,2011,27.22,0.0,8.025,34.5,1.76,48.45,False,0.0,0
9.5354,15.7545,9.82,1999,30.0,3.52,8.04,36.83,5.61,47.72,False,49.21,1
-28.3742,-143.9165,28.25,1993,27.49,0.0,7.996,35.57,9.04,51.4,False,0.0,0
-16.6817,155.5782,8.25,1997,27.8,0.0,8.086,33.37,2.07,72.86,False,0.0,0
-16.1355,-45.167,10.12,2004,28.06,0.0,8.099,35.95,2.67,23.89,False,0.0,0
10.3136,-150.9195,19.22,1997,26.94,0.0,8.001,34.28,11.91,52.95,False,0.0,0
-28.8174,-40.5752,23.09,2018,27.55,0.0,7.898,34.32,6.84,47.25,False,0.0,0
-23.7535,36.0729,15.54,2003,27.33,0.0,8.169,33.9,1.79,64.59,False,0.0,0
17.995,4.915,26.58,2021,26.92,0.0,7.929,35.59,5.13,43.82,False,0.0,0
-19.2873,70.0351,2.17,1996,27.12,0.0,7.976,36.82,7.21,62.4,False,0.0,0
9.1648,-160.0258,27.74,2022,30.72,7.46,7.887,36.27,3.93,64.27,True,100.0,1
-15.709,-77.5654,6.69,2016,28.38,0.0,7.968,36.7,10.32,50.14,False,0.0,0
-24.0335,114.923,26.64,1990,26.92,0.0,8.164,36.72,12.2,57.1,False,0.0,0
-15.4097,-151.2383,12.63,1995,28.21,0.0,8.011,33.01,11.73,69.31,False,1.55,0
13.336,127.9749,25.15,1991,26.56,0.0,8.099,35.5,8.73,37.75,False,0.0,0
21.3418,-146.9174,20.48,1996,28.01,0.0,7.904,36.72,7.11,67.35,False,0.0,0
19.8132,120.4035,6.1,1997,29.02,2.03,8.01,35.21,13.94,60.5,False,32.91,1
-6.169,-50.1162,27.62,2018,30.13,3.65,7.939,35.72,2.16,51.43,False,25.66,1
10.0851,40.3953,8.12,2005,29.55,2.7,8.156,34.75,7.91,39.39,True,40.56,1
-17.7009,-124.9606,8.08,2018,30.88,7.52,7.948,36.41,5.16,21.8,True,100.0,1
-12.4111,-156.1793,24.61,2020,30.35,6.74,8.08,33.65,6.96,48.46,True,100.0,1
23.7801,-102.2622,4.07,2011,27.76,0.0,8.098,33.37,9.78,33.61,False,0.0,1
-29.2199,-133.9726,7.44,1999,29.28,0.0,8.085,34.49,8.88,42.25,False,0.0,0
-24.8695,-67.5339,15.61,1993,28.96,0.0,7.892,33.32,10.85,66.05,False,0.0,0
-17.5268,5.178,25.08,2014,27.33,0.0,8.208,33.57,0.77,41.98,False,0.0,0
-28.4081,31.9534,5.28,2002,29.89,7.85,8.067,33.63,7.47,50.64,True,100.0,1
-19.1139,104.3525,16.88,2006,26.48,0.0,8.25,33.02,10.53,43.62,False,0.0,0
4.9825,56.2464,21.63,1997,26.9,0.0,8.045,36.26,12.02,35.04,False,0.0,0
-4.7145,39.153,25.96,2012,27.25,0.0,8.088,36.57,2.15,64.77,False,0.0,1
23.5603,-31.7585,28.13,1996,29.09,0.0,8.167,33.16,5.1,45.13,False,0.0,0
19.0466,-9.429,23.75,2021,27.14,0.0,7.886,33.93,8.98,51.01,False,0.0,0
-9.491,-30.7725,19.93,2013,28.97,0.0,8.064,34.36,6.09,26.99,False,0.0,0
-14.4346,123.1798,13.57,1990,27.69,0.0,8.098,36.19,6.16,42.55,False,0.0,0
-7.2185,-97.1998,4.25,2016,28.84,0.68,7.983,33.93,2.85,34.62,False,31.26,0
5.4177,-177.9405,21.58,1995,27.98,0.0,7.993,34.6,3.68,66.38,False,0.0,0
-13.9162,54.4752,29.79,2020,28.67,0.0,7.918,36.9,4.57,30.63,False,15.15,0
7.4489,-107.1136,22.37,2001,30.09,6.04,8.038,36.31,10.9,63.66,True,100.0,1
-5.4353,140.4414,1.48,2015,26.83,0.0,8.043,33.4,6.52,42.01,False,0.0,0
3.1228,129.2567,15.39,2014,29.72,4.01,8.091,34.28,3.55,36.71,True,84.85,1
-3.8324,-152.3781,18.82,1993,27.54,0.0,7.911,35.31,1.41,67.12,False,0.0,0
-12.3321,-141.7002,21.0,1995,28.03,0.0,8.117,35.73,8.64,62.68,False,0.0,0
26.9072,-1.7382,21.87,2002,29.3,1.77,8.032,35.58,3.48,75.44,False,38.83,1
15.8163,39.3202,17.19,2014,29.63,0.0,8.169,33.34,9.05,53.38,False,0.0,0
-21.5932,-81.033,7.48,2020,27.04,0.0,7.925,36.97,8.41,45.86,False,5.47,1
22.1081,78.0472,28.32,2011,29.91,0.0,8.045,33.73,5.38,39.62,False,14.46,0
-0.7541,34.1698,21.2,2010,27.05,0.0,7.969,33.7,3.9,62.31,False,0.0,0
23.6731,-63.0633,7.87,2004,28.01,0.0,7.948,33.97,6.83,63.64,False,0.66,0
17.9913,-170.8663,10.35,1992,28.26,0.0,7.841,34.64,5.37,42.02,False,18.64,0
-4.4872,90.0541,27.74,2015,27.12,0.0,8.138,34.28,5.34,58.22,False,0.0,0
-28.6518,-102.6887,26.74,2006,29.67,3.87,7.922,35.05,14.16,70.32,False,58.67,1
-13.8794,120.4105,12.75,1997,27.04,0.0,8.004,36.64,9.06,68.29,False,0.0,0
2.4981,-28.6955,2.11,2000,28.48,0.0,8.196,33.16,10.07,26.27,False,19.82,0
8.0087,27.7479,2.41,2013,29.65,2.57,8.056,34.55,3.31,68.1,False,60.62,1
-14.5267,134.2615,9.23,1997,27.94,0.0,8.199,36.94,6.3,46.68,False,0.0,0
-21.6386,130.9043,19.24,2019,26.81,0.0,7.893,33.99,4.25,69.23,False,0.0,0
20.0958,-46.253,17.94,1990,26.08,0.0,8.163,36.27,13.93,34.46,False,0.0,0
29.0641,-104.8,19.38,2023,30.51,5.08,8.111,34.57,7.15,70.26,True,100.0,1
1.5414,99.0526,21.8,2009,30.52,3.8,8.113,36.64,13.77,62.87,True,66.62,1
-19.6992,-24.0911,1.55,2023,28.89,0.0,7.947,35.55,7.78,31.58,False,8.57,0
-13.6616,-110.8649,4.05,2023,29.19,0.61,7.925,36.57,14.64,40.59,False,10.15,0
-28.8966,145.5931,11.43,2002,28.8,0.0,8.205,35.54,10.5,57.06,False,0.0,0
24.8579,-108.6825,5.49,1995,28.15,0.0,7.823,36.56,8.93,49.66,False,18.01,1
-22.9349,-170.7094,3.18,2014,27.99,0.0,8.07,36.62,9.93,54.86,False,0.0,0
4.591,-172.6992,19.59,2016,29.57,0.0,7.901,34.2,1.95,37.23,False,18.69,0
-13.5567,44.0335,24.64,2020,26.32,0.0,8.129,36.36,9.57,51.11,False,0.0,0
3.2507,58.203,22.83,1992,29.63,3.36,8.069,36.36,4.89,51.22,True,22.56,0
9.0852,-68.025,24.69,2017,28.12,0.0,7.946,35.82,11.74,72.06,False,0.0,0
19.7845,-64.796,20.31,1993,28.47,0.0,8.051,33.96,6.33,77.41,False,0.0,0
-17.6147,-57.7822,22.33,2006,29.68,0.0,8.012,33.43,13.15,69.72,False,9.67,0
-29.3403,64.8571,8.88,2023,28.09,0.0,7.997,35.47,5.78,34.94,False,0.0,0
-21.7869,-159.0718,29.8,2009,28.59,0.0,7.97,35.62,4.62,43.72,False,4.17,0
24.0011,154.4819,6.31,2002,29.74,1.06,7.939,36.88,7.82,27.05,False,14.64,1
22.4334,-99.8924,7.22,1994,26.35,0.0,8.23,34.59,7.15,68.46,False,0.0,0
5.8448,179.8824,9.38,2013,28.69,0.0,8.034,35.89,1.32,59.01,False,0.0,0
6.031,-118.2518,29.28,2006,27.43,0.0,8.028,36.52,11.64,57.05,False,0.0,0
9.9022,97.7567,29.66,2020,28.84,0.42,7.937,36.2,6.17,55.54,False,0.0,0
-19.4777,-99.5715,24.05,2017,25.76,0.0,7.946,34.62,7.15,72.57,False,0.0,0
24.8647,-150.8952,19.24,1990,28.37,0.0,8.09,33.96,10.81,50.73,False,0.0,0
-4.8738,134.976,16.08,1991,26.66,0.0,8.044,33.13,1.2,68.14,False,0.0,0
-7.0117,129.1505,29.15,2022,29.54,0.5,8.075,36.03,4.15,39.56,False,3.65,0
1.1351,-34.7147,21.17,2018,29.57,1.69,7.92,34.54,3.69,31.72,False,16.05,0
-27.182,72.8626,28.4,1993,29.5,3.17,8.113,35.01,8.14,48.79,False,31.43,1
-20.023,20.5437,10.18,2007,28.55,0.0,8.015,36.93,12.9,72.32,False,2.3,1
14.282,127.0642,10.68,2013,27.93,0.0,7.997,33.02,7.42,40.38,False,2.34,0
-25.0321,-66.5799,25.79,2021,31.15,4.93,8.023,34.1,4.95,27.58,True,80.26,1
6.1891,8.5221,5.35,1998,26.64,0.0,7.951,36.92,1.98,74.73,False,0.0,0
-15.2791,-5.2659,28.43,2005,28.56,0.0,8.043,34.95,0.54,55.81,False,0.0,0
-6.6423,-52.5939,15.72,2010,27.98,0.0,7.945,36.75,4.6,38.34,False,0.0,0
-12.6784,140.9238,27.87,2019,28.93,0.0,8.06,36.41,7.23,34.57,False,0.0,1
-8.6596,-120.2839,10.77,1992,28.65,0.0,8.015,35.85,5.67,36.56,False,13.17,0
13.1428,-126.1769,21.76,2022,29.77,2.95,8.044,35.85,7.16,24.43,False,55.53,1
-12.1727,27.6874,15.0,2020,27.74,0.0,8.09,33.02,6.88,69.06,False,0.0,0
3.9843,56.6979,19.18,2003,27.45,0.0,7.895,34.19,7.03,73.68,False,0.0,0
-1.437,-109.9371,15.63,1995,28.21,0.0,7.952,34.76,10.23,82.16,False,0.0,0
9.8203,-39.3417,29.05,1994,29.66,1.1,8.231,35.08,5.89,43.64,False,0.0,0
26.2098,160.763,21.07,2018,28.06,0.0,7.859,34.78,12.39,51.2,False,0.0,1
13.9543,-91.2177,8.29,2010,29.86,3.2,8.022,34.75,12.11,53.37,False,36.26,0
-17.1036,60.6099,27.38,2001,27.79,0.0,8.014,36.45,3.86,30.86,False,0.0,0
-28.129,86.4538,9.53,2012,28.6,0.5,8.026,36.88,2.14,64.18,False,0.0,0
-14.2642,-18.6737,11.78,2003,28.52,0.62,8.116,36.39,13.62,40.24,False,17.58,0
5.7047,157.5094,3.96,1999,30.15,4.0,7.872,35.76,2.98,27.34,True,95.91,1
-26.9145,85.1964,27.1,2016,30.01,1.39,7.91,35.95,9.9,68.56,False,24.22,0
-0.218,-15.1472,9.3,1991,27.13,0.0,8.212,35.95,13.05,50.64,False,0.0,0
5.8106,24.9607,8.51,2003,28.12,0.0,8.159,36.2,0.57,63.78,False,0.0,0
-9.9454,69.3408,27.69,1996,28.86,0.0,7.984,33.22,4.36,31.41,False,0.0,0
16.2547,33.1885,24.36,2006,27.28,0.0,8.068,33.3,4.68,53.64,False,0.0,0
-23.6041,136.3311,5.09,2009,28.38,0.0,8.174,33.39,10.51,58.12,False,23.73,0
-25.4917,-51.5201,23.31,1997,26.66,0.0,8.065,36.64,9.86,70.61,False,0.0,0
13.6913,-72.0411,27.48,2009,28.77,0.0,8.098,35.49,8.52,79.91,False,0.0,0
-0.2705,-103.018,3.28,1994,27.15,0.0,7.887,34.82,13.74,40.06,False,0.46,1
11.3041,-166.3981,24.93,2002,27.37,0.0,8.057,36.08,14.81,66.45,False,0.0,0
-3.9104,-164.515,16.88,2006,28.87,0.0,8.117,33.88,1.48,41.6,False,22.37,0
-15.2159,133.2199,20.41,1995,27.28,0.0,8.04,36.22,13.14,39.43,False,0.0,0
19.1461,64.2215,15.29,2008,28.86,0.0,8.096,34.38,3.59,39.48,False,6.57,0
17.965,57.7917,21.24,2014,26.85,0.0,8.141,35.54,2.74,41.62,False,0.0,1
11.6818,41.2714,1.99,1992,30.06,1.68,8.011,36.95,11.82,36.27,False,15.23,0
-13.6713,125.7189,23.12,2017,28.39,0.0,8.016,33.29,9.68,31.65,False,0.0,0
5.4138,-7.1039,1.97,2015,28.57,0.37,8.131,36.83,1.37,64.21,False,0.0,0
-8.3416,133.3479,14.2,1997,27.83,0.0,8.027,36.07,3.62,69.47,False,0.0,1
-24.5051,-50.5998,5.38,2004,26.6,0.0,8.12,34.78,10.82,34.12,False,0.0,0
25.0388,153.6147,24.88,1990,28.89,1.63,8.083,33.41,0.66,55.78,False,0.0,0
-21.7909,71.5165,10.1,2012,29.63,2.66,7.93,33.45,4.63,67.27,False,55.13,0
27.0142,-87.4162,14.17,2005,28.6,0.0,8.095,35.33,7.04,39.11,False,0.0,0
-3.2397,23.0706,13.43,1993,27.08,0.0,8.127,35.1,13.73,79.87,False,0.0,0
-18.892,11.891,23.4,1997,28.96,0.07,8.136,35.14,12.83,54.88,False,0.0,0
2.5141,-130.3564,14.95,1999,29.3,0.32,8.077,34.11,3.65,54.28,False,0.0,0
22.3768,32.8474,23.88,2019,29.42,0.62,7.951,33.37,4.94,38.71,False,4.76,0
13.9335,-66.6772,3.13,2005,30.2,0.45,7.995,36.2,8.02,50.97,False,31.37,1
18.3937,-161.1544,6.56,2019,28.77,0.0,8.13,33.89,6.83,76.6,False,0.0,0
9.527,161.5162,16.99,1999,26.93,0.0,7.966,35.58,11.65,53.02,False,0.0,1
11.5366,50.9365,28.47,2000,25.86,0.0,7.98,34.46,14.29,67.83,False,0.0,0
20.9517,135.6908,3.17,2023,28.33,0.0,7.944,35.54,9.51,33.18,False,18.54,1
-15.0199,63.3802,2.25,2005,29.44,2.4,7.961,36.08,2.13,55.63,False,40.69,0
-0.6345,-51.4859,5.54,2008,26.5,0.0,8.057,33.78,6.9,65.35,False,0.0,0
-16.7274,4.5677,19.59,1993,25.0,0.0,8.155,33.05,8.43,28.29,False,0.0,0
29.2601,63.2688,12.57,2020,29.86,4.62,7.987,34.12,14.35,21.61,True,100.0,1
26.6436,165.6908,24.94,2023,28.63,0.01,7.986,36.85,5.5,26.39,False,0.0,1
-27.6344,-88.679,3.09,2015,28.16,0.0,7.949,33.73,10.21,47.01,False,0.0,0
12.3345,134.9917,6.7,1995,26.47,0.0,7.91,34.89,0.66,32.66,False,0.0,0
25.5149,152.668,9.7,2022,28.21,0.0,7.884,34.49,6.83,25.37,False,0.06,1
-19.1655,61.3496,19.18,2016,27.87,0.0,8.166,34.24,1.09,70.19,False,0.0,0
4.0767,155.256,20.87,2001,30.51,4.82,7.982,35.92,3.94,29.33,False,58.7,1
24.9293,-36.7637,4.6,1997,29.48,0.22,7.948,35.89,7.3,55.19,False,17.3,1
-27.9632,163.0858,28.37,1998,27.45,0.0,8.138,36.12,8.93,64.46,False,0.0,0
11.8452,73.0018,10.89,1990,28.25,0.0,8.092,34.36,13.21,69.53,False,0.0,0
-12.1591,-164.8779,21.68,1994,29.05,0.0,7.943,34.44,3.18,50.65,False,0.0,0
25.4638,146.4742,16.2,1996,26.77,0.0,8.034,35.19,4.98,80.75,False,0.0,0
28.2635,-5.5898,7.46,2007,28.43,0.0,7.998,33.02,8.58,49.52,False,29.48,1
26.656,-14.2823,25.54,2013,30.31,0.97,8.0,36.82,3.58,62.37,False,25.79,0
-1.5471,23.928,24.73,2015,29.61,0.54,7.817,33.94,13.66,65.98,False,0.0,1
21.7226,-126.2216,12.49,1999,28.78,1.23,8.162,33.69,13.17,68.1,False,28.87,0
20.673,-11.1002,18.07,2001,28.49,0.0,8.102,35.55,13.36,55.21,False,0.0,0
-10.854,119.2058,8.48,2011,29.01,0.79,8.105,36.39,10.94,36.56,False,12.02,0
19.7349,-174.4263,21.01,2016,29.01,0.58,7.878,35.57,14.95,28.22,False,0.0,0
-27.7795,-81.7498,9.96,1992,28.02,0.05,8.123,35.52,12.48,37.39,False,0.0,0
5.7762,-179.1163,25.48,2007,27.55,0.0,7.989,34.95,7.69,50.14,False,0.0,0
-16.1995,-30.3439,7.3,1994,26.47,0.0,8.106,36.56,11.21,62.59,False,0.0,0
-22.766,82.1936,1.43,2003,30.38,4.82,8.096,36.87,1.89,22.52,True,87.56,1
-25.3828,107.5579,8.79,2014,26.57,0.0,8.006,35.38,13.81,36.54,False,0.0,0
11.7773,160.2683,6.54,2020,29.03,0.0,7.967,33.32,14.77,47.59,False,18.55,1
-9.6075,39.0617,15.74,2010,29.61,2.44,7.915,33.4,12.93,27.33,False,60.43,1
13.486,-88.3343,6.91,2009,28.72,0.0,7.943,34.68,1.02,46.66,False,8.63,0
-26.0786,152.6933,23.13,2003,26.95,0.0,7.857,34.97,2.9,68.06,False,0.0,0
-11.0826,99.1137,8.0,2009,30.5,4.22,8.067,35.56,2.03,63.67,True,69.15,1
2.3695,26.7943,21.5,2019,30.1,5.2,7.927,36.97,6.67,59.75,True,93.33,1
17.4434,70.4305,17.78,2009,29.87,4.1,8.124,35.83,1.05,47.43,True,63.08,1
-10.8748,152.7539,29.6,1996,28.73,0.0,7.904,36.49,14.18,63.74,False,0.0,1
7.5535,76.4619,30.0,1994,27.32,0.0,8.176,36.77,8.98,70.26,False,0.0,0
23.1587,-47.3852,26.22,2020,29.15,1.42,7.978,33.78,8.73,26.11,False,1.73,0
6.9518,76.6902,23.04,2018,29.03,0.0,8.043,34.33,6.97,70.25,False,9.07,1
-16.0224,-165.4999,12.21,2004,27.07,0.0,7.939,35.75,5.4,65.39,False,4.47,0
-28.536,-40.8904,22.85,2014,26.79,0.0,7.801,35.61,7.52,30.43,False,0.0,0
22.2059,-33.7237,28.74,2002,28.38,0.0,8.203,34.69,8.0,81.8,False,0.0,0
-28.7238,-119.9382,1.68,2013,27.42,0.0,8.147,36.42,10.59,52.47,False,0.0,0
22.4821,-171.6892,16.6,2004,31.17,6.43,8.002,36.92,2.9,39.87,True,100.0,1
1.7362,-131.9828,7.32,2013,28.86,0.0,8.014,34.59,8.84,58.49,False,0.0,0
26.3441,55.6637,17.18,2015,27.63,0.0,7.977,34.39,8.9,66.88,False,0.0,0
17.927,108.824,14.53,2008,29.28,0.0,8.104,34.15,5.82,47.58,False,10.85,0
29.876,175.7533,17.7,2013,27.42,0.0,8.037,35.25,14.48,56.25,False,0.0,0
-8.9573,-55.3091,16.98,2008,30.51,6.17,8.106,35.45,11.3,58.1,True,90.27,1
16.0313,35.7765,28.84,2006,29.03,0.0,7.913,33.73,10.81,73.84,False,0.0,0
-5.8841,157.3722,17.01,1994,28.74,0.47,7.927,34.13,13.16,36.85,False,0.0,0
-1.2075,-119.865,25.54,1993,26.65,0.0,8.115,33.48,5.41,59.86,False,0.0,0
7.6503,78.3524,10.27,2011,28.01,0.0,8.091,36.62,3.58,64.95,False,0.0,0
22.4206,91.7923,13.7,1999,27.17,0.0,7.868,35.59,6.86,59.51,False,0.0,0
29.045,-147.9688,14.64,2010,27.83,0.0,7.926,35.22,9.16,56.5,False,1.98,1
16.0964,130.0498,9.08,2014,29.1,0.45,8.042,36.7,8.59,34.53,False,5.03,0
-4.934,112.7178,12.01,1995,27.03,0.0,8.117,36.93,3.7,48.63,False,0.0,0
-4.7186,-167.9749,18.36,2019,28.77,1.73,7.935,33.1,4.4,60.06,False,7.46,0
14.2549,-147.2096,17.83,2018,29.9,2.75,8.135,36.16,13.92,57.97,False,54.54,1
-15.6734,-162.3143,19.46,2000,27.52,0.0,7.837,35.16,1.68,70.83,False,0.0,0
-23.3716,-59.4923,11.2,2000,27.22,0.0,7.989,33.01,7.81,38.1,False,0.0,0
-8.7227,3.344,10.16,2016,30.63,3.72,8.075,34.72,7.38,46.91,False,36.08,1
-12.7657,11.6452,18.74,2008,26.73,0.0,8.099,36.1,6.06,42.59,False,0.0,0
-12.2215,-83.64,4.85,2011,27.74,0.0,7.906,35.97,11.86,33.53,False,0.0,0
-15.9835,148.1749,8.34,2017,28.81,0.0,8.153,36.71,13.88,62.69,False,1.22,0
-27.4744,-47.4254,2.22,1993,28.7,0.26,8.196,35.49,14.96,37.7,False,46.38,0
-28.9276,-163.6019,3.11,2008,29.37,0.0,7.876,33.9,2.28,28.31,False,22.52,1
29.2633,-71.9182,8.06,2006,29.18,0.0,7.931,35.9,1.12,59.79,False,0.0,0
-4.3336,11.1994,1.57,2012,29.4,0.96,8.083,36.92,4.49,24.31,False,42.78,1
-6.9404,-33.0401,8.12,2017,27.62,0.0,7.953,36.54,10.4,48.33,False,1.73,0
10.7788,-81.4167,19.99,2000,27.5,0.0,8.047,33.01,6.37,80.21,False,0.0,1
-16.9048,-132.7236,2.77,2003,29.06,0.52,7.913,34.73,7.26,28.67,False,9.61,0
26.9977,114.8992,13.67,2002,29.73,2.86,8.083,33.83,14.99,57.88,False,52.17,1
17.1807,178.6123,27.48,2013,27.89,0.0,7.905,34.97,7.62,29.66,False,0.0,0
-24.6353,-61.3648,23.95,2005,27.93,0.0,8.098,34.57,13.77,65.1,False,0.0,0
-4.9452,-42.6164,9.86,2017,30.11,0.97,7.997,35.25,6.47,72.94,False,30.06,0
22.7471,42.4935,27.82,2019,28.41,0.0,7.958,36.3,6.88,60.3,False,0.0,0
26.6839,78.6389,10.56,2016,29.39,0.0,8.109,35.57,11.69,54.83,False,0.0,0
-1.9559,-38.8694,3.1,2006,26.92,0.0,8.179,34.43,13.57,71.9,False,0.0,0
6.8047,145.7746,29.83,2015,29.13,0.79,8.064,34.35,12.29,63.54,False,0.0,0
-19.978,21.6014,26.23,1996,29.27,0.0,7.953,33.84,7.34,55.57,False,0.36,0
29.4701,-17.8596,14.51,2004,28.67,0.0,8.031,35.06,10.62,49.26,False,0.0,0
-16.0997,52.8022,20.32,2005,28.25,0.0,7.923,36.24,4.32,39.91,False,0.0,1
26.5639,163.0094,20.47,2010,27.62,0.0,8.162,33.0,1.62,81.24,False,0.0,0
8.9788,106.0388,6.64,2006,29.66,1.18,7.797,35.83,2.79,23.33,False,37.56,1
6.4642,-165.5953,6.8,2015,26.85,0.0,8.121,35.03,0.85,41.76,False,0.0,0
0.7613,-60.3684,14.62,2009,28.0,0.0,7.874,36.44,6.95,71.74,False,0.0,0
-16.1598,-10.6039,27.44,2009,26.41,0.0,8.119,35.04,10.01,45.63,False,0.0,0
-19.4083,-66.7737,1.29,2012,26.24,0.0,8.131,36.52,0.98,42.96,False,0.0,1
-16.7708,72.0675,23.69,1994,28.54,0.27,7.981,35.96,1.25,53.86,False,0.0,0
-18.8137,117.4569,2.67,1998,26.43,0.0,7.944,34.94,8.05,61.95,False,0.0,0
16.7751,83.2842,14.87,2012,27.58,0.0,8.094,34.19,14.12,29.08,False,0.0,0
-8.9925,176.16,19.5,2007,28.49,1.09,7.985,36.9,2.55,74.44,False,0.0,1
-26.5294,-81.8828,20.92,2018,29.75,0.11,7.95,33.84,10.34,57.94,False,39.25,1
28.1462,134.9962,2.7,2000,28.41,0.0,7.905,36.11,9.99,23.32,False,23.94,0
23.0272,95.9842,13.14,1997,27.65,0.0,7.905,35.74,4.94,45.04,False,0.0,1
25.6651,-49.6156,17.93,2016,27.4,0.0,7.884,34.64,1.6,32.64,False,0.0,0
29.6945,84.2848,2.92,1991,28.8,0.0,8.02,35.87,9.33,26.95,False,0.47,0
-19.5663,-142.5327,4.92,2012,28.49,0.0,8.068,33.52,6.93,59.33,False,0.0,0
-6.2255,104.1601,20.25,2010,29.14,0.0,7.887,33.96,5.02,62.32,False,2.75,0
15.4943,11.639,16.13,1999,27.93,0.0,8.131,35.88,11.81,42.75,False,0.0,0
11.7612,-74.7755,5.69,1993,27.15,0.0,7.91,33.51,6.37,69.42,False,0.0,0
-20.7662,56.0798,16.52,2010,27.59,0.0,7.976,36.62,9.45,50.8,False,0.0,0
18.95,50.9832,27.47,2001,29.74,0.0,7.893,35.39,4.22,51.69,False,0.0,1
-16.5336,-104.585,1.45,2003,27.07,0.0,8.112,33.28,1.64,58.4,False,0.0,0
-16.5709,-169.0569,19.64,2009,29.93,1.68,7.845,36.07,2.75,63.88,False,30.02,1
2.2185,-23.8959,3.14,1997,30.56,6.6,7.868,34.75,5.83,31.84,True,100.0,1
5.5764,25.0243,1.19,2016,28.8,0.5,7.932,34.19,11.14,70.69,False,17.42,0
4.8052,135.5779,5.37,2010,30.31,5.36,7.998,35.13,8.99,46.72,True,100.0,1
-24.5108,154.158,13.26,2004,26.12,0.0,8.081,36.0,5.95,60.87,False,0.0,0
22.6477,10.3699,24.27,2001,26.18,0.0,7.884,36.64,7.38,68.82,False,0.0,0
-14.064,91.3693,9.17,2023,27.63,0.0,7.931,34.28,8.93,66.56,False,0.0,0
-22.2291,-21.8508,19.14,1997,26.48,0.0,7.967,35.78,2.95,54.34,False,0.0,0
23.3249,88.5896,12.92,2019,27.48,0.0,8.012,34.36,4.44,62.87,False,0.0,0
27.3391,-106.2715,7.8,1992,28.45,0.0,8.071,33.05,4.51,75.18,False,0.0,0
21.7277,-46.4167,15.91,2019,26.77,0.0,8.103,36.85,1.99,64.32,False,0.0,0
18.571,48.3221,24.13,2018,28.66,0.0,8.086,34.19,3.4,81.7,False,4.88,0
9.3145,-173.4631,25.14,1990,27.31,0.0,8.174,34.86,8.61,64.95,False,0.0,0
3.0514,80.0861,25.55,2005,27.07,0.0,8.162,35.6,3.78,68.71,False,0.0,0
-24.7808,120.7928,10.82,2020,30.51,3.74,8.003,35.72,8.94,27.96,False,75.58,1
-5.4928,-36.309,24.01,1999,28.22,0.0,7.95,36.29,0.85,72.57,False,0.0,0
-7.6387,-18.7407,7.15,2019,30.36,5.07,7.873,34.53,3.02,20.47,False,79.71,1
-14.4148,126.4616,22.41,2015,30.66,4.74,8.013,35.83,9.37,55.86,True,96.98,1
13.4052,99.2357,28.5,2001,27.95,0.0,8.075,35.46,8.97,29.77,False,0.0,0
-0.2475,-76.2662,1.4,1994,28.74,0.0,7.985,36.94,4.5,54.71,False,15.58,0
-25.1372,-63.3686,13.77,1998,27.44,0.0,8.0,35.96,9.54,61.64,False,0.0,0
-16.789,64.3962,19.79,2000,28.12,0.0,7.986,36.78,2.91,33.6,False,0.0,0
10.9955,22.7513,21.35,2012,27.69,0.0,7.932,34.13,12.35,22.21,False,0.0,1
-25.4321,-121.5974,6.11,2006,28.07,0.0,8.251,34.82,4.13,58.58,False,0.0,0
21.0724,-68.4252,29.19,2002,29.38,0.0,8.103,35.12,7.28,23.7,False,7.48,0
-0.2912,143.994,18.84,2006,29.97,1.97,8.07,36.39,14.24,36.3,False,37.83,1
-1.1648,67.7428,5.77,2012,29.31,0.37,8.056,34.7,8.88,68.4,False,0.0,0
5.5445,174.9508,1.6,1998,25.3,0.0,8.113,35.23,11.41,51.82,False,0.0,0
19.4809,96.1245,23.71,2007,27.38,0.0,7.847,33.55,11.31,46.72,False,0.0,0
-9.1314,159.1108,3.31,2007,28.14,0.0,7.922,33.77,6.03,68.37,False,0.0,0
10.681,-102.1721,5.09,2019,28.96,0.0,7.877,34.56,1.95,25.8,False,17.7,0
3.9439,97.7346,17.67,2015,26.45,0.0,7.868,33.2,5.44,60.72,False,0.0,0
-13.9783,-172.7217,18.5,2007,30.53,5.19,8.037,33.31,0.99,17.19,True,84.71,0
22.7178,61.4736,20.92,2010,30.31,6.03,8.08,35.82,4.33,38.51,True,97.53,1
17.8456,-11.0584,12.41,2022,29.15,1.44,8.106,33.28,1.03,43.88,False,20.93,1
9.5071,-55.1664,23.44,2003,26.92,0.0,8.072,33.01,6.58,30.4,False,0.0,0
21.0349,130.4656,29.26,1999,28.48,0.0,8.041,33.25,0.63,76.02,False,0.0,0
22.0377,127.5364,8.86,2017,28.65,0.0,7.938,35.56,11.53,74.13,False,1.75,0
12.5018,-171.9714,21.39,2003,28.6,0.0,8.014,35.25,14.46,47.12,False,2.84,0
20.2208,39.4218,27.93,2008,26.54,0.0,7.932,36.26,0.96,28.85,False,0.0,0
11.8483,-47.5804,20.9,2015,27.89,0.0,8.092,33.82,8.88,65.31,False,0.0,0
10.8084,-30.362,20.75,1999,29.84,3.2,8.073,35.36,4.42,73.64,False,22.59,1
7.1167,119.5347,7.49,2006,31.12,7.39,8.036,36.23,8.09,43.74,False,100.0,1
15.163,-68.4577,16.52,2023,28.71,0.0,7.988,35.87,14.18,63.74,False,0.0,0
-20.4837,159.4976,17.31,2003,29.48,2.14,8.178,34.27,11.6,24.65,False,12.87,0
22.8522,-115.3318,21.3,2015,29.97,3.72,8.054,35.47,11.32,57.06,False,37.19,1
22.3106,58.5801,29.91,2023,27.92,0.0,7.907,35.93,4.75,41.56,False,0.0,0
-28.2452,61.9578,1.98,2008,29.2,0.85,8.081,36.28,12.05,45.5,False,42.31,1
19.549,-89.2097,2.89,2013,26.65,0.0,7.914,36.95,1.99,49.64,False,0.0,1
-22.2678,-63.0898,3.26,2020,28.22,0.0,8.1,34.6,10.76,39.27,False,7.31,0
-9.8929,120.5275,22.55,1995,26.15,0.0,8.082,33.12,6.36,50.59,False,0.0,0
14.6105,94.2499,4.95,2009,26.58,0.0,7.981,35.09,6.84,51.87,False,0.0,0
-20.3544,-61.5255,19.05,2023,30.13,6.69,8.087,34.29,7.6,51.24,True,100.0,1
19.078,12.2244,10.42,2011,30.08,3.52,7.908,34.21,11.64,52.55,True,97.7,1
19.9281,-157.7951,14.26,1996,27.31,0.0,8.132,35.73,5.02,58.12,False,0.0,0
0.4481,-104.8515,7.25,2022,28.57,0.0,8.181,33.17,5.19,29.82,False,4.77,0
-29.6168,-5.1046,26.12,1995,29.04,0.34,7.985,35.17,8.04,67.62,False,0.0,0
-12.7777,-149.0495,18.0,2005,28.45,0.0,8.154,35.54,4.38,56.41,False,12.16,0
7.0156,123.5996,28.39,1997,26.81,0.0,7.984,35.9,6.97,78.51,False,0.0,0
28.8712,78.4822,17.66,2012,30.75,7.79,7.932,36.85,10.07,54.28,True,100.0,1
7.9088,159.7081,4.59,2007,27.66,0.0,8.133,33.04,14.85,62.22,False,0.0,0
-14.4118,69.6481,5.96,2003,27.12,0.0,8.039,35.09,4.3,25.41,False,0.0,0
8.0403,158.5445,29.68,2004,29.6,3.52,8.182,36.5,4.3,49.14,True,61.83,1
2.3991,19.6245,22.04,1994,28.93,0.17,7.911,33.82,6.21,36.28,False,6.79,0
16.7907,36.0787,2.43,2004,30.03,2.48,8.042,36.9,10.06,22.92,False,58.55,1
-23.5812,171.7096,21.41,2000,29.22,0.0,7.923,33.76,13.93,57.83,False,7.98,0
15.6617,51.1665,12.95,1991,27.26,0.0,8.043,35.55,14.26,51.36,False,0.0,1
2.476,-168.9168,9.91,2012,28.4,0.0,8.113,33.3,5.4,69.7,False,0.0,0
27.7795,80.569,5.47,2013,29.71,2.12,8.133,35.08,6.55,40.0,False,52.8,1
-9.4877,145.9687,25.36,2007,28.19,0.0,8.088,34.0,6.83,64.18,False,0.0,0
7.9573,106.4089,2.85,1993,29.37,0.54,7.963,34.24,5.56,61.49,False,16.6,0
25.9217,30.18,9.41,2004,26.51,0.0,7.997,34.48,5.07,45.89,False,0.0,0
-23.8494,61.6693,9.89,2001,28.42,0.96,8.152,33.93,1.54,75.85,False,5.8,1
26.2337,176.469,5.67,1992,26.1,0.0,8.061,36.47,8.4,62.51,False,0.0,0
11.2731,-147.3616,15.74,2021,29.69,1.95,7.96,33.61,10.1,70.92,False,12.25,0
-25.9298,60.2081,1.34,2010,26.72,0.0,8.046,34.72,14.88,68.5,False,13.85,0
-11.9422,-77.9768,9.73,1995,27.47,0.0,7.926,36.93,9.48,27.55,False,0.72,0
12.4903,50.4325,28.08,1991,29.06,1.78,8.043,35.35,9.35,27.56,False,18.99,0
-25.959,38.7445,10.01,1998,28.45,0.0,8.106,35.53,5.87,37.36,False,4.02,0
4.9302,-124.7555,11.45,2001,30.37,3.73,7.977,35.92,1.33,43.52,False,51.95,1
-9.247,-105.5712,14.72,2013,27.72,0.0,7.946,36.47,9.41,39.56,False,4.47,0
7.2549,43.7866,17.29,2003,29.4,0.49,8.07,36.28,2.32,81.21,False,1.55,0
-27.2555,-133.8372,24.45,2001,26.5,0.0,8.127,34.46,11.29,44.35,False,0.0,0
22.2922,-84.5349,6.52,2016,29.81,3.96,8.012,36.35,11.44,27.56,True,59.12,1
28.4093,120.6884,26.28,1999,29.46,2.52,7.999,33.82,2.02,29.49,False,0.0,0
28.1327,-62.2471,22.97,1991,28.01,0.0,7.975,34.62,4.53,45.44,False,0.0,0
14.9791,-4.2983,21.96,2020,31.04,5.59,8.184,35.67,12.39,64.47,True,100.0,1
-22.1948,158.8105,3.52,2017,29.93,1.4,7.986,33.98,14.45,63.56,False,43.65,1
15.4958,-98.2263,1.63,2005,28.25,0.0,8.108,34.42,11.09,73.65,False,0.0,0
-28.5248,-39.7346,18.23,1990,28.08,0.0,7.839,35.05,6.32,41.73,False,6.79,0
-28.6726,38.3248,26.03,2011,29.69,4.16,8.092,33.97,12.49,49.45,True,83.41,1
-10.5834,91.922,17.95,1990,29.94,3.47,8.112,36.04,4.75,77.53,False,41.44,1
-0.6814,144.5952,7.18,2020,28.87,0.0,8.071,35.91,13.06,60.98,False,12.67,0
16.2244,149.5703,3.63,2011,27.98,0.0,7.874,36.69,1.12,62.84,False,3.98,0
10.9977,99.5904,21.29,2023,27.82,0.0,7.973,33.26,14.9,29.94,False,0.0,1
-3.2458,-97.8009,21.93,2001,27.44,0.0,8.023,36.6,2.1,65.36,False,0.0,0
-13.5824,-171.0686,6.0,2012,27.55,0.0,8.022,33.06,13.77,59.96,False,0.0,0
29.8275,-41.8414,1.82,2017,28.88,2.63,8.022,36.3,12.86,70.87,False,47.56,1
-4.4291,-129.0424,12.84,2001,28.36,0.0,7.955,34.03,4.75,63.54,False,4.63,0
-2.9168,75.7396,17.9,2016,27.74,0.0,7.945,35.61,7.2,58.04,False,4.79,1
-20.1826,58.007,21.47,2012,28.5,0.0,7.871,35.68,3.61,65.92,False,0.0,0
17.6886,-164.1702,24.49,1990,26.69,0.0,8.006,34.54,7.48,74.29,False,0.0,0
11.6209,121.1738,18.71,1991,28.82,1.45,8.146,33.83,3.12,78.19,False,25.56,0
-16.7538,-90.4524,4.22,2020,28.59,0.0,7.995,33.15,4.74,53.48,False,0.0,0
-25.0571,-24.3983,20.79,1991,27.71,0.0,7.979,35.32,1.07,21.54,False,0.0,0
10.83,60.4561,29.54,2014,29.17,0.0,8.119,35.81,8.5,49.76,False,4.82,0
9.2707,-25.4092,27.26,2008,26.44,0.0,7.875,34.5,10.99,69.96,False,0.0,0
-13.6044,-21.1364,26.28,2017,28.04,0.0,7.908,33.76,3.43,78.66,False,0.0,0
27.0518,-156.3739,9.76,1995,29.24,0.0,8.107,33.65,9.38,54.49,False,0.0,0
-20.9365,-35.4803,22.77,2008,28.24,0.0,8.117,34.06,1.2,36.19,False,0.0,0
-4.0599,95.3452,25.68,2006,29.87,2.26,8.013,36.2,1.71,51.43,False,19.36,0
26.617,149.4635,20.67,1995,28.82,0.0,8.072,33.61,8.39,57.41,False,0.0,0
-4.8164,-31.141,8.27,2004,28.8,0.0,8.008,34.74,1.36,31.33,False,0.0,0
8.3116,-27.5091,28.66,2011,28.57,0.98,8.085,35.61,7.13,66.42,False,0.0,0
-6.1443,72.9458,14.07,2023,30.07,1.81,8.136,36.39,1.43,34.27,False,23.46,0
-13.5471,159.3979,4.76,1994,28.37,0.0,8.041,35.05,5.56,62.88,False,15.55,0
29.0387,-83.8581,4.18,2012,29.87,1.13,7.96,35.72,13.27,58.03,False,11.78,0
-5.44,-21.5481,19.78,1994,28.65,0.0,8.067,35.04,11.32,48.95,False,20.28,0
23.646,106.5504,13.69,1999,28.62,0.0,8.23,36.03,6.5,58.77,False,0.0,0
-16.2027,39.4897,3.74,1993,29.58,0.0,8.011,36.14,5.58,48.09,False,21.96,1
-17.2137,-140.1889,22.47,2001,26.76,0.0,7.953,36.13,5.79,77.25,False,0.0,0
-28.132,45.9838,24.18,1999,30.2,3.85,8.085,35.94,2.41,24.85,False,58.76,1
9.1,-112.7713,22.04,2019,27.99,0.0,8.064,36.24,6.16,76.31,False,0.0,0
-7.8884,3.6777,6.87,2013,26.08,0.0,8.059,36.2,9.02,32.1,False,0.0,0
21.8615,10.4772,21.0,1994,27.51,0.0,8.081,36.45,12.8,59.62,False,0.0,1
-1.6074,135.4332,1.31,2002,26.15,0.0,7.932,34.87,10.4,77.65,False,0.0,0
28.0916,-13.5021,9.85,1998,28.01,0.0,8.04,36.55,9.75,40.36,False,0.0,0
-18.8685,-79.4007,12.57,2007,27.24,0.0,7.947,33.3,1.47,40.43,False,0.0,0
22.1174,-96.8521,25.22,2020,28.2,0.0,8.097,34.43,2.57,42.57,False,0.0,0
16.5958,134.7307,12.32,2013,28.29,0.0,7.933,36.7,1.87,64.42,False,0.88,0
16.2553,-118.4361,1.33,1993,25.42,0.0,7.974,34.66,3.27,44.74,False,0.0,0
20.687,-26.6873,11.22,2015,27.6,0.0,8.005,36.46,11.72,68.53,False,11.19,0
15.6614,-112.6177,15.47,1999,30.59,4.15,8.164,35.21,9.5,30.16,True,75.06,1
7.5732,98.3895,28.52,1998,30.59,4.61,7.881,34.03,6.91,72.25,True,91.93,1
-22.1253,-9.2258,28.29,1990,29.82,0.7,8.034,33.39,0.67,65.73,False,6.28,0
-28.0484,-53.5883,6.25,2005,25.83,0.0,8.292,35.79,10.19,31.48,False,0.0,0
25.2509,-50.0041,6.37,2002,26.49,0.0,7.909,33.9,8.32,58.62,False,0.0,0
6.999,126.7971,5.74,2003,26.83,0.0,8.22,35.31,1.7,32.67,False,0.0,0
17.7922,19.3586,23.88,2012,27.73,0.0,8.027,34.57,10.66,73.71,False,0.0,0
-1.1087,78.4324,1.17,2007,29.88,4.18,8.14,35.68,4.41,42.57,False,72.17,1
-22.9615,142.9339,4.69,2017,29.99,3.77,8.283,35.49,7.52,39.84,True,100.0,1
-22.4889,144.627,16.6,2009,27.1,0.0,8.041,35.43,5.12,20.73,False,0.0,0
11.1339,-61.7367,8.18,1990,27.78,0.0,8.066,35.06,5.18,45.19,False,0.0,0
-4.1816,162.8825,3.68,2001,28.8,0.0,7.967,35.76,1.36,29.55,False,4.19,0
-17.9685,-171.0447,11.44,2016,30.38,5.06,7.888,35.86,1.19,69.42,True,99.3,1
-0.5043,-44.3392,8.95,2002,26.49,0.0,8.131,33.84,11.78,38.28,False,0.0,0
-26.1475,142.4876,15.82,1993,25.98,0.0,8.065,35.38,0.55,49.41,False,0.0,1
4.9183,-81.1307,29.4,2014,28.45,0.0,8.098,33.05,4.67,48.5,False,0.0,0
-13.8604,-81.6907,4.6,1995,26.64,0.0,7.907,35.07,14.29,48.55,False,0.0,0
17.8535,-71.056,11.81,2011,28.94,1.41,8.121,36.18,12.08,48.52,False,16.46,0
-11.3783,40.4328,28.03,1992,26.77,0.0,8.007,33.24,8.02,50.79,False,0.0,0
-2.6868,-22.2002,26.43,2004,27.0,0.0,8.149,34.29,11.26,69.76,False,0.0,1
-29.3028,81.6245,12.43,2000,26.61,0.0,7.977,33.15,14.18,29.97,False,0.0,0
-25.6532,142.1678,21.27,2023,26.36,0.0,7.983,35.26,14.13,49.47,False,0.0,1
-6.4504,62.7118,3.55,2016,29.56,1.68,8.148,36.7,6.96,61.96,False,27.98,1
-1.2037,-106.392,21.66,2012,27.56,0.0,7.944,34.3,5.17,38.81,False,0.0,0
6.0012,155.7655,29.21,2006,27.71,0.0,8.136,34.46,11.35,51.12,False,0.0,0
-12.5002,-84.7826,16.59,2012,29.73,0.48,8.155,33.85,6.45,65.61,False,8.52,0
11.6989,-126.0381,15.46,2023,26.3,0.0,7.95,35.95,2.74,57.82,False,0.0,0
21.6073,-147.6118,6.43,2010,27.2,0.0,7.865,35.02,3.31,22.7,False,0.0,0
16.7911,22.8181,19.38,2022,27.91,0.0,8.045,34.11,8.38,51.47,False,0.0,0
-27.6229,-139.0455,18.12,1994,25.49,0.0,7.955,33.17,7.88,34.48,False,0.0,0
-1.1696,-130.0407,19.91,2006,27.98,0.0,8.047,36.41,7.22,71.78,False,7.24,1
-23.7042,-71.989,1.76,1990,26.9,0.0,7.906,35.77,5.87,56.74,False,0.0,0
-15.4773,-78.6049,16.91,1996,29.03,0.14,8.084,36.91,5.21,40.73,False,9.04,0
29.1998,37.5262,18.25,1992,28.39,0.0,8.016,35.25,3.23,61.16,False,0.0,0
-21.4503,114.0283,7.02,2015,29.33,0.0,8.094,36.84,10.39,31.89,False,19.82,0
-0.0667,94.0859,7.04,2005,29.72,1.54,8.107,35.79,7.8,28.17,False,23.98,1
7.0893,-85.5056,9.01,2005,27.42,0.0,8.236,34.72,5.86,40.36,False,0.0,0
12.1479,-91.6882,21.64,2003,28.61,0.61,7.912,33.94,11.77,74.05,False,1.4,0
3.5789,167.685,18.58,2015,30.0,4.38,8.061,33.24,9.67,51.57,True,66.16,1
-29.4137,-177.035,25.53,2016,30.29,4.44,8.2,33.02,11.46,45.99,True,77.51,1
-10.4123,136.6994,9.57,2006,28.65,0.0,8.105,36.32,9.84,34.49,False,0.0,0
1.0627,-108.0977,27.45,1993,27.75,0.0,7.97,35.49,9.56,33.21,False,0.0,0
-24.728,161.0224,22.57,2006,25.94,0.0,8.118,33.75,6.47,71.04,False,0.0,0
-8.9624,-56.7694,12.46,2022,27.39,0.0,8.109,35.74,4.58,57.6,False,0.0,0
-28.0078,-21.4734,3.76,2019,30.83,3.89,8.048,36.67,3.85,27.79,False,75.19,1
-25.2853,74.5634,8.45,2010,29.42,0.0,8.031,33.23,13.53,52.91,False,1.49,0
-6.1846,31.5609,28.75,2006,28.97,0.5,8.071,36.22,3.41,27.08,False,0.0,0
-22.0371,-65.5418,10.0,2000,28.53,0.0,8.089,36.34,10.26,52.33,False,17.18,0
4.0525,19.3791,10.57,2019,27.51,0.0,8.169,35.61,3.25,78.36,False,0.0,0
11.3679,83.0545,6.5,2007,27.5,0.0,8.034,36.75,14.11,71.95,False,10.09,0
18.0352,-164.7594,24.4,2009,30.19,5.98,8.003,36.87,3.34,67.03,True,80.74,1
-17.991,-175.9683,8.99,2023,29.42,0.0,8.035,36.09,12.9,31.21,False,41.81,1
-19.951,-15.0959,10.58,2017,29.12,0.0,8.116,33.67,14.06,41.58,False,2.53,0
-23.7259,-132.5388,13.02,1998,27.59,0.0,8.002,33.33,3.5,76.37,False,0.0,0
8.1858,59.1639,13.58,2020,27.87,0.0,8.014,34.69,13.36,27.87,False,0.0,0
12.3885,-102.9411,12.93,2005,26.49,0.0,7.928,34.61,2.09,24.97,False,0.0,0
-28.1048,-24.1736,15.61,2020,27.42,0.0,8.059,33.57,10.65,74.43,False,0.0,1
26.1727,-108.8385,24.62,2018,27.06,0.0,7.963,33.16,7.85,51.13,False,0.0,0
-26.8817,17.4541,24.76,2002,28.17,0.0,8.093,33.99,14.44,82.23,False,0.0,0
2.4778,-138.2208,24.15,2012,27.61,0.0,8.052,34.15,7.47,43.66,False,0.0,0
12.5436,-171.6815,3.93,2003,25.74,0.0,8.066,36.69,1.49,46.37,False,0.0,0
22.2581,-161.5926,24.19,1991,29.63,0.0,7.935,36.92,2.33,63.86,False,0.0,0
12.8452,163.533,4.49,2001,30.3,3.22,8.057,36.94,5.16,35.23,False,59.95,1
18.1037,-128.777,4.62,2017,26.75,0.0,7.92,36.25,7.3,40.28,False,0.0,0
-9.633,75.0522,28.49,2021,27.06,0.0,7.835,36.08,14.39,60.62,False,0.0,0
18.8895,-155.5466,24.76,2013,29.83,0.0,7.972,36.75,7.52,56.58,False,0.0,0
-25.1931,-141.0623,17.02,2018,29.82,1.45,8.061,34.36,13.99,54.59,False,1.47,0
23.689,3.1955,26.37,2007,28.07,0.0,7.955,35.15,13.74,66.18,False,0.0,1
2.8555,-12.6465,29.69,1992,28.56,0.0,7.964,35.35,2.95,72.4,False,0.0,0
19.0379,162.5689,18.71,2002,26.64,0.0,8.091,35.3,13.83,77.89,False,0.0,0
-2.8609,160.1408,18.77,2002,30.3,3.07,7.979,34.73,4.2,65.02,False,68.2,1
8.6147,100.6591,22.88,2018,29.23,1.71,7.808,36.9,12.63,59.56,False,42.31,0
1.5842,36.7567,7.73,1991,28.95,0.8,8.117,34.28,14.64,68.67,False,4.31,0
13.8954,-16.2143,5.85,2017,29.76,0.6,7.898,33.89,1.54,26.73,False,37.63,0
-25.1022,-51.7757,23.03,1993,26.41,0.0,7.985,35.95,10.38,29.89,False,0.0,0
-26.3789,160.9515,11.0,1994,27.29,0.0,8.14,36.67,6.68,34.32,False,0.0,0
-15.1738,37.0472,4.92,1994,26.91,0.0,8.116,36.87,7.1,42.59,False,0.0,0
-20.4273,28.4661,10.13,1997,27.06,0.0,7.889,36.21,8.6,44.74,False,0.0,0
22.307,-96.5156,11.4,2023,30.05,4.35,8.132,34.53,14.21,69.08,True,100.0,1
-16.8472,-163.1888,28.99,2014,30.16,4.88,8.132,36.26,9.67,35.76,False,43.93,1
28.5519,160.2679,21.24,2016,29.62,1.48,8.138,36.05,14.88,52.83,False,0.0,0
-9.7863,-67.0553,16.39,1996,27.43,0.0,7.979,34.61,14.5,48.7,False,0.0,0
-19.0729,-20.668,29.1,2021,29.88,3.31,7.935,33.42,12.92,39.72,False,22.74,0
17.3819,-138.7296,27.19,2010,27.6,0.0,7.93,36.42,10.64,43.98,False,0.0,0
9.5225,121.2928,15.85,2007,25.86,0.0,8.004,34.22,3.86,79.61,False,0.0,0
-0.1083,-170.0525,27.26,1991,27.58,0.0,7.99,33.45,8.81,62.59,False,0.0,0
3.3218,120.2367,12.72,1994,26.22,0.0,8.179,36.95,3.89,67.88,False,0.0,0
13.1521,-129.4974,7.68,2017,30.48,6.24,8.015,36.7,14.34,34.38,True,100.0,1
-16.2927,139.1631,7.75,2020,27.09,0.0,8.109,36.03,14.4,54.83,False,3.06,1
29.78,82.7181,20.21,2013,28.34,0.0,7.934,33.27,5.32,71.53,False,0.0,0
28.4876,-120.7187,15.53,2022,29.52,1.8,8.037,35.89,1.2,41.94,False,22.23,0
9.0195,23.6945,20.11,2001,27.17,0.0,8.184,35.64,12.5,66.35,False,0.0,0
-18.0275,-67.4437,20.9,1998,27.8,0.0,7.887,33.99,5.61,62.75,False,0.0,0
10.8137,-115.8361,1.65,2004,28.03,0.0,8.096,34.84,5.13,54.69,False,0.0,0
-25.6681,129.3056,2.57,2012,28.77,0.0,8.04,36.86,8.91,50.35,False,11.58,0
-28.1608,-34.7318,16.45,2011,29.35,0.52,7.965,33.07,0.51,61.66,False,7.9,1
-14.539,-36.5243,6.54,1999,30.59,5.95,7.973,34.88,5.94,15.01,True,100.0,1
-2.2426,-118.8408,19.34,2017,30.45,6.05,7.859,35.34,6.54,54.7,True,100.0,1
22.0964,-42.0964,17.01,2018,28.69,0.0,8.055,36.47,14.58,76.28,False,0.0,1
13.6301,133.7821,17.99,1994,27.98,0.0,8.122,35.82,2.8,74.43,False,0.0,0
14.5624,-49.2737,9.77,1993,29.37,1.47,8.174,33.4,2.68,38.1,False,46.02,1
-4.4704,162.5773,19.56,2004,29.56,2.02,7.852,34.51,9.48,42.77,False,18.44,1
-9.2439,160.6712,25.06,2019,30.91,9.02,7.941,33.5,1.63,20.34,True,100.0,1
-7.7377,-127.8365,29.94,2015,28.84,0.0,7.885,36.72,9.51,72.28,False,0.0,0
29.259,-116.1679,25.31,2012,30.1,0.49,7.96,35.77,6.41,32.8,False,25.06,0
-27.5934,130.5627,17.17,2018,30.58,4.44,7.971,34.0,0.54,32.29,False,55.37,1
22.0219,-38.6061,6.61,2011,29.78,5.2,7.958,33.57,6.89,56.93,True,100.0,1
4.7205,-178.4254,20.76,2007,27.7,0.0,8.108,33.49,11.21,55.41,False,0.0,0
-3.6831,-81.4061,28.19,2022,28.76,0.0,7.963,35.05,2.42,78.02,False,0.0,0
13.5155,35.1464,7.14,1996,28.83,0.0,7.872,34.05,3.16,22.46,False,32.82,0
-0.7999,107.7357,8.42,2023,27.32,0.0,7.957,36.87,3.9,66.72,False,0.0,0
22.4054,-131.9801,5.32,1999,27.31,0.0,7.871,34.57,6.15,62.38,False,0.0,0
24.0421,-140.2051,22.36,2013,31.3,8.55,7.823,36.97,14.26,60.78,True,100.0,1
-4.6967,151.9534,12.79,2014,28.91,1.89,7.924,36.44,1.52,57.78,False,0.0,0
-13.3903,90.4134,2.82,2016,27.43,0.0,8.109,36.62,12.41,56.43,False,0.0,0
5.541,32.3207,26.37,1995,28.14,0.0,8.147,34.56,12.11,44.17,False,0.0,0
24.7418,96.9072,17.17,1997,27.59,0.0,8.019,33.49,7.25,54.06,False,0.0,0
-17.3603,-25.6124,10.6,2010,29.26,0.66,7.989,36.36,2.47,52.2,False,20.71,1
7.378,93.0441,10.98,2008,29.6,2.28,7.961,33.02,9.38,32.36,True,66.91,1
7.8936,-46.1509,9.42,2023,30.21,5.4,8.139,34.79,10.99,31.69,True,100.0,1
13.9868,-92.126,14.21,2012,27.03,0.0,7.82,33.59,2.75,55.55,False,0.0,0
-22.1059,82.4448,10.77,2002,26.88,0.0,8.192,36.61,10.63,78.45,False,0.0,0
12.9495,-28.918,16.89,2017,27.68,0.0,7.961,36.47,13.85,40.05,False,0.0,0
24.542,173.2958,23.43,1995,26.75,0.0,8.061,33.55,3.25,67.64,False,0.0,0
-19.219,-54.1853,20.56,2001,29.01,0.0,8.029,35.21,2.32,46.28,False,0.0,0
-15.7474,151.8219,9.54,1992,27.37,0.0,7.914,33.94,10.17,31.84,False,0.0,0
28.2837,155.8665,16.33,2009,28.15,0.0,7.923,35.06,7.48,66.1,False,0.0,0
-19.1414,-92.9329,25.36,1997,27.45,0.0,8.011,36.91,12.88,61.09,False,0.0,1
21.2631,107.3596,2.98,2015,27.0,0.0,8.105,33.92,7.98,28.61,False,0.0,0
-0.4633,-24.0932,3.27,2017,29.81,3.45,8.015,33.26,12.4,47.3,True,87.9,1
-15.1661,150.3089,17.13,1991,27.32,0.0,7.908,34.02,6.23,39.64,False,0.0,0
22.245,-17.9553,19.53,1996,27.6,0.0,8.16,36.94,3.34,61.51,False,0.0,0
-3.2817,87.9493,7.13,2014,26.73,0.0,8.094,33.33,5.94,52.53,False,0.0,0
0.889,-11.8917,22.61,2021,28.29,0.0,8.151,33.15,5.71,52.68,False,0.0,0
-8.446,-97.9917,19.74,2001,27.65,0.0,7.964,33.61,4.84,59.41,False,0.0,0
5.5771,-108.234,27.78,2000,28.92,1.63,8.205,36.23,3.9,73.88,False,0.0,0
-20.1886,-26.8448,5.9,1999,29.29,0.05,8.064,34.89,6.11,52.31,False,7.23,0
-6.5351,91.9781,22.79,1993,25.66,0.0,8.152,34.35,14.59,74.19,False,0.0,0
28.1647,37.8257,3.43,1991,26.6,0.0,7.993,35.63,7.63,59.56,False,0.0,0
-14.512,67.9065,17.39,2017,29.98,2.62,7.956,33.39,2.51,53.33,True,68.7,1
9.4042,-78.3625,17.0,2003,29.17,2.72,7.9,35.79,3.91,34.12,False,45.71,1
-10.4886,-6.6833,12.26,2018,28.34,0.0,7.984,34.22,5.62,70.35,False,8.4,0
16.4084,-164.0177,25.49,1991,26.69,0.0,7.974,36.43,3.23,74.57,False,0.0,0
-22.1476,114.3117,1.13,2023,27.21,0.0,7.871,35.9,11.26,29.88,False,0.0,0
28.1893,176.3612,16.09,2022,28.83,1.47,7.812,36.51,11.96,23.73,False,12.67,0
-2.7726,-33.5235,7.3,2009,30.26,2.25,8.078,33.74,12.14,65.88,True,82.42,1
-15.837,-176.0531,22.56,2019,28.65,0.0,8.0,33.59,13.78,28.35,False,0.0,0
-25.5902,-118.8746,2.25,2015,25.78,0.0,7.788,35.85,12.95,38.46,False,0.0,0
-19.8145,54.9097,25.12,2009,29.39,1.75,8.111,36.68,8.92,52.95,False,1.87,0
1.1864,40.3486,25.3,1990,29.16,1.07,8.2,36.22,7.74,38.53,False,24.87,1
-9.7798,103.6313,25.15,1990,27.26,0.0,8.139,36.76,12.11,72.18,False,0.0,0
19.733,-88.6018,5.42,2014,29.76,2.83,8.074,33.04,14.5,56.08,False,43.64,1
-4.1467,94.9075,19.28,2022,28.85,0.14,8.085,33.71,0.94,57.65,False,9.55,0
-15.0771,67.6742,1.42,2012,27.37,0.0,7.935,35.47,5.72,63.14,False,0.0,0
7.0287,-63.7868,25.59,2000,26.45,0.0,8.156,34.69,10.19,76.37,False,0.0,0
12.4066,16.3757,21.97,2004,26.87,0.0,8.101,36.06,5.68,36.56,False,0.0,0
-19.9775,-126.9814,16.4,2003,28.15,0.0,7.929,33.27,11.56,67.57,False,0.0,0
-19.9428,-17.0768,22.19,1990,29.23,1.5,7.919,35.52,11.98,34.51,False,14.6,0
-27.7997,137.231,3.74,2022,28.64,0.0,8.045,36.72,10.4,69.32,False,13.6,0
14.1841,-28.3711,16.33,1995,27.85,0.0,8.091,33.92,2.8,30.7,False,0.0,0
9.8283,122.244,9.45,2012,30.71,7.38,8.103,35.72,14.02,32.24,True,100.0,1
-1.5221,32.4912,29.21,2015,27.95,0.0,8.133,34.38,5.26,44.97,False,0.0,0
20.6502,-110.9244,25.86,1992,27.05,0.0,8.057,34.48,14.67,63.09,False,0.0,0
18.3402,29.1982,22.26,1995,26.34,0.0,8.059,35.06,5.6,62.9,False,0.0,0
5.1213,2.154,28.08,2014,27.08,0.0,8.168,34.21,2.83,75.3,False,0.0,0
22.0963,-36.4891,11.06,2006,30.06,3.21,7.97,36.87,4.68,37.65,False,50.53,1
-17.6495,-136.933,27.13,2017,26.67,0.0,7.989,33.17,12.31,69.18,False,0.0,0
-23.2848,-29.9849,10.43,2021,28.14,0.0,7.924,35.93,4.97,29.43,False,0.0,1
-13.815,-153.8055,22.25,2018,29.41,0.22,8.033,33.32,9.17,50.63,False,0.0,0
-26.5748,-144.4431,22.36,2012,29.02,0.37,7.992,36.42,10.59,51.6,False,33.86,1
1.8702,-30.27,1.53,2005,26.72,0.0,7.859,34.91,4.91,33.18,False,2.74,1
26.1963,-70.0627,11.47,2021,27.82,0.0,7.96,33.89,10.13,41.24,False,0.0,0
-27.6394,153.196,1.56,2015,26.18,0.0,8.084,34.96,2.74,68.53,False,0.0,0
-22.6734,-44.7459,29.92,2022,30.03,2.1,8.185,36.82,9.64,40.4,False,29.82,1
-2.8681,92.8289,4.54,2008,29.05,0.0,7.861,33.65,10.0,49.65,False,21.24,0
26.0325,10.8891,16.74,2006,30.95,7.51,7.968,35.42,0.97,32.56,True,100.0,1
-11.0306,73.4708,23.93,2003,26.28,0.0,7.94,34.9,4.76,30.54,False,0.0,0
0.4341,-86.3582,6.84,2007,28.86,0.0,8.065,35.79,0.59,77.28,False,0.0,0
-27.5056,159.0858,15.07,2010,29.95,2.26,7.915,33.69,11.99,33.49,False,48.96,1
-21.0994,10.8319,18.62,2017,28.0,0.0,7.909,35.38,6.98,52.9,False,0.0,0
29.1978,119.2767,5.65,2009,28.83,1.09,8.023,36.4,6.69,50.38,False,28.98,1
27.9071,-48.5836,23.58,1995,28.22,0.0,7.895,33.1,7.12,65.71,False,0.0,0
-29.7036,-143.9239,9.68,2015,28.67,0.0,8.083,36.21,6.36,60.79,False,0.0,0
27.1087,62.5362,7.12,1995,28.83,0.0,8.19,34.9,2.89,64.4,False,3.42,0
8.3472,-177.2065,17.19,2015,28.55,0.0,8.018,33.77,10.1,52.13,False,0.0,0
22.0751,-8.8945,12.9,2006,29.84,2.35,8.073,35.43,13.8,32.05,True,57.0,1
-2.7156,-110.5913,27.69,1991,29.42,1.83,7.935,34.2,14.81,58.98,False,11.05,1
0.9358,45.8552,26.52,2010,28.43,0.0,7.942,36.94,12.05,79.35,False,0.0,0
-0.6692,172.5912,15.02,1996,27.71,0.0,7.892,34.08,6.14,46.31,False,0.0,0
10.0119,-12.815,11.42,2009,29.19,0.36,7.967,35.86,8.66,70.62,False,11.46,0
-21.6209,114.2994,10.44,1992,26.89,0.0,8.03,35.01,0.68,71.52,False,0.0,0
-28.2016,2.8023,8.76,2008,26.1,0.0,8.029,34.58,5.66,77.21,False,0.0,0
-11.5242,-1.4976,16.79,2019,28.55,0.0,8.118,35.1,10.23,55.46,False,0.0,0
12.2808,154.9525,24.34,2000,29.54,0.0,7.942,34.22,13.47,36.67,False,15.23,0
-17.8888,140.3877,10.01,2002,29.69,2.69,8.024,34.85,2.1,26.1,False,27.25,0
10.4059,102.8882,6.51,2022,31.06,3.27,8.058,34.5,1.83,17.91,False,72.24,1
28.1947,-73.3479,14.79,1991,30.35,2.42,8.042,35.59,2.74,69.82,False,5.24,1
-24.366,16.203,3.0,2012,30.85,5.46,8.033,35.89,2.6,51.78,True,100.0,1
10.3561,-99.397,21.34,2009,28.5,0.98,7.901,36.07,11.88,24.95,False,0.0,0
-3.375,-20.19,16.03,2019,27.8,0.0,7.859,36.14,10.82,46.21,False,0.0,0
22.0885,-5.6833,15.39,2004,28.01,0.0,7.997,34.41,13.62,54.37,False,9.41,0
-19.371,119.3904,9.71,1991,28.44,0.0,8.153,35.46,4.76,76.74,False,0.0,0
11.5576,142.5702,27.24,2019,29.16,0.33,8.002,35.03,10.35,72.6,False,0.0,0
20.2869,-30.7368,3.62,2014,29.13,0.0,7.863,35.56,5.79,48.76,False,18.03,1
26.6769,-173.6264,26.22,1993,30.04,2.73,8.053,34.42,2.49,19.95,False,55.06,1
10.9949,130.2386,11.92,1990,27.49,0.0,8.03,33.77,11.9,59.94,False,0.0,0
-0.1695,-117.2597,26.54,1997,27.59,0.0,7.894,35.9,9.56,37.67,False,0.0,0
7.0708,43.8775,22.13,2003,28.6,0.0,8.135,34.51,10.7,36.04,False,5.58,0
22.1343,-171.0105,4.02,2000,30.47,3.32,8.001,35.93,2.86,67.15,False,57.68,1
4.2366,-36.1777,25.11,2013,26.6,0.0,8.08,35.83,9.85,79.12,False,0.0,0
-28.1768,174.9457,20.78,2013,30.88,5.31,8.217,36.97,4.98,41.49,True,100.0,1
25.8569,-143.7503,1.94,2021,30.07,2.3,8.049,34.46,4.15,40.2,False,38.89,1
11.3716,-27.4705,4.88,2014,27.7,0.0,7.977,35.73,9.92,50.57,False,0.0,0
10.5908,-69.426,19.43,2017,29.6,2.3,7.966,35.77,0.85,32.87,False,5.77,1
-17.0595,145.8317,20.22,2005,25.69,0.0,7.829,36.75,13.61,71.94,False,0.0,0
9.5331,132.9624,22.65,2005,28.28,0.0,7.986,35.0,2.86,60.94,False,0.0,0
-6.3681,-94.4284,21.89,2001,27.34,0.0,7.982,35.66,6.58,48.99,False,0.0,0
9.074,-150.7724,20.13,2001,29.56,3.0,7.956,36.02,8.39,54.93,False,55.74,1
-23.6044,45.7698,23.22,2023,28.77,0.0,7.865,36.96,12.61,62.48,False,0.0,0
9.4707,-58.9073,17.68,2009,28.53,0.0,8.066,34.84,3.74,60.21,False,0.0,0
29.9648,61.9504,8.56,2004,29.82,4.52,7.884,34.03,13.88,61.52,True,76.39,1
-27.1073,-168.4369,27.46,2011,26.98,0.0,7.922,35.42,4.8,70.77,False,0.0,0
28.6305,-131.9763,1.53,2005,28.02,0.0,7.882,34.74,8.3,48.91,False,2.12,0
-5.5855,67.094,11.63,2013,29.34,0.0,8.012,33.39,2.95,62.65,False,15.87,0
22.2452,-103.5466,22.14,1992,26.22,0.0,8.101,34.79,9.52,57.41,False,0.0,1
16.9431,128.7316,13.39,1990,28.1,0.0,8.231,35.78,2.77,35.61,False,0.0,0
4.021,-158.9073,1.72,2006,26.37,0.0,8.024,34.84,1.72,40.81,False,0.0,0
14.307,-102.4265,2.91,2010,28.97,0.59,8.029,35.29,7.63,37.2,False,1.08,0
22.7109,179.4817,19.81,2002,26.77,0.0,8.067,35.84,10.62,65.54,False,0.0,0
-5.7516,-24.0926,28.98,1991,27.17,0.0,7.934,35.03,3.21,74.45,False,0.0,1
-10.378,73.0676,17.0,1991,29.03,0.0,8.068,33.39,1.29,68.32,False,0.0,1
10.0556,-114.2413,15.7,2014,28.33,0.0,8.039,35.77,1.12,46.56,False,23.02,0
18.4708,39.5527,10.23,2017,30.09,3.87,8.122,33.78,0.52,48.93,False,46.49,0
15.7371,81.3982,8.44,2015,29.49,0.0,8.093,35.86,3.89,50.78,False,23.39,0
17.8688,-66.7884,1.61,2017,28.0,0.0,8.044,34.23,13.06,44.0,False,0.0,1
-3.865,118.403,8.92,2022,26.95,0.0,7.986,35.15,7.06,74.89,False,3.8,0
19.0701,37.2303,14.02,2007,27.69,0.0,7.857,33.26,13.89,41.67,False,0.0,0
-22.7875,-39.9157,6.74,2003,28.9,0.75,8.059,34.14,4.12,55.59,False,12.5,1
2.6693,20.7513,3.53,1998,26.86,0.0,8.15,36.7,14.76,70.14,False,0.0,0
-29.6545,27.6339,21.81,2019,29.02,1.58,8.04,35.1,12.46,48.26,False,5.79,0
-10.5249,-120.4073,26.94,1992,27.78,0.0,7.83,36.63,11.87,29.62,False,0.0,1
-8.0123,-35.0163,28.17,2023,27.25,0.0,8.115,36.76,9.14,51.43,False,0.0,0
-6.2296,-56.365,18.92,2022,27.23,0.0,7.907,34.11,3.34,25.8,False,0.0,0
11.728,-35.675,2.53,2016,28.3,0.0,7.819,36.62,14.3,65.58,False,7.63,0
-6.6865,93.9998,22.49,1998,27.25,0.0,8.094,35.63,12.25,36.69,False,0.0,0
-3.0784,-6.2862,4.19,2002,27.75,0.0,8.135,35.18,12.57,73.43,False,0.58,0
-15.7474,158.5138,20.42,2019,28.97,0.26,7.812,34.62,13.35,32.52,False,10.38,0
-7.6049,-74.2765,23.6,2005,27.66,0.0,8.095,34.01,4.24,42.43,False,0.0,0
-16.3638,-30.3467,22.05,2015,30.88,6.01,7.883,34.6,13.11,27.33,False,100.0,1
-25.6082,103.3045,28.6,1994,28.55,0.78,7.922,35.61,7.61,46.94,False,1.76,0
6.2069,16.5689,22.41,2016,26.96,0.0,8.117,34.45,9.97,59.92,False,0.0,0
10.0928,16.9301,21.1,2004,29.77,2.97,8.024,34.41,14.43,43.23,False,43.38,1
7.1694,-160.7975,8.59,2017,29.09,1.82,8.116,35.18,13.53,47.68,False,26.29,0
-2.1904,-36.5041,27.82,1992,28.03,0.0,7.959,33.18,4.12,33.27,False,0.0,0
-7.2129,-82.5359,6.21,1990,26.81,0.0,8.154,35.45,11.14,62.22,False,0.0,0
21.8,179.7606,27.24,1990,27.8,0.0,8.037,34.17,12.53,75.07,False,0.0,0
1.1449,-68.9922,10.07,1995,29.55,2.49,7.903,34.97,6.9,37.16,False,33.42,1
-1.2491,138.4188,4.77,2000,26.34,0.0,7.908,36.32,2.05,51.33,False,0.0,0
-28.4615,63.4441,24.97,2005,29.23,1.8,7.84,36.17,5.06,45.75,False,29.27,1
-9.5251,-57.2701,1.07,2022,29.14,0.31,8.147,34.17,11.15,60.02,False,11.75,0
-7.1883,15.6724,25.13,2013,26.87,0.0,7.885,33.2,9.01,63.86,False,0.0,0
-6.0706,122.5929,8.61,2021,30.3,4.45,7.924,34.51,11.69,28.56,True,100.0,1
4.8103,138.0126,26.66,1999,26.44,0.0,8.016,33.47,13.5,59.36,False,0.0,0
2.0162,-122.2582,21.05,2014,26.78,0.0,8.154,34.73,5.23,61.34,False,0.0,0
6.4743,-57.7537,20.32,1999,29.53,0.0,7.985,36.31,10.48,43.33,False,0.0,0
15.893,-59.3197,11.59,2002,27.06,0.0,8.014,34.3,1.91,40.17,False,0.0,0
18.7791,-164.8639,2.72,1990,29.53,4.79,7.947,36.25,10.14,60.62,True,92.55,1
13.0874,35.3656,25.07,2003,29.15,0.0,7.951,36.88,1.02,35.91,False,0.27,0
27.3314,127.7352,5.96,2010,28.65,0.0,7.971,35.71,4.15,55.78,False,0.0,0
-28.906,-42.6332,11.8,1990,28.14,0.0,8.01,36.4,7.0,53.99,False,0.0,0
-18.2533,86.4129,18.41,2009,27.28,0.0,8.125,36.37,12.76,68.16,False,0.0,0
-29.5462,45.9721,14.99,1994,28.59,0.0,8.227,33.08,2.65,68.02,False,0.44,0
8.8485,-44.7665,6.76,2021,30.66,5.68,8.183,35.65,11.81,59.97,False,97.74,1
23.8818,-129.2185,5.08,1990,25.72,0.0,8.009,36.08,8.69,32.55,False,0.0,0
-15.3911,75.3566,4.57,1991,27.39,0.0,8.142,34.78,7.13,58.27,False,4.4,0
25.6221,127.6435,26.03,2020,28.13,0.0,7.945,36.38,9.81,67.5,False,0.0,0
-26.384,66.9076,1.92,2015,27.54,0.0,7.906,35.66,5.5,67.02,False,0.0,0
26.0662,-173.5637,29.33,1998,28.58,0.45,8.073,35.74,14.92,47.4,False,0.0,0
-8.9026,-102.1562,6.76,2019,29.98,3.58,8.024,34.63,2.1,38.02,False,61.17,1
-23.9148,-154.9872,4.2,1997,25.8,0.0,8.051,36.54,2.51,53.87,False,0.0,0
-0.8477,25.339,17.73,1994,28.88,0.28,8.053,34.52,13.32,48.74,False,4.79,0
-14.5934,92.332,3.32,1993,27.38,0.0,8.053,33.59,3.68,48.0,False,0.0,0
-12.9076,-140.1915,18.47,2010,27.63,0.0,8.134,34.26,1.39,74.4,False,0.0,0
-11.5626,121.8016,25.67,2022,30.27,3.06,8.145,34.61,13.42,54.37,False,54.35,1
18.1816,19.9832,2.39,2015,26.46,0.0,7.883,36.01,1.4,49.55,False,0.0,0
2.3497,68.3888,24.2,2000,27.86,0.0,8.048,33.35,12.97,39.02,False,0.0,0
-11.3215,169.7047,12.44,2010,28.83,0.0,7.949,35.63,8.19,25.19,False,2.23,0
6.62,-149.8748,5.63,2011,28.78,1.34,8.002,35.05,8.25,68.12,False,0.0,0
12.969,144.4406,6.11,1996,26.77,0.0,7.878,34.27,2.4,48.72,False,0.0,0
-13.6426,-134.603,27.64,2002,29.53,2.18,8.211,34.58,9.64,57.24,True,67.57,1
-5.1871,-38.5348,4.21,2009,30.12,1.65,7.962,35.79,5.87,28.12,False,50.64,1
-22.6868,126.5179,26.14,2004,29.3,0.24,8.101,35.41,5.76,59.26,False,8.58,0
-19.131,146.2515,16.78,2023,28.44,0.0,7.866,33.29,10.61,47.19,False,0.0,0
10.8671,2.2938,2.13,2014,30.84,3.86,7.888,33.4,13.08,28.03,False,65.55,1
-19.1137,33.8777,14.47,2018,31.34,6.72,7.901,35.81,11.1,26.02,True,100.0,1
1.5098,74.933,24.71,2017,29.16,0.0,8.199,36.52,10.39,67.51,False,0.0,0
12.5428,119.7931,22.06,2003,27.63,0.0,8.114,33.64,13.35,58.01,False,0.0,0
-23.5874,-136.256,15.17,1993,26.71,0.0,8.177,35.38,13.55,49.39,False,0.0,0
4.0387,111.625,25.94,1996,27.19,0.0,7.96,33.82,11.18,61.26,False,0.0,0
-14.6062,-6.7406,4.49,2002,27.1,0.0,7.952,36.94,12.39,71.82,False,1.16,0
27.7756,-17.7756,27.39,2006,27.02,0.0,8.048,35.51,4.0,76.08,False,0.0,0
-0.9873,-27.3961,25.55,2018,30.23,2.05,7.921,36.27,10.38,26.36,False,27.9,1
18.3596,3.3162,21.54,2006,28.52,0.0,7.911,34.16,7.59,47.51,False,0.0,0
3.0136,160.2182,24.72,2008,27.38,0.0,7.976,34.35,12.81,49.2,False,0.0,0
-27.3952,17.3534,16.77,2015,28.72,0.0,7.957,33.58,14.43,75.58,False,6.88,1
7.9891,163.1439,20.58,1998,26.55,0.0,8.196,35.72,4.38,79.21,False,0.0,0
27.0842,-115.0956,17.26,1991,28.9,2.09,8.188,36.93,10.23,51.73,True,11.57,0
6.0967,80.689,11.31,2009,27.91,0.0,7.919,34.96,12.9,37.74,False,0.0,0
19.1513,112.4062,17.5,2012,26.74,0.0,8.173,33.39,10.38,71.6,False,0.0,0
23.0524,64.4864,8.47,2007,26.79,0.0,8.034,33.05,10.48,29.73,False,0.0,0
-16.3152,38.492,13.77,2015,28.74,0.0,7.866,35.83,12.35,25.24,False,0.0,0
-17.2773,23.3326,9.14,2014,28.57,0.0,8.086,33.72,10.69,81.09,False,19.67,0
6.6589,129.935,4.56,2006,29.11,0.0,8.186,36.74,12.49,79.28,False,41.31,1
-5.3383,115.7928,10.33,1999,28.08,0.0,8.245,35.94,14.87,90.0,False,32.68,0
20.3917,-135.9761,25.71,2014,28.5,0.0,8.138,33.75,8.39,75.03,False,10.72,0
24.0014,125.4916,12.05,2017,29.04,3.32,7.917,36.61,10.16,41.78,False,31.49,1
-8.7947,-30.9353,22.69,2015,30.17,1.38,7.873,33.89,9.42,37.0,False,3.54,0
-15.7878,-88.6691,6.08,2001,27.6,0.0,8.202,36.82,4.59,51.47,False,3.52,0
16.8315,133.1167,13.31,2008,27.56,0.0,8.039,34.15,12.58,42.58,False,0.0,0
-13.5116,-24.4711,4.33,2012,30.24,3.5,7.9,33.5,6.1,44.5,False,60.36,1
19.3569,111.0113,5.02,2003,30.22,2.47,7.954,35.28,14.34,25.56,False,31.72,1
-4.5757,-85.1747,18.91,2006,26.83,0.0,7.952,35.38,12.49,69.63,False,0.0,0
10.053,-178.5854,18.62,2004,29.58,2.15,8.239,35.51,2.75,76.23,False,45.48,1
-24.2679,-1.6347,7.19,2010,26.73,0.0,8.054,34.09,1.37,46.36,False,0.0,0
7.4316,-143.9178,14.76,2019,29.67,2.13,7.881,34.49,2.53,18.56,False,23.95,0
-2.8939,91.5753,26.04,2008,28.61,0.0,7.952,36.97,11.79,58.51,False,0.0,0
5.1965,-80.613,6.05,2021,27.3,0.0,7.948,34.6,11.07,34.26,False,0.0,0
-19.9191,-20.2876,1.56,2018,28.62,0.0,7.833,33.41,9.23,30.01,False,0.0,0
14.2124,-148.6679,19.91,2011,30.47,4.69,8.057,34.7,3.13,38.82,True,100.0,1
21.7678,-76.8027,2.55,2009,30.13,4.14,7.853,33.76,7.02,58.22,True,87.02,1
-16.9956,101.3365,29.42,1990,30.46,4.38,8.191,33.59,8.26,79.11,True,89.9,1
-24.2571,-125.4284,18.68,2008,29.11,0.0,8.174,34.53,14.57,75.47,False,0.0,0
-28.5817,52.9774,14.64,2015,28.49,0.0,8.138,34.38,3.67,33.06,False,0.0,0
8.5183,150.2733,13.47,1996,26.57,0.0,8.149,33.47,5.6,36.2,False,0.0,1
6.4256,64.7412,17.62,2023,26.44,0.0,7.996,33.07,9.82,38.07,False,0.0,0
2.8018,111.9678,3.63,1995,28.42,0.0,7.97,35.53,3.55,57.65,False,0.0,0
-16.0832,-140.7702,27.97,2011,29.78,1.06,7.959,33.96,3.1,45.85,False,0.0,0
-6.5456,-89.7365,19.14,1998,29.87,2.3,7.965,36.43,6.91,61.54,True,45.92,1
5.6686,142.034,6.34,2018,28.14,0.0,7.96,34.24,8.05,59.47,False,4.51,0
-0.194,77.438,17.31,2006,29.62,0.0,8.058,35.18,10.48,72.62,False,0.0,0
29.2671,50.2394,4.86,2002,29.39,0.02,7.998,33.89,11.52,73.91,False,0.0,1
-21.8136,58.956,1.51,2006,27.7,0.0,8.093,33.74,13.1,58.94,False,0.0,1
11.7087,-30.8878,19.28,1999,29.31,1.25,7.856,36.78,5.41,63.1,False,1.74,0
-5.7409,-163.9596,19.81,2014,27.35,0.0,8.035,35.71,7.81,45.92,False,0.0,0
-4.308,102.399,17.93,2007,29.55,0.33,8.166,36.8,13.02,71.94,False,4.23,0
13.0559,64.3368,6.32,2004,26.01,0.0,7.872,33.8,7.22,64.75,False,0.0,0
11.5462,-9.7904,18.5,2016,27.97,0.0,8.174,36.0,2.5,56.93,False,0.0,0
29.4754,143.9135,2.64,2008,27.56,0.0,8.002,33.89,6.81,64.46,False,0.0,0
-22.2963,-58.9825,18.67,2004,30.73,5.83,7.957,36.0,11.66,56.14,True,88.62,1
-23.7534,-74.0442,17.07,1996,27.05,0.0,7.908,36.32,7.31,34.94,False,0.0,0
13.4603,134.2067,20.0,2005,28.71,0.0,8.192,33.85,4.05,81.57,False,0.0,1
4.7032,106.9156,26.97,2013,28.61,0.0,8.155,34.47,14.15,48.7,False,0.0,0
-13.5504,5.3927,25.66,2012,28.21,0.0,8.041,35.42,4.92,52.29,False,0.0,0
-25.2348,-132.9355,29.44,2000,28.2,0.0,8.207,36.64,8.03,79.73,False,0.0,0
-24.8605,-102.5743,29.31,2013,26.44,0.0,7.87,33.11,5.62,43.16,False,0.0,0
23.6515,56.2421,23.4,1994,25.87,0.0,8.115,35.23,6.55,45.33,False,0.0,0
-18.488,-41.3852,28.74,2019,29.38,2.19,8.041,33.55,9.83,52.24,False,7.54,0
-10.5977,121.1303,26.15,2005,28.5,0.0,8.163,34.7,7.48,45.59,False,0.0,0
-16.4006,161.9838,22.1,2009,30.25,6.08,7.991,35.14,1.98,48.18,True,63.66,1
-8.7002,110.0293,3.19,2018,28.27,0.0,8.119,36.16,7.88,45.43,False,0.0,0
-25.8346,-44.0836,2.42,2006,27.41,0.0,8.181,36.99,4.82,78.57,False,0.0,0
1.1436,103.9271,25.29,2008,27.17,0.0,8.065,35.24,9.65,39.67,False,0.0,0
-25.9432,-53.481,15.2,2015,26.53,0.0,7.974,34.72,3.13,66.85,False,0.0,0
18.0214,-119.844,24.62,2004,30.04,2.67,8.057,35.03,8.94,42.9,False,33.67,0
-15.9773,-167.9784,10.07,2014,28.59,0.0,8.149,35.41,7.03,59.69,False,0.0,0
2.4007,-41.142,12.53,2004,27.84,0.0,8.102,33.34,12.22,40.58,False,1.6,0
22.8047,145.2813,21.31,2009,30.4,6.26,8.013,33.29,5.42,43.89,False,97.88,1
9.0526,-93.9648,27.54,2019,28.34,0.0,7.978,34.38,1.95,56.53,False,0.0,0
1.9775,-105.6553,3.55,2010,30.04,0.06,7.936,33.24,1.74,59.95,False,19.8,1
-10.54,169.1355,25.98,1995,26.24,0.0,8.021,34.98,7.03,42.03,False,0.0,0
-10.0199,-170.9985,24.0,2000,30.67,5.33,7.86,34.03,8.01,65.95,True,78.68,1
10.1692,102.8816,10.15,2012,29.77,0.52,8.065,33.21,5.94,41.23,False,13.48,1
29.6484,-64.3068,11.3,1998,27.23,0.0,8.149,33.2,11.92,33.01,False,0.0,0
9.7104,-166.5043,2.35,2007,28.78,0.39,7.931,34.64,10.15,68.83,False,21.43,0
3.467,150.4089,1.46,2017,29.22,0.16,7.989,34.32,8.7,43.12,False,16.32,1
13.839,-129.7288,14.83,2008,27.83,0.0,7.847,36.26,9.36,68.17,False,0.0,0
-2.0877,18.6405,3.77,2019,26.95,0.0,8.042,33.52,11.57,58.52,False,0.0,0
-26.3915,-81.3405,6.63,2004,29.91,3.59,8.022,33.11,9.32,69.52,False,40.7,1
3.7378,-156.5306,25.56,2001,28.49,0.0,8.034,33.24,3.73,30.61,False,0.0,0
27.4575,-162.0279,17.56,1991,28.42,0.0,8.165,34.33,6.39,57.07,False,0.0,0
-19.4818,-138.3996,19.38,1998,26.63,0.0,8.184,35.43,2.47,30.93,False,0.0,0
11.4003,-154.3079,6.44,1990,26.46,0.0,8.048,35.0,13.13,51.12,False,0.0,0
-17.944,93.8009,25.03,2020,30.22,0.71,8.096,35.28,3.67,24.01,False,0.0,0
2.1497,-5.1962,26.17,2017,28.51,0.0,7.979,35.51,9.2,43.94,False,0.0,1
-24.1994,-56.5588,16.18,1996,30.37,5.32,8.017,34.24,1.28,54.1,True,70.88,1
-2.9777,-29.3872,27.46,2005,28.67,0.0,8.01,36.64,5.11,87.34,False,0.0,0
15.3698,154.4208,25.5,2003,29.7,0.18,8.227,33.04,13.48,68.96,False,23.22,1
-9.1457,147.8707,22.21,2022,27.49,0.0,8.105,33.72,12.02,71.53,False,0.0,0
9.8947,77.6435,22.29,1995,27.76,0.0,7.785,35.58,1.85,33.36,False,0.0,0
17.727,138.4857,4.06,2010,28.59,0.14,7.983,36.89,8.59,42.91,False,10.3,0
25.6307,-64.9267,8.85,1999,26.8,0.0,7.967,33.61,6.07,75.66,False,0.0,0
-15.9215,-42.8006,2.94,2021,29.06,0.94,8.155,35.83,2.46,50.64,False,17.41,0
-6.041,40.9364,1.25,1995,28.68,0.0,8.094,33.98,12.37,80.09,False,0.0,0
-20.855,44.5053,5.59,1991,27.24,0.0,8.267,33.8,13.11,77.47,False,0.0,0
29.549,-6.5881,26.53,2016,27.38,0.0,7.971,34.22,7.82,68.39,False,0.0,0
25.6201,-35.7632,7.96,2003,25.63,0.0,8.01,33.68,3.25,66.6,False,0.0,0
2.3974,175.0249,29.13,2012,27.55,0.0,8.016,35.1,6.58,52.2,False,14.13,0
20.522,115.6045,18.32,2010,29.3,2.62,8.111,36.79,0.97,61.91,False,34.14,1
1.2575,-23.4071,7.88,2019,27.96,0.0,7.777,36.69,10.69,43.95,False,0.0,0
7.4151,81.8253,15.42,2014,30.22,2.92,8.09,35.14,13.6,47.07,False,25.78,1
-24.6525,-82.9578,7.35,2013,29.81,2.31,8.075,35.96,0.73,60.24,False,44.52,1
15.3162,-143.939,29.54,2000,29.67,2.77,7.915,33.79,9.99,47.79,False,24.94,1
-22.3372,-53.1248,25.57,1993,28.08,0.0,8.014,35.23,1.79,76.4,False,0.0,0
19.5641,-34.9298,1.76,2002,30.28,5.87,7.912,36.11,3.86,18.8,True,94.22,1
16.9217,-174.0466,28.49,1998,28.91,0.0,7.942,34.29,8.26,39.42,False,0.0,0
12.5247,113.3251,21.91,2017,28.58,0.03,7.881,33.84,5.14,76.88,False,0.0,0
-27.8304,-50.6904,3.39,2005,27.19,0.0,8.091,34.16,0.59,56.9,False,0.0,0
-11.8123,28.9505,20.45,1995,29.65,4.18,7.979,34.11,14.75,54.1,True,94.16,1
-14.2132,-153.3733,19.76,2016,27.44,0.0,7.956,34.08,2.98,55.17,False,0.0,0
-8.3918,-117.0011,7.34,1999,26.38,0.0,8.155,33.26,8.15,50.43,False,0.0,0
-24.7414,140.2897,22.99,2012,26.21,0.0,7.868,35.0,7.98,34.61,False,0.0,0
26.2175,39.1275,3.52,2010,26.9,0.0,8.105,33.64,14.27,77.12,False,0.0,1
3.2281,162.1023,15.19,2015,27.94,0.0,8.079,36.6,11.67,64.6,False,0.0,0
-11.6685,179.55,1.29,1992,28.42,0.0,8.126,36.2,8.56,64.61,False,0.0,0
-6.1811,-46.1304,29.09,1996,28.01,0.0,8.163,36.64,11.18,77.06,False,0.0,0
-3.1678,-72.4309,22.8,2016,29.65,3.63,8.024,36.49,12.77,54.99,True,87.1,1
6.0357,129.0082,5.61,2022,28.76,0.18,8.08,34.43,5.19,59.33,False,2.23,0
0.9408,179.5001,10.91,1993,26.34,0.0,7.855,36.09,2.26,39.5,False,0.0,0
25.1635,46.6708,5.66,2015,27.57,0.0,7.935,34.99,12.26,31.78,False,10.67,0
-0.1822,106.2507,23.23,1997,29.32,0.0,8.102,34.02,3.27,34.75,False,0.0,0
29.5295,101.4285,2.71,2009,27.03,0.0,7.965,34.44,5.45,54.88,False,0.0,0
21.0855,-52.0777,25.37,2006,30.52,7.59,7.895,35.29,13.28,26.95,False,85.95,1
-17.4894,26.7373,28.32,1994,27.4,0.0,8.169,36.38,10.14,53.63,False,0.0,0
25.8357,119.9005,20.62,1998,29.5,2.55,8.12,33.05,1.76,61.83,False,7.08,0
-23.018,67.721,7.18,1997,28.43,0.0,8.167,34.76,4.03,56.43,False,0.0,0
19.047,-172.381,11.44,1996,26.47,0.0,7.889,33.02,2.75,70.41,False,0.0,0
-7.1626,-58.786,14.84,1992,28.16,0.0,8.015,34.15,0.96,70.61,False,0.0,0
22.6785,-127.9887,18.53,1997,27.63,0.0,8.102,34.64,3.64,52.82,False,0.0,0
22.0834,-96.13,20.39,1994,29.01,0.15,8.109,34.86,9.89,62.62,False,35.13,1
18.3555,145.9762,17.07,1994,29.07,0.71,8.131,35.96,0.7,77.6,False,18.44,1
17.4018,-166.7184,11.19,2006,26.59,0.0,8.006,35.93,14.46,58.66,False,0.0,0
-11.7193,-100.8717,26.84,2016,28.88,0.0,8.139,34.25,3.89,60.83,False,0.0,0
-25.1448,-68.555,3.36,2001,26.71,0.0,7.991,34.47,4.73,65.33,False,0.0,0
-5.8212,42.0783,14.52,2017,28.39,0.0,8.062,34.04,1.0,56.73,False,0.0,0
-19.5885,12.2766,23.49,1993,26.41,0.0,7.881,34.57,1.51,35.27,False,0.0,0
11.6971,-101.423,2.77,2017,28.06,0.0,7.853,34.36,14.98,34.67,False,0.0,0
-9.234,-120.8732,21.45,2014,27.82,0.0,8.166,35.66,5.35,41.53,False,0.0,0
28.5366,-94.7527,24.77,1992,27.34,0.0,8.102,33.52,10.36,55.33,False,0.0,0
8.4583,0.9107,20.16,2020,28.63,0.0,7.85,33.12,11.39,72.36,False,0.0,1
19.3488,-82.376,1.38,2001,29.78,2.23,7.99,33.08,7.66,47.66,False,51.41,1
-22.0485,161.1369,6.22,1993,27.59,0.0,8.065,36.86,7.21,73.9,False,0.0,0
21.7209,-13.0085,10.92,2019,30.3,5.42,7.854,33.98,5.37,22.35,True,94.5,1
25.3654,-158.8334,7.78,2016,26.74,0.0,8.024,35.93,10.68,62.3,False,0.0,0
-0.7763,82.5359,28.92,2011,26.19,0.0,7.992,35.88,8.12,34.34,False,0.0,0
6.3752,-61.6157,19.9,1990,30.26,0.85,7.95,36.34,6.69,74.64,False,42.07,1
15.8886,55.256,9.61,2009,27.7,0.0,7.95,34.55,2.7,51.08,False,0.0,0
-19.5097,-79.346,27.96,2007,28.59,0.0,8.016,35.59,10.18,50.09,False,0.0,1
0.154,25.4677,22.48,1995,26.25,0.0,8.087,34.45,6.84,81.16,False,0.0,0
-6.0802,97.9749,9.25,2001,27.4,0.0,8.008,33.94,2.01,45.98,False,0.0,0
-21.2176,154.0831,11.99,2006,30.7,4.02,7.979,36.95,5.47,74.13,True,100.0,1
-7.9479,-85.9942,6.78,2011,29.26,0.01,8.03,36.61,1.16,62.85,False,16.2,0
-25.9097,-59.4515,29.16,2007,27.64,0.0,7.998,34.86,2.29,38.06,False,0.0,0
-28.4513,-12.8641,16.0,1999,30.67,3.41,7.983,35.43,14.91,24.33,False,35.47,0
-21.89,153.7829,26.99,2013,28.06,0.0,8.061,36.88,11.97,69.37,False,0.0,0
27.7869,144.4993,11.05,2009,29.2,0.0,7.933,34.37,14.82,33.61,False,0.88,0
2.9718,-147.6438,25.96,2001,28.38,0.0,7.888,36.36,14.14,20.55,False,0.0,0
27.9493,-132.5053,2.56,1993,27.05,0.0,8.025,34.59,14.39,68.84,False,0.8,0
-4.0501,-1.6167,29.48,1994,25.74,0.0,8.037,36.49,7.44,67.85,False,0.0,0
-11.291,-141.6171,27.45,2015,29.34,1.44,7.882,34.95,10.32,61.11,False,0.0,0
0.3685,-55.5909,11.53,2005,26.84,0.0,8.265,35.13,0.68,76.74,False,0.0,0
-3.6293,-126.5813,23.47,1994,28.19,0.0,7.979,36.02,6.01,46.99,False,0.0,0
-23.6601,48.9745,22.82,2015,27.83,0.0,8.025,36.53,10.29,54.56,False,2.83,0
8.4496,161.8184,27.14,2008,27.27,0.0,7.867,34.06,2.73,37.82,False,0.0,0
-17.0377,178.8242,9.91,1995,30.13,3.03,8.023,36.01,13.48,35.69,False,53.96,1
7.1753,-44.9132,14.5,2013,27.97,0.0,8.005,36.8,2.05,56.15,False,0.0,0
9.0121,35.6445,26.08,2020,26.91,0.0,8.022,33.09,12.65,39.04,False,0.0,0
-20.8785,128.2564,23.58,2020,30.37,8.16,7.974,33.63,9.42,38.43,True,100.0,1
-26.319,-137.7137,12.41,1996,28.01,0.0,8.168,34.42,12.97,25.95,False,0.0,0
16.8457,68.2432,25.53,1999,27.04,0.0,8.008,36.15,3.75,65.9,False,0.0,0
-2.412,-32.8163,2.36,2011,28.34,0.0,8.108,35.34,9.74,63.86,False,12.16,0
-26.5102,-105.7874,23.68,2003,28.04,0.0,8.025,36.69,3.73,39.87,False,0.0,0
29.692,-35.0087,7.0,2017,28.08,0.0,8.015,34.85,4.29,28.28,False,0.0,0
-26.5332,-152.6543,9.3,2011,30.03,4.02,7.881,35.0,2.15,25.61,True,74.54,1
11.7021,70.3466,15.3,2021,27.9,0.0,7.967,35.24,12.89,52.67,False,0.0,0
29.0207,-89.0126,14.04,2000,26.74,0.0,8.103,36.63,12.13,81.7,False,0.0,0
-15.6492,-67.894,16.1,2003,27.17,0.0,7.935,33.24,4.58,57.16,False,0.0,0
-21.465,-136.4107,16.8,2020,27.91,0.0,7.897,35.04,3.11,21.85,False,0.0,1
-22.7169,131.2773,10.61,1993,27.28,0.0,8.006,34.51,12.08,66.59,False,0.0,0
-11.8035,-2.3601,6.08,2011,29.71,2.15,7.93,34.22,7.22,73.24,True,30.95,0
-23.9373,25.9729,23.29,2018,26.61,0.0,8.042,35.86,5.25,54.89,False,0.0,0
11.5297,24.9958,12.6,2002,27.0,0.0,7.858,34.35,10.38,72.43,False,0.0,0
-26.2625,-32.2225,15.67,2009,29.18,0.0,8.071,33.1,6.08,45.32,False,0.0,0
0.5653,-110.6892,19.7,2008,28.56,0.48,8.11,33.86,11.06,35.77,False,9.72,0
29.8018,88.2478,27.38,2004,28.02,0.0,7.857,34.17,3.54,35.14,False,0.0,0
18.8382,-134.2597,21.52,2015,26.42,0.0,8.001,33.73,8.74,37.79,False,0.0,0
6.9132,-142.6054,2.32,2009,27.85,0.0,8.141,36.05,13.19,53.07,False,5.98,0
-11.6248,75.6522,25.32,1995,26.09,0.0,7.964,35.42,12.27,52.8,False,0.0,0
7.4338,-104.8187,29.69,2004,27.09,0.0,8.008,35.76,14.18,63.22,False,0.0,1
1.6225,-69.5618,14.7,1993,28.15,0.0,8.052,35.17,0.81,35.66,False,0.0,0
-4.435,-8.9181,29.12,1995,27.99,0.0,8.078,35.73,13.96,46.31,False,0.0,0
-22.1574,-18.2335,16.87,1991,26.96,0.0,8.177,35.86,3.99,31.53,False,0.0,1
23.1963,75.0885,14.33,2004,27.41,0.0,7.934,36.04,14.19,63.42,False,0.0,1
-3.0129,44.4354,10.61,2001,29.93,2.86,8.057,36.11,4.2,61.58,False,49.53,1
-18.3226,51.9826,20.07,1996,30.65,5.57,7.805,34.1,3.21,49.79,True,100.0,1
-7.9344,77.0596,7.66,2011,27.41,0.0,7.907,33.96,9.6,75.18,False,0.0,1
-5.1522,-74.6594,4.04,1997,27.19,0.0,7.932,35.89,11.04,56.2,False,0.0,0
19.6523,-63.96,1.79,2000,28.88,0.0,8.095,36.93,14.45,42.46,False,17.99,0
14.0169,-22.3208,9.48,1991,27.43,0.0,8.0,35.9,4.87,54.75,False,0.0,1
16.1583,-69.3136,12.48,2019,29.73,2.65,7.94,35.02,7.05,57.48,False,21.4,0
-29.3381,174.5776,17.01,1993,25.79,0.0,7.999,34.22,9.27,36.88,False,0.0,0
-5.0308,113.0587,9.49,2014,27.0,0.0,8.175,33.53,12.45,61.23,False,0.0,0
-1.1194,-120.7243,29.54,2010,29.79,0.94,8.12,35.33,11.83,65.64,False,0.0,0
-28.8485,-177.9861,9.46,2014,30.83,4.58,8.093,33.33,14.19,68.64,False,92.48,1
-14.4112,-164.598,13.79,1998,27.33,0.0,8.195,36.71,8.36,69.55,False,0.0,0
15.6174,-92.1372,4.0,1997,29.35,1.5,8.027,33.26,12.41,21.37,False,38.66,1
-21.7734,-138.8551,8.56,1994,27.43,0.0,8.132,33.54,12.15,60.0,False,0.0,0
2.1186,12.0017,2.4,2017,30.05,4.91,7.918,36.04,3.5,36.07,False,66.24,1
-17.0879,128.8783,17.23,1991,28.64,0.0,7.957,36.55,5.49,57.27,False,6.3,0
-29.2728,85.2301,22.78,2010,29.06,2.1,8.118,33.73,3.4,65.48,False,27.75,0
-15.5279,-102.3807,6.68,1997,28.65,0.85,7.939,33.21,1.11,61.96,False,3.99,0
28.5524,-36.2523,11.67,2023,27.7,0.0,8.142,33.54,12.83,32.13,False,7.68,1
18.0922,2.8419,1.48,2012,27.15,0.0,7.89,35.86,13.58,73.21,False,0.0,0
27.5746,111.6741,25.35,2004,27.52,0.0,7.933,36.56,6.6,69.04,False,0.0,0
-0.7288,122.0838,23.62,2016,27.39,0.0,8.209,35.86,5.79,65.34,False,0.0,0
-23.4158,147.4986,2.83,1991,29.33,1.79,8.167,34.46,7.33,57.25,False,7.37,0
2.8776,3.3283,11.58,2017,27.61,0.0,8.16,35.42,9.61,62.08,False,0.0,0
-2.7374,69.9389,28.7,2000,26.31,0.0,7.958,35.04,14.82,58.84,False,0.0,0
20.6614,-139.7519,12.37,2010,28.96,0.1,8.087,35.08,13.14,76.39,False,17.44,0
-24.115,23.504,16.26,2021,26.96,0.0,7.838,36.3,2.86,29.96,False,0.0,0
-0.7055,-90.4709,11.3,2021,27.29,0.0,8.068,36.82,13.22,37.1,False,0.0,1
-20.9971,-24.5819,18.29,1996,29.02,0.0,8.039,36.55,7.53,30.07,False,0.0,0
-10.5194,48.2582,29.37,2011,28.43,0.0,8.169,36.03,12.17,47.79,False,0.0,1
14.2414,-87.4851,29.93,2003,27.54,0.0,8.082,34.83,12.75,59.36,False,0.0,0
-1.4389,-161.2134,23.47,2002,27.67,0.0,7.936,33.95,5.98,51.56,False,0.0,0
-7.4467,-176.3158,12.73,2010,29.82,2.6,8.015,34.5,0.91,44.4,False,24.07,1
-6.3314,-172.0226,15.34,2011,27.78,0.0,7.888,36.46,5.79,31.36,False,0.0,1
-2.4332,-176.9941,11.35,2023,31.21,7.0,7.912,33.03,0.93,36.17,True,100.0,1
17.101,-140.2722,29.58,1999,29.7,2.97,7.963,34.29,7.95,68.3,True,46.02,1
23.5251,-93.7841,21.53,1990,27.84,0.0,7.892,34.95,14.26,58.27,False,0.0,0
27.3201,-100.3603,14.02,1990,28.72,0.08,8.069,33.16,13.33,65.46,False,18.85,1
17.2142,175.2468,1.35,2013,27.97,0.0,8.009,33.42,6.06,54.35,False,0.0,0
-11.0756,-69.8378,16.09,1992,28.38,1.02,7.965,35.83,11.47,38.04,False,19.28,0
11.2881,-134.1285,29.53,2020,27.21,0.0,7.922,36.77,11.1,71.07,False,0.0,0
-3.7438,16.4025,16.17,2002,27.27,0.0,7.907,35.7,8.88,71.49,False,0.0,0
-14.7198,128.8647,6.29,1993,29.44,1.24,7.973,33.94,10.72,64.14,False,41.31,1
20.4523,64.1017,1.64,2012,29.6,3.8,8.055,34.19,13.6,40.47,False,56.77,1
-27.6944,-73.4104,11.29,1995,28.01,0.0,8.099,35.43,4.58,68.45,False,0.0,0
24.1057,22.1818,27.63,2023,26.61,0.0,8.069,36.94,3.05,58.86,False,0.0,0
-2.3114,77.3482,29.9,2007,29.78,0.99,8.143,35.61,5.16,41.81,False,2.47,0
8.2321,82.1176,28.42,2015,28.15,0.0,7.98,33.33,9.36,59.37,False,11.21,0
9.5612,59.9538,22.15,2022,28.01,0.0,7.919,33.69,7.5,26.24,False,0.0,0
23.7071,133.4918,17.19,2022,26.37,0.0,8.06,35.85,10.25,39.9,False,0.0,0
8.2002,133.238,18.13,2014,29.11,1.71,7.995,35.97,6.96,44.7,False,18.32,0
6.836,28.4172,16.63,2006,27.45,0.0,7.986,33.31,9.94,62.48,False,0.0,0
-26.0009,-25.2517,21.5,1992,26.57,0.0,8.001,35.31,1.79,53.02,False,0.0,0
1.1045,50.9653,13.15,2011,29.05,0.18,7.994,36.28,6.79,64.98,False,11.66,0
-20.9899,114.5563,20.41,1993,29.36,1.73,7.824,33.76,9.86,68.06,False,0.0,0
14.246,-177.9652,4.53,2017,28.09,0.0,8.118,35.82,4.72,47.38,False,0.0,0
0.7333,177.1189,8.71,2002,28.48,0.0,7.927,34.65,5.18,56.49,False,0.0,0
10.8137,-114.1582,25.24,2019,29.23,1.26,8.025,35.62,0.79,47.55,False,0.0,0
-27.4996,-10.7104,27.21,2001,29.11,2.46,8.131,35.24,11.91,40.15,False,27.1,0
-24.9125,133.9307,16.63,1992,29.19,3.51,7.965,36.75,7.54,53.03,False,27.04,0
12.9794,-98.9855,1.92,2010,29.14,2.05,7.968,33.63,2.92,72.71,False,37.76,1
-25.6749,-8.3537,27.88,1990,28.88,0.0,8.064,33.85,9.64,24.02,False,0.0,0
-25.7246,-132.2704,21.36,2007,26.25,0.0,7.94,33.71,2.23,27.33,False,0.0,0
-29.2735,-37.7725,13.01,2002,29.99,4.15,7.943,35.8,7.24,27.61,True,73.19,1
27.3901,-116.2312,18.35,1996,28.51,0.0,8.031,33.74,2.45,65.53,False,0.0,0
14.2505,-49.094,13.46,2002,27.83,0.0,7.876,34.66,10.31,30.53,False,0.0,0
-8.8049,-45.5529,14.49,2006,27.56,0.0,7.888,36.54,3.24,51.11,False,0.0,0
-12.2079,177.5415,26.72,2021,28.96,0.0,7.805,34.11,14.33,37.82,False,29.32,1
-9.0178,178.1327,5.67,2018,28.36,0.0,8.174,33.6,9.22,24.85,False,15.35,0
16.4792,-138.6769,4.01,2019,26.14,0.0,7.939,35.13,0.82,59.74,False,0.0,0
9.6822,81.3488,1.08,2000,29.75,2.33,8.002,35.62,6.59,33.85,False,29.91,0
-18.8883,-161.3716,10.11,2003,27.23,0.0,7.984,34.98,2.83,49.39,False,0.0,0
-19.5534,-169.1309,5.27,1999,28.77,0.0,7.98,35.19,9.28,46.73,False,7.71,0
-24.0963,-142.0798,7.38,1997,28.47,0.0,8.071,33.77,11.6,71.37,False,0.0,0
9.6182,167.5748,1.33,2020,30.7,6.01,7.903,34.18,4.97,18.71,True,100.0,1
15.8624,158.7109,7.59,1995,26.48,0.0,8.125,35.64,10.3,47.17,False,0.0,0
-14.0972,-110.186,10.65,2008,28.84,0.0,7.972,36.23,13.13,62.71,False,15.89,0
-28.7433,-121.798,1.92,2008,28.82,0.06,8.08,34.44,13.63,72.39,False,11.7,1
-25.0697,-93.4074,18.63,2001,28.11,0.0,7.889,35.84,2.28,71.92,False,0.0,0
28.0716,5.5969,17.5,2007,30.47,4.57,8.017,33.79,5.65,74.63,True,71.61,1
-12.2733,25.0937,3.81,1992,29.17,2.35,8.147,34.19,4.46,47.16,False,37.97,1
16.1534,-100.2264,18.26,1998,30.14,4.77,7.981,33.03,8.77,31.47,True,69.61,1
7.4798,92.3842,29.96,1995,29.99,3.71,8.059,33.88,12.33,23.01,False,40.44,1
-7.0836,-68.5609,28.39,1990,28.77,0.0,7.992,36.05,9.84,53.62,False,0.0,0
-17.6588,151.9673,1.08,2018,28.52,0.0,8.061,33.34,14.75,61.31,False,18.49,0
-22.7168,56.4202,24.07,2019,27.93,0.0,7.949,33.31,1.07,48.32,False,0.0,0
6.9008,-22.9136,11.25,2011,29.61,1.82,7.97,35.56,3.39,35.38,False,40.26,1
16.478,104.3683,2.85,2017,29.11,1.49,7.953,35.0,12.84,66.06,False,18.76,0
8.6343,114.4493,9.58,2007,28.62,0.0,8.118,36.1,6.19,83.66,False,1.58,0
1.8181,-75.4266,10.33,2021,28.69,0.0,8.091,34.56,11.79,47.19,False,0.0,0
-27.4829,-57.7028,16.17,1994,29.69,3.03,7.855,35.25,14.59,55.66,False,19.97,1
28.1093,156.9439,20.17,2023,30.47,4.51,8.111,36.76,9.06,65.62,True,85.96,1
17.9229,-120.6932,22.72,2020,30.19,4.91,8.1,36.48,10.16,28.12,True,81.21,1
-12.4307,-164.8258,8.13,2022,26.85,0.0,7.879,35.41,6.08,77.72,False,0.0,0
28.7982,-16.5401,10.33,1993,28.2,0.0,7.889,34.92,13.54,60.65,False,5.38,0
6.1129,108.4356,9.94,2003,28.66,0.0,8.042,33.19,10.22,54.61,False,0.0,0
4.9454,97.8005,11.52,2004,27.26,0.0,8.024,35.11,9.26,76.03,False,0.0,1
14.8844,151.031,29.99,2009,29.71,1.98,8.035,34.87,0.9,53.46,False,0.0,0
18.7062,11.9522,23.56,2009,26.1,0.0,8.171,36.72,7.67,50.83,False,0.0,0
9.3887,-143.9767,29.27,1993,28.03,0.0,8.011,34.62,14.93,65.37,False,0.0,0
-22.3143,31.928,21.1,2007,29.46,4.89,8.095,35.49,7.01,69.65,True,76.1,1
-9.7039,100.2224,12.78,2013,29.01,1.01,8.008,36.66,14.38,47.94,False,0.0,0
25.685,-146.4019,12.3,2016,29.63,2.03,8.152,33.78,14.73,78.46,True,71.71,1
-16.5231,-117.8433,15.17,2022,30.25,3.2,8.063,34.5,9.87,58.59,False,37.17,1
-7.67,-175.5754,13.09,2014,29.32,1.6,7.868,34.46,4.85,28.08,False,14.54,0
-4.0754,33.7149,25.02,1994,30.13,2.77,8.206,34.13,3.33,58.86,False,22.88,0
-3.6357,139.2244,14.49,2007,28.18,0.0,8.094,36.45,8.42,68.84,False,0.0,0
6.7764,61.4388,9.57,2009,29.38,1.2,8.201,35.72,2.02,53.84,False,0.0,0
26.5846,173.5344,23.47,1995,29.12,0.0,8.141,36.9,7.84,32.1,False,0.0,0
-15.5584,-157.3079,25.78,2016,27.49,0.0,7.896,36.28,10.04,30.25,False,0.0,0
-22.7099,145.0804,13.19,2017,29.71,1.27,8.169,36.53,6.87,87.98,False,29.66,1
-18.1518,113.0646,20.37,2000,29.94,3.39,8.039,33.16,2.68,49.42,False,20.9,1
23.2155,-66.8731,2.71,1998,29.06,1.18,7.986,33.07,12.18,32.42,False,33.45,0
8.7486,170.4696,16.35,2017,26.58,0.0,8.168,35.65,8.35,37.97,False,0.0,0
-12.8456,-76.3424,2.3,2008,26.95,0.0,8.022,35.44,4.42,42.72,False,0.0,0
18.9568,140.1497,1.85,2010,27.84,0.0,8.082,33.1,0.73,56.86,False,0.0,0
21.6822,137.0695,18.77,2020,27.97,0.0,7.932,33.28,8.39,45.27,False,0.0,1
20.7909,92.7567,9.8,1996,27.43,0.0,8.086,34.91,11.62,43.33,False,0.0,0
25.1356,22.8494,22.53,2014,29.98,1.65,8.07,36.2,5.78,65.81,False,30.64,1
-14.8655,-136.799,26.99,2017,30.15,3.13,7.93,35.89,10.08,60.72,False,42.58,1
15.3025,11.5098,5.04,2006,27.97,0.0,8.0,35.1,12.04,48.49,False,17.67,0
-2.3676,-51.5533,22.01,2015,29.23,0.0,8.041,34.79,7.31,60.91,False,0.0,1
20.5199,105.1981,15.92,2017,28.68,0.0,8.054,36.14,4.42,41.1,False,0.0,0
13.7094,92.9265,4.25,2006,27.12,0.0,8.089,34.25,6.5,42.07,False,0.0,1
16.5868,147.8205,19.9,2006,30.5,4.38,8.001,35.93,11.54,56.82,True,83.49,1
9.3697,-174.6611,18.67,2022,27.42,0.0,7.989,36.66,3.67,59.59,False,0.0,0
-19.3543,111.2772,15.95,2023,30.19,5.39,7.949,33.78,4.2,65.71,True,87.61,1
2.7016,157.8463,27.87,2012,28.84,0.0,8.165,34.65,5.72,49.72,False,0.0,0
29.0802,104.1482,16.11,2019,29.01,1.25,8.132,34.63,9.6,52.28,False,18.68,1
26.2433,-133.13,29.72,2016,29.54,0.89,8.12,34.74,3.99,42.85,False,10.64,0
-27.4096,-150.7395,15.77,1998,26.92,0.0,8.164,33.25,7.68,32.2,False,0.0,0
-20.1111,-172.4957,4.36,2009,29.47,1.28,8.209,35.87,9.71,35.53,False,31.5,1
-22.0963,46.3483,14.64,2012,28.75,0.46,7.975,35.5,8.07,32.34,False,0.0,0
13.5588,46.6822,6.29,2008,30.33,0.95,8.003,36.47,0.6,34.58,False,23.04,0
19.0671,175.2889,18.32,1993,29.05,0.0,7.964,33.25,7.75,21.16,False,48.37,1
-17.1893,-36.7045,21.1,2002,27.0,0.0,8.203,35.12,5.66,42.31,False,0.0,0
0.3512,-60.5137,14.58,2001,29.46,1.26,8.19,33.8,1.16,52.28,False,10.83,0
20.4422,44.793,3.83,1998,27.92,0.0,7.931,35.72,13.77,42.25,False,18.58,1
13.9681,117.2191,14.59,2004,29.12,0.0,8.115,36.13,9.92,50.64,False,24.66,0
2.5342,157.2386,3.36,2010,29.99,4.55,8.139,34.91,13.74,32.14,False,63.75,1
5.4209,109.1247,20.78,2004,29.14,0.0,7.911,33.82,4.93,62.5,False,0.0,0
0.5016,-26.3974,23.92,1994,30.14,2.64,7.993,35.44,13.9,73.79,False,37.34,1
-12.1471,48.5691,28.91,1994,27.97,0.0,7.925,33.56,6.9,54.86,False,0.0,0
3.9013,128.2678,5.32,2014,26.66,0.0,8.007,34.5,5.19,73.61,False,0.0,0
11.3331,-3.3805,16.44,2013,28.38,0.0,8.252,35.46,12.7,44.99,False,0.0,0
22.3994,-101.9928,17.46,2020,30.28,1.2,7.869,36.77,1.13,45.66,False,25.13,1
8.1775,-118.8996,27.75,2023,27.06,0.0,8.22,35.66,11.11,79.61,False,0.0,0
15.6673,-179.9432,19.19,2003,28.88,0.0,7.934,35.54,13.03,54.43,False,0.0,0
-20.3957,78.5657,5.22,2016,29.18,0.98,8.095,35.9,13.13,31.47,False,16.78,1
-2.3066,-140.005,13.65,1993,25.79,0.0,8.116,33.68,0.96,57.97,False,0.0,0
-29.4401,-92.2179,19.99,2012,29.28,0.0,8.184,35.94,13.28,31.53,False,0.0,0
-15.1993,-72.7645,21.31,1994,26.32,0.0,7.903,33.97,10.87,55.08,False,0.0,0
13.5877,21.7367,26.03,2016,27.26,0.0,8.157,35.97,12.76,25.96,False,0.0,1
29.5086,-36.7354,6.23,2003,30.12,3.13,7.996,36.57,10.18,26.75,False,65.74,1
-24.0493,62.8826,28.59,1996,25.86,0.0,8.003,35.06,11.36,47.66,False,0.0,0
-5.9103,-159.9701,2.72,2007,28.16,0.0,8.058,33.04,9.45,56.58,False,5.18,0
18.0043,-135.3819,29.53,2021,29.11,0.28,7.894,35.4,7.33,53.9,False,3.58,0
-17.7579,-0.2839,25.88,1991,29.13,0.55,8.101,34.38,13.97,60.57,False,0.0,0
3.3051,-58.6927,20.15,2009,29.13,1.28,8.106,35.2,2.1,53.62,False,0.0,0
13.9843,-73.5072,22.31,2018,26.17,0.0,8.025,34.67,1.42,39.82,False,0.0,0
6.9591,-155.8699,3.11,2015,30.16,4.58,7.877,35.65,10.15,53.94,True,100.0,1
-18.7185,142.4589,2.2,1990,26.98,0.0,8.084,34.26,10.27,46.43,False,0.0,0
-8.6769,69.0547,3.95,1994,28.0,1.51,8.045,34.51,12.71,68.66,False,5.66,1
17.0275,-136.2175,3.53,2003,26.46,0.0,8.162,33.15,9.9,55.89,False,0.0,0
3.2536,-156.5835,16.87,2014,29.61,4.67,8.126,33.57,1.77,71.78,True,88.9,1
-29.6862,170.9541,7.25,1998,28.61,0.0,8.07,34.53,13.25,40.56,False,0.0,0
15.6594,65.2221,25.95,2019,29.65,0.85,7.839,33.01,1.94,49.01,False,0.0,0
-27.8813,-29.7158,13.93,2008,26.69,0.0,8.099,33.05,7.02,65.86,False,0.0,0
14.744,72.6232,21.17,1997,28.69,0.0,7.979,35.52,9.63,61.5,False,0.0,0
-17.8512,92.2794,19.93,2005,26.04,0.0,7.985,34.79,9.67,75.62,False,0.0,0
27.4844,100.7864,10.28,1997,28.1,0.0,8.063,33.0,7.0,56.05,False,11.41,0
-7.9236,-7.9642,8.05,2012,29.58,1.93,7.968,34.01,5.29,72.52,False,26.94,0
-10.3841,-25.2422,10.93,1998,25.55,0.0,7.922,35.54,4.87,67.48,False,0.0,0
-21.0667,-176.0299,24.1,2021,27.12,0.0,7.877,33.8,14.62,75.22,False,0.0,0
-11.6637,153.5606,18.0,2023,29.04,0.0,8.132,36.14,5.43,60.55,False,14.28,0
22.599,37.1908,8.35,2007,26.76,0.0,7.993,34.12,8.93,70.67,False,0.0,0
29.7801,-106.8646,24.72,2004,28.78,0.0,7.941,36.77,8.89,53.48,False,15.98,1
-7.9014,151.0572,2.59,2004,27.6,0.0,7.811,35.08,8.78,65.2,False,0.0,0
-3.0834,149.3755,21.28,2018,29.97,3.74,8.208,33.7,9.51,35.18,True,100.0,1
13.3243,176.1063,13.73,2012,27.01,0.0,8.121,33.46,4.31,46.52,False,0.0,0
23.1717,134.6604,22.21,2012,30.1,2.86,7.907,33.58,5.41,44.03,False,19.37,0
5.5827,179.2024,27.9,1990,28.48,0.0,8.02,35.81,1.52,68.14,False,0.0,0
-6.5085,-91.913,22.75,2011,27.32,0.0,7.936,33.63,8.78,55.34,False,0.0,0
-5.2427,123.2099,13.82,1996,27.19,0.0,8.017,36.76,3.96,34.06,False,0.0,0
11.7371,116.2902,5.38,2021,30.67,4.7,7.941,34.26,2.99,54.1,True,76.09,1
-29.8069,-96.8615,24.38,2017,28.86,0.26,8.037,33.26,12.58,74.64,False,0.0,0
7.1754,-144.5625,14.36,2021,27.69,0.0,7.835,33.65,8.94,55.02,False,0.0,1
-8.6704,172.5914,3.18,2022,27.63,0.0,7.899,34.36,8.6,53.77,False,0.0,0
17.6518,-73.4312,21.85,2002,26.5,0.0,8.158,33.49,2.76,69.86,False,0.0,0
-24.4206,133.521,9.46,2017,28.88,0.0,8.063,36.39,6.95,59.32,False,0.23,0
5.2921,-178.5142,2.42,1998,28.92,0.12,7.905,36.83,8.55,40.53,False,0.0,1
-1.1416,-172.4311,27.18,1992,29.13,0.0,8.174,36.03,6.85,32.86,False,0.0,0
8.5395,-12.2863,15.01,2006,29.63,0.54,8.021,35.46,8.24,47.46,False,16.88,0
-26.1088,-94.0627,9.15,2023,28.39,0.0,7.84,36.2,0.72,47.09,False,0.0,0
4.799,68.3429,21.78,2021,26.7,0.0,8.064,33.62,3.39,50.22,False,0.0,0
3.6891,23.6032,26.69,1998,29.28,0.0,7.874,34.51,3.64,70.05,False,11.09,0
3.6396,-152.1051,1.01,1990,28.58,0.0,8.126,33.85,5.98,39.54,False,0.0,0
6.2093,-121.4538,20.95,2009,30.77,5.39,7.945,34.86,14.14,64.91,False,95.21,1
10.5881,-40.3023,23.24,1994,30.06,6.95,8.241,33.7,8.35,62.34,True,100.0,1
18.2993,-113.1825,7.09,2010,27.35,0.0,8.034,36.27,4.22,51.91,False,0.0,0
-13.8108,105.2,15.2,1994,28.45,0.0,7.91,36.2,10.89,37.89,False,0.0,0
19.503,-30.2147,3.59,1993,27.3,0.0,8.131,34.47,3.67,40.15,False,0.0,0
-0.1047,-146.3645,22.66,1997,28.73,0.0,8.151,35.89,2.79,61.89,False,3.84,1
-25.3765,-5.6366,25.58,2014,28.66,0.0,8.188,34.7,4.82,67.5,False,0.0,1
-26.4869,-147.2983,4.14,1996,28.19,0.0,8.032,34.14,4.75,65.98,False,9.68,0
-9.9457,-133.5826,24.68,2021,28.1,0.0,7.914,34.1,6.61,54.02,False,0.0,0
17.0938,-93.7405,23.38,2006,29.97,4.85,8.126,34.96,10.86,38.91,True,81.13,1
12.4609,129.43,11.06,2017,26.75,0.0,8.212,33.05,8.89,46.06,False,0.0,0
17.3169,152.8605,21.02,1995,26.48,0.0,7.991,35.84,7.64,54.59,False,0.0,0
1.0361,117.4528,1.0,1991,27.11,0.0,7.871,34.56,14.25,43.75,False,0.0,0
-3.5881,-59.7322,28.02,2020,29.16,0.46,8.102,33.56,0.97,69.64,False,23.05,0
-21.1528,-81.9193,16.96,1990,28.59,0.0,8.006,35.54,6.36,54.9,False,9.38,0
-10.3084,17.696,18.99,1992,27.32,0.0,8.196,36.02,10.43,46.29,False,0.0,0
-3.9588,79.8671,20.28,2002,28.58,0.0,8.024,33.47,5.15,74.42,False,1.45,0
-24.684,177.6142,17.28,2020,27.8,0.0,7.964,33.41,7.39,80.36,False,8.95,0
-16.7633,-132.6345,25.85,2018,28.23,0.0,7.886,34.55,0.94,35.48,False,0.0,0
5.8935,-162.2549,18.68,2022,29.75,2.81,7.975,35.6,3.45,49.3,True,52.91,1
14.1398,69.9681,27.33,1999,27.49,0.0,8.017,35.32,1.68,70.32,False,0.0,0
29.9009,119.6013,17.89,1998,27.3,0.0,7.973,36.9,14.57,77.66,False,0.0,0
25.9868,124.6856,5.96,1990,27.46,0.0,8.073,34.75,11.29,49.82,False,4.59,0
8.5539,64.2469,27.49,2021,27.68,0.0,8.065,34.4,9.97,56.75,False,0.0,0
-4.7251,163.4457,20.77,2022,28.8,0.0,7.924,36.04,0.53,28.0,False,4.26,0
8.1706,3.9617,21.28,1991,28.92,0.0,8.024,36.83,7.26,62.57,False,0.0,0
17.1391,148.9733,29.58,1991,28.53,0.0,8.038,36.57,10.77,33.5,False,0.0,0
-22.8998,168.4124,3.18,1994,25.61,0.0,7.946,34.65,9.32,64.64,False,0.0,0
-5.4057,124.9767,13.43,1999,29.85,3.08,8.194,35.53,7.96,69.55,False,38.35,1
20.3881,-68.4869,7.93,1991,27.96,0.32,7.928,33.57,12.53,80.18,False,9.98,1
-6.97,-109.3624,19.28,2014,30.51,3.75,7.796,35.86,5.36,46.66,True,92.89,1
4.3123,17.3232,24.4,2007,30.8,5.99,8.139,34.4,12.66,37.46,True,82.53,1
5.2662,-16.9147,29.02,2016,28.73,0.0,8.186,33.89,6.13,50.42,False,0.0,0
-18.9314,135.993,14.18,2009,25.97,0.0,8.076,33.54,8.92,36.09,False,0.0,0
-8.2659,-143.9886,23.8,2023,28.8,0.0,7.936,34.03,8.04,66.29,False,0.0,1
-9.9293,-87.2136,27.59,1997,27.33,0.0,8.2,35.04,6.45,80.64,False,0.0,0
-28.4282,90.6476,20.82,1993,26.67,0.0,8.032,36.58,4.36,55.58,False,0.0,0
-28.5485,-145.8048,8.04,2019,26.64,0.0,8.087,34.04,7.0,36.01,False,0.0,0
19.9018,-64.5248,18.63,1998,29.04,0.03,7.982,33.22,2.26,63.07,False,7.12,0
-13.6158,-40.6241,29.13,2001,25.87,0.0,8.072,36.12,5.49,62.84,False,0.0,0
1.0847,44.1338,29.64,2003,29.28,0.0,8.126,36.12,8.91,55.52,False,7.62,0
-12.0765,-123.0722,19.63,1995,27.08,0.0,7.871,33.27,1.39,73.99,False,0.0,0
26.4408,129.8176,26.72,2012,28.72,0.68,7.966,33.73,11.28,29.93,False,0.0,0
-14.4422,-18.8848,6.81,1993,26.36,0.0,8.026,33.64,8.73,66.21,False,0.0,0
-4.2206,150.1278,8.14,1990,29.59,0.36,8.167,34.85,14.49,44.24,False,32.16,0
22.3638,-11.5668,28.63,1998,28.4,0.0,7.907,34.0,1.82,56.25,False,0.0,0
20.516,-80.9855,4.92,1998,26.94,0.0,8.054,35.99,3.79,63.7,False,0.0,0
-18.8339,-128.9416,6.54,2004,28.49,0.0,8.052,35.47,8.3,48.74,False,0.0,1
18.1586,-178.6518,13.2,2013,26.35,0.0,8.109,35.71,7.53,64.18,False,0.0,0
-2.5088,11.5767,18.1,1997,29.72,3.31,8.015,34.51,7.73,25.46,False,40.1,1
-1.0219,-141.4236,18.51,2017,28.39,0.0,7.887,35.0,5.46,31.1,False,0.0,0
-21.9912,-38.978,9.47,2006,26.71,0.0,7.975,35.72,13.06,34.09,False,0.0,0
-25.1639,32.1378,27.7,2020,28.56,0.0,8.004,35.11,1.24,43.75,False,0.0,0
13.6764,-80.7531,27.54,1993,26.53,0.0,8.026,33.3,13.15,62.0,False,0.0,0
-0.2123,-116.9193,12.37,2003,28.96,0.0,8.016,34.45,11.76,39.11,False,29.74,0
-3.789,98.8998,13.59,2014,30.43,6.23,8.036,36.88,11.93,52.13,True,100.0,1
13.7705,160.8448,21.37,1996,28.46,0.0,8.242,35.01,13.7,79.83,False,0.0,0
15.9308,-143.8414,20.23,2020,29.69,4.28,8.113,34.64,8.72,76.96,True,71.9,1
-20.4655,-123.9875,12.09,2009,28.53,0.0,8.171,36.56,13.05,69.17,False,8.92,0
6.6135,165.6046,13.01,2005,27.15,0.0,7.924,35.65,6.37,64.19,False,0.0,0
-21.8788,-166.3977,11.09,2011,29.78,2.32,7.985,34.71,10.42,41.77,True,63.94,1
15.0825,171.9476,7.83,2008,29.85,2.75,7.884,35.38,4.92,38.56,False,28.54,1
9.4173,-178.328,14.29,1991,28.83,3.66,7.896,34.35,12.19,45.16,True,59.41,1
27.3969,134.5207,20.91,1993,30.15,2.45,8.103,36.21,1.0,57.97,False,38.28,1
-25.8625,-69.3629,22.52,2023,30.35,4.95,7.908,35.87,12.76,32.14,False,68.12,1
-26.5767,157.892,23.59,1996,27.04,0.0,8.15,33.87,2.2,34.21,False,0.0,0
-13.0688,-65.8997,11.87,2003,27.08,0.0,8.006,34.23,2.76,61.17,False,0.0,0
-14.2977,55.5503,23.17,2021,28.23,0.0,7.949,33.01,11.47,35.6,False,0.0,0
-15.1813,-151.1883,1.19,2006,31.16,5.84,7.98,36.16,3.93,56.67,True,100.0,1
24.3753,-92.7613,14.83,2003,26.41,0.0,7.939,33.36,7.62,28.71,False,0.0,1
-15.0272,98.5246,24.02,2006,29.49,2.91,8.199,35.29,7.73,63.93,False,24.4,0
-13.683,10.3269,19.27,2021,29.99,4.22,7.873,36.39,5.94,45.32,True,68.8,1
15.5639,154.0689,14.75,1991,29.99,2.21,8.036,36.86,14.02,55.51,True,46.7,1
-3.0156,-25.6495,19.69,1993,28.97,0.0,8.01,34.28,8.68,47.95,False,0.0,0
16.6026,133.1325,27.3,2019,27.94,0.0,8.097,33.73,10.9,59.75,False,2.54,0
-26.078,-18.376,17.43,2019,27.22,0.0,8.056,36.95,13.41,36.95,False,0.0,0
-0.7457,172.5294,24.19,2022,30.69,5.81,8.181,33.75,9.41,58.85,True,100.0,1
-27.9832,165.5404,29.44,1990,29.4,0.85,7.919,33.6,10.58,45.61,False,6.52,0
-26.2408,-61.5108,21.46,2022,30.1,5.14,7.952,36.7,6.91,42.68,True,91.31,1
24.3862,138.9325,17.63,2020,31.13,5.56,8.102,36.74,14.93,57.67,True,96.32,1
-21.6453,125.1401,2.09,2003,26.08,0.0,8.215,34.92,11.75,51.28,False,0.0,0
1.9452,-104.1551,11.86,1995,28.31,0.0,8.063,35.56,14.49,55.25,False,0.0,0
-5.3343,44.7445,17.4,1996,26.7,0.0,8.099,34.67,2.35,50.24,False,0.0,0
-9.1594,-153.8344,24.12,2013,30.43,6.24,7.975,36.71,0.83,51.89,True,98.28,1
23.99,121.2159,13.71,1993,26.74,0.0,8.015,36.34,8.09,63.69,False,0.0,0
-28.6906,-117.1635,28.84,2014,26.87,0.0,8.051,35.06,11.11,65.4,False,0.0,0
9.8274,-154.5067,8.88,1992,28.69,1.6,8.255,34.78,12.58,38.94,False,13.04,0
27.8037,-35.9211,22.59,2017,29.85,5.05,7.848,35.75,12.81,53.68,True,92.9,1
3.6101,27.692,13.15,2012,31.57,8.25,7.959,35.66,4.66,49.44,True,100.0,1
26.2093,127.7701,15.09,2002,28.79,0.0,8.067,33.33,11.51,31.79,False,0.0,0
-26.8645,170.7273,24.27,2011,26.89,0.0,8.015,34.12,2.78,35.69,False,0.0,0
-4.8724,-21.7827,9.59,2014,27.85,0.0,7.963,34.75,8.03,46.67,False,0.0,0
-14.3905,-158.2391,3.81,2013,30.06,2.46,8.113,35.24,3.91,37.81,False,58.68,1
13.8493,89.6816,16.09,2022,28.55,0.0,8.104,33.77,3.86,32.65,False,0.0,0
28.8778,23.4624,16.34,2003,29.66,2.61,8.013,34.28,4.85,77.84,False,29.92,0
-14.6082,-18.7591,24.12,2013,26.81,0.0,7.912,35.02,4.96,19.54,False,0.0,0
9.2505,-68.6632,29.08,2011,28.03,0.0,8.089,36.6,5.35,48.22,False,0.0,0
-18.1141,0.8635,2.6,2012,30.4,5.13,8.08,34.55,13.74,55.24,True,98.74,1
3.9198,-58.0753,18.16,1995,26.38,0.0,8.069,34.18,10.46,29.83,False,0.0,0
-2.1641,92.5243,20.76,2008,28.8,0.0,8.103,36.41,0.56,41.6,False,0.0,0
28.3203,15.8017,29.59,2001,27.48,0.0,8.096,33.93,6.32,59.26,False,0.0,0
6.5116,135.6652,28.34,2015,29.14,0.09,8.005,35.42,2.89,52.07,False,24.8,1
-9.0296,15.6758,21.66,2018,27.86,1.42,8.08,34.65,10.96,28.6,False,0.0,0
-23.1543,-94.2255,16.13,2003,29.27,0.27,8.059,36.63,14.75,40.56,False,0.0,0
-20.9252,126.3931,5.68,2006,29.66,1.34,8.066,35.75,7.73,41.19,False,38.51,0
-16.481,20.5989,12.14,2019,27.26,0.0,8.066,36.55,14.72,64.32,False,0.0,1
-14.942,-105.5372,17.97,1996,27.33,0.0,8.069,35.64,4.5,51.24,False,0.0,0
21.037,44.4628,22.03,2010,26.42,0.0,8.009,35.25,8.93,52.2,False,0.0,0
3.6734,-51.222,19.43,1990,26.09,0.0,8.143,34.67,8.4,69.22,False,0.0,0
1.4035,123.986,21.71,1993,27.98,0.0,7.857,35.45,12.04,36.11,False,0.0,0
-23.1139,-16.8121,13.45,1997,27.93,0.0,7.987,36.15,4.29,62.61,False,0.0,0
21.6084,81.5189,22.1,2007,26.47,0.0,7.851,34.73,4.26,32.81,False,0.0,0
13.3689,-145.607,5.17,1997,28.53,0.0,7.979,35.55,5.64,59.05,False,4.15,0
-25.9399,-37.4312,5.72,2020,28.68,0.0,7.945,34.77,8.97,60.27,False,7.92,0
12.4701,173.9669,5.72,2020,29.37,1.98,7.888,33.38,2.46,58.28,False,18.08,0
2.6123,111.0457,26.84,2017,27.19,0.0,8.143,35.25,14.35,46.39,False,0.0,0
-25.0965,-122.4213,3.2,1992,29.54,6.49,7.902,33.26,7.18,26.56,True,100.0,1
-2.502,-80.0049,24.24,2004,26.7,0.0,8.232,35.39,7.8,29.76,False,0.0,0
-0.9182,-61.2663,7.77,1993,26.98,0.0,7.89,36.36,6.46,49.55,False,0.0,0
-20.0535,54.1316,14.58,2023,28.04,0.0,7.957,33.62,6.12,49.12,False,0.0,0
26.7419,92.5181,27.56,1995,29.17,5.18,7.902,35.39,7.12,43.38,False,47.65,1
20.9985,89.8296,17.99,1993,27.89,0.0,8.258,33.24,4.01,74.74,False,0.0,0
10.1413,3.5547,7.09,2019,27.01,0.0,8.068,34.08,2.64,72.3,False,0.0,0
-2.2623,111.8954,9.24,2007,29.51,2.7,7.867,33.5,6.83,37.52,False,35.27,1
-5.2941,-22.6519,27.69,2011,26.74,0.0,7.914,33.1,10.31,65.29,False,0.0,0
9.0584,-135.403,13.39,1999,27.41,0.0,7.961,36.38,5.67,39.81,False,0.0,0
2.7259,23.1991,18.02,2018,29.27,4.25,7.91,34.64,2.07,39.2,False,44.42,1
-26.2636,162.8285,14.34,2012,26.95,0.0,7.827,33.61,8.1,38.76,False,0.0,0
0.7502,105.4777,11.97,1993,26.6,0.0,8.033,35.54,8.1,47.53,False,0.0,0
18.3842,28.3322,7.48,2008,28.87,0.0,8.093,36.61,2.95,83.15,False,0.0,0
-2.4456,52.85,20.9,2015,29.27,0.0,8.233,35.01,5.47,51.66,False,0.0,0
-26.8826,155.0023,21.83,1996,27.85,0.0,8.01,36.32,11.95,44.21,False,0.0,0
17.1767,-25.7966,8.97,2002,28.47,0.0,8.08,36.37,0.97,34.01,False,0.0,0
-17.9182,-60.6981,23.88,1992,29.62,1.89,8.032,36.0,1.88,72.02,False,1.72,0
-14.4827,171.807,25.78,2000,29.71,0.71,7.903,34.1,10.66,47.92,False,0.5,0
-20.1176,130.8395,27.7,2005,27.13,0.0,8.0,34.87,8.8,50.54,False,0.0,0
-10.1871,-63.7043,5.68,2009,28.79,0.0,7.949,33.58,8.89,64.35,False,8.36,0
15.4051,-13.039,9.81,2012,27.61,0.0,8.04,36.68,7.14,61.49,False,0.0,0
1.1632,-30.5719,25.95,2012,29.72,5.47,8.086,35.63,1.75,59.6,True,61.4,1
-17.7071,-126.3256,6.76,2021,31.01,7.68,7.94,33.02,1.27,18.44,True,100.0,1
22.6698,164.815,1.1,1992,26.85,0.0,8.125,36.2,5.2,81.74,False,0.0,0
22.7749,-34.4475,26.25,1997,27.92,0.0,7.931,33.06,1.32,74.16,False,8.32,0
22.2347,135.1185,10.47,2003,29.18,0.0,7.891,35.45,8.7,22.11,False,0.0,0
-15.6722,-111.8318,13.02,1997,27.66,0.0,7.977,34.76,10.35,55.15,False,0.0,0
-2.9256,17.2335,13.94,2000,29.08,0.29,8.022,33.83,9.46,41.4,False,5.95,0
29.0994,-171.3739,25.6,2022,30.74,7.58,8.025,36.02,11.08,38.16,True,100.0,1
16.3207,95.1194,10.8,2004,29.96,5.24,7.878,36.99,14.31,41.13,True,100.0,1
-28.37,29.129,26.88,2003,28.19,0.0,8.084,35.81,14.53,75.31,False,0.0,0
-26.0877,45.2123,18.89,2015,29.91,1.54,8.078,36.23,4.64,67.41,False,43.51,0
-2.1641,-161.3805,16.29,1997,29.24,0.44,8.064,36.65,4.73,33.06,False,13.42,0
24.5532,-104.0262,10.44,1993,26.11,0.0,8.04,34.77,11.28,47.17,False,0.0,0
2.3221,-153.2409,8.07,2007,27.99,0.0,8.11,35.55,14.86,50.58,False,8.65,0
-0.1312,-75.9908,19.1,2016,27.27,0.0,7.985,35.13,6.49,46.28,False,0.0,0
-23.6716,45.878,13.96,2008,27.57,0.0,8.131,34.27,3.19,65.46,False,0.0,0
9.4068,23.827,27.4,1992,29.56,0.81,8.133,33.26,11.07,35.77,False,0.0,0
19.3262,40.3739,15.26,1998,30.45,3.25,8.046,36.43,6.09,56.98,False,41.62,0
-7.1748,17.7305,15.84,1991,29.76,0.45,8.075,33.41,1.66,56.68,False,11.61,1
16.5367,-81.7096,13.08,1998,26.34,0.0,8.054,35.25,11.36,39.4,False,0.0,0
27.8686,-91.9773,23.89,1995,27.91,0.0,8.044,33.13,6.42,49.87,False,3.93,0
-17.774,-130.6585,13.32,2017,30.49,3.23,7.995,35.14,9.07,56.59,False,54.51,1
1.3998,125.6655,8.81,2023,30.55,3.86,7.997,33.23,10.53,67.31,False,56.98,1
-12.7717,41.9326,26.0,2018,29.7,4.26,8.176,35.83,12.4,38.68,True,73.71,1
17.5713,-112.856,18.31,1992,27.55,0.0,8.156,35.37,9.51,69.09,False,0.0,0
4.6556,-116.2046,18.15,2005,29.27,1.96,8.197,35.87,14.07,68.49,False,63.74,1
8.0749,134.2928,18.71,2000,30.13,3.07,8.161,35.26,7.53,37.1,False,52.9,1
17.8748,87.3831,21.85,2012,26.62,0.0,8.098,35.98,8.19,41.98,False,0.0,0
-6.2418,57.3837,10.08,2019,27.29,0.0,8.05,34.47,4.91,42.62,False,0.0,1
24.9054,-33.5289,1.98,1994,28.69,0.0,8.183,34.31,2.41,72.37,False,13.44,0
1.9817,-85.6888,24.51,1997,27.01,0.0,8.081,34.98,9.61,65.4,False,0.0,0
-20.5227,172.6023,4.74,1999,27.57,0.0,8.016,35.02,4.74,33.94,False,0.0,0
11.7539,107.0062,21.93,2017,26.51,0.0,7.953,34.36,10.86,40.18,False,0.0,0
17.5957,-71.3595,3.39,1999,26.69,0.0,8.172,34.98,9.5,40.69,False,0.0,0
-10.9943,125.1233,11.88,2003,27.61,0.0,8.1,33.85,4.58,47.35,False,0.0,1
21.4308,93.2155,2.83,1994,26.41,0.0,8.076,35.61,8.58,71.91,False,0.0,0
24.3686,-73.051,16.14,1995,26.1,0.0,7.965,36.89,14.83,76.44,False,0.0,0
-13.3857,-26.441,19.94,2019,29.96,3.17,8.017,35.42,13.29,46.17,False,35.09,1
29.0113,-113.0568,5.97,2008,27.38,0.0,7.88,34.9,6.54,66.87,False,0.0,0
-21.5573,-140.0211,11.78,2003,27.92,0.0,7.951,36.62,10.47,41.09,False,0.0,0
-17.8791,80.1943,27.98,2000,28.2,0.0,8.037,35.64,3.16,65.92,False,0.0,0
-18.9465,-83.6957,13.83,1994,29.93,3.46,7.849,34.19,0.65,41.5,False,58.13,1
23.6394,115.2214,24.27,2020,28.51,0.0,8.118,35.48,12.67,40.57,False,1.14,0
9.2576,178.4191,27.89,2021,27.86,0.0,8.018,35.98,6.51,59.68,False,2.03,0
-20.8737,-152.4169,29.26,2013,27.22,0.0,8.009,36.08,3.13,71.84,False,0.0,1
-3.5806,-9.7074,27.05,1999,30.22,1.63,7.997,33.03,5.07,54.55,False,33.32,0
6.9179,108.7425,10.2,2002,28.73,0.0,8.024,36.06,13.88,50.07,False,0.0,0
-24.9922,104.0223,28.91,2002,27.47,0.0,7.982,36.2,13.44,53.13,False,0.0,0
22.945,93.599,24.56,2011,29.06,0.0,7.95,33.7,9.94,90.0,False,0.0,0
18.2162,-54.3618,25.28,1998,26.79,0.0,8.059,36.4,1.83,66.32,False,0.0,0
0.3124,-16.6128,1.44,2008,27.56,0.0,8.08,35.85,10.91,53.84,False,2.01,0
28.0276,34.1886,28.67,1996,27.96,0.0,8.196,35.48,13.41,78.51,False,0.0,0
-4.9343,170.6186,23.56,2004,28.8,0.0,8.108,36.08,13.83,41.0,False,6.37,0
29.0466,-62.083,23.27,2006,28.42,0.0,8.026,34.01,6.1,47.93,False,1.86,0
10.0752,152.3318,3.36,2003,27.62,0.0,7.948,33.62,2.96,22.17,False,0.0,1
8.0803,-83.0315,7.74,1991,29.51,0.0,8.097,33.28,14.43,70.77,False,0.0,0
-20.0427,176.0668,28.91,2003,27.64,0.0,7.944,34.73,12.25,33.46,False,0.0,0
22.9157,61.2949,15.52,1993,26.64,0.0,7.91,35.03,6.77,73.99,False,0.0,0
-4.3506,-13.1359,12.54,1992,28.61,0.32,7.92,33.41,9.67,78.67,False,0.0,0
-20.266,40.8206,25.36,1992,29.21,0.0,7.994,34.6,6.26,45.22,False,0.0,1
-29.2435,-81.8888,3.53,2000,27.53,0.0,8.037,34.04,7.13,80.68,False,0.0,0
3.5853,-81.2974,13.09,1994,30.01,4.32,7.918,36.54,5.25,51.57,True,83.01,1
1.644,-139.1204,11.9,2018,30.2,4.33,7.979,35.29,1.31,65.37,True,94.39,1
13.1612,-138.9419,11.15,2017,29.59,0.83,7.996,33.7,14.96,45.05,False,8.72,0
23.4155,-54.8382,9.92,2012,27.16,0.0,7.92,34.94,3.97,49.84,False,0.0,0
-25.2356,94.628,7.09,2019,28.64,0.0,8.089,33.17,4.71,71.75,False,0.0,0
13.8898,38.8696,6.01,2012,28.74,0.0,7.959,34.8,5.21,48.07,False,0.0,0
-18.7553,-143.0696,19.57,2011,26.84,0.0,7.947,36.61,4.04,80.91,False,0.0,0
21.4906,126.8051,27.66,2001,27.86,0.0,8.101,35.08,5.22,83.14,False,0.0,0
19.1438,36.4923,15.76,2016,27.13,0.0,8.02,33.86,8.72,39.27,False,0.0,0
2.4476,165.908,9.64,2004,29.48,2.45,8.119,36.67,1.65,27.54,True,51.09,1
12.6146,61.2668,5.62,2012,29.9,0.32,7.828,36.76,1.54,67.41,False,13.21,1
-11.139,-116.937,25.07,2008,28.25,0.0,7.963,34.1,7.2,48.64,False,0.0,0
-1.7299,-9.438,29.17,2000,27.39,0.0,8.101,33.69,10.6,32.44,False,0.0,0
19.2982,53.4591,11.13,1992,28.48,0.0,8.181,33.36,3.65,79.27,False,0.0,0
-2.4441,-169.8247,9.44,2005,28.76,0.0,7.854,36.09,8.04,79.69,False,0.0,0
-8.5321,-174.6323,18.44,2021,27.29,0.0,8.081,35.86,6.89,44.78,False,0.0,0
-0.3473,-133.4149,23.48,1998,27.82,0.0,7.972,36.07,7.06,40.77,False,0.0,0
19.695,-89.4008,14.21,1994,29.32,0.0,8.158,33.65,10.67,71.52,False,8.11,0
-9.8875,-25.3623,19.27,1990,26.9,0.0,8.213,36.9,9.16,67.2,False,0.0,0
-19.5743,-4.5214,21.78,2001,27.93,0.0,8.154,33.77,7.31,83.75,False,0.0,0
12.7208,-130.3101,28.86,2010,29.22,1.1,7.85,33.15,4.42,63.38,False,14.78,1
19.5587,62.421,5.79,1997,29.39,3.81,8.213,34.57,8.99,61.69,False,37.66,1
-23.9618,34.6097,29.92,2016,28.79,0.0,7.961,35.22,2.49,70.37,False,0.0,0
-15.6076,-73.9929,12.37,1998,26.93,0.0,8.058,34.66,6.53,72.28,False,6.92,0
-21.4817,-175.0824,21.97,2017,30.44,5.73,8.062,34.94,2.45,47.73,True,99.03,1
-9.1235,-152.0468,17.6,2019,26.42,0.0,8.017,35.24,5.11,32.39,False,0.0,0
-2.9789,-38.9899,15.11,2003,28.56,0.0,7.92,33.84,9.73,63.58,False,1.82,0
14.9296,-124.5692,21.24,2012,28.19,0.0,7.976,36.37,11.91,69.84,False,0.0,0
9.0689,-44.3449,12.48,2018,28.1,0.0,7.917,34.07,3.92,26.67,False,0.0,0
7.2557,46.1457,4.66,2015,29.06,0.83,8.282,36.99,9.81,82.3,False,7.7,0
-8.8575,17.0055,15.18,2011,28.13,0.0,8.0,36.9,4.46,68.5,False,4.66,0
20.4869,-96.7767,16.14,2004,28.84,0.05,8.165,34.25,6.52,43.08,False,14.85,1
-1.7228,-56.2239,6.86,1998,28.25,0.03,7.975,35.12,13.76,54.3,False,1.19,0
28.7463,41.0512,28.13,2015,29.02,0.37,7.885,36.71,1.97,35.97,False,0.0,0
8.0485,129.9078,7.6,2006,29.87,5.15,8.181,35.23,14.77,21.42,True,92.1,1
-22.4241,91.1568,12.87,1998,26.62,0.0,8.05,36.13,9.81,36.8,False,0.0,1
10.5707,19.224,5.49,1992,30.06,4.54,8.017,34.87,9.33,52.04,True,92.83,1
-10.4938,-49.5745,16.54,2005,30.29,0.07,8.151,34.88,3.61,45.6,False,0.0,0
11.1796,-48.5815,9.92,2002,26.53,0.0,8.152,34.49,3.32,73.87,False,0.0,0
-25.8215,136.5902,15.19,2015,30.45,2.6,8.016,34.94,13.88,40.73,True,60.62,1
-19.5071,-165.8723,7.51,2006,28.25,0.0,8.146,33.23,2.82,27.95,False,0.66,0
21.3442,175.6738,2.56,2021,28.99,0.0,8.057,36.87,2.99,67.36,False,0.0,0
-16.3692,59.1751,23.6,2013,30.35,4.21,8.085,36.4,10.65,46.86,True,72.88,1
20.2225,65.2096,19.59,2011,29.72,1.22,8.142,36.4,10.71,40.0,False,20.15,1
-13.2434,-166.3208,10.88,1998,27.83,0.0,7.921,35.72,6.28,55.69,False,0.0,0
8.5729,37.9905,2.38,2011,29.36,0.77,7.996,33.77,13.66,66.35,False,56.27,1
11.649,-5.4799,26.1,2009,28.12,0.0,8.039,33.86,13.83,36.94,False,0.0,0
0.7593,-141.9196,5.92,1992,26.9,0.0,8.11,33.35,12.7,49.1,False,0.0,0
-11.6814,-79.9481,27.99,2022,27.35,0.0,8.009,36.13,0.73,83.51,False,0.0,0
-17.2413,140.5132,14.88,2007,28.81,0.0,8.036,36.59,4.88,41.9,False,0.0,0
-28.0086,17.9958,10.87,1999,29.62,1.88,8.253,35.46,4.71,64.06,False,13.05,0
-11.7632,-31.17,22.51,2010,30.36,3.67,8.133,36.4,1.45,46.67,False,56.39,1
9.1898,-153.8344,26.43,2014,30.07,0.0,8.023,36.62,13.45,41.31,False,0.0,0
26.2983,77.0837,11.75,1998,27.69,0.0,8.234,33.59,14.89,37.26,False,7.32,0
22.2723,73.0263,12.81,2016,29.61,0.0,8.008,34.55,2.58,65.66,False,23.28,0
15.9639,41.0557,13.56,2004,28.29,0.0,8.214,33.55,4.64,57.2,False,0.0,1
17.3068,3.6946,27.75,2021,27.53,0.0,7.923,34.59,0.89,79.23,False,0.0,0
9.8991,-23.8376,21.08,2005,27.87,0.0,8.133,34.88,2.17,82.14,False,5.37,1
-14.3828,33.5776,8.18,2017,27.32,0.0,8.01,35.84,7.74,37.64,False,0.0,0
24.4317,-95.9776,6.36,1995,29.46,2.86,8.023,35.68,5.83,55.33,False,56.34,1
10.2439,158.8533,7.68,1995,30.95,5.47,8.23,36.96,6.64,29.5,False,70.61,1
3.6264,31.966,8.64,1991,29.39,1.28,8.029,33.9,10.16,41.31,False,15.82,0
-23.3406,-67.9707,7.68,1996,28.64,0.21,7.872,33.62,1.92,41.84,False,0.0,0
-3.1767,-18.1153,20.1,2016,27.95,0.0,8.072,35.91,12.79,59.27,False,0.0,0
-2.3785,110.0465,4.36,2017,30.23,2.34,7.994,35.81,13.05,64.52,False,54.44,1
21.8738,-121.8182,12.23,2005,26.87,0.0,7.979,33.54,2.86,77.97,False,0.0,0
2.7989,-74.5792,19.13,1998,28.57,0.0,7.91,36.27,9.71,58.34,False,0.66,1
-7.176,64.6229,9.43,2004,27.26,0.0,8.06,34.37,10.51,58.05,False,0.0,0
28.608,-66.4239,2.89,2023,30.63,5.69,7.967,34.88,3.02,56.29,True,100.0,1
-23.3568,105.3006,3.37,2009,26.68,0.0,7.913,35.75,5.93,26.3,False,0.0,0
-4.6471,-133.0367,4.65,2003,27.13,0.0,7.91,35.43,10.54,42.74,False,0.0,0
-27.4785,94.567,25.24,2000,29.53,3.17,8.157,35.67,10.26,30.24,False,17.25,0
14.3942,-155.3934,20.08,2019,26.73,0.0,7.948,33.46,12.66,35.52,False,0.0,0
25.0846,-175.4667,2.87,1992,30.31,4.7,8.086,34.15,2.42,56.46,True,100.0,1
-13.1978,143.3605,12.34,1991,27.67,0.0,8.128,36.25,5.18,35.42,False,0.0,0
21.5005,29.2821,9.08,2003,30.04,0.75,7.95,36.72,11.42,69.92,False,39.59,1
-12.4669,-53.3423,17.76,2018,29.51,2.13,7.966,34.65,4.11,53.81,False,15.09,1
24.6462,-96.2659,16.16,1994,29.34,1.35,8.031,36.85,8.29,51.73,False,1.79,0
15.2377,42.0789,14.95,1995,30.19,4.42,8.126,36.73,2.49,41.82,True,59.98,1
18.2944,3.2408,10.12,1997,27.62,0.0,8.017,36.4,2.78,40.33,False,0.0,0
-28.9196,176.9752,5.0,2018,27.89,0.0,8.019,36.0,4.21,79.81,False,6.61,0
27.7686,173.9578,22.53,2016,27.3,0.0,8.074,35.12,4.76,57.3,False,0.0,0
13.6003,48.6088,26.52,2005,26.58,0.0,7.962,33.85,1.11,37.61,False,0.0,0
-11.7149,-20.5666,28.38,2016,28.99,1.96,7.948,34.02,12.91,52.45,False,27.33,1
19.7637,-3.1893,2.7,1990,26.98,0.0,7.952,33.64,1.14,45.19,False,0.0,0
-13.1087,65.6925,22.46,2022,27.82,0.0,8.003,36.39,11.56,72.17,False,0.0,0
22.3652,-143.4332,22.07,2016,28.77,0.0,7.902,33.03,4.66,56.35,False,0.0,0
-23.2452,-61.7933,28.47,2006,28.17,0.0,8.13,34.07,6.28,55.15,False,0.0,0
12.2212,-152.902,8.33,2004,27.78,0.0,8.174,35.42,8.88,58.22,False,0.0,0
2.4419,-153.5901,22.52,2011,30.2,4.55,7.907,36.94,3.76,55.54,True,73.12,1
-24.2079,-109.4979,2.58,2008,27.31,0.0,8.0,34.19,1.61,48.44,False,0.0,0
-15.4864,-5.3088,19.31,2017,29.57,3.29,8.009,33.84,14.38,69.7,False,38.43,1
-29.2558,102.5188,11.17,2012,29.83,2.83,7.909,33.3,12.51,40.23,False,44.82,0
-1.8739,-5.2215,23.3,2009,27.16,0.0,8.112,34.14,11.51,40.67,False,0.0,0
-11.9241,-59.2284,26.04,1998,29.63,3.6,8.154,36.31,8.25,81.86,False,27.65,0
5.9014,-150.3529,11.58,2012,29.21,0.83,8.07,33.52,9.75,59.68,False,42.03,1
-12.1657,18.1064,16.24,1996,29.6,3.7,8.191,33.59,13.03,44.22,True,61.14,0
-12.0049,-82.3433,4.4,2020,28.81,0.21,8.04,33.57,6.14,35.55,False,8.38,0
14.5916,41.3763,13.09,2000,27.15,0.0,7.933,33.47,2.02,67.57,False,0.0,0
-27.1114,171.7876,11.46,2006,29.52,2.94,8.041,34.81,12.69,49.05,True,62.16,1
24.1737,-139.9268,6.31,2015,29.27,1.21,8.059,36.31,1.41,66.68,False,0.0,0
21.1358,-103.6349,26.94,2007,26.39,0.0,7.952,34.84,13.82,47.1,False,0.0,0
10.0683,-9.686,5.29,2020,29.49,0.25,8.084,35.18,10.97,50.69,False,8.38,1
5.5933,168.701,19.44,2017,30.26,3.51,8.157,35.29,6.96,63.09,False,73.38,1
23.5381,97.8515,26.81,2015,28.01,0.0,8.131,34.54,9.42,26.45,False,0.0,0
-18.8802,143.3625,27.45,1995,26.09,0.0,8.086,34.36,8.26,56.93,False,0.0,0
-25.2619,-59.8627,24.0,2023,29.1,0.58,8.105,35.53,6.32,72.87,False,11.03,0
-15.6294,177.1339,6.11,2017,30.3,3.63,7.94,34.4,2.36,49.25,True,80.18,1
17.6747,-142.9802,24.71,1998,27.08,0.0,8.057,33.47,12.22,62.38,False,0.0,0
-27.9198,-160.9298,9.02,2018,29.0,0.67,8.01,36.45,9.02,54.36,False,0.0,0
4.9684,128.0169,27.75,2023,30.55,2.03,7.795,35.35,10.69,27.93,False,26.38,0
29.7263,153.8154,21.56,2001,26.77,0.0,8.083,36.31,3.52,79.16,False,0.0,0
21.3418,-147.3893,23.77,2005,28.73,0.0,7.996,34.91,3.42,81.8,False,0.0,0
1.2867,-139.1661,3.47,1996,26.38,0.0,8.131,35.57,12.67,52.58,False,0.0,0
-26.1815,-168.0573,17.9,2020,28.85,1.7,8.082,36.68,8.44,57.13,False,26.01,1
19.8824,-142.3773,24.81,2022,27.94,0.0,8.043,36.0,7.07,49.18,False,0.0,0
5.9387,-104.6089,25.99,1996,27.13,0.0,8.042,34.4,1.85,74.21,False,0.0,0
-23.104,169.2276,1.83,1992,29.04,0.0,7.949,34.31,6.68,25.56,False,4.62,0
-24.3686,60.4297,28.24,2009,28.48,0.0,7.962,34.09,10.7,74.12,False,0.0,0
24.5776,100.2791,2.26,1994,28.97,0.0,7.848,34.9,2.0,68.63,False,10.27,0
10.152,99.4102,18.82,1992,29.49,0.49,7.958,36.68,0.92,39.96,False,13.9,0
19.7572,12.6265,21.11,2004,26.12,0.0,7.92,33.07,8.52,44.77,False,0.0,0
22.7387,107.096,4.11,2012,26.1,0.0,7.853,36.04,5.08,52.93,False,0.0,0
4.3063,34.4907,2.39,2022,26.51,0.0,8.021,34.41,13.64,44.61,False,0.0,0
1.0468,-66.7634,23.76,1991,26.53,0.0,8.115,36.24,9.09,56.82,False,0.0,0
-4.1744,21.9996,12.16,2010,28.25,0.59,7.916,34.74,4.86,48.3,False,14.64,0
-10.9832,12.0631,4.11,2003,29.75,5.6,8.098,35.89,5.05,46.53,True,100.0,1
-3.9242,116.4431,23.12,2003,29.91,5.68,8.044,36.35,2.37,57.91,True,98.08,1
16.4328,173.4218,25.63,2000,28.84,0.09,8.185,34.88,6.85,36.86,False,0.0,0
6.1154,-32.0247,18.03,1993,26.22,0.0,8.187,35.93,1.49,30.99,False,0.0,0
23.5514,94.8206,5.68,2019,29.04,1.66,8.135,33.27,6.89,51.92,False,11.02,0
-3.3972,-144.0853,1.44,2009,25.94,0.0,8.074,34.19,2.25,53.08,False,0.0,0
6.4254,99.6593,21.32,2005,26.9,0.0,7.822,34.29,10.32,54.97,False,0.0,0
7.8785,-46.2899,16.95,2023,28.35,0.0,7.921,34.9,9.94,46.44,False,7.89,1
5.5018,-165.8195,19.87,1997,27.27,0.0,8.066,35.59,12.66,34.1,False,0.0,0
12.158,-49.2314,24.58,2009,27.99,0.0,7.879,34.88,13.87,61.72,False,0.0,0
-15.754,39.8314,13.59,2010,26.74,0.0,7.976,36.37,9.98,51.71,False,0.0,0
0.7418,-137.0699,4.61,2019,29.34,0.0,7.829,34.03,2.74,33.84,False,0.0,0
-23.7465,152.6524,28.26,1994,26.5,0.0,8.166,33.54,7.87,80.81,False,0.0,0
-6.9293,-152.0379,16.81,2010,27.99,0.0,7.937,34.48,14.15,81.89,False,0.0,0
-0.74,154.8024,18.84,2012,27.53,0.0,8.197,33.97,3.39,39.12,False,0.0,0
9.1335,74.5695,28.07,2008,28.12,0.0,8.0,35.37,6.15,72.66,False,0.0,0
27.0319,-61.3036,28.02,1999,27.15,0.0,7.925,35.28,11.35,48.94,False,0.0,0
6.0391,-39.3299,17.59,2016,26.24,0.0,8.169,35.95,11.57,49.72,False,0.0,0
14.6156,86.6914,9.63,2002,26.75,0.0,8.071,36.14,14.27,41.11,False,0.0,0
0.376,36.5296,29.92,1998,27.35,0.0,7.996,33.57,4.08,67.76,False,0.0,0
8.0462,61.7915,20.74,2006,29.16,0.0,8.016,34.38,12.95,37.5,False,9.71,0
-25.7441,-39.9007,12.84,2020,27.37,0.0,7.885,33.31,1.26,28.33,False,9.53,0
-14.7365,-4.3871,17.24,2013,30.57,3.53,8.136,35.72,2.61,58.6,False,62.47,1
-8.2888,176.3523,13.06,2008,28.09,0.0,7.971,36.21,14.17,58.51,False,0.0,0
-1.6504,-102.9878,26.76,2019,28.75,0.05,7.97,36.85,13.27,36.57,False,0.0,0
-27.2611,-29.5718,14.99,1994,29.47,1.67,8.179,36.83,1.38,64.61,False,25.4,0
-21.5986,-74.9437,24.88,1997,30.06,1.74,7.971,35.53,1.48,63.0,False,32.68,1
-13.3911,95.4401,25.37,2014,28.31,0.0,8.06,35.96,5.6,75.19,False,0.0,0
28.292,95.0445,24.91,1994,26.55,0.0,7.974,33.83,6.3,46.32,False,0.0,0
-10.1192,-74.7196,21.94,2022,29.88,2.87,8.103,35.33,7.28,55.43,False,26.97,1
-1.0775,-150.6995,25.79,2011,27.27,0.0,7.95,34.32,8.45,62.07,False,0.0,0
-18.2341,-175.8842,12.23,2014,28.99,0.0,7.946,33.44,2.39,27.2,False,4.45,0
6.6468,-26.1178,4.33,2018,30.51,7.67,7.851,34.96,14.8,38.63,False,100.0,1
-13.159,-32.2785,25.43,2019,28.45,0.0,8.025,34.68,14.39,64.81,False,5.65,0
-17.5804,175.8204,15.45,2019,27.69,0.0,8.054,33.28,6.43,47.89,False,0.0,0
0.9944,-10.8713,4.69,2020,27.7,0.0,8.224,36.82,7.57,46.9,False,5.56,0
-29.6697,-87.6894,4.34,2023,26.8,0.0,7.897,36.83,5.77,34.06,False,0.0,0
-29.5402,140.8426,5.62,2017,29.28,1.11,7.964,35.24,9.93,70.92,False,9.63,0
-16.8559,-3.2155,22.78,1999,28.15,0.0,7.903,36.78,10.64,51.63,False,0.0,0
-27.7967,35.7032,21.61,1993,27.88,0.0,8.065,34.03,8.26,31.19,False,0.0,0
-23.5185,-145.5593,6.91,2022,26.8,0.0,7.897,36.17,13.9,46.23,False,0.0,0
-9.6684,-42.1501,25.56,2006,27.66,0.0,8.23,36.8,5.53,37.72,False,0.0,0
18.1551,159.9205,9.16,2000,29.16,2.01,8.052,34.58,4.27,38.98,False,35.24,0
4.3229,32.2219,24.0,1996,26.44,0.0,8.06,34.21,10.01,70.54,False,0.0,1
0.7601,-55.9793,15.18,2006,27.09,0.0,7.944,35.78,2.86,57.2,False,0.0,0
-12.3907,45.2402,22.21,2017,26.22,0.0,8.051,34.9,8.87,31.78,False,0.0,0
25.9052,147.748,12.06,2006,26.59,0.0,8.032,34.51,5.19,72.44,False,0.0,0
-6.1791,-81.3634,11.07,1999,30.34,7.75,8.098,36.11,2.49,28.23,True,100.0,1
-24.7744,1.842,25.4,2015,26.49,0.0,7.973,33.96,5.09,44.52,False,0.0,0
7.024,165.1286,2.02,1995,28.41,0.0,8.058,35.75,3.44,19.81,False,0.0,0
-23.1697,-117.9374,29.27,2006,27.5,0.0,7.943,34.55,9.63,80.83,False,0.0,0
-9.2866,79.079,19.8,2005,28.7,0.0,8.096,34.05,1.25,53.05,False,0.0,0
0.4447,41.2132,13.54,2015,30.28,4.38,8.025,36.72,12.37,30.99,True,100.0,1
22.4534,64.683,19.21,1993,27.14,0.0,8.09,33.99,8.97,53.11,False,0.0,0
-0.3872,-53.5609,4.56,2009,26.62,0.0,7.989,34.55,12.93,25.5,False,0.0,0
12.1355,-67.0034,15.91,2000,26.56,0.0,8.109,35.48,2.82,76.43,False,0.0,0
29.569,66.3155,29.57,2012,27.72,0.0,8.047,33.24,7.35,31.05,False,0.0,0
-22.1107,-102.4044,7.82,2022,28.0,0.0,7.965,33.41,10.19,54.83,False,0.0,0
-13.5161,-28.9243,21.95,2020,30.19,2.38,7.793,35.52,2.61,69.67,False,42.95,1
-6.3254,-112.2571,13.61,1996,26.93,0.0,7.953,35.36,0.7,45.56,False,0.0,0
-4.6903,-177.0103,19.92,2011,29.54,1.17,8.217,35.41,14.17,33.57,False,20.08,1
-5.3387,169.2206,6.94,1994,26.4,0.0,8.074,35.37,11.82,47.31,False,0.0,0
24.4567,-24.5869,14.64,1990,25.53,0.0,8.107,36.34,11.84,62.93,False,0.0,0
12.842,168.9659,29.42,1995,29.27,2.3,7.99,34.32,13.85,35.18,True,56.6,1
6.4743,-129.4835,6.66,1993,30.5,1.9,7.967,33.7,8.88,36.54,False,47.98,1
-11.4376,31.452,19.46,2019,27.31,0.0,7.944,36.59,9.8,61.06,False,0.0,0
19.4274,-107.6493,17.69,2019,27.17,0.0,7.856,35.24,3.53,78.04,False,0.0,0
27.3036,104.4267,17.39,2006,29.51,1.19,7.958,36.16,7.32,54.74,False,0.0,1
19.2719,102.1331,18.84,2013,29.76,2.84,7.836,33.77,2.79,40.26,True,39.7,1
-29.9061,-139.4614,15.56,2020,30.94,5.37,8.1,34.85,1.93,68.64,True,78.56,1
8.1841,148.3432,1.49,2017,28.13,0.0,8.066,33.47,4.2,48.4,False,17.09,0
-26.9319,-109.9333,27.1,1993,28.06,0.0,7.863,33.4,7.16,36.44,False,0.0,0
-14.5436,40.6718,24.98,2008,28.38,0.12,8.002,34.82,9.75,52.25,False,0.0,0
-26.4285,174.8281,6.05,2013,28.7,0.0,8.045,35.38,7.81,29.89,False,38.8,1
6.2277,137.6628,12.98,1996,26.89,0.0,7.963,36.71,13.47,66.99,False,0.0,0
11.1954,164.363,23.35,1998,26.76,0.0,7.988,33.2,5.24,35.63,False,0.0,0
-23.1307,-56.6644,29.42,2011,30.12,2.11,8.017,34.49,12.78,72.56,True,44.58,1
-6.9697,-141.9928,28.58,1991,27.45,0.0,8.191,35.96,6.82,84.25,False,0.0,0
-2.6258,-112.1951,27.08,2016,27.23,0.0,8.097,34.22,2.5,73.64,False,0.0,0
-7.8568,0.1782,5.59,2005,29.2,1.86,7.974,36.01,13.05,23.34,False,42.3,1
-22.7385,105.5627,27.52,1994,28.69,0.0,8.099,36.8,7.59,65.74,False,0.0,0
-4.8631,-125.9447,26.47,2001,27.81,0.0,8.124,35.35,2.53,55.13,False,0.0,0
15.0707,57.5034,11.93,2015,29.23,0.0,8.036,34.0,3.23,33.79,False,0.0,0
-25.7395,-63.5121,12.44,2004,28.04,0.0,8.136,35.38,1.55,51.67,False,0.0,0
-25.1892,-57.1673,14.34,1992,27.24,0.0,8.154,34.21,9.84,31.53,False,0.0,1
-8.7137,58.2904,20.03,1998,30.78,6.97,7.894,33.68,5.77,28.13,True,100.0,1
26.5035,-11.8802,8.56,2017,29.0,0.0,8.064,36.17,14.51,49.72,False,7.33,0
10.1144,112.332,1.67,2014,30.3,2.58,7.862,35.65,8.31,63.03,False,42.12,1
10.7202,-123.8693,5.1,2017,27.43,0.0,7.948,36.4,4.06,46.99,False,0.0,0
-8.2848,104.3814,13.76,2010,29.01,0.74,8.051,36.49,9.04,29.0,False,0.0,0
5.6196,-156.8753,9.18,2018,26.76,0.0,8.054,34.43,14.66,54.34,False,0.0,0
-29.3921,-110.1406,23.17,2014,28.61,0.0,7.942,33.45,0.84,27.75,False,0.0,0
8.1658,56.2139,4.09,2019,29.92,2.7,8.061,34.89,2.96,68.72,False,46.03,0
24.7972,127.7732,27.61,2000,26.08,0.0,8.118,34.42,13.96,72.63,False,0.0,0
6.7544,-89.0353,26.96,2008,28.56,0.0,8.094,35.53,0.86,31.57,False,0.0,0
22.4219,-62.211,27.35,2000,27.02,0.0,8.149,36.37,14.47,38.41,False,0.0,0
13.4384,13.3635,22.45,2014,30.25,3.55,7.783,35.45,9.6,21.69,False,45.44,1
-22.7665,-103.8338,4.1,1990,29.39,3.06,7.981,33.04,3.86,72.61,False,38.72,1
24.1472,112.0163,13.71,2021,29.26,0.0,8.136,35.41,1.8,31.13,False,0.0,0
-26.0134,98.5092,4.81,2010,26.59,0.0,8.158,33.52,2.01,28.26,False,0.0,1
2.038,-127.695,29.64,2002,28.26,0.0,8.115,34.27,12.65,59.2,False,0.0,0
-21.4718,-13.0213,10.66,2023,29.02,0.44,7.986,33.96,12.41,34.86,False,33.26,0
-29.2976,98.938,17.97,2006,29.6,3.54,8.05,35.01,12.59,69.0,False,22.13,0
-4.6779,-58.5614,23.6,2008,26.13,0.0,8.031,36.15,14.43,66.57,False,0.0,0
-12.2976,47.9185,27.7,1999,30.06,2.3,8.094,33.15,6.16,40.8,False,41.46,1
-0.84,-161.9233,22.91,1998,26.94,0.0,8.02,33.23,13.78,58.4,False,0.0,0
4.632,39.128,20.56,2000,29.5,2.49,7.938,36.84,2.84,63.29,False,34.15,1
-27.3757,-125.0449,14.51,2020,29.59,3.53,7.953,34.76,14.12,22.17,True,75.59,1
-22.6198,119.01,18.56,1991,30.13,5.16,8.141,35.96,4.03,47.46,False,56.92,1
3.5185,-52.0382,3.73,2013,29.79,2.21,7.877,36.5,6.42,49.82,True,72.6,1
-9.41,-78.6406,26.63,1994,28.21,0.0,7.968,34.53,7.97,76.18,False,1.47,0
13.7504,122.72,16.77,2019,30.14,4.64,7.942,35.19,12.15,40.26,True,100.0,1
9.1375,-161.9482,2.16,2006,28.46,0.0,8.124,36.46,6.14,44.91,False,0.0,0
20.7363,-37.2208,27.68,2020,27.73,0.0,8.088,35.4,5.45,44.95,False,0.0,0
11.5496,-46.7987,15.19,1991,29.06,1.33,8.17,33.75,14.75,46.13,False,6.71,1
-4.2041,-77.4719,26.19,2005,27.26,0.0,8.204,35.4,1.58,73.27,False,0.0,0
10.378,148.2316,25.85,2010,28.5,0.0,8.104,36.86,0.87,61.88,False,0.0,0
-13.4771,90.3342,24.66,2019,27.14,0.0,8.169,36.95,1.32,58.02,False,0.0,0
-11.6212,-156.9877,2.78,1990,26.59,0.0,8.198,36.63,13.76,73.35,False,0.0,0
17.3391,77.2875,8.16,2003,28.97,1.89,8.019,35.89,3.88,51.41,False,17.16,0
-3.2148,9.8277,26.39,2005,28.98,0.24,7.802,36.53,1.13,34.06,False,0.0,0
17.9028,144.3124,27.07,1998,26.85,0.0,8.152,34.64,11.07,67.71,False,0.0,0
19.3453,-67.3396,14.28,1997,28.33,0.0,7.955,34.37,9.79,40.56,False,0.0,0
21.4537,26.6983,13.76,1998,28.76,0.0,8.011,36.98,11.98,59.99,False,0.0,0
24.9981,0.2719,6.08,2023,30.66,4.2,8.108,36.53,8.09,41.69,True,100.0,1
-4.1409,-3.7581,29.08,2022,27.73,0.0,8.128,33.46,3.07,64.61,False,0.0,0
-10.868,-15.8021,7.18,2011,29.86,0.4,8.023,36.24,4.71,52.78,False,8.32,0
4.9319,-105.9734,6.54,2019,26.24,0.0,7.898,33.05,1.39,66.38,False,0.0,0
-7.7297,92.0556,20.16,1996,29.99,1.62,8.07,34.71,10.71,57.83,False,42.25,1
6.0645,-17.519,8.04,2007,29.23,0.45,8.034,33.34,9.89,41.9,False,1.57,0
12.3352,165.0659,28.22,2010,27.6,0.0,8.183,34.47,10.37,35.69,False,0.0,0
11.3043,-86.109,1.32,1994,25.65,0.0,8.218,36.24,14.68,61.17,False,0.0,0
-7.5268,65.7878,1.17,1996,29.44,0.0,8.15,33.6,1.37,52.11,False,42.54,1
-19.9884,158.6581,15.64,2001,30.01,2.37,7.905,34.41,1.44,65.49,False,39.53,1
-4.1682,58.845,15.15,2006,30.44,3.33,7.914,34.02,11.21,37.73,False,61.32,1
-21.4444,133.6582,5.74,2013,28.93,0.0,7.916,33.52,14.61,58.13,False,7.61,0
23.4058,117.8931,15.34,2008,26.98,0.0,8.05,36.88,8.37,55.41,False,0.0,0
-9.2474,-50.3576,12.94,2005,27.68,0.0,7.783,34.74,12.28,62.71,False,0.0,0
-20.7324,36.0446,26.82,2014,27.82,0.0,7.971,33.09,9.34,30.4,False,0.0,0
-28.4731,-123.7459,1.27,2016,26.41,0.0,8.213,35.71,14.02,48.45,False,0.0,0
8.7493,12.7893,29.31,1996,28.19,0.0,8.167,35.1,3.39,74.15,False,0.0,0
8.2141,-97.0481,19.11,1997,28.71,0.0,8.139,36.28,5.75,64.93,False,0.0,0
-9.5638,87.7453,5.4,2004,29.66,1.8,8.202,34.45,9.38,83.65,False,15.61,1
-25.6973,10.101,2.36,2005,26.84,0.0,8.049,36.64,3.38,44.18,False,3.21,0
-5.4223,-31.9581,16.61,1997,27.11,0.0,8.003,33.11,12.6,71.19,False,0.0,0
-11.327,-83.233,7.81,2021,28.73,0.04,8.125,35.1,12.07,40.18,False,28.94,0
10.6272,179.5315,9.73,2006,28.91,0.0,8.058,34.96,10.92,26.63,False,20.37,0
6.3468,-154.1842,8.11,2011,30.31,0.72,7.916,33.05,9.49,45.66,False,51.26,1
-8.1244,-164.3182,19.85,2021,27.18,0.0,8.145,33.25,3.68,40.99,False,0.0,0
-16.9264,-101.7873,17.05,2000,28.92,0.0,8.158,34.15,13.11,45.13,False,0.0,0
29.2822,169.5861,3.26,1995,28.29,0.0,8.116,35.3,8.87,48.06,False,0.0,0
-2.7599,172.5257,16.27,2011,27.79,0.0,8.09,33.83,3.57,45.75,False,3.22,0
11.2965,55.774,23.94,2003,26.9,0.0,8.111,33.74,11.19,40.72,False,0.0,0
-21.5668,136.8384,3.35,2017,27.53,0.0,8.016,33.54,0.96,38.55,False,0.0,0
-0.8646,-102.9738,26.8,2001,27.18,0.0,8.036,36.71,3.66,61.36,False,0.0,0
-28.3478,169.9352,17.77,2016,29.58,2.95,8.004,35.26,3.79,77.22,False,52.28,0
0.3273,-128.5975,28.57,1990,27.93,0.0,8.055,33.99,4.73,31.32,False,0.0,0
27.841,-143.5949,5.3,1999,27.02,0.0,8.141,36.88,1.0,36.33,False,0.0,0
-6.9476,-139.6038,29.81,2022,28.65,1.45,8.081,34.63,12.72,67.76,False,17.07,0
-27.6602,26.3261,19.68,2005,30.01,3.62,8.113,33.45,1.91,34.15,False,44.3,1
-28.1427,101.1508,17.46,1995,27.07,0.0,8.216,35.04,12.52,32.95,False,0.0,0
-6.7208,-47.9998,15.94,2014,28.24,0.0,8.102,34.74,3.11,39.54,False,0.0,0
-20.3985,172.0426,1.69,2009,30.1,2.88,8.089,35.47,12.69,58.91,True,86.66,1
-28.5989,-23.6088,28.25,2012,28.15,0.0,8.004,35.8,0.92,75.44,False,0.0,0
15.3728,-125.8385,19.68,2005,28.85,1.86,7.948,34.38,11.87,53.6,False,0.0,0
-2.4886,-12.252,3.66,1990,25.56,0.0,8.072,33.68,8.23,52.75,False,0.0,0
-12.6453,64.4534,1.61,2019,29.48,0.5,7.814,34.65,3.64,56.16,False,0.0,0
24.005,119.6013,2.47,2016,26.1,0.0,8.134,35.02,6.39,53.21,False,0.0,0
-23.0317,-14.8434,18.67,1991,28.77,0.29,7.971,34.87,1.91,61.65,False,0.0,0
27.3551,33.6985,18.81,2010,27.17,0.0,8.015,33.14,2.49,54.67,False,0.0,0
-11.162,-83.7559,15.49,1998,27.51,0.0,8.069,36.18,5.82,38.39,False,0.0,0
23.3042,52.5299,9.9,2013,28.86,0.81,8.041,34.37,6.48,80.38,False,11.76,0
6.1766,174.9499,16.42,1996,27.99,0.0,8.039,34.17,11.75,33.28,False,0.0,0
19.6024,-162.3407,15.97,2019,28.7,0.0,8.222,33.85,11.47,40.68,False,2.92,0
29.0408,139.151,1.56,1991,27.25,0.0,8.138,35.33,3.98,48.97,False,0.0,0
-12.6957,22.4217,9.19,2001,28.28,0.0,7.968,35.36,3.17,54.16,False,0.0,0
27.6681,-89.2445,2.54,2002,26.96,0.0,7.876,34.72,2.94,26.0,False,0.0,0
-6.6311,163.7603,27.1,1992,26.35,0.0,7.985,35.69,9.07,32.91,False,0.0,0
-6.8693,-5.9925,22.03,2007,29.08,1.67,7.953,33.15,8.92,70.62,False,15.88,0
-9.5768,-60.5915,29.89,1995,28.75,0.0,8.009,36.21,2.02,31.69,False,0.0,0
2.4845,-114.6609,9.76,2016,26.86,0.0,8.019,34.02,5.44,76.54,False,0.0,0
-20.7513,-91.9972,26.48,2004,28.23,0.0,8.071,34.87,13.18,72.73,False,0.0,0
3.2227,119.8257,18.49,2004,26.64,0.0,7.907,35.98,14.16,41.23,False,0.0,0
2.5023,41.1876,14.14,2008,29.17,1.52,8.084,33.7,14.59,39.57,False,24.88,1
15.7141,148.7684,7.45,2009,28.83,2.19,7.984,36.61,10.56,35.22,False,65.58,1
20.019,-96.4914,22.41,2009,28.33,0.0,8.138,33.54,1.05,40.98,False,0.0,0
-3.5735,-136.3901,27.22,2007,29.1,0.0,7.886,36.25,7.54,66.69,False,8.53,0
-11.86,-177.8085,7.82,2023,30.75,4.36,8.094,34.59,4.03,38.18,True,92.91,1
-14.4399,2.8303,6.09,1990,30.57,6.95,8.218,33.66,13.38,61.2,True,100.0,1
-18.3226,179.3905,21.19,2001,30.52,4.27,8.144,36.48,1.11,46.6,False,61.74,1
-26.5411,70.1875,29.33,1994,29.0,2.43,7.877,35.93,2.14,41.58,False,15.53,0
-9.4531,-68.9779,22.75,2016,27.51,0.0,7.992,33.92,4.65,27.73,False,0.0,0
-13.7851,135.6691,9.25,2009,27.26,0.0,8.097,35.66,10.66,65.55,False,6.0,0
27.985,101.42,13.18,2008,29.78,5.16,8.036,33.62,14.07,73.39,True,100.0,1
3.4625,-174.4505,12.15,2004,27.41,0.0,8.142,36.9,6.13,53.14,False,0.0,0
-9.1634,114.0698,25.71,1995,27.9,0.0,8.191,35.19,5.45,53.56,False,0.0,0
4.8281,-71.8104,23.37,1998,26.7,0.0,8.076,33.6,11.85,38.53,False,0.0,0
-21.6482,-126.1176,18.08,2012,29.37,0.8,8.104,33.26,13.52,63.58,False,0.0,0
-3.3574,-98.5209,8.97,1999,28.24,0.0,8.134,35.52,1.77,60.58,False,9.42,1
7.5741,-11.3113,28.2,1990,26.96,0.0,8.04,35.58,14.8,68.65,False,0.0,0
-0.6661,-27.0475,19.95,2000,28.58,0.0,8.148,36.92,7.89,36.23,False,0.0,0
-5.8933,-76.0006,29.14,2009,30.4,4.95,8.004,34.99,14.92,24.29,True,96.51,1
29.6309,-118.0014,17.82,2017,28.4,0.0,8.073,34.36,0.68,67.02,False,0.0,0
22.8189,94.4031,24.81,2011,29.42,2.21,8.116,35.84,13.42,76.62,True,47.27,1
7.4044,176.4395,24.58,2009,26.9,0.0,8.149,36.21,1.93,64.85,False,0.0,1
4.1626,100.005,10.78,2005,26.81,0.0,8.128,35.75,11.78,51.33,False,0.0,0
7.2396,-73.4627,28.96,1991,28.26,0.0,7.941,35.97,0.5,34.54,False,0.0,0
-17.9213,-91.8688,1.64,2014,29.74,3.38,8.047,35.77,2.48,67.33,False,49.74,1
-6.2917,-101.6403,23.29,2016,30.2,7.58,7.946,33.7,2.83,56.41,True,100.0,1
-27.6324,-130.7898,29.0,1992,28.44,0.0,7.94,36.24,9.3,81.36,False,0.0,0
-1.4672,18.479,10.83,2012,27.49,0.0,8.236,35.5,10.56,45.5,False,0.0,0
2.5815,37.9441,19.8,2021,29.47,1.57,7.953,34.57,1.81,61.04,False,4.82,0
-16.335,73.981,17.3,2006,27.18,0.0,8.161,35.65,6.39,41.64,False,0.0,0
27.8417,64.8768,23.08,2009,28.63,0.0,7.951,36.39,10.68,68.04,False,0.0,0
24.5673,-74.76,26.12,2019,29.62,3.07,7.87,36.45,13.69,61.5,False,42.95,1
13.3286,-61.088,18.49,2017,29.31,0.72,8.127,34.34,3.25,63.79,False,17.14,0
2.0032,65.3452,24.66,2012,30.4,1.66,8.081,33.47,6.66,63.01,False,17.12,1
22.1981,-54.1988,10.06,2008,29.07,0.0,8.027,33.89,3.81,66.9,False,17.58,0
-22.1609,-103.4557,7.63,2014,29.61,3.98,8.093,35.43,1.04,36.41,False,25.12,1
17.4306,-45.239,13.49,2013,26.68,0.0,8.074,35.07,7.11,61.75,False,0.0,0
-22.5108,-82.0497,20.65,1990,26.88,0.0,8.033,34.98,6.59,54.83,False,0.0,0
17.6526,-148.2074,6.43,2017,29.9,1.66,7.917,34.21,12.41,35.19,False,51.1,0
-13.4539,118.85,20.73,2018,28.12,0.0,7.966,33.3,13.41,46.01,False,0.0,0
22.6254,127.1201,12.43,2006,26.25,0.0,8.114,34.2,5.62,70.82,False,0.0,0
26.6425,-100.8899,24.07,2000,29.66,1.88,8.05,35.77,10.77,66.27,False,29.95,0
-21.0722,-156.682,2.07,1996,29.63,3.74,7.848,35.49,8.88,34.34,False,67.35,1
-2.2395,85.9779,20.37,2015,27.71,0.0,7.911,34.11,11.67,35.2,False,0.0,0
28.8592,-103.8497,19.84,2012,28.8,0.0,8.115,36.09,2.62,56.27,False,10.16,0
-0.9956,-38.3632,28.29,2007,29.96,2.43,8.17,36.84,12.29,60.04,False,26.66,0
21.8129,-156.9113,21.69,2018,30.25,1.06,7.902,34.01,9.24,23.45,False,34.61,0
5.3239,-98.5429,24.09,2023,29.35,4.29,8.055,36.15,11.63,51.43,True,54.06,1
-7.4802,105.4448,27.23,1997,29.14,1.71,7.905,36.15,6.59,31.52,False,13.18,0
-12.853,109.5827,20.58,2010,26.72,0.0,8.105,35.14,0.62,70.1,False,0.0,0
-17.8066,-105.4495,9.41,2010,27.99,0.0,8.009,33.04,13.81,50.88,False,0.0,0
15.7079,-59.071,26.22,2006,27.59,0.0,8.105,34.18,11.06,50.56,False,0.0,0
-6.8076,-131.6742,22.68,2005,26.29,0.0,7.915,33.16,10.52,34.59,False,0.0,1
0.6765,-153.2979,13.31,2004,26.81,0.0,7.967,34.63,7.36,48.83,False,0.0,0
-0.4605,177.1818,21.61,2004,27.7,0.0,8.215,35.28,1.14,84.02,False,0.0,0
4.6367,56.0138,26.16,2006,26.13,0.0,8.029,34.75,2.5,40.95,False,0.0,0
21.9346,15.1547,29.29,1990,28.3,0.0,7.894,35.78,6.86,72.32,False,0.0,1
28.8444,95.5795,28.62,2002,28.06,2.12,8.175,33.94,12.0,37.65,False,11.41,0
-5.5449,122.4278,10.43,1999,27.59,0.0,8.152,33.31,13.4,35.21,False,0.0,0
19.6511,110.4173,13.23,2022,28.15,0.0,8.026,33.68,7.14,43.77,False,3.18,0
15.8717,-174.0458,4.18,2015,28.29,0.0,7.989,34.07,14.93,30.58,False,0.0,0
4.4117,-112.7492,8.18,2001,26.29,0.0,8.124,33.97,14.71,79.19,False,0.0,0
27.3628,55.7659,26.59,2008,27.95,0.37,8.079,35.05,5.77,39.28,False,0.0,0
-17.9715,-44.7266,11.46,2004,28.42,0.0,7.868,36.59,1.44,71.73,False,0.0,0
-23.4441,173.6938,19.0,1994,29.49,3.7,8.144,34.43,7.65,46.91,True,72.13,1
21.2377,59.5457,20.31,1991,27.91,0.0,8.219,33.34,14.7,33.98,False,0.0,0
-3.651,164.3576,23.67,2003,28.69,0.0,7.977,36.28,5.8,44.73,False,12.19,1
20.8181,-107.4793,6.3,2018,29.07,1.27,7.855,33.06,5.6,28.66,False,0.0,0
23.5854,131.0245,9.84,1990,27.94,0.0,8.058,35.06,4.91,64.51,False,0.0,1
-26.2525,-64.3132,14.0,2002,30.56,5.67,8.196,36.24,14.28,29.13,False,65.28,1
23.0079,176.2433,11.58,2021,29.34,2.53,8.129,35.27,3.23,55.19,False,38.05,1
-3.1009,-123.2321,29.5,2023,27.8,0.0,8.196,36.72,6.81,37.24,False,0.0,0
0.6259,5.8823,25.21,2003,28.52,0.0,7.836,33.12,3.46,72.98,False,0.0,0
7.5956,105.424,14.91,2004,29.16,2.28,8.206,36.77,2.12,31.19,False,31.09,0
25.583,-24.2487,26.5,1995,29.39,0.0,8.049,36.0,6.83,53.47,False,5.43,0
-28.853,-11.4897,11.08,2018,31.56,8.78,8.052,34.31,12.19,23.69,True,100.0,1
-1.3894,175.0881,23.79,2008,26.45,0.0,7.895,35.51,0.61,41.33,False,0.0,0
11.2633,-26.8891,7.49,1990,26.83,0.0,7.999,35.25,7.53,31.22,False,0.0,0
13.3624,37.466,23.4,2010,27.31,0.0,8.085,36.64,7.84,68.95,False,0.0,0
11.5519,-160.3657,14.24,2007,28.67,0.0,8.011,34.65,1.6,58.23,False,4.66,0
-21.9339,123.1956,4.12,2016,27.01,0.0,7.812,33.4,14.69,28.36,False,0.0,0
-12.0363,53.3405,8.92,2017,30.07,2.27,8.115,33.27,3.37,38.67,False,49.41,1
-8.4771,-34.5528,12.67,1997,28.99,0.0,7.983,34.65,13.65,80.18,False,4.38,0
18.2662,-174.179,22.73,2020,28.71,0.39,7.995,36.94,3.82,47.0,False,0.0,0
-13.2744,33.0008,3.12,2001,27.77,0.0,8.081,35.48,8.11,40.95,False,0.0,0
-17.3577,-175.4432,20.13,1995,27.18,0.0,8.078,35.97,12.1,77.37,False,0.0,0
27.4469,-179.5667,21.76,2015,28.73,0.0,8.011,36.85,14.27,44.29,False,0.0,0
-29.4682,41.7955,19.96,2005,28.92,0.0,7.935,35.65,6.32,49.98,False,0.0,0
29.8693,-111.9539,23.06,2019,29.41,2.67,8.122,35.41,1.52,71.34,False,8.06,0
10.6093,-110.9205,6.17,2008,26.75,0.0,8.04,33.75,0.83,67.26,False,0.0,0
19.7082,55.1778,18.03,2007,28.26,0.0,8.038,34.16,13.17,64.99,False,0.0,0
-12.3228,-160.669,28.29,2013,27.47,0.0,7.809,36.52,7.44,45.76,False,0.0,0
-29.1411,-67.174,18.71,2009,25.45,0.0,7.891,35.03,2.67,78.0,False,0.0,0
14.2722,-126.2045,18.73,1996,29.14,0.58,8.167,36.45,7.23,49.28,False,23.88,1
20.0487,28.8635,22.36,1996,27.73,0.0,8.057,33.06,3.73,65.64,False,0.0,0
14.4286,58.2355,10.66,2005,31.11,7.33,7.912,35.02,10.64,62.95,True,100.0,1
-21.429,79.6089,21.31,2003,29.15,2.06,8.025,34.26,6.41,53.32,False,27.95,0
15.2057,-88.1168,27.57,2001,29.6,7.0,7.938,34.12,11.06,22.42,True,100.0,1
16.1354,-147.8701,1.32,2018,27.24,0.0,8.148,36.44,11.59,56.42,False,0.0,0
9.5124,-151.6739,26.23,2004,26.8,0.0,8.146,36.35,5.93,49.24,False,0.0,1
15.967,-26.5854,7.34,1997,27.84,0.0,7.987,36.58,10.12,32.46,False,0.0,0
20.7553,160.504,14.22,1998,29.56,3.91,8.026,34.72,11.72,72.71,False,47.52,1
6.8162,-101.6175,25.72,2017,27.24,0.0,7.978,36.85,1.24,37.12,False,0.0,0
-24.6837,-87.573,24.89,2016,28.77,0.0,7.957,34.28,3.3,76.43,False,0.0,0
-0.7423,-143.68,26.87,1996,27.18,0.0,8.026,36.96,14.74,43.22,False,0.0,0
-25.341,38.0053,28.27,2003,28.62,0.0,8.052,36.03,0.6,44.52,False,0.0,0
-5.5474,64.7542,13.97,2000,29.18,0.0,8.12,35.62,5.04,44.03,False,17.52,0
-5.5736,51.4552,20.03,2021,27.69,0.0,8.123,36.56,11.84,47.71,False,0.0,0
-26.0394,130.0069,12.32,2017,29.23,0.37,8.082,35.53,5.09,70.62,False,0.93,1
-9.0708,-4.8867,11.17,1995,29.56,1.99,8.17,34.68,12.38,63.78,False,46.89,1
-23.3401,-131.5955,13.52,1995,28.19,0.0,8.014,34.45,2.42,78.32,False,0.0,0
18.4941,-75.8142,22.55,2013,28.31,0.0,7.775,33.56,13.21,22.14,False,0.0,0
26.8613,58.4748,15.54,1998,26.93,0.0,7.846,34.92,7.35,51.47,False,0.0,0
-25.661,40.7239,24.61,1991,30.61,5.03,8.135,36.16,1.03,24.09,True,100.0,1
27.3069,11.1611,22.61,2003,29.48,1.79,8.012,33.55,9.54,30.09,False,23.49,0
1.3546,65.8672,1.59,2020,28.01,0.0,7.973,36.71,4.52,67.43,False,6.66,1
-12.0261,49.4607,19.28,2019,26.91,0.0,8.007,33.88,10.66,46.98,False,0.0,0
-25.3883,137.277,13.66,2016,30.07,4.43,8.031,36.84,13.59,73.7,True,100.0,1
0.0375,30.9659,14.24,2020,30.08,3.59,8.072,34.83,1.71,60.0,False,24.4,0
17.6709,100.2965,24.73,1995,26.75,0.0,8.25,33.55,4.04,59.43,False,0.0,0
12.4252,-90.4654,16.88,2007,26.7,0.0,7.815,33.45,6.17,34.38,False,0.0,0
-26.9864,64.1457,26.68,2003,30.56,1.66,7.953,35.65,14.42,29.82,False,57.0,1
-25.6259,144.7899,21.67,2009,29.0,0.0,8.272,36.24,6.38,68.54,False,0.0,0
-5.8276,-41.1364,17.03,2000,26.46,0.0,7.992,33.23,2.14,75.67,False,0.0,0
-12.2826,100.4775,22.88,1993,28.21,0.0,8.084,36.66,4.82,54.8,False,2.12,0
-16.0569,80.9241,2.11,1995,28.87,0.0,7.905,33.15,0.78,65.94,False,0.0,0
-13.1397,-158.5706,1.79,2012,29.69,3.05,8.115,35.18,3.27,50.99,False,36.22,1
18.209,29.343,3.42,1997,27.19,0.0,7.941,35.06,9.34,73.56,False,0.0,1
25.7537,-133.1318,13.69,2019,28.22,0.0,7.884,36.22,2.95,69.62,False,0.0,0
-5.6938,168.2349,7.83,2000,26.83,0.0,7.91,35.33,13.8,57.97,False,0.0,0
24.3667,112.1067,29.54,1994,26.67,0.0,8.098,34.35,10.84,69.0,False,0.0,0
-10.7103,-140.4994,16.73,1992,27.34,0.0,8.025,35.32,10.48,67.44,False,0.0,0
-1.4138,-136.1693,20.21,2004,25.54,0.0,8.179,36.8,6.98,34.48,False,0.0,0
-16.4383,34.0106,9.09,1991,26.31,0.0,7.855,33.49,11.81,63.53,False,0.0,0
8.4286,-55.8399,10.33,1991,29.68,3.47,7.876,35.63,3.22,47.61,False,49.82,0
28.7389,-167.4339,10.73,1997,28.59,0.0,8.094,33.67,6.93,57.33,False,0.0,0
6.2096,14.9909,21.26,2019,27.38,0.0,8.114,33.82,14.91,35.09,False,0.0,0
-8.5312,-40.3758,14.74,1994,28.53,0.0,7.925,36.89,4.66,28.29,False,6.15,0
8.869,-143.6125,16.01,2019,28.74,0.0,7.907,36.3,6.37,81.33,False,0.0,0
-22.6248,108.6913,18.17,1999,26.48,0.0,7.959,36.64,3.69,72.89,False,0.0,0
23.3195,149.4276,23.3,2022,27.46,0.0,8.026,33.61,1.6,50.62,False,0.0,0
0.185,92.3738,3.62,2013,30.27,4.97,8.083,34.65,6.35,57.28,False,77.8,1
-3.039,116.072,23.53,2008,27.66,0.0,8.199,36.07,2.61,73.56,False,0.0,0
5.1519,-102.0634,17.33,2019,29.63,0.0,8.16,35.59,7.92,84.12,False,0.0,0
7.487,-85.1137,20.4,2014,29.18,0.0,7.843,33.6,11.41,65.23,False,19.78,0
-25.6935,-104.9301,10.5,2000,26.39,0.0,7.959,34.76,12.8,45.96,False,0.0,0
10.957,95.4228,12.87,1990,29.1,0.0,8.026,33.97,2.94,74.1,False,15.95,1
-15.4841,161.2501,7.7,2006,26.92,0.0,8.233,34.35,13.57,72.2,False,0.0,0
12.8372,78.0614,29.4,2020,27.76,0.0,8.141,36.65,5.71,32.95,False,0.0,0
19.3521,137.328,15.41,1995,28.42,0.0,8.077,33.98,6.99,35.81,False,0.65,0
18.2375,49.9317,29.89,2002,29.14,0.25,7.885,34.5,8.95,57.38,False,0.0,0
3.1501,-40.4424,15.2,2015,27.06,0.0,8.134,35.07,2.66,71.29,False,0.0,0
1.2102,-26.7258,7.37,1994,25.66,0.0,8.046,33.28,12.7,51.82,False,0.0,0
-21.4274,-152.8843,15.72,2003,29.78,3.15,8.104,36.56,11.95,65.57,False,31.8,1
16.5208,-168.6754,2.15,2004,29.11,1.79,8.082,34.86,7.36,71.83,False,47.9,1
-13.7154,70.3712,27.24,2001,30.55,3.22,8.034,34.44,5.11,38.62,False,45.18,1
-0.1983,-22.1656,24.74,1997,27.33,0.0,8.134,34.91,7.71,47.27,False,0.0,0
-12.9436,18.7974,22.05,2020,27.02,0.0,8.207,35.7,9.99,37.99,False,0.0,0
-21.9703,20.758,18.68,2015,29.88,1.37,8.053,35.45,10.65,78.85,False,34.59,1
7.7735,-80.1447,17.82,2018,28.14,0.0,7.941,35.31,6.85,41.82,False,5.49,1
-26.7401,-8.6787,29.91,1993,27.2,0.0,8.057,34.22,0.88,40.43,False,0.0,0
14.9187,-10.5263,9.06,2017,28.17,0.0,8.098,34.74,10.84,30.25,False,0.0,0
-10.9448,-40.1662,23.61,2014,27.07,0.0,7.969,35.79,5.14,53.8,False,0.0,0
-29.9919,115.4431,17.86,2021,28.44,0.0,7.918,36.49,13.24,30.9,False,0.0,0
0.6677,-17.581,29.3,2000,26.9,0.0,8.049,33.55,6.61,69.2,False,0.0,0
-27.1889,37.312,25.01,1999,29.5,6.18,8.131,36.36,12.04,35.92,True,82.98,1
-13.4298,142.3872,29.96,2016,29.05,1.03,8.079,36.19,5.82,63.94,False,0.0,0
12.4186,131.8441,18.06,2006,28.89,0.0,7.888,35.97,5.88,65.08,False,0.0,0
-26.2386,140.552,6.93,1996,28.13,0.0,7.919,34.85,11.56,32.84,False,0.0,1
20.3603,-82.7982,15.61,1998,28.44,0.0,7.917,35.25,8.32,51.22,False,0.0,0
-29.7708,-167.4063,21.62,1998,29.63,0.28,8.072,34.91,4.22,42.65,False,31.69,0
-15.1906,-86.016,23.46,2019,27.12,0.0,8.126,35.04,12.67,32.71,False,0.0,0
14.4542,-79.6654,1.01,2020,28.67,0.0,7.984,35.47,9.63,55.35,False,0.0,0
-11.0238,147.3697,15.65,2008,28.11,0.0,8.177,34.97,9.7,36.45,False,0.0,0
-23.8865,53.7274,7.82,2012,28.84,0.65,7.877,35.22,11.86,44.82,False,25.2,1
-8.386,-150.5866,26.37,2009,28.2,0.0,8.037,35.65,9.64,33.42,False,0.0,0
-13.7764,-131.2637,5.43,1995,26.25,0.0,7.891,34.09,4.24,47.19,False,0.0,0
20.5627,-123.9566,20.33,2013,28.63,0.38,8.148,35.86,0.65,31.07,False,0.0,0
-11.1991,46.9518,8.72,2011,28.55,0.0,7.989,36.88,11.94,40.7,False,18.81,0
17.3359,84.749,11.34,1995,28.17,0.0,8.08,33.78,14.38,22.38,False,0.0,0
23.5123,129.4718,28.28,2013,26.95,0.0,8.003,36.67,10.93,63.18,False,0.0,0
-3.971,158.6292,7.97,2011,26.77,0.0,7.884,34.7,12.48,28.99,False,0.0,0
24.5966,-107.3864,3.76,2007,28.31,0.0,8.138,36.66,13.02,63.92,False,0.0,0
-7.3609,-68.4819,3.01,2005,27.43,0.0,7.873,34.68,4.17,23.65,False,0.0,0
27.8447,-93.4838,15.63,2002,29.33,2.27,8.033,35.86,5.67,54.6,False,15.93,0
-24.6426,-50.8458,19.61,2013,27.01,0.0,7.894,35.23,11.14,27.73,False,0.0,0
11.2212,149.2794,10.49,2008,27.71,0.0,8.173,36.0,6.87,38.53,False,0.0,0
-0.3712,27.0405,21.02,2009,29.31,4.19,7.985,35.81,9.73,63.44,True,79.02,1
-6.7411,85.7491,2.77,2016,28.01,0.0,8.212,36.84,4.4,43.5,False,0.0,0
7.9627,-3.5571,25.86,2006,30.14,1.27,8.092,34.16,10.87,44.57,False,11.75,1
12.2314,-169.6112,24.68,2005,27.88,0.0,7.951,36.72,9.12,67.94,False,0.0,0
-29.7382,-156.8896,29.58,1990,27.76,0.0,8.022,34.01,14.39,68.67,False,0.0,0
-19.9828,13.6523,28.16,2010,28.97,0.73,7.977,36.15,13.89,57.51,False,24.32,1
12.7828,78.7641,11.33,2016,26.33,0.0,7.971,34.96,8.64,37.38,False,0.0,0
9.9831,-102.481,12.58,1990,27.16,0.0,7.932,33.29,4.15,51.45,False,0.0,0
27.9629,79.8874,22.63,2019,26.89,0.0,7.93,33.14,6.14,69.04,False,0.0,0
15.6623,111.8397,4.89,2009,29.67,1.96,8.073,35.08,11.2,79.3,False,17.03,0
27.0464,-31.7169,10.11,2013,27.16,0.0,7.919,33.14,6.61,73.64,False,0.0,1
12.1524,88.7109,4.44,1991,26.58,0.0,8.07,36.79,12.42,41.57,False,0.0,0
-12.1169,-34.5492,14.19,2004,26.23,0.0,8.032,33.66,3.96,51.22,False,0.0,0
-23.6781,64.2062,17.01,2018,28.27,0.0,7.949,34.94,11.68,37.7,False,0.0,0
16.9094,95.0389,7.12,2002,29.56,1.14,8.144,34.51,11.88,53.06,False,14.03,0
8.649,177.0936,1.77,2008,30.18,2.75,7.932,35.1,3.17,42.5,False,42.31,1
-27.1088,-55.6572,21.86,1990,29.76,2.34,7.903,33.83,1.78,74.29,False,18.58,0
-8.397,-32.0253,1.58,2005,27.54,0.0,8.172,36.47,9.22,40.43,False,2.87,0
27.408,-120.3768,29.23,1992,26.05,0.0,8.159,33.05,11.73,79.28,False,0.0,0
0.0241,-106.5337,7.43,1995,27.54,0.0,7.935,35.29,14.1,44.12,False,0.0,0
-4.0363,69.6222,20.25,2020,27.43,0.0,7.799,34.39,10.4,50.13,False,0.0,0
-2.538,150.1364,13.61,1994,29.69,0.92,7.87,33.86,10.41,75.76,False,1.53,0
-17.467,-37.9422,2.73,2015,30.85,6.51,7.959,33.85,6.79,33.04,False,100.0,0
-7.8776,-115.256,14.69,2017,27.87,0.0,7.885,33.73,5.09,36.54,False,2.19,0
-7.8112,-77.3642,15.99,2004,27.69,0.0,7.955,35.41,6.63,70.11,False,0.0,0
-26.8587,-16.1814,25.79,1998,27.6,0.0,7.996,36.57,10.6,60.91,False,0.0,0
16.0541,-75.3659,22.24,2011,29.1,1.33,8.072,34.59,14.76,59.65,False,3.0,0
-5.0097,-95.9115,3.3,2010,28.15,0.13,7.929,33.66,10.44,38.08,False,0.0,0
19.3308,84.9544,7.07,2018,30.0,6.01,8.021,33.21,8.9,49.78,False,94.92,1
21.0209,-177.1758,10.04,2015,29.84,1.72,7.865,36.28,6.47,54.8,False,45.56,0
-17.2804,14.123,4.38,1995,28.66,0.0,8.042,33.89,6.12,57.29,False,18.06,0
9.4412,105.7561,14.25,2000,26.33,0.0,8.144,35.94,6.77,32.21,False,0.0,0
-1.6631,-84.1578,29.54,2009,30.49,5.1,7.905,35.12,7.65,71.97,True,87.37,1
22.8094,37.1849,15.92,2009,28.43,0.0,8.079,35.55,6.78,50.19,False,0.0,0
-17.0556,60.804,22.51,2016,29.31,0.13,8.035,35.3,13.18,44.95,False,11.97,0
10.6688,55.8089,20.81,1995,26.37,0.0,7.984,36.81,0.75,65.69,False,0.0,0
6.4651,-19.4941,25.65,2022,27.57,0.0,8.037,33.41,8.66,62.32,False,0.0,0
-12.2819,-55.2319,7.26,2019,28.04,0.0,8.202,35.63,12.74,43.6,False,3.46,0
-21.8039,120.9327,22.86,2023,26.88,0.0,8.165,33.46,6.82,46.24,False,0.0,0
9.0984,93.0405,26.56,1994,29.73,3.75,8.106,33.78,13.13,64.74,False,21.37,0
14.3158,-64.3481,5.97,2005,29.92,4.27,8.244,35.7,9.18,38.83,True,80.92,1
-11.0624,-142.9131,11.06,2001,29.04,3.45,8.12,35.48,4.52,44.2,False,25.83,0
8.69,-154.1493,29.13,2001,30.2,4.36,8.175,34.94,3.64,65.56,True,97.65,1
-6.2921,-146.0606,23.64,2000,28.42,0.0,8.034,36.09,1.14,27.2,False,0.0,0
12.7924,29.833,9.2,2010,26.29,0.0,8.036,35.77,10.7,70.38,False,0.0,0
-18.0471,-161.4016,17.35,1996,26.82,0.0,8.101,33.23,9.94,80.76,False,0.0,0
23.4129,-58.7063,12.73,2023,29.81,0.0,8.048,35.62,11.85,57.31,False,23.67,0
-12.7554,91.1519,15.21,2018,26.17,0.0,8.044,34.55,14.36,52.57,False,0.0,0
-7.9328,-74.0347,11.3,1995,29.28,1.33,8.084,34.88,5.26,48.26,False,22.59,1
-26.5145,94.7909,9.1,2023,28.82,0.0,8.12,35.09,4.01,70.88,False,0.0,0
-23.3093,88.3681,20.57,1997,28.21,0.0,8.255,34.34,4.52,64.01,False,3.78,0
0.9517,-91.5022,23.58,1999,30.37,4.14,8.035,34.79,8.55,32.7,True,75.48,1
-13.9444,82.376,26.34,2005,26.76,0.0,8.012,35.24,7.25,81.99,False,0.0,0
20.1288,89.1996,5.5,1991,28.89,0.0,7.987,33.24,1.8,45.2,False,0.0,0
-29.1184,-36.9166,24.86,2008,29.92,2.78,7.995,35.29,3.68,28.94,False,29.72,0
-7.2544,-104.2486,8.39,1996,30.36,5.43,8.023,34.39,8.56,53.17,True,100.0,1
-9.7593,7.6575,13.39,1991,29.75,1.64,8.088,35.29,14.63,76.52,False,43.08,1
-28.8403,151.7031,27.14,2012,26.91,0.0,7.873,34.78,11.58,67.86,False,0.0,0
-22.5379,50.262,14.18,2020,27.23,0.0,8.032,33.73,14.75,35.31,False,0.0,0
-5.1814,-117.7479,6.71,1993,29.7,1.53,8.014,33.44,10.96,73.0,False,43.64,1
-0.4281,65.7925,5.64,2005,27.27,0.0,7.936,36.5,14.82,67.24,False,0.0,0
-5.7426,-26.2069,14.72,1999,28.15,0.0,7.928,34.58,4.12,65.23,False,0.0,0
1.8563,32.9504,23.12,2010,27.86,0.0,7.901,35.46,13.77,41.08,False,0.0,1
5.7079,84.2631,29.92,2017,28.69,0.0,7.992,33.34,10.19,44.1,False,0.0,0
-29.4046,5.381,23.83,2001,28.74,0.0,7.866,34.64,9.17,52.7,False,0.0,0
-2.1543,113.0342,26.43,2002,29.26,0.0,7.997,35.83,10.67,50.28,False,17.11,0
27.81,79.976,22.69,2006,29.35,0.0,8.253,36.88,8.75,61.52,False,15.26,0
1.1419,41.4264,26.97,2007,29.55,1.61,8.105,35.22,5.72,43.1,False,0.0,0
10.6525,-125.7146,3.21,1999,30.05,3.29,8.234,33.7,12.3,34.05,True,95.46,1
-11.2882,120.9417,27.97,2017,27.34,0.0,8.043,33.05,5.89,77.7,False,0.0,1
16.4395,156.926,12.5,2002,25.69,0.0,7.875,34.42,6.74,25.68,False,0.0,0
16.3753,-130.6926,27.73,2023,28.02,0.0,7.889,34.62,11.94,48.87,False,0.0,0
1.2778,-4.2332,3.2,1995,31.25,7.49,7.97,34.99,14.62,70.89,False,100.0,1
28.5608,-86.8001,21.74,2001,26.85,0.0,7.954,33.02,5.05,59.63,False,0.0,0
-22.467,91.6284,22.33,2018,30.42,3.65,8.052,35.89,14.71,57.39,False,38.11,0
-28.9831,79.7867,29.91,2002,28.28,0.0,7.967,35.62,13.38,33.18,False,0.0,0
16.2095,-129.2814,23.3,2015,29.66,4.86,7.922,33.07,3.37,60.95,True,63.62,1
18.4293,135.7298,12.09,1993,29.71,0.3,8.076,34.33,2.83,69.76,False,43.43,1
-22.7876,-114.8497,17.16,2004,30.69,5.12,7.893,34.47,12.37,28.81,True,98.68,1
-14.065,107.0132,11.63,2005,27.08,0.0,8.266,34.14,1.46,82.73,False,0.0,0
-28.9469,-15.4871,6.68,2008,26.83,0.0,7.997,34.18,14.78,37.85,False,0.0,0
-12.4015,-61.822,8.21,2015,26.7,0.0,8.095,34.73,3.48,65.14,False,0.0,0
16.3885,-123.0339,7.44,2021,27.91,0.0,8.105,35.81,0.84,73.37,False,0.0,0
1.0776,-119.6589,16.92,1995,26.53,0.0,8.061,35.7,10.14,43.56,False,0.0,0
-9.1143,58.2806,27.28,1995,27.36,0.0,8.027,34.64,8.76,29.13,False,0.0,0
-7.6956,18.1549,27.47,1994,26.73,0.0,8.085,35.48,13.71,62.34,False,0.0,0
-29.9188,-136.0492,2.59,1991,28.72,0.0,8.009,33.28,2.49,55.7,False,0.0,0
-12.012,-139.4288,3.32,1991,29.88,2.2,7.877,36.08,3.19,63.62,False,21.89,1
8.7875,-153.9682,8.11,1992,27.7,0.0,8.137,34.77,11.09,40.74,False,0.0,1
28.4517,87.7562,8.4,1995,30.09,5.11,7.948,33.36,6.17,53.96,True,100.0,1
20.8236,76.2776,3.75,2020,27.58,0.0,7.911,34.49,9.61,66.95,False,0.0,1
-28.5843,-158.9648,12.27,1994,27.54,0.0,8.101,35.83,1.01,52.54,False,0.0,0
23.9136,21.6972,18.04,1999,27.16,0.0,8.042,33.49,12.21,36.29,False,0.0,0
16.9919,-149.5166,17.77,2016,29.93,3.28,7.939,36.26,4.32,44.58,False,26.59,0
16.8226,145.3485,16.76,2013,28.12,0.0,8.135,35.83,8.23,40.88,False,0.0,0
-2.5203,146.5623,10.82,2011,31.1,7.37,8.179,33.33,10.57,60.15,True,100.0,1
-6.1197,71.3639,21.49,2014,27.76,0.0,8.056,36.91,2.91,71.31,False,0.0,0
-11.8251,153.428,24.97,1992,29.52,1.45,8.208,36.77,1.64,58.04,False,33.43,1
-26.0583,112.1231,11.04,2005,27.83,0.0,7.948,33.53,0.51,31.81,False,0.0,1
-16.3059,118.2739,3.48,2019,29.66,3.07,8.162,33.81,1.34,60.1,False,42.28,1
-15.2038,25.0948,9.59,1993,29.32,0.18,8.054,34.39,13.71,68.04,False,18.52,0
-0.9554,-69.8187,4.98,2005,30.13,5.99,7.964,36.96,8.03,29.46,True,100.0,1
14.8467,-101.5923,14.55,1997,29.12,4.24,8.021,35.82,1.44,41.51,True,63.41,1
-1.5714,-62.208,5.52,2013,26.39,0.0,8.063,36.66,14.95,85.74,False,0.0,0
-26.5293,46.2584,14.42,2005,28.59,0.0,8.02,34.1,1.81,56.45,False,0.0,0
27.4674,-117.8436,7.41,2016,28.82,1.36,8.152,36.48,13.81,62.65,False,0.0,0
26.5635,-86.8895,22.42,1991,27.53,0.0,7.957,33.44,3.68,48.51,False,0.0,0
17.1114,-11.4981,1.8,2009,28.47,0.0,8.018,36.98,10.69,38.62,False,7.12,0
29.4797,-96.102,17.09,2009,27.35,0.0,7.952,33.43,3.88,34.09,False,0.0,0
2.6689,31.9117,5.92,2009,26.06,0.0,7.923,34.75,14.89,42.7,False,0.0,0
27.7661,152.3434,1.03,2008,28.07,0.0,8.133,36.28,3.1,67.29,False,0.0,0
-25.4637,89.3122,26.21,2007,27.15,0.0,8.004,36.4,5.58,43.79,False,0.0,0
-8.0592,59.9136,20.47,2002,27.27,0.0,8.021,36.45,2.48,34.71,False,0.0,0
-16.4771,29.7797,3.87,2006,27.45,0.0,8.124,34.15,7.68,42.93,False,0.0,0
-18.25,-4.3388,20.26,2022,29.97,2.91,8.027,35.64,6.73,67.56,False,25.65,0
-21.5518,-112.837,18.74,2017,29.66,2.07,7.902,33.84,12.3,52.64,False,54.83,1
7.3448,142.0958,14.73,1994,26.03,0.0,7.997,34.98,12.89,46.92,False,0.0,0
16.8793,-90.527,13.16,2017,29.94,3.49,7.958,36.39,12.94,28.91,False,41.24,1
4.6979,-147.1288,26.73,2014,26.61,0.0,8.031,34.64,1.03,49.61,False,0.0,0
-21.1822,90.0055,8.11,2009,29.35,2.28,7.876,33.44,3.11,71.16,False,20.14,1
18.6674,-116.7784,12.55,2010,26.67,0.0,8.018,33.1,9.77,54.85,False,0.0,0
8.1573,-46.1174,10.54,2002,28.61,0.22,8.007,36.6,9.23,32.27,False,0.0,0
-6.7101,-169.8174,23.36,1995,27.95,0.0,7.936,33.49,12.19,65.29,False,0.0,0
10.4478,-130.6555,27.58,2018,28.38,0.0,7.882,36.5,11.73,37.44,False,0.7,0
-14.4057,-117.6467,25.64,1998,29.8,1.59,8.0,33.38,3.63,61.4,False,8.26,0
-9.2885,-160.4124,24.13,2018,29.86,0.18,7.893,33.97,5.49,75.88,False,0.0,0
25.0492,56.3965,29.62,1990,26.46,0.0,8.005,35.91,8.7,78.5,False,0.0,0
-12.5697,121.3228,21.22,2019,29.66,4.4,8.0,33.7,13.01,30.6,True,61.01,1
-1.8007,-45.6065,22.78,2021,27.44,0.0,8.005,36.53,8.12,32.28,False,0.0,0
23.4085,134.8475,29.5,2012,29.84,1.48,8.007,33.9,10.51,44.9,False,11.25,0
12.4633,-103.1952,1.2,1999,29.58,1.34,7.839,34.47,6.09,59.64,False,56.21,1
-26.2678,-62.8594,19.39,2010,26.34,0.0,8.085,36.47,1.91,73.52,False,0.0,0
-21.1618,-125.7347,22.43,2015,29.35,0.45,8.134,34.37,6.91,70.76,False,3.14,0
-29.5295,43.4013,27.62,2004,31.25,7.7,7.844,35.35,2.81,65.72,True,100.0,1
7.8553,-28.8469,26.63,2006,27.42,0.0,7.891,34.3,5.7,59.7,False,0.0,0
-3.1396,40.782,25.42,2014,28.24,0.0,7.911,34.91,4.89,73.86,False,0.0,1
-21.9435,94.203,28.43,2004,29.03,2.13,8.039,34.88,4.06,66.85,False,9.92,0
27.476,16.4531,16.58,2022,27.8,0.0,7.985,34.9,10.44,37.44,False,0.0,0
1.7796,45.9469,1.2,2000,29.88,2.29,7.891,34.47,3.41,56.98,False,43.83,0
-15.4864,156.6901,1.32,2013,26.2,0.0,7.891,35.89,10.32,29.17,False,0.0,0
0.0362,-72.3368,16.79,1995,31.26,10.19,7.949,34.37,1.06,30.0,True,100.0,1
10.7772,-50.701,13.62,2017,29.74,4.76,8.072,33.55,10.28,30.07,True,100.0,1
-25.4256,78.3732,14.09,2018,30.17,5.4,7.838,35.39,1.12,47.81,True,96.13,1
-13.5178,40.07,12.61,2010,28.38,0.0,7.937,34.11,3.08,72.1,False,0.0,0
18.4179,-115.7282,27.61,2001,26.18,0.0,7.863,33.16,7.8,65.44,False,0.0,1
-2.4201,-44.587,11.42,2011,27.62,0.0,8.109,33.18,14.82,79.37,False,9.77,0
2.7946,-11.5783,25.83,2016,28.3,0.0,8.072,34.95,9.75,37.89,False,0.0,0
-4.031,-29.0197,27.18,2010,29.87,3.84,7.982,36.87,0.55,55.77,False,51.35,0
-27.366,-115.8211,15.49,2004,28.97,0.0,8.173,33.31,11.75,47.09,False,0.0,1
-20.055,152.7948,13.96,2007,27.9,0.0,8.072,34.33,5.44,72.87,False,0.0,0
-3.2675,94.4348,23.07,1999,28.7,0.0,8.155,33.16,14.89,51.68,False,0.0,0
-17.4489,-6.7119,21.53,2011,30.37,4.92,8.024,35.53,9.29,48.65,True,100.0,1
-27.0013,64.822,10.53,2009,29.42,2.74,8.145,35.31,13.92,69.33,True,70.41,1
20.619,143.0218,3.97,2008,30.05,5.09,8.024,34.13,1.21,21.43,True,100.0,0
28.8716,-130.9773,8.68,2017,29.02,0.44,7.966,36.04,5.85,80.54,False,17.68,0
17.5886,-89.8657,4.8,1990,27.57,0.0,8.113,33.12,4.67,63.97,False,0.0,0
21.2271,15.3724,9.55,2023,30.59,4.91,8.144,33.5,5.93,45.38,True,99.27,1
-15.4814,107.6437,8.59,2015,29.63,4.52,8.167,33.23,4.92,53.79,True,89.73,1
27.6376,-166.9482,19.49,2019,27.34,0.0,8.1,34.35,4.53,69.23,False,0.0,0
-18.1845,174.2465,28.68,2001,28.44,0.0,8.17,35.02,7.48,46.44,False,0.0,0
27.0858,-16.2336,20.89,2003,29.31,4.4,8.09,34.16,11.82,40.57,True,45.96,1
29.6892,-50.6768,27.87,1993,28.81,0.0,8.052,34.26,9.88,67.01,False,0.0,0
12.7034,-74.6192,23.74,2001,28.92,2.05,8.091,35.3,5.86,46.15,False,26.83,0
28.8686,-117.2316,22.11,2013,27.18,0.0,8.007,33.96,9.05,52.94,False,0.0,0
4.1724,104.9666,13.01,2020,28.98,0.0,7.883,34.11,13.65,51.35,False,37.66,0
-14.4275,163.9491,10.42,1990,27.98,0.62,8.11,36.61,4.4,72.67,False,9.42,1
-3.7802,-31.0879,25.54,1990,27.9,0.0,8.139,35.91,7.76,38.69,False,0.34,0
5.6137,162.8715,27.26,2004,29.42,0.92,8.102,35.02,13.72,49.81,False,0.0,0
-25.6151,116.5671,14.1,2002,29.64,1.61,7.892,35.82,11.1,46.53,False,16.3,0
7.3406,-6.8216,1.26,2018,29.67,3.62,7.924,34.77,3.03,22.54,False,69.29,1
28.8707,62.6494,23.98,1993,26.41,0.0,7.907,36.65,12.0,29.77,False,0.0,0
-18.5935,-23.4057,9.27,2004,29.25,3.95,8.153,33.71,12.13,56.09,True,65.64,1
17.5557,21.1404,1.29,2001,28.14,0.0,8.091,33.68,11.32,59.85,False,0.0,0
24.4739,-159.1033,24.34,2014,27.83,0.0,8.05,33.24,9.14,56.93,False,0.0,0
26.6221,70.6549,16.01,2016,27.62,0.0,7.986,33.72,2.21,42.59,False,0.0,0
27.6081,-160.9831,20.87,1995,27.45,0.0,7.852,33.88,7.3,57.36,False,0.0,0
1.2876,114.1506,27.53,2012,27.99,0.0,8.038,36.44,1.76,37.93,False,0.0,0
28.6385,116.9809,16.69,2004,27.16,0.0,8.089,35.03,8.02,35.81,False,0.0,0
15.4386,-94.6522,15.59,1994,29.05,0.0,7.945,33.82,6.37,47.19,False,33.42,1
-20.2997,-63.4814,9.43,2012,27.73,0.0,8.14,36.41,0.59,79.51,False,0.0,0
-1.386,-6.7283,9.85,2004,30.11,2.26,7.957,33.3,11.78,54.07,False,27.37,0
13.0999,34.7986,24.1,2014,29.28,2.87,8.08,34.14,9.94,50.09,True,46.27,1
-15.1596,-76.5527,14.02,2019,28.71,0.0,7.946,36.75,3.99,71.22,False,0.0,0
8.4369,33.2951,5.74,1993,27.35,0.0,7.987,36.87,9.81,41.2,False,0.0,0
9.996,-72.7967,3.74,2002,29.44,0.0,8.127,34.48,8.39,60.0,False,16.01,0
-20.238,-160.0233,14.71,2012,30.93,6.51,7.945,36.22,7.87,28.05,True,100.0,1
3.9051,-179.0901,14.48,2005,27.09,0.0,7.978,33.62,5.96,44.04,False,0.0,0
16.2976,-143.5856,19.95,2005,28.59,0.65,7.943,36.56,1.13,50.09,False,20.21,0
-0.0663,105.2103,14.66,1996,29.55,1.57,8.212,36.17,14.8,67.85,False,35.16,1
-29.2738,166.1153,5.16,2002,30.25,2.34,8.038,35.63,7.89,61.92,False,66.37,1
-29.4577,-26.2922,15.73,2018,26.81,0.0,7.99,36.35,1.29,69.9,False,0.0,0
-8.5782,4.5662,27.3,2009,29.2,0.95,8.099,35.25,1.23,51.01,False,15.66,0
25.5716,-127.1347,5.62,2018,29.5,0.55,8.0,34.33,11.66,37.59,False,34.24,0
-16.2794,18.3713,21.0,2007,26.8,0.0,8.005,35.66,5.5,70.3,False,0.0,0
8.0618,-127.9242,18.22,2011,29.57,1.11,8.151,35.66,6.72,54.29,False,18.56,1
-16.6754,40.0372,22.71,1997,27.54,0.0,7.996,35.32,9.42,50.84,False,0.0,0
-10.6998,155.9731,5.37,1992,28.36,0.0,7.88,36.15,0.53,62.77,False,0.0,0
20.8825,-109.5485,28.31,2018,28.4,0.0,7.857,33.21,7.98,64.35,False,0.0,0
13.7317,95.2429,19.01,1998,27.47,0.0,8.154,35.56,10.55,58.28,False,0.0,0
-24.276,-171.5391,25.57,1997,26.47,0.0,8.152,35.31,6.19,44.78,False,0.0,0
-4.2779,-44.821,8.15,2019,30.54,5.01,7.859,33.88,2.85,18.59,True,100.0,1
-28.2498,-140.1305,22.44,2001,27.52,0.0,8.1,33.35,12.85,71.62,False,0.0,0
-1.1466,-53.1088,23.65,2017,27.12,0.0,8.071,34.88,6.26,41.64,False,0.0,0
9.746,-117.5267,12.53,1999,26.67,0.0,8.073,34.02,14.95,36.58,False,0.0,0
-22.8898,-45.6102,12.13,2002,28.22,0.0,8.111,36.09,8.27,41.84,False,0.0,0
-12.6669,-29.6918,20.08,1991,28.36,0.0,7.956,34.96,2.33,24.4,False,0.0,0
-6.1298,-71.7872,3.71,1990,28.05,0.0,8.195,36.85,1.65,75.14,False,0.0,0
25.1719,56.3839,22.33,2011,29.55,2.6,8.042,36.82,3.52,66.06,False,47.59,0
29.5953,150.7867,2.24,2022,30.34,3.51,8.065,36.53,13.48,38.13,False,73.4,1
-27.3053,-35.7857,6.53,2005,27.9,0.0,7.955,35.52,7.64,67.83,False,12.0,0
15.6605,-110.7565,20.26,2018,28.5,0.0,7.882,35.39,12.5,43.15,False,0.0,0
-7.6966,-82.5398,3.85,1999,28.44,0.32,7.922,33.87,10.23,35.13,False,0.0,0
-6.4525,127.4403,29.18,1996,28.23,0.0,8.013,35.87,12.94,52.96,False,0.0,1
15.2559,25.7903,26.18,1990,28.0,0.0,8.006,36.66,8.01,45.74,False,0.0,0
25.1056,-16.196,19.16,2015,29.37,0.31,7.935,34.25,12.38,31.63,False,18.25,1
27.0557,-126.1308,24.75,1994,25.94,0.0,8.022,36.37,14.17,39.64,False,0.0,0
4.6274,-18.0982,26.74,2002,27.86,0.0,8.233,34.64,2.6,47.45,False,0.0,0
-8.5727,-79.7429,8.52,2016,26.8,0.0,8.02,36.82,14.96,52.89,False,0.0,0
17.2529,159.5387,25.63,2001,27.52,0.0,8.016,34.59,11.22,60.31,False,0.0,0
-14.9399,138.2652,6.65,2019,27.99,0.0,7.993,36.09,8.83,29.33,False,0.0,0
3.8444,-149.7951,12.99,2021,27.89,0.0,8.131,36.24,14.89,70.56,False,0.0,0
-8.4853,5.9953,17.19,2020,26.42,0.0,7.93,35.85,2.92,69.31,False,0.0,0
9.3979,-98.979,21.7,1994,27.96,0.0,7.999,34.53,9.89,46.72,False,0.0,0
-15.5761,-32.1202,1.87,1991,27.55,0.0,8.056,33.62,3.23,40.71,False,0.0,0
-18.5044,135.6653,9.42,1996,27.57,0.0,7.899,33.4,7.87,69.07,False,0.0,0
25.0943,9.9052,18.65,1990,30.11,5.09,8.055,33.37,1.07,57.43,True,56.0,1
-23.8918,-59.6825,11.36,1992,28.83,0.09,8.112,36.08,5.48,45.06,False,0.0,0
0.3575,-105.1602,23.48,2009,29.82,2.41,7.89,34.52,13.16,49.99,True,28.75,1
-16.7488,108.1169,19.9,1991,28.43,0.0,7.907,34.52,11.5,56.47,False,0.0,0
-27.6642,44.8265,7.8,2010,30.5,4.55,8.09,33.81,6.25,26.3,True,88.93,1
-27.8389,-11.4964,5.23,2021,29.59,0.0,8.051,33.86,2.98,36.28,False,17.98,0
-19.4867,-101.7056,19.24,2009,27.46,0.0,8.007,34.52,1.4,53.57,False,0.0,0
22.0062,-59.6713,14.06,2020,29.62,0.32,7.96,33.85,14.32,43.31,False,3.22,0
-13.0513,165.5436,5.9,2022,28.78,0.0,7.977,35.54,6.77,28.2,False,8.3,1
27.0276,7.2324,10.46,2013,28.9,0.19,8.003,36.41,10.95,56.62,False,0.0,0
4.8973,-35.7483,9.79,2007,29.12,0.69,7.965,35.71,13.67,72.57,False,35.31,1
-3.8031,7.7119,4.14,2009,27.88,0.0,7.924,34.19,11.18,45.3,False,0.0,0
4.8053,100.4359,16.86,2021,29.13,0.26,8.079,34.29,7.29,36.21,False,0.0,0
1.0019,-57.5608,23.15,1994,26.54,0.0,7.944,35.46,5.85,32.66,False,0.0,0
15.5266,-115.6658,17.69,1991,28.67,0.0,7.989,35.47,13.16,30.82,False,0.0,0
-13.0502,30.577,24.96,2015,26.53,0.0,8.039,36.0,5.12,36.52,False,0.0,0
-8.817,59.4735,4.7,2014,31.22,7.54,8.03,36.74,5.24,42.65,True,100.0,1
23.6457,76.5785,13.63,2011,28.74,0.0,8.163,33.9,11.48,53.19,False,0.0,0
26.7874,137.5155,18.67,2011,27.67,0.0,8.008,34.16,8.99,54.72,False,0.0,0
23.5535,-46.3773,20.6,2000,27.8,0.0,7.994,35.88,6.71,63.15,False,0.0,0
-4.8331,-152.8722,21.18,2000,27.76,0.0,7.94,33.48,7.03,78.3,False,27.58,0
16.8219,165.0055,22.14,1993,29.0,0.0,8.014,33.97,8.96,71.33,False,5.47,0
-1.4199,-23.3957,19.89,2022,26.6,0.0,7.984,33.92,6.84,35.18,False,0.0,0
-0.1476,44.3727,3.73,2007,27.35,0.0,8.027,33.85,5.09,67.38,False,0.0,0
-17.7192,59.8699,21.16,2020,27.11,0.0,8.153,35.82,13.64,50.35,False,0.0,0
5.4678,16.7449,22.02,2017,28.4,0.0,8.191,33.77,7.84,30.52,False,0.0,0
-18.8318,-106.1073,29.81,2011,28.01,0.0,8.106,36.44,3.38,49.21,False,0.0,0
-10.1061,91.8515,21.11,1992,28.56,0.0,8.245,35.25,2.89,44.58,False,0.0,0
21.3018,109.3507,20.92,1996,30.1,3.86,7.886,35.07,4.67,52.59,False,65.0,1
-17.5755,19.0712,15.93,2009,29.89,4.14,8.158,34.55,14.8,40.26,False,45.92,0
-25.7305,-4.118,26.17,1996,28.9,0.39,8.095,33.94,13.91,43.36,False,0.0,0
-25.8595,-138.9823,29.91,1996,29.68,3.18,8.094,33.64,1.84,43.79,False,14.36,0
26.4471,-149.7774,23.59,2018,27.94,0.0,8.047,33.79,1.72,69.13,False,0.0,0
0.4152,-57.7567,18.76,2015,28.11,0.0,7.964,36.75,6.04,68.31,False,0.0,0
-5.4353,-68.0954,3.29,1992,26.92,0.0,8.204,35.48,7.94,47.6,False,0.0,1
18.6527,163.3163,22.08,2006,26.78,0.0,8.115,34.94,4.9,60.39,False,0.0,0
20.1496,102.1042,21.55,2009,28.27,0.0,7.882,33.1,10.01,80.74,False,0.0,0
-10.0685,57.5727,23.49,2023,30.95,5.8,8.079,36.78,6.71,56.88,True,86.3,1
11.6171,6.3533,4.61,2022,29.27,0.0,8.008,36.0,8.29,46.68,False,0.0,0
16.2674,-119.7477,19.96,2005,30.38,2.65,8.044,33.74,4.57,26.45,False,40.49,0
9.279,172.2444,9.58,2012,26.41,0.0,7.977,34.65,1.51,63.34,False,0.0,0
-20.9043,-44.9853,23.05,1993,28.47,0.0,8.027,35.52,10.54,35.74,False,0.0,0
22.553,-141.5068,7.97,2022,29.98,0.75,8.145,33.7,11.03,69.54,False,14.55,0
2.3457,-2.2324,20.84,1997,27.93,0.0,8.117,34.95,7.37,47.56,False,0.0,1
-13.0517,134.6393,9.55,1994,26.42,0.0,8.195,35.84,13.0,67.77,False,0.0,0
-4.4863,139.4248,1.26,2022,29.62,3.09,7.885,33.6,4.94,34.41,False,58.2,1
-27.7457,-176.0523,19.37,2014,27.73,0.0,7.914,34.0,11.0,37.36,False,0.0,0
-22.328,139.0665,4.28,1996,29.31,0.68,8.076,34.97,8.91,38.72,False,40.93,1
15.9328,-82.2657,20.12,1996,26.27,0.0,8.114,35.79,6.73,65.75,False,0.0,1
-29.9993,-165.9699,27.84,2022,30.04,2.17,7.97,35.25,3.57,42.12,False,16.74,0
-5.0061,125.2045,29.11,2022,28.66,0.0,8.22,33.85,10.08,76.04,False,0.0,0
1.3506,130.992,7.84,2018,28.07,0.0,8.082,36.29,2.82,26.73,False,8.79,1
-26.7219,34.6432,24.47,2021,28.33,0.0,8.133,35.08,11.01,67.75,False,0.0,0
28.3847,26.7962,11.25,2018,28.9,2.19,8.054,33.45,3.62,59.91,False,0.0,1
-16.4325,112.7233,27.11,2011,29.19,0.0,7.971,33.91,0.75,58.57,False,0.0,0
-11.7481,103.0714,23.84,1991,28.97,0.0,7.95,36.87,4.89,23.03,False,16.32,0
-11.7634,140.438,3.14,1998,28.95,0.0,7.966,35.78,13.03,74.01,False,7.98,0
-16.175,18.9891,12.81,2018,27.56,0.0,7.895,34.33,0.92,64.46,False,0.0,0
-29.9116,168.353,10.78,2022,27.98,0.0,8.176,33.97,1.4,81.41,False,0.0,0
13.7607,178.6129,23.77,1999,28.06,0.0,7.991,34.86,8.24,45.52,False,0.0,0
28.0107,-138.0439,12.9,2017,26.61,0.0,8.015,33.64,0.56,52.61,False,6.81,0
-16.5424,125.8358,20.85,2001,29.52,1.96,8.173,33.93,9.76,40.01,False,48.81,1
9.7828,-0.064,18.47,2011,27.56,0.0,8.034,35.79,9.55,65.82,False,0.0,0
14.5138,-40.4761,29.29,1995,30.5,3.96,8.135,36.42,3.71,47.5,False,57.19,1
20.9055,40.706,28.2,2012,28.39,0.0,7.961,33.25,6.81,49.54,False,0.0,0
-4.6422,-159.8524,13.4,2023,28.96,1.19,7.868,35.37,11.61,42.01,False,0.0,0
-11.8241,2.326,21.98,2005,29.32,1.81,8.062,35.38,3.42,50.99,False,28.13,0
-10.4823,133.5206,25.05,1999,26.41,0.0,8.13,34.53,9.25,73.33,False,0.0,0
12.7573,-103.1539,27.07,2010,28.59,0.0,7.921,36.14,6.87,49.74,False,0.0,0
19.0068,-26.4996,2.98,1999,27.31,0.0,7.896,35.0,6.22,37.37,False,0.0,0
-19.1032,158.2131,9.76,2000,27.49,0.0,8.154,33.57,5.28,69.86,False,0.0,0
-7.7435,-25.717,10.29,2010,29.3,0.0,8.071,35.52,8.4,62.73,False,0.0,0
24.1164,-50.9877,13.6,2014,27.17,0.0,7.964,35.4,4.14,31.9,False,0.0,0
18.4016,-21.4068,5.91,2023,28.79,0.31,7.926,36.97,9.73,65.35,False,0.0,0
29.0915,7.003,15.39,2020,27.91,0.0,8.04,33.88,2.16,73.81,False,0.0,0
15.2549,47.5169,20.23,2016,29.31,0.88,8.043,35.43,12.95,63.26,False,9.28,0
-6.4083,108.2494,15.42,2014,30.35,4.59,7.876,35.29,11.59,63.37,True,77.08,0
5.4383,-17.2432,20.31,2021,28.99,0.0,7.794,34.29,6.53,32.25,False,12.38,0
9.6609,114.2931,2.93,2000,28.05,0.0,7.996,36.06,3.08,35.0,False,0.0,0
-25.2927,12.1394,26.4,2015,29.19,2.27,7.927,34.49,6.23,31.62,False,13.8,0
2.6698,-58.147,28.23,2022,29.54,2.74,8.11,35.64,10.28,65.01,False,51.74,1
12.5592,56.8623,18.92,2022,28.77,3.3,7.792,34.58,5.81,28.59,True,64.94,1
-19.9607,78.38,26.56,2002,30.03,3.77,8.08,36.17,1.69,41.63,False,42.25,1
16.8379,20.8976,4.81,2003,27.09,0.0,8.02,36.99,2.08,80.09,False,0.0,0
5.0264,-159.6186,24.13,1990,27.3,0.0,8.222,35.75,10.6,51.59,False,0.0,0
27.1333,-118.8422,4.46,1994,29.1,0.0,7.982,36.13,12.92,49.78,False,0.0,0
-27.4547,-77.2928,12.83,2019,27.86,0.0,8.085,33.23,12.52,27.34,False,0.0,0
-14.0804,-78.2548,10.39,2007,26.21,0.0,8.134,36.57,11.29,19.8,False,0.0,0
6.0932,62.4315,17.98,2001,27.09,0.0,8.19,36.33,11.52,51.94,False,0.0,0
-12.2064,-173.3945,9.74,2023,30.72,6.18,7.919,33.55,14.72,30.1,True,100.0,1
12.8654,92.0454,19.48,2003,25.57,0.0,7.901,35.47,2.76,52.66,False,0.0,0
15.5403,-84.4767,11.65,2005,26.35,0.0,7.873,36.46,8.41,48.26,False,0.0,0
-23.849,-68.3921,25.96,2000,28.52,0.0,8.027,35.52,4.31,66.24,False,4.64,0
0.8313,10.0475,19.38,2022,30.8,5.84,8.044,36.53,3.84,34.79,True,100.0,1
0.5334,-102.2668,7.24,2004,29.81,2.98,7.831,35.84,6.43,64.28,False,43.41,0
-7.8432,138.4097,10.75,1999,28.85,0.0,8.041,34.76,5.38,36.26,False,6.85,0
25.9755,-149.2672,25.58,1992,29.57,0.6,7.922,36.83,9.99,61.65,False,0.0,0
19.6504,-20.0223,12.21,2000,27.8,0.0,7.993,36.69,6.51,67.41,False,0.0,0
11.8326,125.792,16.54,2000,28.39,0.0,8.133,33.27,4.64,74.98,False,0.0,0
12.8596,41.7038,19.82,2005,28.94,0.0,8.009,33.64,1.71,30.3,False,3.86,0
-2.297,-74.7614,11.09,2019,29.14,1.9,8.026,35.32,4.72,70.32,False,0.0,0
25.2597,-28.5263,9.53,1990,26.8,0.0,8.12,35.47,7.52,50.62,False,0.0,0
11.6757,74.41,14.78,2023,30.58,8.13,7.998,36.6,9.3,40.14,True,100.0,1
13.7389,170.3739,7.23,2008,27.74,0.0,8.2,33.62,9.77,38.17,False,0.0,0
21.7015,141.5299,9.24,2023,30.1,2.1,8.032,34.51,3.54,40.47,False,32.07,1
-13.5557,-56.7242,2.8,1993,29.1,0.0,8.225,36.91,6.43,76.88,False,0.0,0
18.4243,179.3512,9.82,1999,26.96,0.0,7.979,36.44,6.35,35.23,False,0.0,0
-18.2856,-178.7383,10.3,2006,28.98,0.06,7.911,36.63,0.72,43.62,False,2.33,1
-9.2795,-170.0533,28.89,2005,28.77,0.13,8.091,33.13,13.32,50.62,False,0.0,1
-9.8634,116.5826,18.1,2010,28.78,1.77,8.012,33.88,10.27,58.43,False,9.98,0
28.7115,-108.1934,23.83,2017,29.32,0.0,7.976,34.85,10.1,67.12,False,4.79,0
21.3922,-158.1231,2.32,1997,28.63,0.0,8.015,36.49,8.89,59.01,False,0.0,0
12.0702,-94.6267,4.09,2018,29.96,1.93,8.006,34.79,7.18,59.25,False,16.96,0
13.6234,-26.6039,24.62,1995,27.02,0.0,8.072,33.64,3.76,50.79,False,0.0,1
3.7244,83.0039,19.08,2019,29.27,0.0,7.872,35.45,6.19,47.26,False,16.13,1
26.8254,44.7608,6.54,1991,29.64,3.9,7.886,36.57,3.06,52.95,False,27.97,1
-0.2245,-94.4564,12.74,2020,26.96,0.0,8.108,33.27,12.32,52.87,False,0.0,0
-7.1689,1.1774,16.62,2014,25.65,0.0,8.122,34.98,3.56,43.42,False,0.0,1
-20.2179,153.4371,25.46,2012,28.13,0.0,7.888,36.92,4.52,70.72,False,0.0,0
17.1723,113.4028,2.75,2010,29.33,0.83,8.024,33.3,0.68,74.25,False,0.0,0
14.0666,-63.6517,18.3,2005,27.03,0.0,8.087,34.61,5.93,46.03,False,0.0,0
-6.9387,173.6152,21.79,1993,29.65,1.92,7.875,33.87,10.79,34.22,False,49.63,1
-28.4884,75.1033,29.36,1997,29.79,4.11,8.191,33.47,3.08,62.28,True,47.4,1
20.3398,-157.5182,24.41,1995,28.39,0.0,7.978,35.89,7.91,69.94,False,0.0,0
-29.3149,-167.3421,9.01,2016,28.16,0.0,8.089,33.25,14.11,87.73,False,8.37,0
12.222,-119.3731,21.58,2013,29.91,2.02,8.046,36.66,6.86,47.19,False,25.52,0
28.2154,82.0281,23.14,1995,30.14,2.01,8.215,36.8,12.02,41.8,False,63.57,1
-3.7403,-113.854,22.16,2022,27.14,0.0,7.901,35.32,12.08,50.86,False,0.0,0
-15.9016,4.1352,24.78,1991,27.1,0.0,7.991,35.48,9.96,29.85,False,0.0,0
12.2923,-146.4264,27.21,2005,30.8,3.8,8.002,36.63,5.81,63.42,False,23.98,1
19.0277,151.519,3.85,1998,27.56,0.0,8.14,35.29,11.51,73.28,False,3.12,1
2.7858,-56.1742,4.04,1994,30.38,2.97,7.847,33.83,14.13,62.35,False,84.21,1
28.0221,146.9275,24.1,1999,30.26,2.33,7.936,34.43,4.45,20.75,False,1.27,0
-26.8999,160.1552,8.32,2019,27.72,0.0,8.115,34.96,7.77,77.74,False,0.0,0
0.2877,-177.7937,2.7,1996,29.77,2.4,8.051,35.83,9.2,56.22,False,53.41,1
13.1072,-12.9113,12.64,2018,27.34,0.0,7.95,34.86,9.12,30.92,False,0.0,0
21.7584,-171.1238,24.78,1991,26.8,0.0,7.946,36.79,6.54,75.25,False,0.0,0
-19.2447,147.1294,4.67,2009,27.96,0.0,7.929,35.39,8.38,47.92,False,0.0,0
18.0002,6.6267,20.48,1993,28.15,0.0,8.3,35.17,1.31,43.6,False,0.0,0
3.1624,-153.0202,1.1,2017,27.26,0.0,7.854,36.1,1.43,68.34,False,0.0,0
-6.2068,-140.3004,4.18,1997,27.55,0.0,8.02,33.82,14.01,32.04,False,0.0,0
-22.0971,-41.9368,11.17,1991,26.34,0.0,8.059,35.03,8.49,75.43,False,0.0,0
21.9177,158.4843,3.42,2017,28.52,0.6,7.902,33.07,3.33,71.61,False,7.26,0
-20.5636,69.4473,25.53,2000,29.72,4.39,7.951,34.77,4.34,44.7,False,45.04,1
-11.4127,132.3428,26.06,1998,28.67,0.0,8.031,33.61,10.71,52.19,False,8.33,1
-12.5973,-48.0756,22.91,1990,30.39,4.03,8.098,36.2,10.53,53.54,True,85.82,1
22.2848,-164.4431,8.03,2016,27.25,0.0,8.116,34.51,10.04,40.98,False,0.0,0
10.3622,170.7543,16.17,1992,28.25,1.03,7.944,34.87,4.12,58.18,False,0.0,0
17.8009,-173.8177,6.34,1998,25.99,0.0,8.057,33.13,12.59,38.57,False,0.0,0
-14.9719,161.1546,9.16,2017,28.03,0.0,8.045,33.13,1.44,26.28,False,0.0,0
7.4924,-47.2761,15.96,2010,27.79,0.0,8.12,34.05,6.62,30.16,False,0.0,0
4.3048,-176.3675,22.32,2017,28.86,0.24,8.033,35.8,11.57,35.72,False,0.0,0
19.9698,68.0966,3.74,2013,26.39,0.0,7.908,36.02,3.95,54.85,False,0.0,0
24.3652,172.9945,9.6,2007,26.23,0.0,8.015,36.97,3.99,62.98,False,0.0,0
-29.2706,167.6253,27.87,1998,27.49,0.0,8.167,36.13,0.52,66.87,False,0.0,0
10.4412,-122.0627,13.44,2015,29.38,3.79,8.086,35.58,7.67,38.54,False,50.22,1
-26.8899,-114.7508,28.23,2013,25.77,0.0,8.067,35.8,13.82,32.96,False,0.0,0
2.9315,23.594,29.75,1995,28.46,0.0,7.997,34.6,7.93,72.59,False,0.0,0
-12.742,49.4297,16.27,2001,28.73,1.11,8.004,36.86,14.04,64.15,False,29.04,0
-11.5934,86.1904,9.35,1998,30.15,3.11,8.035,35.47,3.62,47.08,False,31.4,0
-8.8225,-114.8219,23.93,1999,28.04,0.0,8.041,33.08,6.23,42.39,False,0.0,1
7.2775,165.2426,5.62,1992,25.67,0.0,7.933,34.39,14.88,45.86,False,0.0,0
-9.957,49.9461,8.31,2018,28.79,0.0,8.035,33.56,12.09,68.36,False,17.08,0
13.9619,124.9369,23.76,1996,27.59,0.0,8.046,33.94,8.85,42.76,False,0.0,0
-5.7284,14.4237,13.58,2015,30.17,4.87,7.818,35.26,1.76,24.07,True,80.6,1
-25.8988,-30.8603,6.84,1997,28.14,0.0,7.97,34.76,2.39,38.16,False,0.0,0
17.0256,171.7858,19.88,2002,29.72,1.35,8.178,34.8,6.88,43.92,False,0.0,0
-12.8545,29.5637,22.25,2008,28.85,1.09,7.968,34.72,12.32,32.58,False,0.0,0
-4.034,132.0745,4.63,2011,28.51,0.0,7.926,33.8,11.25,63.45,False,0.82,0
11.1266,163.1853,9.03,2005,29.6,1.1,8.019,33.43,12.89,76.61,False,18.47,0
-10.0526,63.1277,7.42,2004,27.23,0.0,7.979,34.74,6.38,73.64,False,0.0,0
-26.6049,17.6179,12.02,1991,28.53,0.97,8.004,34.08,8.87,61.5,False,0.0,0
-7.5647,-178.7361,23.14,2010,30.48,3.46,8.032,34.23,4.97,59.48,False,29.96,1
26.6669,-165.5929,21.7,2019,28.94,0.0,8.012,33.42,8.3,36.52,False,0.0,1
8.5041,-107.6936,20.21,1996,27.99,0.0,8.04,36.11,9.44,41.71,False,0.0,0
10.2887,-113.037,1.18,2020,27.25,0.0,7.894,33.25,7.98,44.75,False,5.26,0
7.9369,-88.2868,5.12,1993,28.12,0.0,7.913,35.81,3.37,76.32,False,0.0,0
-18.0605,-70.2235,7.48,2023,28.16,0.0,7.958,35.53,5.42,61.08,False,11.44,0
-4.9,-50.3764,8.89,1990,26.88,0.0,7.937,33.18,9.63,56.92,False,0.0,0
15.0564,-28.6064,5.25,1999,25.97,0.0,7.898,36.32,8.82,72.12,False,0.0,0
-23.9176,-144.4081,12.9,2019,28.81,1.45,8.088,35.3,7.0,61.54,False,6.36,0
-13.3288,-164.7497,3.18,2021,27.57,0.0,8.153,35.88,1.4,35.49,False,0.0,0
-13.4209,62.62,22.75,1992,30.4,4.79,7.894,35.34,7.08,17.66,True,86.63,1
-4.0789,13.4405,23.84,1999,27.62,0.0,8.204,33.97,8.71,31.54,False,0.0,1
28.8221,-20.1081,17.65,1998,26.27,0.0,8.036,34.22,3.67,53.75,False,0.0,0
-25.9498,48.3984,3.6,2006,27.16,0.0,7.992,36.99,0.71,32.82,False,0.0,0
1.1221,117.9646,26.81,1992,25.87,0.0,8.107,36.23,7.93,31.9,False,0.0,0
-19.2381,-26.0306,29.0,2016,28.51,0.0,8.163,36.35,6.0,45.25,False,0.0,0
28.2406,50.803,6.87,1993,27.17,0.0,8.144,34.04,10.5,40.19,False,0.0,0
-23.2018,163.286,21.43,1993,27.67,0.0,8.182,36.13,2.32,50.02,False,0.0,0
-5.7839,122.2648,25.42,2021,30.66,4.69,8.153,34.37,8.36,51.03,True,98.58,1
14.2731,-26.6397,16.66,2000,27.01,0.0,8.047,34.32,13.54,37.45,False,0.0,0
12.2733,52.0981,10.38,1995,25.93,0.0,8.017,34.26,13.92,63.97,False,0.0,0
-4.6363,-116.2545,14.88,2021,27.62,0.0,7.907,33.44,13.25,49.49,False,0.0,0
-9.2085,21.788,15.86,2012,28.65,0.0,7.972,33.42,12.13,50.11,False,0.86,0
-6.1433,173.2782,12.62,2015,29.76,3.48,8.079,35.77,14.1,30.08,False,20.09,1
-14.1434,6.5934,27.97,2023,30.25,3.93,8.128,35.03,14.55,35.23,False,68.94,1
-17.68,153.9498,22.57,2000,29.59,1.61,8.154,36.24,4.62,38.71,False,9.58,1
-1.0176,-33.3594,8.0,2010,29.37,1.48,7.858,36.14,7.57,17.75,False,44.46,0
-13.888,179.5841,17.98,2013,30.97,4.31,8.115,34.37,10.79,44.42,True,100.0,1
-12.7523,28.5192,20.97,2004,29.58,0.79,8.08,33.53,7.87,77.32,False,0.0,0
9.4054,-164.7832,5.06,1992,26.43,0.0,7.983,34.11,13.66,27.97,False,0.99,0
28.1122,31.2317,11.39,1991,27.75,0.0,8.015,35.18,14.63,55.83,False,0.0,0
6.2182,-81.1538,27.26,1996,27.45,0.0,8.089,36.2,7.69,79.21,False,0.0,0
-25.3812,-168.3067,17.45,1994,26.49,0.0,8.041,34.78,5.3,73.68,False,0.0,0
-25.465,115.5072,7.29,2018,27.0,0.0,7.9,35.38,6.4,44.34,False,0.0,0
27.0854,-80.7373,4.56,2021,30.14,4.04,8.159,35.21,10.34,31.55,True,82.7,1
-12.1626,106.7575,16.03,2019,27.9,0.0,8.125,33.86,11.03,39.39,False,0.0,1
-24.476,-76.2417,16.88,1997,28.49,0.0,8.164,34.76,5.98,40.32,False,0.0,1
5.9427,-110.0425,10.7,2021,28.24,0.0,8.167,35.65,12.77,38.7,False,0.0,0
7.4189,170.6168,19.28,1991,28.6,0.0,8.112,33.2,2.33,44.64,False,0.0,0
8.9103,-49.8077,2.99,1999,27.22,0.0,7.853,35.4,0.85,38.87,False,0.0,0
-13.9559,36.4954,5.21,1992,27.38,0.0,8.124,36.6,14.71,83.06,False,0.0,0
-29.0934,39.5933,16.84,2012,30.96,7.55,8.012,36.66,13.84,54.54,True,100.0,1
27.9009,21.7705,2.79,2023,29.75,2.84,7.935,36.4,4.93,56.28,False,43.3,1
-14.9464,149.2905,26.55,2007,28.1,0.0,7.936,33.88,14.36,64.92,False,0.0,0
10.5616,62.7988,5.12,2022,28.9,0.8,7.878,36.44,5.04,36.98,False,24.08,1
12.3978,-34.6561,20.54,2022,29.6,4.37,7.937,33.44,7.34,25.21,True,48.93,1
6.6004,130.4569,12.34,2006,25.93,0.0,8.003,34.29,8.16,69.35,False,0.0,0
-11.2256,-114.8174,12.59,1995,26.79,0.0,7.961,34.59,9.76,49.32,False,0.0,0
-13.7342,15.9252,23.18,2002,27.36,0.0,8.085,33.82,8.12,54.06,False,0.0,0
5.8601,162.1981,15.48,2010,27.86,0.0,7.961,36.5,13.72,27.54,False,14.87,0
21.9657,45.1431,22.04,2020,30.13,3.96,8.01,35.94,8.62,36.52,False,53.4,1
26.804,114.1086,15.65,2010,29.29,0.9,7.956,35.86,0.94,58.87,False,11.77,0
-23.6457,55.2819,18.19,2022,28.71,0.0,8.086,36.71,3.06,63.11,False,0.0,0
-20.7103,122.1735,23.06,2017,28.43,0.0,7.977,36.04,14.39,35.15,False,0.0,1
26.6842,160.0156,18.61,1995,29.26,0.0,8.047,34.71,1.15,40.57,False,3.22,0
14.1921,-81.7482,18.85,1997,26.99,0.0,8.024,33.53,11.46,67.8,False,0.0,0
22.9796,-118.922,23.89,2002,28.97,0.0,8.095,36.31,14.66,34.24,False,0.0,0
-17.842,-5.7633,28.52,2023,27.45,0.0,7.95,35.85,0.94,59.41,False,0.0,0
5.2552,72.6705,11.92,2011,28.74,0.0,8.086,35.42,12.97,40.74,False,18.6,0
12.0684,-98.2111,17.74,1990,29.98,5.81,7.992,35.98,10.71,72.79,True,95.07,1
10.8067,-178.5235,3.5,2002,29.17,1.29,7.994,36.02,0.97,75.38,False,23.71,0
-5.5109,-56.5434,11.41,1990,28.96,0.0,8.151,35.97,9.18,40.38,False,0.0,0
-29.0763,168.7894,12.95,1999,25.89,0.0,7.863,34.82,13.78,54.59,False,0.0,0
4.9756,70.1883,25.22,1994,29.47,0.0,8.066,35.14,6.96,29.51,False,0.0,0
-14.8139,-35.5228,15.89,2009,29.72,3.44,8.066,36.21,11.28,34.67,False,41.19,1
-2.9847,-110.6726,22.2,2002,27.62,0.0,7.91,36.72,5.22,36.5,False,0.0,0
27.4549,-51.8077,1.55,1999,27.63,0.0,8.123,35.06,6.21,47.1,False,0.0,0
-6.0579,-118.8578,14.47,1992,28.27,0.0,8.007,35.77,10.48,47.73,False,0.0,0
20.3881,-141.7299,27.14,2023,27.71,0.0,8.063,35.03,0.94,43.42,False,0.0,0
-18.6876,146.4273,7.51,2023,29.11,0.08,7.829,34.67,11.13,39.43,False,0.0,0
10.3476,179.1541,1.91,2019,27.68,0.0,8.133,36.12,4.31,73.22,False,0.0,0
28.6204,-120.9188,13.57,1993,30.0,1.91,7.965,33.59,12.8,28.21,False,31.45,1
-23.8864,-160.3719,21.43,2023,28.68,1.36,8.046,34.78,8.61,48.8,False,0.0,0
-29.5008,-61.2968,14.18,2021,27.77,0.0,8.056,35.35,4.68,21.16,False,0.0,0
-3.985,-13.8027,14.34,2010,28.35,0.0,8.168,35.83,10.39,41.77,False,0.0,0
-24.4425,-106.2644,20.42,2013,27.92,0.0,7.83,36.54,13.76,68.84,False,0.0,0
14.9031,-71.487,8.38,1998,29.73,4.64,8.12,33.65,8.0,27.45,True,81.94,1
24.8729,-107.6865,22.8,2013,28.99,0.0,8.052,34.66,13.0,51.34,False,0.0,0
-3.9587,98.7338,5.44,2014,28.86,0.0,8.047,33.91,14.07,71.27,False,0.0,0
-14.4773,76.5281,12.48,1997,26.84,0.0,8.049,35.19,5.94,60.78,False,0.0,0
-3.9358,48.5825,20.02,2018,26.87,0.0,7.867,33.82,12.53,33.64,False,0.0,0
13.4069,-40.6016,25.02,2014,26.78,0.0,7.966,33.96,11.78,86.53,False,0.0,0
-29.4568,147.2547,23.95,2017,26.35,0.0,7.955,33.49,8.57,41.94,False,0.0,0
5.3672,169.0317,21.93,2008,28.59,0.0,7.992,35.26,1.3,35.4,False,0.0,0
6.7975,-117.4898,11.41,2021,27.78,0.0,8.03,36.2,12.15,61.92,False,0.0,0
8.2613,-99.7154,4.55,2017,26.51,0.0,7.924,33.5,1.26,72.53,False,0.0,0
-15.4787,9.2272,7.29,1997,27.71,0.0,8.094,36.17,14.53,56.88,False,0.0,0
12.8432,-147.1498,26.08,2012,26.62,0.0,8.147,36.86,7.12,39.32,False,0.0,0
-24.5165,-22.8786,25.86,2012,30.77,5.71,8.01,34.91,0.89,24.95,True,79.58,1
-18.0438,29.4449,28.6,2021,28.98,1.16,8.113,35.14,3.84,79.7,False,16.31,0
22.6482,7.9465,3.2,1999,27.63,0.0,7.925,36.05,3.83,45.53,False,0.0,0
14.3234,-60.8729,16.57,2006,28.71,0.0,8.257,36.0,13.02,77.88,False,10.34,0
-29.1753,15.2805,19.81,1992,27.84,0.0,7.96,33.43,1.57,43.62,False,0.0,0
-15.0974,165.1683,21.61,2018,28.92,0.0,8.017,36.31,3.0,51.39,False,0.0,0
-17.1356,-105.8337,19.67,2016,29.59,0.66,7.945,33.44,5.82,75.92,False,8.57,0
-13.7516,55.7393,23.33,2020,28.42,0.0,7.958,35.27,3.07,52.91,False,9.43,1
-15.1464,-164.3772,11.42,2023,28.18,0.0,8.038,35.01,3.28,24.33,False,0.0,0
-26.2484,-156.0901,6.2,2001,28.03,0.0,7.869,36.31,3.59,69.98,False,0.0,0
-2.4636,18.6582,6.93,2014,29.18,1.08,7.995,33.54,2.57,68.81,False,4.9,0
13.964,-142.2219,1.35,1991,28.73,0.0,7.962,35.58,9.47,39.59,False,0.0,1
6.4039,-171.9552,11.16,2019,28.38,0.0,7.985,36.58,1.53,66.41,False,0.0,0
10.3723,-118.2553,3.66,1998,26.1,0.0,8.166,35.21,5.67,40.49,False,0.0,0
-25.131,23.3457,10.32,2012,29.76,0.43,8.027,36.46,10.24,30.7,False,46.48,1
27.0894,73.2027,19.22,1998,30.56,4.45,8.016,36.53,5.0,22.62,True,77.55,1
20.3095,-107.1077,26.94,2009,29.86,4.4,7.873,34.01,5.48,20.91,False,39.19,1
18.3054,60.5734,25.35,1990,29.01,0.24,8.005,36.52,11.64,23.95,False,7.08,0
19.379,-114.3085,8.33,2012,26.89,0.0,8.143,35.73,11.89,50.15,False,0.0,0
25.9626,40.8447,4.89,2007,28.0,0.0,7.858,36.44,11.24,69.1,False,0.0,0
2.6552,-31.6945,6.6,2021,27.0,0.0,7.92,34.06,5.33,48.55,False,0.0,0
-17.9831,55.3678,29.16,1998,28.7,0.0,7.95,34.51,8.19,45.8,False,0.0,0
7.007,178.219,16.93,2000,27.21,0.0,7.888,35.41,13.17,62.88,False,0.0,0
14.5729,157.6141,6.29,1990,29.21,1.21,8.023,36.02,6.69,77.06,False,37.18,0
14.275,-178.4586,25.38,2000,26.89,0.0,7.797,36.93,4.46,51.92,False,0.0,1
1.2869,138.758,12.46,2022,29.16,0.0,7.823,33.27,0.92,49.85,False,26.72,0
-25.8925,-156.0633,27.08,2019,26.41,0.0,8.055,35.17,8.78,56.05,False,0.0,1
-7.7332,163.0968,8.56,1994,28.67,0.0,7.86,35.19,3.62,64.27,False,13.32,0
25.246,-78.5428,12.4,1990,27.24,0.0,8.173,36.62,11.08,43.18,False,0.0,0
5.0669,-42.4675,15.64,1999,31.11,4.68,8.183,33.94,1.72,21.24,True,100.0,1
2.2999,-147.0102,26.89,2002,28.9,0.14,8.022,33.64,6.5,39.5,False,0.0,0
-13.8688,-139.5818,26.19,2016,27.95,0.0,8.025,34.93,5.35,50.8,False,0.0,0
-7.8931,81.6266,17.66,1997,27.04,0.0,8.025,35.9,4.55,49.6,False,0.0,1
23.7208,159.9596,7.43,2017,29.25,1.48,7.913,36.89,14.84,30.59,False,25.44,1
9.9878,39.8695,12.7,1991,27.19,0.0,8.067,35.29,1.94,50.23,False,0.0,0
17.2432,77.706,29.29,2001,27.45,0.0,8.16,35.9,0.54,45.42,False,0.0,0
-2.7393,94.3091,18.63,2016,29.95,0.88,8.047,34.11,0.72,64.14,False,2.56,0
7.8148,-85.3869,23.65,2002,29.06,1.3,7.963,35.71,2.0,59.26,False,5.73,0
-15.097,-163.7173,14.05,2011,27.19,0.0,8.1,33.97,12.8,78.9,False,0.0,1
12.3276,-179.3258,16.43,2004,29.61,3.9,8.027,34.98,2.87,54.79,False,45.74,1
-4.3439,-53.7663,13.44,2020,30.11,2.26,7.983,33.19,8.81,62.4,False,36.3,1
-3.4473,-93.0729,21.38,1996,30.06,4.09,7.872,34.29,9.73,21.51,True,84.22,1
8.9593,-157.5656,25.69,1996,29.96,2.64,8.168,36.13,11.62,35.7,False,47.17,1
26.1768,-115.3698,15.71,2001,28.72,1.15,8.172,33.27,2.39,71.64,False,0.0,0
-26.1596,-135.1804,14.95,2003,29.53,0.67,8.055,34.27,2.37,69.5,False,5.03,0
19.4846,149.3562,10.87,2023,28.92,0.01,7.951,33.68,5.0,46.04,False,0.0,0
-12.457,-129.5038,6.14,1998,26.77,0.0,7.868,35.51,1.99,35.91,False,0.0,0
-3.3648,13.5534,28.24,2022,28.11,0.0,8.068,35.98,4.52,32.26,False,0.0,0
-28.6852,33.5181,10.17,2001,29.85,3.24,7.977,33.44,9.12,28.18,False,31.38,0
-11.9372,15.6562,24.22,2023,31.37,4.38,7.983,35.09,6.72,21.38,True,90.79,1
0.1579,-144.3397,21.75,2016,30.74,3.76,8.174,35.73,4.81,51.49,False,70.39,1
-26.6294,-65.2326,23.94,2011,29.45,0.0,7.932,36.96,5.37,43.14,False,0.0,0
-0.5343,-161.5427,28.17,2007,28.72,0.19,8.063,33.87,3.89,29.21,False,0.0,0
25.6266,-37.5588,19.08,2007,27.66,0.0,8.045,33.29,6.99,52.04,False,0.0,0
-23.6764,-112.1044,27.04,1996,26.84,0.0,8.084,34.03,7.16,38.42,False,0.0,0
15.8664,22.1877,5.86,1993,28.27,0.0,8.102,35.24,13.49,55.95,False,0.0,0
-5.4197,69.411,19.17,2005,29.06,2.01,7.877,35.53,10.19,60.19,False,25.64,1
9.3104,11.5631,23.4,2011,28.06,0.0,8.203,34.51,9.64,63.63,False,0.0,0
-14.3858,-23.6748,8.88,2009,28.91,0.0,8.066,34.74,4.3,55.46,False,0.0,0
-20.4305,-40.56,22.48,2020,28.95,0.08,7.923,35.19,5.44,64.78,False,0.0,0
-20.3722,123.009,23.58,2022,29.91,1.1,8.051,33.62,13.15,56.44,False,45.29,1
-25.7705,-101.0275,25.1,2002,28.16,0.0,8.074,36.85,8.71,77.91,False,0.0,1
-18.8612,84.3186,10.07,2009,28.22,0.0,7.885,35.69,3.11,60.73,False,0.0,0
9.8532,92.6936,20.77,2011,28.38,0.0,8.118,35.08,11.03,31.15,False,0.0,0
22.9014,-29.088,9.82,2012,27.12,0.0,7.959,35.93,1.43,39.03,False,7.48,0
18.8475,-72.9718,22.43,2022,27.4,0.0,7.893,33.4,13.46,47.63,False,0.0,0
11.1081,-10.6051,14.43,2019,28.02,0.0,7.895,36.15,8.42,39.45,False,0.0,0
-23.3741,-146.443,18.33,2003,29.15,1.78,8.072,33.77,14.72,68.55,False,0.0,0
-12.6488,-163.4652,13.06,1997,28.01,0.0,8.154,33.32,4.51,44.29,False,9.67,0
-11.4116,-139.8228,5.7,2011,30.2,1.72,7.902,36.54,2.1,41.76,False,18.19,0
-15.0026,-112.6278,6.16,1993,30.11,3.76,8.02,35.81,7.6,47.82,False,86.17,1
0.9003,1.5037,3.25,1997,28.52,0.0,7.966,33.15,8.44,67.24,False,12.81,0
2.1332,125.6892,18.92,2023,30.27,5.56,7.975,36.73,11.42,41.16,True,100.0,1
-8.5868,-95.1688,25.61,2011,29.9,3.96,7.971,36.99,9.21,67.47,False,49.77,1
-8.7727,156.6583,1.6,2014,29.07,3.6,8.032,35.47,6.33,49.88,False,47.71,1
19.7133,163.7668,2.92,2014,26.95,0.0,8.094,33.59,3.2,66.44,False,0.0,0
17.3576,165.2057,14.27,2006,27.1,0.0,8.061,35.06,13.38,63.88,False,0.0,0
-11.5323,121.5226,22.39,2005,29.82,2.6,7.94,35.71,5.03,28.44,False,27.11,1
24.8273,-49.023,5.57,2004,28.1,0.0,8.026,33.74,3.59,38.68,False,0.0,0
27.1689,-153.8338,8.88,2006,26.48,0.0,7.871,34.55,4.33,31.82,False,0.0,0
-10.3954,24.7747,7.73,2022,28.53,0.0,7.968,33.44,8.42,33.93,False,25.28,0
-8.7345,21.1253,12.57,2007,26.93,0.0,7.966,35.32,0.7,62.53,False,0.0,0
0.338,125.9913,7.52,2019,29.69,2.91,7.935,34.37,11.75,36.73,False,42.74,1
26.4672,178.5568,11.23,2012,30.03,4.55,8.165,34.41,11.99,54.95,True,63.64,1
22.5792,2.9366,22.13,1996,27.3,0.0,7.913,34.84,13.2,36.61,False,0.0,0
-23.8459,-55.7265,18.72,1999,26.58,0.0,7.986,34.01,12.35,83.0,False,0.0,0
-6.4362,-113.0754,3.35,2005,28.26,0.0,8.091,35.47,1.78,34.18,False,1.86,0
3.2023,-178.2721,19.49,2017,26.79,0.0,7.893,35.69,8.18,47.12,False,0.0,0
0.1879,3.2809,14.84,2012,27.09,0.0,7.896,34.0,2.94,51.06,False,2.32,0
-18.3682,19.9867,28.1,2023,30.07,5.32,8.092,36.08,2.01,32.35,True,59.41,1
21.529,116.9779,9.39,2007,28.09,0.0,8.007,33.21,0.55,38.05,False,0.0,0
10.6164,1.6477,22.06,2012,28.43,0.0,7.969,35.77,0.94,35.29,False,0.0,0
20.2745,149.9286,22.19,2009,27.56,0.0,8.078,34.74,5.61,20.55,False,0.0,1
21.5259,46.1101,7.42,2020,28.31,0.0,8.043,35.49,0.76,32.1,False,0.0,0
14.9014,122.521,27.19,2003,27.17,0.0,7.937,34.59,6.71,57.94,False,0.0,0
-3.6474,-126.6114,15.24,2012,28.19,0.0,7.995,34.51,2.42,39.51,False,0.0,0
6.6328,127.921,20.69,1991,26.54,0.0,8.001,33.57,12.45,50.17,False,0.0,0
-20.3781,63.0518,5.23,2018,30.34,5.5,7.82,35.85,6.04,38.29,True,90.93,1
10.4187,-118.7161,8.48,1998,27.76,0.0,8.288,34.2,9.77,57.31,False,0.0,0
-19.2448,-111.6851,18.0,2022,29.02,0.0,8.04,34.72,7.35,34.5,False,25.93,0
11.637,153.5402,10.25,2001,30.37,5.15,8.044,36.03,7.13,37.79,True,100.0,1
-16.2241,-168.4025,15.49,2008,29.73,3.95,8.043,33.92,7.37,65.53,False,48.65,1
-22.9469,-13.4874,11.85,2009,28.08,0.0,8.062,34.8,4.55,62.55,False,0.0,0
-20.0829,-67.1489,19.58,2020,27.87,0.0,7.999,34.28,2.29,45.19,False,0.0,0
-29.8805,59.4279,15.13,2010,29.46,2.86,7.933,35.86,13.32,52.54,True,69.64,1
13.1244,122.2666,1.13,2002,29.08,0.0,7.913,36.85,11.44,44.29,False,24.94,0
13.9441,-50.2639,19.84,2016,27.17,0.0,8.101,36.8,4.14,62.44,False,0.0,0
0.896,-26.3152,13.24,2014,27.09,0.0,7.863,34.99,0.74,45.81,False,0.0,0
-20.3182,173.4904,10.91,1991,28.42,0.0,8.229,33.68,8.17,73.7,False,0.0,0
-24.9867,102.2099,3.73,1997,25.84,0.0,8.173,36.86,1.8,63.45,False,0.0,0
-28.8523,142.9935,7.39,2022,28.56,0.0,8.033,36.56,10.81,43.33,False,0.0,0
-20.0551,-22.0456,7.49,2014,27.89,0.0,7.959,33.63,4.94,43.93,False,0.0,0
23.4513,-95.7326,28.13,2010,28.89,0.0,8.098,34.09,9.02,57.07,False,9.77,0
-15.5078,-31.7292,13.54,2002,26.5,0.0,8.037,33.44,6.87,68.0,False,0.0,0
-8.7437,77.7931,2.22,1998,28.0,0.0,7.934,36.82,1.8,74.17,False,0.0,0
-23.6793,-140.6051,5.03,1999,26.4,0.0,8.133,33.28,14.68,63.3,False,0.0,0
-16.6583,-82.6311,3.29,1994,28.78,0.0,8.113,34.58,0.52,47.91,False,0.0,0
1.1535,-163.2111,18.08,2020,30.81,5.14,7.963,36.35,14.03,57.28,True,100.0,1
6.4652,-24.3548,6.41,2013,29.26,0.0,7.908,35.17,10.62,39.77,False,1.94,1
-15.2789,117.8805,15.46,2021,26.5,0.0,7.925,35.07,8.45,45.43,False,0.0,1
-26.5361,-171.1211,11.73,1992,28.29,0.0,8.066,34.53,12.51,54.21,False,0.0,0
-6.538,63.1165,24.31,2005,28.3,0.0,8.099,33.04,0.91,30.99,False,0.0,0
-15.9478,155.6985,10.29,2009,29.81,3.57,7.913,33.6,2.49,46.2,False,52.56,1
-16.8268,-94.706,14.29,2013,29.41,0.0,7.911,35.31,9.19,60.52,False,30.81,1
27.5918,69.7085,21.92,2023,26.71,0.0,7.876,36.21,8.22,51.95,False,0.0,0
6.978,171.0367,13.57,2012,27.12,0.0,7.958,35.59,8.47,49.48,False,0.0,0
3.4127,166.4201,24.0,1991,29.25,0.91,8.174,36.04,12.88,57.3,False,25.89,0
-5.0535,-95.4255,20.19,1994,26.93,0.0,7.906,33.83,10.16,48.85,False,0.0,0
-4.2633,-143.8808,12.91,2007,30.42,4.27,8.121,35.25,5.63,51.35,True,76.46,1
2.4543,-126.6183,15.62,2018,29.89,2.18,8.196,34.48,9.31,47.66,False,49.48,0
11.7858,72.7328,29.05,1999,29.01,0.0,8.065,34.34,10.6,29.28,False,1.46,0
12.1288,81.2732,20.19,2005,27.0,0.0,8.096,34.7,3.3,66.0,False,0.0,0
-19.6984,62.7252,27.24,2012,27.77,0.0,8.017,36.49,0.88,40.78,False,0.0,0
0.0068,-59.0118,6.18,2019,27.79,0.0,8.045,36.54,7.81,57.69,False,0.0,0
-5.2825,-118.8803,15.01,1995,29.62,3.6,8.07,36.15,10.29,45.2,False,47.07,1
22.2316,29.074,27.35,2009,26.62,0.0,8.031,34.5,13.1,41.38,False,0.0,0
7.8851,-5.875,10.36,2005,27.35,0.0,7.938,33.1,8.94,45.45,False,0.0,0
1.9502,82.3803,29.06,2017,27.31,0.0,8.052,34.47,9.01,80.73,False,0.0,1
-23.0763,-21.1104,3.82,2015,27.11,0.0,7.909,36.3,7.84,60.06,False,0.0,1
6.3383,-58.0897,27.18,2011,29.93,2.66,7.92,33.39,13.91,45.32,False,12.49,0
-22.9678,-74.3477,13.91,2000,30.27,3.96,7.894,35.67,12.96,63.2,False,47.46,1
-9.7676,-103.8707,3.14,1990,28.45,0.71,7.967,36.44,7.87,65.77,False,23.73,1
-21.4295,-84.3313,26.51,1994,30.14,4.42,7.981,34.87,10.31,59.37,True,76.39,1
11.5244,-145.861,8.31,1991,27.0,0.0,8.029,33.17,9.96,56.61,False,0.0,0
-17.6249,-55.1315,1.65,1995,28.46,0.0,8.108,35.01,4.09,79.29,False,8.15,0
-6.4884,-166.8349,4.94,2016,27.57,0.0,8.091,35.77,3.94,76.35,False,0.0,0
23.7405,-112.891,20.11,2015,28.2,0.0,7.877,35.63,14.99,32.93,False,1.57,0
-17.741,88.8374,29.36,2002,26.76,0.0,8.106,35.05,12.43,57.05,False,0.0,0
0.4683,-62.8312,4.23,2001,28.82,0.0,7.86,35.41,11.32,39.56,False,8.85,0
-4.8437,60.5653,14.4,2007,28.48,0.0,7.91,34.11,13.91,42.05,False,6.91,1
-28.9126,78.0783,6.24,1995,29.13,0.87,8.077,33.85,11.07,67.76,False,10.85,0
17.5655,29.2267,22.61,2017,28.36,0.0,8.132,36.55,12.15,54.44,False,0.0,0
-25.8572,165.1312,4.42,2017,26.95,0.0,7.963,34.15,4.68,43.16,False,0.0,0
-1.5447,-172.2816,7.96,2014,26.91,0.0,7.989,35.77,7.86,50.81,False,0.0,0
3.6407,85.915,6.7,1994,29.57,0.0,7.826,33.74,6.7,37.87,False,26.85,0
7.7056,165.1632,17.02,2004,28.34,0.0,7.935,34.72,5.23,44.79,False,0.0,0
11.3179,130.4178,26.32,1998,29.27,2.71,8.135,33.57,11.26,52.83,False,34.44,1
-14.8037,-119.5586,15.82,1991,27.75,0.0,7.867,34.18,7.14,39.98,False,0.0,0
-29.4013,-62.3447,2.69,1998,29.69,2.18,7.91,33.72,13.77,38.19,False,44.21,1
13.4066,-117.9173,17.34,2015,30.39,2.11,7.999,36.82,6.29,27.79,False,53.84,1
2.1394,36.471,24.13,2012,27.99,0.0,7.986,33.06,6.86,79.61,False,0.0,0
20.1671,76.3877,4.83,2017,27.62,0.0,8.107,34.39,13.41,40.56,False,0.0,0
19.2833,-65.8534,3.11,1995,27.59,0.0,7.992,35.52,0.93,55.09,False,0.0,0
20.5996,14.2224,6.45,1993,25.53,0.0,8.145,36.51,8.0,43.32,False,0.0,0
-0.8943,68.7314,22.64,2019,29.54,0.0,8.087,36.99,4.11,64.33,False,0.0,0
-9.9823,-28.3177,18.16,2007,28.38,0.0,7.948,35.43,6.73,59.46,False,0.0,0
17.4935,127.4456,16.68,2019,30.15,4.71,8.072,36.67,10.19,23.63,True,94.31,1
-2.9224,97.758,8.23,2016,30.06,2.96,8.103,36.79,9.48,26.31,False,26.8,0
-18.9935,-156.7204,10.63,2020,29.94,4.15,7.932,35.15,5.44,19.77,True,86.2,1
21.2984,43.6051,29.01,2019,27.43,0.0,8.196,33.46,5.12,46.7,False,0.0,0
22.9536,-95.2828,7.98,2001,27.77,0.0,8.172,35.01,5.82,41.73,False,0.0,0
-2.0214,20.7066,27.15,2006,29.57,0.92,7.835,34.94,11.22,73.46,False,0.63,1
-25.458,164.4798,17.84,2023,30.39,6.26,7.988,35.19,6.97,61.41,True,100.0,1
-6.7304,136.4623,4.58,2017,28.47,0.0,7.873,34.41,2.61,31.28,False,0.0,0
18.2123,-34.3741,14.55,1993,26.74,0.0,8.144,35.67,13.81,70.31,False,0.0,1
24.1064,-75.055,28.51,2023,28.58,0.0,7.862,34.86,5.47,36.92,False,2.88,0
-17.7916,-95.6139,13.14,2003,29.35,2.38,7.974,35.28,7.12,26.9,False,44.86,1
-25.9816,11.7054,26.04,2002,28.92,0.0,8.126,34.21,7.86,59.19,False,0.73,0
22.641,-138.8706,8.44,1992,26.91,0.0,8.045,34.76,10.88,37.31,False,0.0,0
-6.6357,17.739,17.56,2010,28.59,0.0,8.149,35.85,4.64,46.76,False,13.59,1
2.5057,-179.5199,25.47,2005,26.22,0.0,7.999,33.43,11.68,37.12,False,0.0,0
28.0839,-63.4141,27.7,2015,29.27,1.0,8.073,36.2,0.54,39.41,False,15.57,0
-26.0061,-100.8236,15.09,1995,29.12,0.0,8.153,34.69,11.25,32.88,False,22.05,0
8.8991,169.6388,19.55,2007,29.25,1.79,7.85,36.9,2.93,68.62,False,34.78,0
-25.5537,81.8072,1.09,1995,28.88,0.0,8.047,35.12,3.19,38.18,False,0.0,0
-7.4719,-54.1248,8.34,2014,26.61,0.0,8.165,33.23,8.35,87.04,False,0.0,0
18.2289,-146.5758,9.08,2013,28.69,0.0,8.144,35.04,4.96,78.94,False,0.0,1
-3.9917,6.0482,3.71,2019,30.03,0.78,7.933,35.12,2.51,72.66,False,42.55,1
29.8309,-103.1588,9.11,2012,29.24,1.16,8.137,35.67,3.13,72.88,False,0.0,0
3.5436,13.1146,10.31,1997,27.52,0.0,7.948,33.66,13.67,29.68,False,0.0,0
-10.7303,120.7304,29.09,1998,27.03,0.0,8.225,34.91,10.76,75.92,False,0.0,0
-16.7933,41.6853,20.39,1995,26.86,0.0,7.989,34.55,2.75,42.33,False,0.0,0
-8.9688,48.1638,13.35,2022,26.91,0.0,8.156,36.67,12.18,61.63,False,0.0,0
-7.648,14.7709,29.65,2022,26.61,0.0,7.905,34.18,14.38,56.81,False,0.0,0
-25.8772,153.8156,5.44,1996,27.27,0.0,7.901,33.07,1.98,31.97,False,0.0,0
-7.8255,155.485,14.81,2007,28.77,0.38,8.03,34.99,10.79,46.66,False,0.0,0
-2.1457,4.5804,19.76,1995,28.36,0.0,7.941,36.85,4.41,49.53,False,0.0,0
13.3643,-69.9266,2.61,2010,26.96,0.0,7.961,35.57,8.29,68.71,False,0.0,0
9.4038,-14.5487,21.79,2015,27.6,0.0,8.002,35.4,3.82,41.4,False,0.0,0
12.5259,-112.8392,3.9,2004,30.67,6.49,8.058,36.33,2.57,52.77,True,100.0,1
-29.4982,49.084,5.07,2019,29.0,0.0,8.031,33.62,8.5,23.0,False,1.93,0
-16.94,0.0332,5.63,2000,29.91,1.49,7.884,34.41,12.56,60.88,False,51.26,1
9.7011,-142.8118,27.94,1997,28.98,0.03,8.012,33.83,14.5,59.73,False,2.79,0
-0.9606,-108.8468,20.81,1994,25.64,0.0,8.141,34.54,12.23,46.47,False,0.0,0
-29.6812,-7.3325,20.01,1997,29.0,0.0,7.88,33.22,4.27,38.75,False,5.08,0
18.2697,139.532,17.11,1994,28.07,0.0,8.004,34.64,9.74,39.3,False,0.0,0
16.3686,23.9007,9.49,1999,27.71,0.0,7.944,33.59,2.48,69.06,False,0.0,0
2.9051,65.3526,19.01,2004,29.54,0.0,8.016,35.48,6.48,71.32,False,22.88,0
-26.0122,-57.9497,12.89,1992,29.34,3.36,8.127,34.92,2.66,28.86,True,51.03,1
15.9909,25.7081,5.22,1999,29.17,1.03,8.126,35.67,11.68,77.91,False,11.59,0
5.0228,-18.9433,21.0,1996,29.58,0.0,8.04,34.77,2.67,57.3,False,2.06,0
16.9176,57.2868,4.76,2013,28.45,0.0,7.895,35.5,11.26,41.69,False,13.49,0
15.1048,-161.7928,6.53,2015,28.57,1.19,7.858,33.4,1.97,72.41,False,41.2,0
18.1801,-2.4119,24.71,2023,30.35,4.43,8.049,33.66,8.39,35.15,True,100.0,1
1.0805,-73.4427,20.14,1997,29.17,0.25,8.19,36.87,3.5,71.38,False,0.0,0
-21.5805,-62.5734,19.3,1994,26.91,0.0,7.927,36.36,2.66,62.65,False,0.0,0
10.2694,165.9303,13.13,2015,28.36,0.0,7.928,35.24,6.85,66.31,False,0.0,0
7.2284,-114.2299,12.49,1999,26.44,0.0,8.022,36.99,14.47,32.6,False,0.0,0
14.5352,-67.9517,21.02,2022,26.85,0.0,7.919,33.14,1.76,28.14,False,0.0,0
-19.8071,3.5613,22.46,2020,27.62,0.0,8.163,36.91,6.94,71.12,False,0.0,0
-18.3015,130.6897,15.8,2014,28.04,0.0,8.103,33.24,1.84,36.48,False,0.0,0
23.4246,-29.9988,29.11,2002,26.14,0.0,7.957,35.57,4.03,63.34,False,0.0,0
14.9987,87.7915,28.72,1990,27.93,0.0,8.111,35.33,4.45,29.26,False,0.0,0
24.4937,128.2947,12.96,2013,28.97,0.0,8.029,36.5,7.85,58.12,False,0.0,0
15.5229,-68.3941,24.8,2016,27.71,0.0,8.063,35.34,11.84,44.85,False,0.0,0
5.8293,-38.6099,16.75,2007,27.76,0.0,8.164,33.88,5.35,66.58,False,0.0,1
9.248,-51.6398,15.84,2004,29.31,0.0,8.031,33.86,11.81,58.65,False,21.54,0
23.3477,119.8281,2.59,2006,29.59,4.78,7.828,35.94,0.73,39.92,True,80.33,1
4.7284,-164.0351,17.65,2018,27.89,0.0,8.175,36.34,1.31,79.12,False,0.0,0
7.9435,-68.9684,27.12,1994,28.91,1.74,8.188,34.94,2.96,81.01,False,44.54,1
-20.6114,64.5871,23.62,2000,27.73,0.0,8.186,36.23,6.99,76.85,False,0.0,0
-1.5647,23.5597,23.8,2005,26.9,0.0,7.919,33.63,5.83,54.13,False,0.0,0
12.9838,-22.9358,5.64,2023,30.03,1.8,7.905,35.13,11.0,28.93,False,22.8,0
-13.7434,14.3814,11.4,2006,29.68,1.39,7.916,34.91,14.9,72.67,False,20.77,0
-17.8647,-108.8695,7.76,2022,29.24,0.0,7.983,36.32,12.07,55.49,False,19.22,0
-11.1704,-24.942,10.16,2020,27.33,0.0,8.145,36.68,12.36,32.16,False,0.0,0
-15.51,0.6131,17.81,2007,27.19,0.0,7.931,33.45,14.82,71.58,False,0.0,0
-17.1052,144.4281,11.58,2014,27.61,0.0,8.081,35.33,7.21,47.24,False,0.0,0
-4.5089,-86.0993,17.26,1994,27.86,0.0,8.057,34.66,14.52,83.94,False,1.99,0
24.4703,132.4183,13.72,2019,28.5,0.3,8.035,34.91,8.97,61.14,False,0.0,0
0.4236,51.9269,9.31,2012,27.94,0.0,8.016,36.34,10.31,61.37,False,0.0,0
-18.7248,-172.6773,3.77,2007,27.32,0.0,8.025,35.68,0.93,41.26,False,0.0,0
-25.3817,80.8673,26.86,2021,28.3,0.0,8.105,35.03,7.29,71.03,False,0.0,1
11.7694,-167.2013,1.33,2019,28.52,0.08,7.929,35.25,14.64,70.75,False,6.15,0
-7.0321,179.0572,1.05,2018,27.33,0.0,8.012,36.42,14.01,63.21,False,0.0,0
19.3099,134.1492,24.98,1998,27.64,0.0,8.072,36.35,6.11,75.78,False,0.0,0
9.5706,-72.9563,29.91,2012,31.34,7.09,8.05,34.37,8.79,20.08,True,100.0,1
17.7745,-87.332,22.09,1992,29.04,0.01,8.024,33.45,12.8,58.06,False,0.0,0
-13.6832,-42.6812,1.44,2011,27.88,0.0,8.068,33.63,5.05,37.77,False,0.0,0
11.5415,-51.7799,7.57,2020,27.52,0.0,7.903,34.29,3.66,65.36,False,0.0,0
-14.1563,-45.9584,29.18,2011,26.48,0.0,8.175,36.86,2.65,53.24,False,0.0,0
26.3441,-65.4204,24.45,2000,28.66,0.74,8.042,36.73,2.33,74.8,False,12.07,0
8.1825,43.608,17.44,1992,27.77,0.0,8.086,36.61,13.43,67.73,False,0.0,0
-10.5293,-120.8651,7.87,2003,26.3,0.0,7.876,35.25,8.9,50.35,False,0.0,0
-13.8293,124.5533,1.42,2008,27.01,0.0,8.032,34.99,8.27,45.76,False,0.0,0
-18.5444,112.4649,1.6,2020,28.49,0.0,7.856,34.0,3.01,43.5,False,1.61,0
11.6785,-8.466,18.75,2021,27.24,0.0,7.952,35.71,6.26,71.72,False,0.0,0
-16.8771,126.9828,1.63,2015,30.22,4.61,8.145,36.52,14.86,51.85,True,100.0,1
5.7182,-91.0278,29.82,1990,25.28,0.0,8.227,36.36,7.49,36.07,False,0.0,0
-14.1219,-173.6764,6.32,1991,29.14,0.0,8.182,36.04,1.29,36.05,False,9.01,0
9.7181,42.9149,21.61,1995,27.44,0.0,7.891,33.98,6.27,83.87,False,11.45,0
18.8964,-15.1526,5.5,2003,27.97,0.0,7.996,35.3,1.28,64.04,False,0.0,0
16.6815,24.1792,16.66,2017,29.16,1.74,7.971,33.9,9.94,60.96,False,16.31,0
15.6511,143.7622,3.34,2022,27.09,0.0,7.859,36.22,6.58,25.09,False,4.53,0
-18.7367,169.1732,23.24,2014,29.3,0.0,7.946,36.69,2.71,52.77,False,0.0,0
-24.6969,48.4031,17.96,2007,27.64,0.0,8.223,36.75,12.78,80.56,False,0.0,0
11.9369,95.06,3.5,2023,27.23,0.0,7.911,36.68,9.05,41.82,False,0.0,0
-7.8992,-149.829,25.61,2001,29.1,0.87,7.943,34.14,7.54,67.62,False,0.0,1
-4.0592,-122.1424,16.86,2016,26.78,0.0,7.878,33.84,11.98,64.17,False,0.0,0
-28.1311,83.9537,27.73,2013,27.0,0.0,7.929,33.33,8.82,73.49,False,0.0,0
-14.4254,-24.7084,27.58,2022,30.18,3.09,8.149,36.0,1.45,52.3,False,63.37,1
-27.9794,-19.4525,27.69,2004,30.59,5.54,7.893,36.85,4.24,46.87,True,100.0,1
22.7511,-68.9012,3.26,2021,29.64,2.0,7.984,33.48,8.82,31.33,False,14.61,0
-15.3962,38.6483,4.51,2006,28.56,0.34,8.05,34.91,2.03,39.51,False,22.11,0
3.4402,-113.3406,29.64,2002,26.62,0.0,7.988,34.09,4.13,48.42,False,0.0,0
-27.6612,45.6899,15.14,1998,27.23,0.0,8.059,35.92,9.29,73.3,False,0.0,0
10.0108,-117.4324,7.91,1999,28.93,0.0,8.088,36.46,13.92,70.39,False,12.67,0
-10.6184,-157.0226,23.32,1990,30.04,4.3,8.294,34.4,11.12,40.49,True,64.49,1
23.8752,-61.0712,8.66,2023,27.69,0.0,7.985,35.74,7.86,42.09,False,0.0,0
23.2871,-96.7895,22.09,2014,30.15,4.73,7.973,34.59,3.57,39.59,True,76.27,0
-10.4826,140.037,25.28,2011,29.66,4.23,7.961,36.79,3.29,49.38,True,64.1,1
24.0577,-160.2168,23.74,1999,28.48,0.25,7.999,33.01,11.75,49.91,False,0.0,0
29.7695,-116.4191,8.95,2015,30.3,4.47,7.874,36.07,13.93,37.82,False,52.78,1
19.5249,17.5391,12.65,2008,27.99,0.0,7.963,33.17,2.25,64.67,False,5.32,0
20.6923,-6.8158,12.98,1993,27.67,0.0,8.007,35.9,10.29,39.39,False,0.0,1
-15.0595,-163.4933,15.25,1994,28.26,0.0,8.135,36.8,11.05,61.05,False,0.0,0
4.6021,-177.3891,5.85,2018,28.78,1.99,7.855,36.54,7.9,77.61,False,16.59,0
-25.9646,175.7045,14.12,1994,29.74,4.28,8.083,33.48,5.3,48.84,True,78.79,1
-24.3049,57.1805,15.81,1990,29.63,3.91,7.941,33.29,10.77,19.07,True,69.51,1
29.9336,-48.4538,16.42,2017,26.72,0.0,8.041,36.68,7.13,69.27,False,0.0,0
-10.4016,-10.6444,24.78,2008,27.67,0.0,7.974,34.1,7.15,60.94,False,0.0,0
14.891,-84.042,16.0,1990,28.28,0.0,7.879,33.7,1.98,75.64,False,0.0,1
18.3999,-55.8454,7.69,2018,27.9,0.0,8.136,33.93,9.63,68.8,False,0.0,0
21.4814,53.656,20.23,2021,27.61,0.0,7.986,35.14,1.82,66.72,False,0.0,0
29.8577,137.8122,24.12,2003,28.79,0.0,7.79,33.27,4.55,29.95,False,0.0,0
-15.5102,-113.7132,10.26,2021,28.64,0.0,7.989,33.11,3.11,71.83,False,0.0,0
-27.579,122.5301,19.71,1998,29.62,4.15,8.011,35.35,14.2,38.43,True,66.88,1
-5.3285,-136.2396,5.26,2008,27.29,0.0,8.263,34.75,1.66,38.57,False,0.0,0
-22.1952,-102.6028,10.92,2000,27.34,0.0,7.937,36.6,7.21,37.31,False,0.0,0
-28.6544,-166.6169,27.37,1993,26.01,0.0,7.967,35.23,9.39,71.39,False,0.0,0
-8.3744,-129.3077,27.43,2014,28.63,0.0,7.909,35.33,7.26,69.41,False,0.0,0
17.0243,150.2291,17.68,2006,28.64,0.0,7.847,36.68,10.1,45.4,False,0.0,0
3.9708,-14.6021,21.37,1997,26.23,0.0,7.936,33.38,0.96,64.59,False,0.0,0
-11.2333,-152.0403,25.77,1990,26.14,0.0,7.941,34.83,13.95,61.29,False,0.0,0
9.2605,165.5017,28.8,1991,25.81,0.0,8.068,34.61,5.64,57.96,False,0.0,0
-16.0789,136.4372,15.21,1999,29.61,3.96,8.186,36.12,6.78,52.63,False,45.76,1
-29.1371,91.6857,17.29,2016,27.29,0.0,7.961,34.68,8.3,70.44,False,0.0,0
15.8612,156.0502,13.05,2016,27.75,0.0,8.021,34.94,9.84,50.65,False,0.0,0
7.4246,-100.7534,3.09,2002,27.04,0.0,7.927,34.89,2.32,48.97,False,0.0,0
15.7382,121.0929,13.26,2000,29.29,0.68,7.919,36.17,5.82,43.45,False,0.0,0
-27.6637,68.3968,23.93,2003,26.29,0.0,8.247,35.69,9.14,40.25,False,0.0,0
20.2272,133.1133,24.34,2021,26.81,0.0,7.973,34.71,8.15,73.67,False,0.0,0
7.1716,106.8882,26.88,2005,26.34,0.0,8.067,33.29,1.25,27.24,False,0.0,0
3.8037,-55.2618,2.49,2018,28.35,0.0,8.125,36.34,11.38,65.4,False,0.0,0
7.4768,98.7835,16.29,2023,28.05,0.0,7.833,36.97,6.11,59.27,False,0.0,0
21.866,-85.5157,4.12,2015,28.26,0.0,7.844,35.97,0.78,69.06,False,0.0,0
5.2162,-61.7068,6.82,1994,28.7,1.25,7.958,34.73,12.05,67.59,False,18.03,0
4.857,-141.1539,27.11,2008,29.84,2.34,8.004,34.57,0.58,32.4,False,33.93,1
29.4407,156.6276,15.41,2017,29.88,3.96,7.847,35.39,3.43,34.82,False,41.26,0
15.4038,-75.2388,23.0,2017,27.29,0.0,8.044,33.85,11.01,76.84,False,0.0,0
-3.4624,7.4241,2.87,2006,26.64,0.0,7.923,33.63,9.1,36.7,False,0.0,0
12.4438,-39.1202,13.09,2008,28.92,2.97,7.85,33.45,8.59,38.82,False,33.79,1
-6.6462,165.5741,20.55,2016,29.58,2.96,7.933,36.88,7.85,71.68,False,40.87,1
-16.2675,-59.3823,4.87,2001,31.05,5.73,8.103,35.64,14.39,66.47,True,100.0,1
5.8111,100.2765,10.45,1992,29.43,1.35,8.002,35.22,1.36,44.51,False,21.28,0
25.6909,127.9498,2.87,1993,28.97,0.0,8.049,36.53,7.2,58.51,False,20.61,0
25.7484,-23.1817,19.89,2000,26.77,0.0,7.926,34.32,14.55,36.28,False,0.0,1
-9.4857,-43.8581,29.16,2023,26.59,0.0,8.112,35.04,4.31,67.73,False,0.0,0
1.6606,89.1885,24.98,2007,30.49,4.36,8.065,33.56,0.98,42.38,True,71.14,1
-17.3018,148.6426,29.26,2007,28.84,0.0,8.067,35.43,7.39,70.34,False,0.0,0
29.7379,91.7754,25.52,1995,28.02,0.0,8.136,36.59,11.68,30.27,False,0.0,0
28.8671,-98.2345,25.8,2023,28.9,0.0,8.116,35.99,3.42,50.66,False,18.59,0
8.9705,139.7908,17.74,2022,29.24,3.04,7.978,35.29,4.1,55.23,False,41.05,1
18.2648,-40.4706,16.03,1997,27.98,0.0,8.135,35.08,2.84,57.14,False,0.0,0
12.906,27.4426,12.78,2009,27.21,0.0,8.034,35.41,5.71,82.27,False,0.0,0
5.5895,119.3168,24.72,2009,28.03,0.0,8.031,35.51,13.33,42.01,False,0.0,0
-26.7991,-112.1779,6.28,2007,26.12,0.0,8.165,35.45,3.44,81.72,False,0.0,0
-2.7141,102.4236,2.63,2016,29.08,0.0,8.01,34.87,4.31,74.54,False,1.87,1
10.4872,34.6186,28.49,1994,27.2,0.0,8.178,35.5,13.33,66.77,False,0.0,0
10.6519,141.603,1.11,1996,29.54,2.78,8.128,35.08,13.97,47.81,False,56.78,1
-7.6126,-118.0907,29.33,2011,30.35,3.18,8.004,34.69,1.27,37.72,True,64.49,1
26.5015,-28.5544,22.14,2023,29.07,0.0,8.173,35.09,8.34,57.96,False,0.0,0
-19.9586,119.8235,10.53,2002,27.34,0.0,7.895,36.28,4.8,70.18,False,0.0,0
0.0216,-173.0766,21.24,2021,26.82,0.0,8.061,36.63,2.95,35.56,False,0.0,0
11.453,-139.6075,24.72,2013,27.15,0.0,7.857,35.55,8.01,44.97,False,0.0,0
11.8281,176.6035,8.12,2005,30.24,2.79,7.907,36.45,11.79,52.4,False,35.54,1
8.9183,-79.0581,23.36,2003,28.69,0.68,7.888,33.02,2.99,44.87,False,0.0,0
-13.4827,171.1955,24.33,1996,27.96,0.0,8.089,36.76,5.18,38.99,False,0.0,0
-20.6276,-114.2886,8.23,2001,27.88,0.0,8.087,33.03,8.75,49.13,False,1.54,0
8.1564,-50.006,2.22,2009,29.25,2.68,7.913,36.74,13.44,66.55,False,37.62,1
5.9581,91.033,6.92,2022,28.89,1.39,7.999,33.72,13.42,27.96,False,23.34,0
-19.2386,56.8002,6.82,1995,27.2,0.0,8.188,33.37,10.06,64.01,False,0.0,0
12.3083,29.2041,2.89,2016,27.51,0.0,8.022,36.54,11.18,77.67,False,0.0,0
-2.6897,10.7637,22.05,2002,26.93,0.0,7.95,33.07,2.08,62.53,False,0.0,0
10.0656,123.6386,12.02,1994,27.84,0.0,8.136,36.31,10.32,42.35,False,1.23,0
20.242,-95.4185,26.65,2013,28.55,0.0,8.008,33.81,5.36,58.48,False,8.56,0
-19.8163,-20.7105,8.31,1999,27.54,0.0,7.927,34.6,10.84,32.38,False,0.0,0
-28.8513,-124.0372,14.14,2021,27.73,0.0,8.055,33.03,2.36,49.93,False,0.0,1
16.7462,34.539,19.53,1998,27.54,0.0,8.034,36.89,8.96,27.09,False,0.0,0
6.5818,-89.804,26.45,2001,27.11,0.0,7.931,34.77,5.71,43.33,False,0.0,0
11.9784,-59.8169,16.21,2000,25.88,0.0,8.207,34.73,6.7,44.57,False,0.0,0
20.2893,-10.3497,11.83,1997,27.73,0.0,8.037,33.09,2.08,67.17,False,0.0,0
18.1687,-170.3626,26.14,1999,26.59,0.0,8.237,33.74,10.5,57.5,False,0.0,0
27.6552,-146.9023,10.0,2003,29.99,1.59,7.954,33.78,11.31,35.12,False,44.56,1
2.1561,66.9345,3.3,2019,30.02,2.22,8.004,33.04,2.45,45.59,False,19.71,0
-0.6903,-25.5708,13.91,1990,29.63,0.63,8.028,33.68,7.8,68.68,False,8.07,0
-5.8868,131.3245,23.77,2001,29.32,1.95,8.001,36.76,11.91,50.18,False,1.16,1
-20.7785,70.0819,1.89,1994,28.53,0.0,8.01,35.33,3.74,44.48,False,0.0,0
4.3564,-177.0837,17.99,2003,29.05,0.0,8.174,33.07,1.83,73.48,False,0.0,0
-13.3792,42.0164,18.24,2006,29.5,2.45,8.006,33.86,13.72,46.73,False,44.89,0
25.2785,-146.259,27.93,2011,30.47,6.91,7.92,34.66,11.56,54.87,True,100.0,1
4.9914,101.1359,9.31,2020,28.45,0.0,8.09,33.69,4.91,39.03,False,0.0,0
5.5704,176.9428,9.09,2015,29.69,1.23,8.034,33.63,11.13,52.59,False,40.51,1
-8.7045,11.2316,13.77,2002,27.07,0.0,8.107,36.83,0.92,48.57,False,0.0,0
-26.8806,65.8006,11.35,1992,29.38,0.13,7.931,36.97,12.21,20.57,False,4.6,0
-28.0954,-94.5669,22.35,2000,29.55,2.91,7.961,35.49,6.14,65.61,False,54.32,1
-4.5999,-22.4648,19.61,1994,29.71,2.46,7.945,36.47,4.34,33.23,True,72.8,1
-24.9261,128.1943,23.01,1993,29.56,3.69,8.088,34.74,3.55,47.79,False,47.34,1
6.4108,-119.7277,24.78,2021,27.62,0.0,7.925,33.02,6.48,42.01,False,0.0,0
22.8584,-84.4072,27.77,1999,29.02,0.4,8.107,35.33,9.96,75.82,False,0.0,0
22.9749,-19.6439,13.5,1999,29.59,0.0,8.056,33.66,12.02,58.92,False,25.08,0
9.5427,76.4096,29.56,2007,30.84,2.74,7.924,35.31,0.78,41.33,False,53.25,1
-17.3261,-44.6818,7.25,2012,29.11,0.77,8.06,36.57,14.14,41.96,False,24.56,1
21.7798,153.9836,21.72,2007,28.41,0.0,8.093,36.0,12.64,34.32,False,0.0,0
23.1656,-145.9955,16.49,1992,28.6,0.0,8.105,34.03,14.41,44.87,False,0.0,0
-18.2008,-46.5105,24.69,1990,27.7,0.0,7.876,36.24,4.23,48.06,False,0.0,0
14.2456,75.2235,14.83,2006,27.92,0.0,8.142,35.85,2.82,82.18,False,8.7,0
-12.8088,-98.6448,23.73,1995,27.32,0.0,8.163,36.74,13.18,70.9,False,0.0,0
18.1584,56.3087,27.97,2000,30.32,3.05,8.089,35.48,0.77,34.97,False,40.21,1
29.8343,-120.8819,22.24,2003,28.12,0.0,8.011,36.92,6.53,62.12,False,6.49,0
-28.1984,-159.8471,23.51,2017,30.3,4.1,8.101,35.11,6.73,36.51,True,91.41,1
23.842,-136.4343,2.95,2000,28.02,0.0,8.209,35.1,3.78,54.94,False,12.84,0
7.3578,154.7945,6.94,1993,27.24,0.0,8.014,33.08,3.86,47.89,False,1.62,0
28.403,18.6303,29.25,1995,26.27,0.0,8.105,36.75,10.17,48.65,False,0.0,0
-2.0994,106.6845,21.1,2008,26.7,0.0,7.937,34.72,5.13,41.04,False,0.0,1
20.8433,-60.2444,17.28,2020,29.75,3.16,8.01,36.47,2.0,27.27,False,43.23,1
-26.2564,33.3571,11.64,1991,28.81,0.0,8.014,34.54,5.4,67.71,False,0.0,0
-9.8833,-1.8172,2.29,2014,28.57,0.0,8.113,36.71,7.75,57.85,False,0.0,0
-25.979,160.4657,11.7,2000,27.68,0.0,8.113,36.8,1.09,43.78,False,7.4,0
28.5206,89.1269,15.47,2010,30.35,2.37,7.832,33.08,14.87,52.79,False,36.19,1
19.0184,82.9953,7.13,1992,26.16,0.0,8.082,35.84,10.76,66.09,False,0.0,0
21.1528,-163.3128,6.02,1991,29.79,1.91,8.128,33.13,2.14,66.4,False,40.22,1
26.2779,17.8811,15.74,2000,29.27,4.87,8.142,33.39,1.13,52.62,True,26.85,0
-24.8938,-11.8831,17.99,2013,29.72,0.63,8.214,33.16,14.87,40.65,False,3.86,0
-6.8641,154.0232,7.96,2013,27.87,0.0,8.049,33.12,9.58,32.42,False,8.27,0
-25.7379,-87.3569,18.03,2010,26.04,0.0,7.993,34.65,9.2,28.22,False,0.0,0
-17.3524,-82.86,27.11,2014,28.28,0.0,8.051,34.81,3.72,42.5,False,0.0,0
-16.2381,-31.9154,14.72,1993,26.12,0.0,8.079,34.88,13.18,50.01,False,0.0,0
-1.8536,-92.3869,25.86,2012,30.05,0.05,8.209,33.62,1.52,74.09,False,1.21,0
-13.8863,-133.4938,27.89,2013,28.76,0.0,8.221,34.07,11.61,36.15,False,33.08,0
-23.9413,128.6693,3.68,2010,27.27,0.0,8.004,36.01,2.43,74.16,False,0.0,0
-19.9505,20.9795,3.78,1991,26.86,0.0,8.114,34.4,12.14,38.44,False,0.0,0
-21.1635,130.0906,14.81,2012,29.7,1.37,7.878,34.04,3.61,49.75,False,23.83,0
28.3846,119.2085,18.05,2004,30.57,4.12,8.195,34.35,14.63,33.39,True,95.44,1
15.5576,-78.4648,13.35,2015,29.68,0.0,8.083,36.58,3.44,68.12,False,8.91,1
28.0657,17.1855,10.47,2015,27.69,0.0,8.197,36.56,9.21,76.23,False,1.65,0
-3.6156,-150.0416,19.59,2017,28.97,0.07,8.211,34.75,13.08,36.74,False,0.0,0
-13.2979,149.4907,1.06,2015,27.55,0.0,7.835,36.43,6.78,74.0,False,0.0,0
17.8976,-34.4654,29.07,1991,26.84,0.0,8.06,34.47,7.34,39.68,False,0.0,0
-10.4248,-38.2766,7.73,2021,28.61,0.0,7.897,33.31,14.22,52.93,False,0.0,0
-12.037,-71.0081,27.6,2019,31.54,6.23,8.073,34.81,1.55,78.81,True,100.0,1
-16.0496,-14.1611,4.16,2009,28.38,0.0,7.849,36.62,7.93,65.04,False,11.89,1
-22.2193,-89.3666,7.9,2002,27.42,0.0,7.949,33.27,6.31,30.2,False,0.0,0
-14.6122,-45.0532,7.81,2016,28.37,0.0,7.906,33.99,7.69,60.51,False,0.0,0
-8.6808,107.9809,29.89,2012,28.54,0.0,8.027,33.2,4.76,68.4,False,0.0,0
10.4397,120.332,1.13,2005,28.41,0.0,8.016,36.04,1.54,54.65,False,29.06,0
-26.2461,-70.4943,19.55,2020,30.55,5.37,8.047,36.24,4.13,32.56,True,90.76,1
-17.3696,-11.1548,26.22,2001,29.43,0.52,7.977,36.57,0.81,49.87,False,0.0,0
18.5414,134.5751,20.5,2022,27.05,0.0,8.128,33.32,2.29,51.37,False,0.0,1
-21.1847,-161.0376,11.52,2021,29.41,2.38,8.049,35.61,4.05,69.67,False,8.15,1
-9.4413,140.0922,28.79,1991,25.5,0.0,8.143,35.11,4.78,50.78,False,0.0,0
21.8795,-101.0936,26.91,2012,29.67,1.7,7.94,34.03,5.95,76.97,False,4.72,1
-20.7045,64.2741,13.58,2021,28.68,0.0,8.132,35.71,13.55,48.92,False,0.0,0
-25.0358,29.7186,17.63,2004,28.91,0.0,7.91,33.07,8.7,62.1,False,7.5,1
-0.9277,19.0587,29.06,1997,29.13,2.61,8.064,33.5,13.47,29.8,False,8.64,0
-11.8548,129.3697,29.49,2011,28.14,0.0,8.032,36.65,1.43,44.59,False,0.0,0
3.8045,-143.434,14.04,2023,28.32,0.0,7.832,35.55,5.32,52.42,False,2.54,0
18.2283,-55.0699,25.57,1990,29.53,0.84,8.213,33.43,6.1,53.29,False,0.74,0
-21.7711,13.771,9.76,1999,26.21,0.0,7.983,35.63,1.37,73.35,False,0.0,1
4.8419,112.064,11.78,2005,26.21,0.0,8.056,34.03,13.88,67.92,False,0.0,0
0.3305,-102.0805,5.78,2013,28.87,0.0,8.042,34.35,4.67,69.8,False,0.0,0
-21.3553,109.0547,7.07,2013,27.3,0.0,8.121,33.44,11.83,60.93,False,0.0,0
7.4399,-36.1301,20.05,2003,27.03,0.0,8.146,35.91,7.28,49.39,False,0.0,0
-13.5816,-111.991,15.81,2015,30.01,2.36,7.944,34.16,7.01,28.09,False,25.34,0
-0.7299,93.2351,7.7,2007,28.39,0.0,8.012,33.62,12.8,61.77,False,5.18,1
-25.0637,-147.2764,12.68,2009,29.83,1.24,7.939,36.91,5.35,58.97,False,37.01,1
-2.425,5.3163,11.82,2013,29.84,4.61,7.785,33.68,1.09,18.05,True,64.87,1
-11.6122,-157.0047,29.63,2015,27.82,0.0,7.889,35.5,7.99,36.56,False,0.0,0
19.3429,-51.6896,25.75,2018,30.16,2.53,8.029,33.52,3.95,31.3,False,53.05,1
-26.5813,36.3876,12.25,2011,29.94,3.04,8.076,36.83,5.5,56.11,False,34.69,0
-4.8836,20.2016,27.5,2000,26.83,0.0,8.105,34.83,5.7,74.79,False,0.0,0
-2.4941,-34.324,10.94,2000,30.62,4.06,8.013,35.42,13.4,58.58,True,90.14,1
13.5004,-25.5427,20.37,1992,27.63,0.0,7.924,33.22,13.1,64.52,False,0.0,0
4.4573,-98.363,29.03,2010,31.22,7.78,8.112,36.78,14.04,35.39,True,100.0,1
10.0327,-15.8823,12.32,2000,30.54,3.31,7.984,35.65,8.85,40.73,False,76.03,1
16.623,163.1717,20.72,1997,27.71,0.0,8.003,33.57,9.12,75.95,False,0.0,0
21.7322,126.1631,9.58,2020,28.63,0.0,7.892,35.11,7.62,41.82,False,0.0,0
-11.1675,-127.7162,8.72,1999,27.42,0.0,7.969,36.34,11.15,72.55,False,0.0,0
2.2814,-169.2789,17.65,1995,27.64,0.0,8.027,36.0,13.88,63.71,False,0.0,0
20.4065,156.0688,29.4,2006,26.7,0.0,8.059,36.67,0.87,50.29,False,0.0,0
29.3671,9.6299,14.14,1996,29.24,0.0,7.867,36.79,4.46,47.27,False,0.0,0
23.3712,13.6216,28.19,2021,29.42,0.97,8.001,33.13,1.25,32.21,False,0.0,1
-7.712,101.0585,27.52,2002,29.36,3.11,8.158,35.56,5.44,76.34,False,0.0,0
-18.29,-66.712,8.36,1995,28.39,0.0,8.184,33.23,12.8,74.96,False,0.0,0
-0.6364,-6.5133,12.65,1992,26.79,0.0,8.104,33.02,7.5,30.29,False,0.0,1
14.4985,168.7186,19.66,2016,28.63,0.0,8.092,33.32,13.41,45.11,False,0.06,0
-0.4459,61.9735,16.02,2015,28.45,0.0,7.976,36.97,12.97,41.88,False,0.0,0
-1.0091,-124.6518,3.78,1993,25.61,0.0,7.933,33.01,2.55,44.97,False,0.0,0
20.2938,-132.0384,29.82,2010,28.65,0.0,8.095,35.64,4.61,43.76,False,0.0,1
-8.3158,-106.4647,22.83,2017,29.59,0.0,8.19,35.45,8.55,80.97,False,0.0,0
21.5877,96.0162,13.69,2007,29.92,3.45,8.124,36.16,5.81,63.59,False,34.69,1
-5.5917,-73.6643,18.93,2021,27.41,0.0,8.033,35.69,9.48,66.75,False,0.0,0
-10.306,-172.3,3.54,2022,29.81,0.58,7.982,36.76,9.15,52.41,False,34.08,1
-2.7606,159.9028,15.36,2015,28.38,0.0,7.942,36.42,0.96,56.55,False,0.0,0
15.7468,-118.9032,27.99,2006,26.42,0.0,8.154,34.13,6.27,63.67,False,0.0,0
-22.4399,-176.5591,27.0,2018,29.88,6.08,7.954,36.51,7.01,21.79,True,91.62,1
-18.2148,-94.6326,10.78,2009,26.37,0.0,8.125,34.12,13.4,39.33,False,0.0,0
27.0867,-95.3896,16.41,2019,26.96,0.0,8.152,35.64,10.82,88.3,False,0.0,0
-19.4705,-28.0781,21.22,1994,28.38,0.06,8.155,33.98,3.87,72.79,False,0.0,0
4.0636,151.3403,10.86,1995,26.05,0.0,8.148,36.75,8.98,33.1,False,0.0,0
4.7589,136.5066,2.88,1999,27.14,0.0,8.154,35.82,6.53,41.91,False,0.0,0
-0.6225,-15.518,15.66,1995,28.14,0.0,7.994,34.92,13.55,88.11,False,0.0,0
8.6847,-32.076,18.45,1999,29.58,3.61,8.064,36.21,1.01,28.24,False,43.05,0
-16.2104,19.8033,1.17,2010,29.49,0.67,8.0,33.11,14.95,85.48,False,31.05,1
3.1597,-92.3566,3.77,1993,27.4,0.0,7.977,35.54,2.45,58.07,False,0.0,0
-7.6696,-161.2134,7.01,2002,29.07,0.0,8.134,33.12,9.65,54.37,False,0.0,0
9.7,158.1207,11.09,1999,29.92,1.53,7.954,33.91,4.81,67.65,False,18.57,0
-21.5266,-112.7884,16.69,2005,27.9,0.0,8.178,34.25,7.88,80.85,False,0.0,0
4.2526,-108.5757,9.52,2008,28.61,0.0,8.079,36.0,4.9,46.61,False,0.0,0
-18.8838,-9.9143,9.01,1995,28.23,0.0,8.082,36.67,6.82,80.04,False,0.0,0
-13.2814,-3.0192,26.21,2015,28.82,1.22,8.079,34.48,3.86,51.73,False,0.0,0
-16.8774,-173.3637,5.21,1998,29.91,3.28,7.878,35.47,1.7,51.48,False,30.7,1
-19.0297,-126.7363,15.37,1999,29.74,1.98,8.081,36.11,9.53,66.65,False,33.78,0
19.5427,-43.8643,28.63,1992,28.38,0.0,8.221,36.38,13.2,48.94,False,0.0,0
-12.8575,66.143,19.13,2008,27.65,0.0,8.096,36.85,8.64,43.27,False,0.0,0
25.6274,-97.7694,21.8,1995,27.52,0.0,7.968,36.13,7.24,21.67,False,0.0,0
28.1956,-27.7148,13.51,2018,28.24,0.0,7.986,33.13,0.9,37.92,False,0.0,0
4.2756,20.6442,1.58,2008,27.43,0.0,7.955,33.41,7.63,40.81,False,0.0,0
-21.4199,139.8933,19.74,2004,30.09,5.67,8.118,36.34,11.18,41.05,True,100.0,1
-7.5271,-62.6146,19.33,2010,27.73,0.0,8.06,34.12,2.79,75.27,False,0.0,0
17.8639,-131.919,4.2,2012,27.76,0.0,7.947,33.33,11.58,45.79,False,11.72,0
-7.9566,-3.862,14.4,2009,27.63,0.0,7.999,36.83,7.51,65.36,False,0.0,0
-24.779,88.8198,27.54,1991,29.69,3.76,7.9,34.52,11.56,29.81,True,47.35,1
3.4071,-140.4505,6.95,2021,29.58,1.41,7.909,34.47,2.66,31.39,False,23.93,0
20.7073,-27.1139,14.37,2017,30.23,4.8,7.817,33.46,3.43,29.07,True,93.65,1
17.7556,-173.5973,14.37,1993,27.2,0.0,8.025,36.3,6.97,42.67,False,0.0,0
-19.4926,-167.9187,24.51,1996,27.29,0.0,8.157,34.81,7.41,71.56,False,0.0,0
10.3659,-6.1368,24.91,1992,27.92,0.0,8.076,34.21,14.92,78.18,False,0.0,0
-16.7697,-72.649,23.02,2014,29.09,0.51,7.916,36.31,14.8,27.0,False,13.26,0
-16.9075,124.2386,11.6,1998,26.37,0.0,8.055,36.42,7.13,75.39,False,0.0,0
22.4443,36.7756,3.09,2012,30.17,2.73,7.962,35.86,3.98,47.9,False,69.4,1
-15.0199,-16.5841,11.14,2012,30.04,3.22,7.915,34.7,10.54,50.22,False,46.36,1
-14.2052,-33.1433,20.71,2015,26.27,0.0,8.034,34.2,3.31,23.08,False,0.0,0
-29.9608,-0.9916,21.38,2007,28.41,0.0,8.062,35.06,4.51,67.99,False,1.12,0
22.2401,-165.442,28.99,2013,29.56,0.0,8.15,35.23,8.31,37.89,False,0.0,0
17.5557,141.4056,14.16,2016,27.31,0.0,8.011,35.27,14.21,58.93,False,0.0,0
7.6397,179.3891,19.34,1991,26.94,0.0,8.16,35.99,0.92,59.0,False,0.0,0
15.0159,-114.6646,16.64,1990,28.31,0.0,7.972,33.24,10.28,64.63,False,0.0,0
-20.8771,-136.6621,5.37,2005,30.02,5.34,8.018,35.59,13.05,15.3,True,100.0,1
-2.5006,-128.3121,14.37,2013,29.86,4.78,8.017,36.47,11.14,75.52,True,100.0,1
-8.9268,57.9697,16.8,2000,26.72,0.0,7.956,33.53,7.49,60.12,False,0.0,0
-24.3734,58.1187,28.57,2015,29.94,6.22,7.997,35.22,12.93,47.44,False,81.44,1
-0.8322,125.2527,11.63,1995,28.01,0.0,7.889,35.75,11.84,48.84,False,0.0,0
25.2444,90.6575,29.42,2015,27.57,0.0,8.161,36.84,11.14,58.01,False,0.0,0
-27.5965,-18.1117,16.73,2018,28.16,0.0,7.883,33.38,2.04,28.85,False,0.0,0
-12.5123,40.6279,8.03,1990,29.48,3.5,8.207,35.91,10.72,68.08,True,75.3,1
-17.5475,67.7825,6.56,1998,27.12,0.0,8.173,35.33,2.76,64.0,False,0.0,0
-15.7112,4.5851,5.11,2016,27.69,0.0,7.964,34.37,13.52,62.33,False,0.0,0
24.5061,-8.7656,14.14,1996,28.97,0.57,8.126,33.2,9.9,65.33,False,22.58,1
-1.9159,52.2351,1.64,1992,25.94,0.0,7.945,34.32,13.23,29.03,False,0.0,0
-2.022,20.6908,13.91,1998,29.73,2.89,8.033,36.3,2.98,48.06,False,25.28,0
15.6345,51.8192,29.66,1991,28.01,0.0,7.992,35.54,8.89,70.86,False,0.0,0
-20.7305,40.6277,20.43,1999,29.41,0.0,7.947,33.91,0.7,62.55,False,0.0,0
-0.7641,78.9108,23.03,2006,27.77,0.0,8.109,36.97,1.85,68.21,False,0.0,0
-4.2009,51.4093,4.45,2020,30.28,2.33,8.079,35.98,5.54,18.91,False,48.45,1
5.8146,7.1073,14.72,1990,28.43,0.0,8.138,33.76,4.6,55.2,False,0.0,0
29.9735,65.4469,9.3,2007,28.0,0.0,7.953,36.12,12.11,41.86,False,11.94,0
16.1669,-18.1865,26.93,1995,29.4,0.0,8.122,36.32,8.38,41.1,False,20.79,0
-6.1281,-92.9984,6.26,1993,29.05,1.94,8.002,36.48,13.62,42.66,False,0.0,0
19.6532,-179.4894,14.3,1993,26.33,0.0,8.031,35.96,14.31,29.39,False,0.0,0
-19.7575,21.5871,18.05,1993,26.5,0.0,8.258,33.32,13.13,41.81,False,0.0,0
-28.1722,32.6359,15.91,1990,27.29,0.0,8.183,36.25,4.63,62.3,False,0.0,0
-17.7331,169.9376,25.08,2020,30.47,3.57,8.07,36.71,9.37,25.05,True,96.14,1
-9.5753,-49.8678,7.71,2008,29.7,0.92,8.006,35.0,11.55,75.88,False,27.31,1
0.6348,-38.112,11.94,2010,28.07,0.0,8.065,36.04,8.2,65.27,False,0.0,1
6.9077,-107.3522,23.97,2019,28.27,0.0,7.855,35.02,5.34,61.9,False,0.0,0
24.6363,-154.6077,16.31,1996,26.51,0.0,7.802,35.56,3.14,49.85,False,0.0,0
0.5912,98.2096,12.66,1994,29.39,0.97,7.966,35.59,14.47,69.09,False,13.52,1
0.0765,-90.1148,1.85,1991,26.32,0.0,8.002,34.81,3.49,50.17,False,0.0,0
-26.9854,39.2057,22.85,1992,27.77,0.0,8.116,34.42,12.27,43.78,False,0.0,0
-27.9053,67.5983,29.19,2004,28.88,0.46,7.958,34.74,2.43,59.92,False,0.0,0
3.0696,-10.3548,18.99,1999,28.38,0.0,7.914,35.32,14.83,55.99,False,16.61,0
-3.7093,135.4868,25.84,1998,28.56,0.0,8.148,35.11,5.39,76.8,False,0.0,0
20.3508,-20.2339,15.99,2012,29.73,0.0,8.006,35.57,11.79,25.0,False,24.8,1
-20.3592,-77.4329,7.72,2003,30.45,2.86,8.087,33.19,2.71,54.95,True,83.75,1
-28.5017,142.5656,1.42,2022,29.23,1.2,8.049,34.84,10.9,72.36,False,25.13,0
-3.0577,130.1631,19.95,2005,27.84,0.0,8.12,33.28,10.51,47.43,False,0.0,0
-15.7513,-120.9456,15.3,2009,29.14,0.0,7.922,36.02,6.01,63.95,False,33.96,1
-27.0231,-170.654,23.68,1997,26.62,0.0,8.076,34.07,1.08,47.4,False,0.0,0
13.4759,-147.6052,21.15,2023,28.24,0.0,7.809,34.38,6.47,76.15,False,0.0,0
-23.3044,-76.8429,29.65,2020,30.07,2.56,8.061,35.62,8.62,54.33,True,50.88,1
6.4992,170.0135,15.8,1997,28.95,0.0,7.894,34.39,1.3,52.46,False,0.0,0
-13.137,21.0658,13.39,2014,27.38,0.0,7.947,35.92,4.4,63.18,False,0.0,0
-19.5902,-45.6258,9.32,2002,28.29,0.0,8.004,36.45,14.7,46.29,False,0.0,0
-7.2149,139.9378,14.83,2007,27.68,0.0,8.048,35.55,13.84,38.31,False,0.0,0
18.0867,-16.8709,26.31,2023,28.82,0.0,8.058,33.63,12.36,63.9,False,1.54,0
-6.4744,-66.5141,2.23,2006,28.77,0.0,8.229,34.8,2.68,72.85,False,4.74,0
15.0462,158.839,29.36,2001,28.16,0.0,8.026,35.93,6.38,82.54,False,0.0,0
-22.4708,125.8264,29.81,2005,29.11,0.0,8.124,34.09,3.51,50.57,False,0.0,0
16.3663,123.7206,18.34,2002,29.36,1.26,8.102,36.79,3.62,62.63,False,33.79,1
-15.784,4.4225,10.61,2000,27.27,0.0,8.112,36.77,13.27,44.25,False,0.0,0
10.6436,104.1978,7.47,2003,25.75,0.0,7.961,34.35,6.48,75.63,False,0.0,0
3.9469,-115.4328,9.02,2017,29.1,0.0,8.031,35.46,12.81,64.64,False,4.54,0
25.7487,26.3603,2.45,2013,27.66,0.0,7.87,34.55,5.82,60.5,False,5.42,0
-6.7606,174.1845,14.78,2006,29.35,0.47,8.215,35.9,1.29,75.37,False,20.65,1
-26.0301,-75.255,2.66,1998,26.31,0.0,8.08,36.17,2.45,72.13,False,0.0,0
-28.8507,105.9668,21.84,2019,28.99,1.41,8.192,33.67,1.15,36.57,False,20.08,0
19.6115,-3.4278,11.79,1992,27.88,0.0,8.101,35.08,4.54,67.66,False,0.0,0
1.4841,-165.67,6.78,1997,27.78,0.0,7.954,34.38,8.02,28.58,False,17.43,0
16.5146,94.687,16.8,2007,27.99,0.0,8.037,36.7,3.69,48.92,False,0.0,0
-15.9345,-119.3151,29.24,2019,29.3,1.08,8.084,33.79,8.88,40.7,False,11.12,0
-9.295,47.3305,21.16,1992,29.23,0.08,7.951,36.79,4.77,30.06,False,3.6,0
-28.1938,-149.1609,15.26,2023,27.83,0.0,7.928,34.68,7.56,51.47,False,0.0,0
27.6895,160.8723,23.53,2017,27.38,0.0,7.813,36.49,5.05,70.59,False,0.0,0
10.0721,-74.9794,22.39,2014,28.97,1.05,7.926,34.86,9.18,18.9,False,29.27,1
25.9923,-98.4727,26.86,2019,27.48,0.0,8.021,35.46,9.72,62.73,False,0.0,0
-14.0702,-133.5109,6.94,1996,27.93,0.0,8.143,36.95,12.96,44.55,False,0.0,0
6.6878,160.5608,25.91,2018,27.31,0.0,8.014,35.93,12.46,38.83,False,0.0,0
10.71,76.2853,9.73,1991,26.39,0.0,8.058,33.78,8.48,75.77,False,0.0,0
-10.947,86.9979,28.29,2015,27.36,0.0,8.062,34.05,6.27,30.24,False,0.0,0
20.8866,-0.2144,9.15,1996,30.66,3.71,8.129,34.85,3.56,33.53,False,70.33,1
26.8297,-9.098,27.88,2007,30.09,2.42,7.893,35.34,9.46,32.65,False,12.74,0
23.0913,-140.3924,28.95,1995,29.26,0.0,8.092,33.24,8.41,83.41,False,0.0,0
14.344,21.5428,5.22,2016,29.75,1.66,8.037,33.17,1.04,44.99,False,23.27,0
-13.3521,-91.1101,29.26,2013,28.24,0.0,7.838,34.83,1.04,29.72,False,0.0,0
-13.103,171.7723,3.49,2022,27.0,0.0,8.002,35.09,2.68,28.11,False,0.0,0
27.8016,106.7691,7.34,2020,28.11,0.0,7.943,33.32,10.9,58.08,False,0.0,0
-29.3829,-31.3229,13.88,2023,30.4,6.45,8.072,34.9,12.96,64.83,True,90.57,1
12.963,-125.5171,29.81,2011,28.37,0.0,8.056,36.12,0.87,46.35,False,0.0,0
12.3748,102.7194,15.17,2013,30.76,6.3,8.195,35.2,12.36,55.72,True,89.66,1
7.3614,-136.0606,16.96,2017,29.21,0.0,7.975,34.91,7.25,43.69,False,0.0,0
29.4065,-111.8398,21.14,2009,27.53,0.0,7.882,33.29,6.32,43.6,False,17.31,1
-11.2872,-103.8526,29.08,2007,27.33,0.0,8.028,36.92,8.4,32.31,False,0.0,0
-9.6017,20.4806,23.72,2021,30.36,6.74,7.901,35.16,14.09,42.83,True,94.56,1
-25.2636,103.3404,7.5,2022,28.2,0.0,8.066,34.8,8.75,30.68,False,0.0,0
-3.4321,-66.8466,9.79,1999,26.33,0.0,7.928,33.3,2.02,79.44,False,0.0,0
-14.3371,-149.5189,3.83,1998,27.42,0.0,8.035,35.95,7.34,69.97,False,0.0,0
-9.3968,-12.7662,19.69,2014,28.88,0.0,8.089,34.1,14.68,64.62,False,21.56,1
20.0743,89.3197,6.24,2002,27.01,0.0,8.152,33.32,2.87,72.39,False,0.0,0
26.1291,-100.201,8.46,1994,26.89,0.0,8.061,35.88,7.2,58.35,False,0.0,0
-18.856,-100.8272,26.76,2020,28.02,0.0,7.9,34.92,10.61,46.33,False,0.0,0
-7.6495,161.0017,10.48,2020,26.75,0.0,8.054,33.23,5.79,36.72,False,0.0,0
25.7178,163.4953,17.43,2023,28.32,0.0,8.101,36.4,11.65,73.64,False,8.01,1
-26.2915,176.5677,12.53,2015,28.16,0.0,8.061,34.79,3.58,41.41,False,3.49,0
-24.4584,110.7575,3.15,1996,27.4,0.0,8.027,33.58,1.86,67.51,False,0.0,0
-20.2325,-112.2537,11.52,2009,28.35,0.0,8.142,34.35,5.27,44.51,False,0.0,0
5.7128,-103.6867,12.83,2011,27.97,0.0,7.925,33.11,13.09,42.26,False,4.19,0
-20.9717,-57.5189,26.98,1994,28.26,0.0,7.947,36.92,10.86,38.34,False,0.0,0
28.0846,-65.4723,10.41,2001,27.54,0.0,8.082,36.0,14.75,74.56,False,0.0,0
-3.1971,164.35,12.0,2010,30.52,1.96,8.063,33.2,5.28,70.97,False,12.05,0
0.0911,104.0666,23.7,1998,29.17,0.36,8.02,33.96,7.79,66.75,False,2.92,0
-15.2005,80.6432,23.01,2018,30.92,4.18,7.997,34.91,6.64,58.3,True,78.48,1
-1.7424,-113.0532,24.15,2016,29.76,0.93,7.857,35.87,7.57,36.68,False,24.1,1
9.7148,147.4292,28.66,2006,28.23,0.0,7.969,35.54,2.55,42.21,False,0.0,0
15.0706,118.0333,24.07,2013,29.23,4.28,8.071,34.76,3.36,64.26,False,43.85,1
15.2321,-121.0889,12.82,2016,29.26,0.64,7.902,35.19,7.76,79.6,False,28.9,1
4.6735,133.6213,24.82,1997,29.91,3.03,8.162,33.17,14.54,76.45,False,9.31,0
24.2616,-81.9909,15.75,2018,26.84,0.0,8.068,37.0,14.2,64.01,False,0.0,0
19.0445,-150.8869,9.05,2008,27.71,0.0,8.067,36.47,1.86,61.55,False,0.0,0
15.4229,56.456,9.78,1999,30.48,4.27,8.001,34.29,8.95,43.79,True,98.3,1
-26.6637,55.3697,7.49,2013,27.99,0.0,8.168,33.43,9.49,65.08,False,3.35,0
-29.5873,-145.8245,5.2,2023,28.84,0.0,8.06,35.51,9.72,67.25,False,7.34,0
-17.2532,-65.2133,6.35,2020,28.9,0.55,7.761,36.67,9.81,47.21,False,0.0,0
9.8114,177.4132,2.83,1993,27.09,0.0,7.973,35.74,1.39,37.11,False,0.0,0
-5.3282,64.2336,26.77,2020,28.52,0.0,7.895,33.27,7.86,70.66,False,5.48,0
-5.8556,82.8271,28.0,1998,29.16,0.0,8.165,34.52,0.53,66.42,False,6.66,1
23.0752,-103.3498,18.02,2015,30.01,1.16,7.902,35.87,13.81,38.5,False,27.69,0
23.7338,-151.6385,25.37,2002,26.18,0.0,7.948,33.97,0.75,37.86,False,0.0,0
24.5505,-80.3154,6.32,2015,28.88,0.0,7.961,35.57,11.77,65.96,False,0.0,0
-11.1673,-90.3966,27.15,1990,26.85,0.0,8.187,35.34,3.98,57.05,False,0.0,0
11.4633,-95.5641,15.68,1998,29.71,3.3,7.937,33.39,9.0,54.03,False,28.34,0
-13.702,-110.6084,2.95,2020,28.51,0.0,8.009,35.95,7.05,73.06,False,13.88,0
-18.5634,26.912,5.1,2013,30.68,4.0,7.897,34.75,8.39,26.13,False,64.08,1
-18.9221,-61.8827,9.96,2011,29.42,0.72,8.056,33.64,9.22,35.62,False,27.88,0
-9.4735,115.3242,2.26,1998,29.99,6.26,7.934,36.71,14.76,25.76,True,100.0,1
-4.2025,-113.7789,9.97,2012,30.54,5.96,8.223,35.98,11.83,57.42,False,79.86,1
19.857,-12.7343,2.74,2009,27.64,0.0,8.183,35.89,12.12,76.59,False,6.52,0
-22.8065,-175.0832,7.84,2010,27.6,0.0,7.97,34.79,13.5,58.54,False,7.72,0
14.0956,-6.5944,8.7,2016,28.71,0.0,8.098,35.58,13.71,42.57,False,2.97,0
1.8873,-159.8982,29.84,1994,27.36,0.0,8.083,35.56,12.87,57.54,False,0.0,0
-12.7233,171.9805,7.83,2006,29.9,2.38,8.029,33.55,11.37,35.26,False,79.63,1
-0.4308,104.6132,7.94,2023,28.43,0.12,7.952,36.52,0.51,48.95,False,0.0,0
-12.0035,-3.5599,20.92,1998,26.77,0.0,8.181,36.27,9.22,66.75,False,0.0,0
5.7649,-148.8286,25.92,2023,27.6,0.0,8.074,33.55,1.46,46.3,False,0.0,0
-3.9694,33.2804,12.22,1999,27.71,0.0,7.891,34.29,0.68,72.18,False,0.0,0
-20.1357,93.155,26.39,1991,29.75,1.95,7.861,33.28,0.79,62.88,False,1.74,0
-23.005,-111.3418,10.86,2014,29.85,2.51,8.044,34.38,14.05,53.65,True,46.77,1
2.8017,24.555,6.71,1992,26.89,0.0,8.064,35.92,4.66,54.55,False,0.0,0
24.1448,113.1159,10.56,2023,27.72,0.0,8.08,33.01,8.76,41.98,False,8.2,1
-9.3625,96.5692,18.67,1996,30.44,4.13,8.138,35.03,3.26,43.32,True,83.69,1
13.98,109.0771,11.65,2017,27.22,0.0,8.001,36.47,11.48,62.5,False,0.0,0
9.5197,136.5564,20.51,1998,30.75,1.3,7.911,34.25,12.21,65.37,False,40.9,1
25.8933,157.5656,7.87,2000,29.77,2.12,8.207,35.9,5.63,35.86,False,37.6,1
19.2589,-34.0124,21.33,2018,29.54,1.89,8.112,33.22,0.66,75.92,False,20.23,0
3.9963,24.7569,11.08,2005,31.04,8.3,8.014,35.23,9.72,34.72,True,100.0,1
9.4218,104.6374,14.22,2018,26.77,0.0,8.005,36.51,13.18,68.6,False,0.0,0
23.9032,70.9703,17.17,2002,29.32,0.87,8.179,34.63,2.35,75.46,False,12.41,0
-6.0289,178.3873,20.9,2000,27.44,0.0,8.035,35.49,10.67,68.54,False,0.0,0
-10.3923,-175.076,7.92,1997,28.54,0.0,8.093,35.54,4.37,53.54,False,0.64,0
-29.3513,-52.152,25.24,1996,27.87,0.0,7.983,35.93,6.82,45.76,False,0.0,1
19.5931,-78.8299,21.93,1994,27.81,0.0,8.16,33.91,5.34,70.45,False,0.0,0
18.0588,-85.5663,7.79,1995,27.13,0.0,8.116,35.99,13.64,75.68,False,1.12,0
-23.7327,-99.8893,29.27,2019,30.21,4.13,8.014,33.95,4.85,70.75,True,59.63,1
4.6114,75.2846,20.28,2000,29.64,3.88,8.094,35.39,14.41,54.64,False,28.86,0
-2.1611,-149.4866,14.12,2016,30.45,6.38,8.205,33.64,2.17,35.29,False,81.14,1
-22.8775,86.9792,5.57,2010,28.19,0.0,8.004,35.95,13.88,63.56,False,0.0,0
28.8341,69.6333,16.46,2003,27.2,0.0,8.055,34.15,10.08,73.26,False,0.0,0
-17.1182,-89.7105,5.78,2018,30.4,3.98,7.963,35.61,4.36,72.88,False,79.67,1
-25.9659,-88.9798,13.46,2013,30.47,3.02,8.145,33.62,0.88,55.53,False,52.03,1
5.6908,46.3898,12.85,2021,29.15,0.0,8.078,33.92,2.68,66.73,False,0.0,0
14.332,94.3816,21.88,1995,30.55,4.71,8.147,36.27,13.99,69.19,True,100.0,1
-28.0534,135.5348,6.58,1999,27.83,0.0,7.883,33.37,7.73,70.43,False,0.0,0
9.5231,126.7702,24.83,2009,28.67,0.58,8.059,33.39,8.87,29.41,False,0.0,0
1.9375,167.3579,10.46,2009,30.22,0.78,7.978,36.1,12.52,76.44,False,50.84,1
-23.8041,29.2986,13.88,2015,29.52,1.24,7.934,33.49,9.55,29.74,False,5.04,0
-19.6486,147.116,23.4,2010,26.57,0.0,8.017,36.58,3.41,73.4,False,0.0,0
4.0785,111.0648,19.14,2012,27.33,0.0,8.033,33.56,8.81,43.62,False,0.0,0
-12.2185,142.0803,9.93,2001,28.51,0.0,8.017,35.73,10.0,35.7,False,0.0,0
26.2989,-175.8144,12.2,2002,30.51,6.45,8.03,35.39,3.94,52.69,True,100.0,1
19.1244,167.7251,9.87,1999,27.2,0.0,7.853,35.91,14.01,26.77,False,0.0,0
29.014,-9.5291,18.25,1996,29.92,3.14,8.083,35.78,3.07,52.24,False,7.11,0
-14.4197,107.3459,10.65,2001,27.16,0.0,8.222,34.46,10.82,46.41,False,0.0,0
28.1834,-134.2065,22.05,2014,27.15,0.0,8.119,36.78,13.64,40.22,False,0.0,0
-4.126,-37.4612,17.81,1991,26.51,0.0,8.005,35.03,5.29,48.15,False,0.0,0
-9.1489,-82.2742,5.23,2015,29.15,1.33,8.007,36.89,12.84,81.92,False,39.69,1
-26.979,-75.0028,10.0,1994,27.14,0.0,8.073,34.52,9.06,78.01,False,0.0,0
-26.8341,-135.628,7.42,1997,26.88,0.0,8.064,35.11,4.91,43.2,False,0.0,0
11.5207,110.075,12.32,1998,27.86,0.0,7.996,35.34,11.11,67.79,False,0.0,0
-2.5243,-176.6728,15.96,2009,26.55,0.0,8.153,35.25,6.49,68.99,False,0.0,0
-16.4087,-67.498,15.7,2000,27.43,0.0,8.03,35.65,3.43,49.55,False,0.0,1
6.8382,-117.2122,22.88,2011,27.88,0.0,8.061,34.15,13.8,31.76,False,0.0,0
-14.8285,32.054,6.49,2005,28.64,0.59,8.118,33.26,7.81,56.57,False,0.0,0
4.6579,-88.4691,28.45,1999,28.3,0.0,7.821,33.79,12.0,52.08,False,0.0,0
-8.4475,-86.7606,10.94,2014,26.27,0.0,8.114,35.24,14.22,36.34,False,0.0,1
19.4131,-4.1983,9.71,2008,30.14,0.07,7.922,36.43,11.14,48.46,False,6.83,0
19.2418,54.9681,20.87,1993,27.68,0.0,8.217,34.9,7.31,32.74,False,0.0,1
-1.359,-136.3303,24.36,2008,30.51,5.19,7.957,34.28,12.93,16.57,True,100.0,1
-8.9509,-116.8159,11.98,1992,27.42,0.0,8.046,35.92,9.04,40.8,False,0.0,0
-8.2464,-91.0171,22.66,2006,30.69,2.42,7.808,34.58,1.96,60.88,True,32.19,1
18.3429,170.5494,26.63,2003,28.93,0.72,8.228,36.29,9.37,49.82,False,0.0,0
-10.3092,-37.0251,23.24,1999,28.89,0.0,7.916,33.05,0.58,64.32,False,0.0,0
-17.4564,35.6364,1.99,1995,26.88,0.0,8.166,33.46,14.65,71.29,False,0.0,0
-24.9187,-93.0446,24.99,2020,28.28,0.0,8.214,33.41,8.05,30.33,False,0.0,0
-1.9984,-3.4346,23.46,2020,28.74,0.07,7.938,33.14,1.84,78.32,False,0.0,0
-1.0721,-153.3171,20.41,1998,28.26,0.0,8.108,33.67,4.84,40.15,False,4.38,0
20.4545,-167.4928,23.04,2001,29.64,2.88,8.027,36.95,10.05,26.37,False,31.24,1
-16.7257,-11.2559,29.4,2015,29.35,0.0,8.156,34.93,4.69,52.35,False,0.0,0
-7.1405,-36.4827,13.5,1991,26.67,0.0,8.033,34.69,6.6,62.73,False,0.0,0
18.5043,-130.7231,2.95,1993,29.73,0.0,8.191,36.64,4.83,68.15,False,6.58,0
19.4174,67.5365,14.37,2021,29.2,1.11,8.111,36.18,9.62,40.32,False,16.66,1
-6.9233,177.4453,2.35,2017,29.08,0.0,8.039,34.09,4.62,34.65,False,1.32,1
-2.4526,-37.5671,9.53,1995,30.24,2.22,8.156,36.22,12.29,30.66,False,55.64,1
-11.8028,44.8411,18.02,2019,30.06,2.41,7.971,33.33,11.01,37.47,False,27.62,1
25.9533,166.6713,9.98,2017,27.73,0.0,7.869,35.86,5.22,48.15,False,0.0,0
-22.8814,119.3526,20.88,2002,26.39,0.0,8.139,33.07,9.55,75.09,False,0.0,0
26.025,-13.1212,24.84,1999,25.94,0.0,8.067,33.84,7.54,82.51,False,0.0,0
11.032,85.4962,13.19,1999,28.68,0.0,7.979,36.55,1.28,29.97,False,0.0,0
1.8943,-133.8714,27.1,1994,28.51,0.0,7.997,34.49,6.52,26.32,False,0.0,1
-28.0405,4.3574,3.32,2018,29.39,2.45,8.122,34.88,2.41,58.53,True,42.15,1
-1.4642,-79.5383,25.36,2001,28.71,0.0,8.079,35.59,2.22,51.65,False,0.0,0
-5.5351,-121.9811,25.03,2011,27.66,0.0,8.174,35.78,2.82,63.73,False,0.0,0
-20.3269,-26.5389,10.34,1991,26.42,0.0,8.017,33.58,6.71,71.87,False,0.0,0
9.3846,-132.8348,9.66,2003,30.28,3.94,8.217,36.71,13.8,53.43,False,74.9,1
28.2691,71.6346,9.85,1999,30.63,0.77,8.163,35.27,11.69,44.27,False,23.53,0
3.7313,-15.7536,24.53,1992,26.72,0.0,7.901,35.4,12.87,70.94,False,0.0,0
12.8852,11.2121,25.12,1997,27.46,0.0,8.114,35.56,11.17,55.01,False,0.0,0
-25.893,-127.3047,10.56,2006,27.92,0.0,7.852,36.41,14.56,57.68,False,0.0,0
-4.94,-129.6822,18.19,1993,26.18,0.0,7.932,33.84,11.24,81.62,False,0.0,0
-23.0185,30.0296,5.03,2010,27.42,0.0,8.158,36.65,11.97,37.4,False,0.0,0
6.7678,174.6035,14.59,2019,28.35,0.0,8.059,36.12,12.29,29.57,False,0.0,0
26.3089,-145.3498,29.96,2008,27.64,0.0,7.822,33.9,10.48,31.41,False,0.0,0
9.7067,-77.1367,5.61,2004,28.88,0.15,7.938,36.2,3.46,43.33,False,18.2,0
-25.3918,133.0053,28.48,2009,29.5,0.0,8.124,35.02,14.58,49.98,False,0.42,0
-8.72,-153.9821,24.9,2019,29.16,0.0,7.894,35.3,7.47,39.48,False,0.0,0
3.0398,135.3189,29.19,1999,28.8,2.64,7.828,36.97,12.53,55.32,False,0.0,0
-5.8075,8.743,6.21,2012,28.8,0.53,8.126,33.05,12.08,54.01,False,18.95,1
20.0186,-33.024,7.19,2013,28.15,0.0,7.972,36.74,6.7,67.87,False,7.36,0
18.8803,-68.515,1.49,2001,26.76,0.0,7.946,35.9,12.67,48.48,False,0.0,0
6.7099,-73.0378,22.02,1998,28.09,0.0,7.964,34.39,4.1,65.03,False,0.0,0
-7.5925,-69.9111,19.68,2004,28.4,0.0,8.007,35.92,5.64,82.92,False,0.0,0
-14.6798,138.5291,6.16,2018,26.45,0.0,8.117,33.81,3.82,30.54,False,0.0,0
-23.6475,80.5663,23.94,2007,28.91,0.0,7.952,35.05,1.33,47.22,False,0.0,0
-8.7061,61.1003,9.68,2009,27.62,0.0,8.117,36.26,3.9,65.52,False,0.0,0
-5.2096,107.5497,4.91,1990,28.65,0.0,8.015,33.84,9.9,32.23,False,0.0,0
10.5494,-87.4387,13.25,1992,29.6,3.56,8.119,35.24,11.54,45.53,True,93.45,1
9.4896,42.4954,3.64,1997,27.21,0.0,8.054,33.17,5.6,79.22,False,0.0,0
-25.7935,-14.3762,8.63,2020,26.22,0.0,7.893,36.35,11.19,60.61,False,0.0,0
-6.2844,101.679,11.77,1997,26.32,0.0,8.173,34.4,0.6,78.48,False,0.0,0
-19.0933,-68.6678,25.7,2004,29.49,1.56,8.057,34.31,11.51,75.4,False,7.29,0
-20.5912,51.5443,23.98,2011,27.23,0.0,7.99,34.02,12.68,37.06,False,0.0,0
19.6381,137.5965,13.84,2021,28.09,0.0,7.98,35.88,14.88,70.78,False,0.0,0
-27.4851,-35.2258,22.01,1994,26.35,0.0,8.101,33.7,13.47,45.18,False,0.0,0
-4.849,-156.016,17.49,1998,28.3,0.0,8.114,33.14,10.52,82.03,False,0.0,0
-19.9078,5.7783,10.88,2004,29.78,0.97,8.12,34.11,5.53,74.53,False,19.59,1
22.7598,-55.4499,22.05,2022,27.91,0.0,7.994,35.65,4.62,76.85,False,0.0,0
3.4224,62.0011,20.82,2011,29.79,1.09,8.019,33.2,2.2,84.19,False,10.84,0
-16.1172,162.3719,18.95,2000,29.16,1.93,8.243,34.71,4.66,46.74,False,0.0,0
0.1456,-5.181,18.92,1995,28.76,0.89,7.976,36.23,4.93,59.62,False,0.0,0
13.8892,-12.1715,20.81,2006,29.32,1.95,7.927,34.71,10.85,59.77,False,14.51,0
27.4871,55.6505,12.15,1994,29.63,2.23,8.17,35.21,11.03,64.75,False,21.04,0
-16.7732,-142.7409,26.2,1998,29.73,4.41,8.115,34.71,8.06,50.08,False,55.35,1
23.1709,-88.7378,5.71,2018,29.74,0.0,7.954,33.7,11.7,35.71,False,20.87,0
26.0582,150.8326,26.63,2012,30.93,5.04,8.077,36.88,5.46,62.04,False,74.41,1
24.9852,61.1793,10.93,2020,28.02,0.0,7.863,33.76,7.33,58.31,False,0.0,0
8.1249,-175.1601,4.63,2009,30.2,3.33,8.062,35.48,1.2,62.49,False,39.88,0
7.7892,-106.3348,18.4,2012,27.22,0.0,7.97,34.09,8.28,57.14,False,0.0,0
-5.8074,65.8214,11.9,1996,27.15,0.0,8.005,36.29,6.12,75.75,False,0.0,0
15.1439,95.1837,24.65,1993,27.39,0.0,7.966,36.18,1.46,69.64,False,0.0,0
1.8776,122.3494,13.49,2013,27.03,0.0,7.98,34.82,1.85,30.78,False,0.0,0
10.6463,-74.8164,20.39,2003,27.57,0.0,8.078,33.76,10.03,38.99,False,0.0,0
-4.2925,155.1703,9.94,2014,28.2,0.51,8.042,33.19,11.28,46.63,False,0.0,1
13.8898,19.0609,7.07,1996,29.41,2.54,7.918,34.91,1.93,52.93,False,32.96,0
19.4683,70.754,12.25,2004,30.48,5.05,8.147,33.66,11.74,34.99,True,100.0,1
-21.2138,34.826,18.6,2002,28.36,0.31,8.0,36.8,13.02,51.52,False,0.0,0
19.9758,-135.8136,20.05,2008,28.45,0.0,8.099,33.55,8.71,29.93,False,0.0,0
2.4178,166.7213,17.77,2001,26.0,0.0,7.811,33.94,7.59,37.4,False,0.0,0
20.68,-135.7648,29.65,2015,30.09,5.39,8.162,36.07,7.17,52.41,True,92.25,1
-4.1219,-88.2425,21.04,2022,28.23,0.09,7.988,34.72,4.8,29.78,False,0.0,0
-7.2576,112.906,28.01,2004,28.25,0.0,8.177,34.43,13.51,75.5,False,7.84,0
24.9036,42.6949,4.42,1995,29.45,0.75,7.915,34.45,13.1,69.19,False,25.83,1
-14.9298,121.7337,2.78,2014,28.5,0.29,8.138,35.12,7.92,59.22,False,0.0,0
20.6527,5.665,10.02,2006,26.11,0.0,8.076,35.14,4.02,36.91,False,0.0,0
-0.9588,-44.2824,4.96,1998,28.36,0.0,7.897,34.3,13.7,43.67,False,0.0,0
0.8457,151.8644,16.25,2017,29.13,1.11,7.918,35.78,11.1,63.02,False,16.92,0
-11.4919,-166.9492,16.05,1992,27.17,0.0,8.019,34.15,12.43,39.42,False,0.0,0
4.3825,128.2069,17.68,2000,26.68,0.0,7.903,33.96,12.5,71.37,False,0.0,0
-10.4873,-96.9056,22.61,2009,28.4,0.6,7.865,36.47,3.24,26.71,False,0.0,0
-27.6438,125.5451,29.17,2012,28.75,0.13,7.981,33.45,1.28,37.27,False,0.0,0
-13.6801,-129.8892,26.47,2019,27.49,0.0,7.837,36.88,7.83,44.0,False,0.0,0
-29.6173,28.8788,4.43,2001,27.17,0.0,7.975,35.26,7.26,84.67,False,0.0,1
28.7013,139.7189,10.82,2023,29.61,3.58,7.947,36.71,5.16,55.29,False,54.12,0
27.9448,-9.5257,8.42,1993,28.9,0.0,7.922,36.93,10.99,24.52,False,0.0,0
-6.2907,88.764,6.13,2013,29.6,0.09,8.051,34.67,9.3,57.27,False,25.81,0
13.7023,109.6818,16.8,2017,29.52,0.8,7.96,33.77,6.09,64.03,False,9.69,0
-9.2516,85.1379,17.04,1991,29.9,1.79,8.138,36.75,7.58,60.89,False,40.28,0
10.2656,153.1187,7.59,1994,28.6,0.0,8.174,36.4,8.32,41.35,False,0.0,0
18.3258,-19.1397,21.65,2017,29.86,2.59,7.868,33.72,14.14,34.61,False,30.08,1
26.8054,-117.6748,22.25,2002,26.44,0.0,7.991,33.61,8.01,50.15,False,0.0,0
-5.9873,-162.788,1.61,1998,27.01,0.0,7.965,36.96,9.99,61.04,False,0.0,0
16.9979,-91.2744,12.48,2019,28.51,0.0,8.013,35.31,13.7,73.18,False,0.0,0
-14.0443,-128.4489,26.81,2016,30.16,2.49,8.216,34.82,10.89,50.57,True,43.11,1
29.4199,20.8615,16.09,2002,28.35,0.0,7.95,35.5,8.39,74.22,False,0.0,1
-28.4538,-113.4197,11.08,2017,28.5,0.0,8.099,36.34,6.32,83.17,False,8.41,0
6.2117,-165.9839,8.36,2007,28.13,0.0,8.046,33.06,2.13,72.08,False,4.83,0
9.5704,-167.0437,8.06,2023,27.19,0.0,8.104,33.4,11.9,42.36,False,0.0,1
11.2827,119.365,3.89,2010,29.95,3.86,7.867,35.73,11.91,62.87,False,72.46,0
-22.7767,32.922,24.7,1990,26.35,0.0,7.822,35.72,14.59,53.11,False,0.0,0
26.3118,-51.0893,3.51,2012,27.54,0.0,8.093,36.94,7.91,37.17,False,0.0,0
-19.129,141.9221,9.48,2023,30.4,3.13,7.941,33.11,10.68,57.97,False,49.83,1
7.3652,-154.7292,2.32,1998,25.78,0.0,8.09,33.32,14.68,42.57,False,0.0,0
-16.6394,172.9159,23.66,1997,27.39,0.0,8.154,34.92,9.38,45.14,False,0.0,0
-11.567,41.865,2.14,2019,28.34,0.0,7.843,35.63,12.46,51.89,False,0.0,0
2.7875,-113.9529,9.94,2007,27.54,0.0,7.927,34.03,6.46,27.23,False,0.0,0
-4.9684,64.4649,17.63,1991,27.51,0.0,8.046,34.02,3.2,42.82,False,0.0,0
-20.3865,94.8173,12.88,2000,29.28,1.09,8.09,33.16,12.72,53.85,False,13.91,0
-19.7438,-25.4366,9.19,2020,27.77,0.0,7.909,33.19,6.74,44.88,False,0.0,0
-4.9113,130.1877,8.98,2020,29.02,0.0,7.995,33.36,11.29,58.84,False,9.39,1
15.437,-125.7363,24.14,2013,29.7,1.14,8.073,33.28,8.13,58.81,False,23.07,0
23.8779,-79.6185,29.25,2010,29.09,0.0,8.121,36.52,7.13,40.36,False,0.0,0
-24.9523,-146.3427,11.09,2021,29.26,0.44,7.927,34.63,1.25,51.81,False,30.19,1
-6.4138,-104.084,2.14,2019,28.93,3.29,8.044,36.03,11.65,50.88,False,29.78,1
-23.9853,-94.0576,2.06,1997,28.5,0.0,8.108,33.51,5.16,47.98,False,0.0,0
-29.0045,150.3479,23.02,2022,28.0,0.0,8.093,33.04,6.17,74.8,False,0.0,0
9.7031,-151.8805,17.02,1990,27.95,0.0,8.116,36.99,5.57,65.54,False,0.0,0
6.147,-26.1306,23.72,2022,26.54,0.0,7.833,36.19,10.57,52.22,False,0.0,0
-20.2189,11.6635,21.23,2002,26.2,0.0,8.166,36.33,10.84,70.32,False,0.0,0
-15.9712,143.5295,27.32,2011,29.77,2.82,8.02,35.41,12.32,22.63,False,51.67,1
-28.5775,179.1706,26.69,1994,26.77,0.0,7.967,33.79,10.31,42.77,False,0.0,0
20.0968,91.2197,23.86,2001,29.69,2.17,7.982,33.09,13.66,56.16,False,43.6,1
28.4814,169.4848,14.78,2018,28.47,0.0,8.139,35.99,4.0,70.26,False,0.0,0
-21.8724,103.3564,9.94,1992,29.61,1.7,8.166,36.24,7.68,66.97,False,44.15,1
-16.1115,166.753,15.7,2000,29.13,0.0,7.911,34.92,14.55,26.53,False,0.0,1
22.1046,74.6175,15.56,2015,26.71,0.0,7.892,35.49,4.12,25.89,False,0.0,0
25.5878,-151.2852,18.7,1991,28.21,0.0,8.151,36.91,11.02,62.66,False,0.0,0
-4.8224,-35.3087,6.4,2018,30.16,1.95,8.034,34.35,5.05,57.74,False,44.88,1
-26.9627,52.775,20.01,2018,28.29,0.0,8.075,36.4,7.12,36.6,False,0.0,0
-27.6365,-53.7413,14.24,2008,26.69,0.0,7.97,36.49,8.3,38.77,False,0.0,0
4.437,-81.5818,18.99,1999,28.79,0.0,7.911,33.33,12.09,48.18,False,0.0,1
-6.4263,27.8637,7.95,2000,27.53,0.0,8.069,34.9,9.49,50.22,False,0.0,0
-28.2809,156.0607,13.6,1996,27.57,0.0,7.976,35.32,0.51,38.48,False,0.0,0
4.9951,-167.4065,7.1,2002,27.22,0.0,8.121,33.58,5.38,26.85,False,0.0,0
-29.3218,96.9232,26.38,1991,30.07,4.3,8.077,34.64,5.52,46.96,True,68.14,1
17.2423,80.1818,15.15,2019,27.93,0.0,8.036,34.81,7.61,82.13,False,0.0,0
-11.614,167.0232,7.52,2011,30.33,4.74,8.144,34.11,13.65,45.26,False,64.39,1
-27.5845,155.056,2.2,1990,26.84,0.0,8.055,33.36,13.74,71.97,False,0.0,0
5.3011,94.4037,20.6,2016,29.1,0.0,8.036,34.39,7.17,71.38,False,14.32,0
-6.1389,7.3472,7.22,1996,27.27,0.0,8.174,35.45,11.02,48.77,False,0.0,0
28.428,-106.4637,29.7,1990,29.37,0.87,8.066,34.49,5.63,47.81,False,0.0,0
2.6519,16.2849,16.48,2014,27.42,0.0,7.983,33.94,4.67,73.03,False,2.19,0
-13.4856,95.5267,9.38,1993,29.57,2.31,7.945,33.79,7.21,33.99,False,8.23,0
12.5663,142.4409,20.07,2019,28.36,0.31,7.938,34.63,12.77,49.67,False,7.65,0
-13.7105,104.2963,8.98,1997,26.16,0.0,8.006,36.87,8.06,58.78,False,0.0,0
24.2546,-109.7039,24.79,2010,27.7,0.0,8.01,35.52,7.35,66.33,False,0.0,0
-7.5167,35.8871,9.94,1993,29.28,3.63,7.91,33.42,2.79,28.12,False,49.55,0
2.9921,-60.4176,29.66,1993,25.38,0.0,7.94,33.55,11.27,24.64,False,0.0,0
-26.9656,-176.686,18.55,1997,29.29,1.27,7.992,35.38,5.75,46.82,False,0.0,0
-4.4327,-107.9205,25.49,2015,28.27,0.0,7.944,33.99,11.45,75.76,False,0.0,0
19.9418,-139.2406,3.11,2018,27.21,0.0,8.123,36.33,14.57,82.77,False,0.0,0
18.3389,123.3789,11.1,2005,30.33,4.08,8.141,33.28,1.82,55.83,True,58.6,0
-16.5409,-86.9377,22.39,2008,26.67,0.0,7.914,33.95,13.0,64.92,False,0.0,0
-16.4353,-77.5087,20.0,1990,28.53,0.0,7.993,35.54,2.92,80.78,False,0.0,0
19.0383,165.5772,6.63,2023,28.35,0.0,7.935,35.63,13.1,43.15,False,3.58,0
25.8239,-43.5288,11.33,2018,27.47,0.0,8.006,35.85,11.05,30.48,False,0.0,0
-24.2783,-176.5492,8.64,2016,27.43,0.0,7.924,36.47,6.62,22.21,False,0.0,0
-2.9965,-77.8154,18.79,2019,28.06,0.0,8.102,36.88,7.11,45.75,False,0.0,0
-9.7527,-137.0522,10.99,1995,27.4,0.0,8.037,33.8,4.72,58.53,False,0.0,0
22.2413,-142.9889,9.96,1991,26.76,0.0,8.056,34.04,10.64,41.88,False,0.0,0
-24.9885,-152.1046,7.01,2003,26.21,0.0,8.002,34.58,13.5,61.53,False,0.0,0
-17.3324,33.5734,12.86,1997,27.5,0.0,8.028,34.53,8.95,27.33,False,0.0,0
15.1481,-111.8348,6.67,1992,27.82,0.0,8.006,34.41,4.76,73.36,False,0.0,0
-26.9224,-49.9526,28.91,2016,26.64,0.0,7.891,33.25,10.9,61.44,False,0.0,0
-0.4479,130.3264,5.48,2023,29.77,1.9,8.136,36.45,4.18,57.07,False,51.86,1
-3.4736,-27.2383,27.49,2017,28.14,0.0,7.988,35.65,4.35,63.99,False,0.0,0
-9.9359,149.6489,13.43,2020,29.29,0.0,8.148,36.15,9.75,74.08,False,0.0,0
-6.3257,-0.7423,11.96,2006,26.93,0.0,8.027,37.0,1.88,59.34,False,0.0,0
1.7964,-36.4188,7.71,2008,27.47,0.0,8.04,34.96,6.24,61.79,False,8.56,0
-20.318,90.14,19.44,2000,27.8,0.0,8.094,33.53,5.84,39.95,False,0.0,1
4.3198,-153.657,20.88,1998,27.52,0.0,7.967,36.33,1.27,67.02,False,0.0,0
18.3259,-147.7878,14.56,2019,27.23,0.0,8.09,35.97,13.81,70.85,False,0.0,0
15.6097,54.7105,2.62,1995,29.55,0.78,8.117,36.07,14.1,23.28,False,59.23,0
-20.766,-4.7013,27.64,2003,28.35,0.0,8.186,33.64,6.26,68.13,False,0.0,0
-21.045,104.5495,29.43,2020,27.8,0.0,7.998,36.02,5.86,40.21,False,0.0,0
-13.9095,149.8575,13.5,2000,26.68,0.0,7.897,35.37,2.26,32.33,False,0.0,0
-8.3355,-40.1879,18.8,1994,29.61,1.7,7.912,33.2,8.66,44.06,False,27.75,1
-5.4927,34.7076,14.06,2020,27.46,0.0,8.025,34.17,5.54,79.34,False,0.0,0
10.7818,0.2508,10.33,1991,28.15,0.0,8.095,33.88,12.72,54.68,False,0.0,0
-26.5992,173.3798,3.24,2006,27.11,0.0,7.971,34.16,11.13,79.2,False,0.0,0
-27.9196,119.1904,14.23,1992,28.64,0.0,8.054,33.8,2.29,30.14,False,0.0,0
-6.4854,148.2256,24.73,2018,28.87,0.55,7.965,34.59,3.61,50.38,False,19.76,0
11.8298,-88.4376,1.49,2022,28.05,0.0,8.057,33.87,2.21,49.02,False,0.0,0
-18.3939,98.1095,17.88,2003,29.02,0.0,8.069,34.58,2.47,51.88,False,0.0,0
8.4903,-84.4296,26.54,2018,29.33,0.37,8.173,33.07,1.47,84.64,False,0.0,0
-14.4103,-104.8527,7.31,2012,30.56,3.19,7.935,35.94,5.81,49.7,False,77.84,1
23.1652,159.9358,6.31,2006,29.64,0.79,8.22,34.39,9.29,50.6,False,31.89,1
23.7414,-173.0504,23.4,2000,27.03,0.0,8.118,34.15,14.46,66.07,False,0.0,0
-12.1628,167.5399,8.4,2017,27.37,0.0,7.964,36.44,6.65,39.63,False,0.0,1
-16.2004,-126.2657,6.57,1996,29.68,2.2,8.168,35.99,14.3,27.44,False,44.08,1
-5.3218,114.9977,11.96,1997,28.67,0.0,8.009,36.45,1.88,60.25,False,12.76,0
-15.5681,-80.6679,12.38,2018,29.39,3.87,8.107,36.49,2.87,65.81,False,50.4,1
10.343,-53.7472,26.35,2014,28.7,0.0,8.006,35.92,6.33,47.81,False,0.0,1
19.5639,-101.9672,18.93,1996,26.43,0.0,8.028,33.23,6.21,42.71,False,0.0,0
10.3855,30.7851,12.77,2011,28.53,0.0,8.046,33.38,0.75,37.86,False,0.0,0
19.461,-54.6856,16.5,1998,26.81,0.0,8.174,33.29,1.36,69.26,False,0.0,0
-6.1805,56.6615,28.66,2000,26.83,0.0,8.107,33.99,5.22,73.51,False,0.0,0
-20.621,-174.367,4.28,2023,29.39,0.19,8.192,36.46,5.05,37.58,False,15.62,0
14.2771,-156.825,7.02,2016,27.8,0.0,8.134,33.15,4.65,61.35,False,0.0,0
-8.3715,-144.122,28.91,2011,28.7,0.0,7.946,33.23,8.09,45.27,False,0.0,0
10.2762,-29.1623,28.76,1992,27.91,0.0,8.035,33.47,3.38,76.34,False,0.0,0
-13.7614,113.3266,6.14,1997,29.71,0.0,7.906,35.31,7.84,78.84,False,0.0,0
-25.1262,139.744,5.21,1995,28.27,0.0,8.007,34.28,1.24,41.01,False,0.0,1
29.5549,-91.8681,13.21,2014,28.1,0.0,8.067,36.76,7.72,34.31,False,0.0,1
-20.6279,26.7731,2.44,1991,26.9,0.0,8.026,33.54,11.35,29.56,False,0.0,0
29.3053,96.6114,19.99,2005,26.82,0.0,8.203,36.22,13.88,46.82,False,0.0,0
28.6368,-76.0214,3.25,2010,29.24,1.25,7.841,35.58,13.48,52.86,False,31.41,1
17.6291,-32.7572,2.68,2004,28.55,0.0,8.064,35.61,9.88,40.37,False,0.0,0
9.5654,8.6307,15.07,2023,30.73,4.93,8.081,34.41,14.74,71.72,True,92.29,1
4.6684,-131.4451,28.78,2009,28.92,0.52,7.95,33.02,5.81,30.47,False,0.53,0
21.9661,-170.6464,13.38,2020,29.28,1.25,8.083,34.47,10.55,61.27,False,38.06,1
-12.6336,-124.9899,11.34,2004,27.88,0.0,8.161,35.41,14.84,46.92,False,0.98,0
-1.9391,45.6673,29.94,2017,30.27,0.83,8.07,35.95,10.57,42.97,False,0.0,0
7.1634,-153.4974,16.43,1995,29.06,0.0,8.161,35.21,4.26,60.74,False,0.0,0
-5.3286,-111.7093,11.88,1992,26.44,0.0,8.088,36.92,12.28,44.41,False,0.0,0
-4.3508,-58.3726,12.19,2012,26.75,0.0,8.129,35.35,5.58,59.37,False,0.0,0
-10.1829,-151.9668,6.65,1992,28.67,0.0,7.896,33.33,4.59,72.08,False,12.64,0
3.8539,-110.9883,15.85,1997,26.28,0.0,7.954,36.42,12.5,53.2,False,0.0,0
21.0345,148.0571,13.73,1991,26.63,0.0,7.947,35.61,6.32,43.09,False,0.0,0
-17.9083,-173.0523,8.85,1996,28.73,1.22,8.076,35.07,9.86,71.28,False,5.26,0
26.066,55.2355,5.66,2006,27.66,0.0,7.909,36.12,13.08,53.21,False,8.36,0
11.3453,-41.6128,10.03,1996,26.97,0.0,8.044,35.76,2.71,72.25,False,0.0,0
19.3964,62.1535,15.75,2022,29.76,1.76,8.018,36.8,9.42,59.95,False,30.57,1
3.3714,31.929,2.69,1993,26.47,0.0,8.15,34.86,3.11,32.17,False,0.0,0
16.771,-99.5404,5.46,2005,26.71,0.0,7.994,35.84,9.26,50.15,False,0.0,1
-29.028,124.9954,28.48,2010,28.69,0.0,7.949,34.84,7.61,46.34,False,0.0,0
19.1028,-2.9015,16.74,2007,27.03,0.0,7.864,34.11,13.16,37.43,False,0.0,0
-27.5917,116.113,2.84,2017,30.02,2.72,7.836,34.28,13.56,54.06,False,41.61,0
23.3948,-33.8355,21.1,2005,28.55,0.0,7.984,35.37,11.67,39.29,False,0.0,0
29.5178,174.4868,2.79,2011,26.61,0.0,7.797,33.72,9.62,57.22,False,0.0,0
-12.356,97.3762,22.43,1995,28.34,1.03,8.038,35.02,4.6,61.7,False,0.0,0
-17.3809,167.7421,22.75,2019,28.84,2.32,8.063,35.77,7.57,63.62,True,55.39,1
15.9218,5.1575,19.88,2017,28.61,0.0,7.977,35.15,2.74,53.0,False,0.0,0
-14.8184,-9.4712,22.23,2006,29.66,1.6,8.077,35.25,0.62,38.53,False,11.22,0
21.9337,91.9634,3.55,2001,27.13,0.0,8.216,33.85,8.72,78.7,False,0.13,0
-23.8294,136.9049,22.08,2001,27.55,0.0,8.163,35.63,4.3,37.72,False,0.0,0
-22.4427,167.0925,4.96,2018,29.2,1.46,7.953,35.39,4.55,63.78,False,0.0,0
28.7491,-63.1613,10.85,1991,28.72,0.0,8.183,35.13,3.09,25.57,False,0.0,0
10.4303,107.5336,28.34,2018,30.23,6.31,8.041,35.78,1.62,34.54,True,94.61,1
20.8132,-104.1676,15.58,2019,28.28,0.0,8.087,35.8,4.11,66.14,False,0.0,0
-10.5402,16.4068,29.06,2014,28.39,0.0,8.001,35.77,3.9,76.21,False,0.0,0
10.589,-115.2547,3.58,2010,27.57,0.0,8.129,33.56,6.48,43.3,False,0.0,0
5.6545,-54.9369,14.85,2011,28.32,0.0,7.985,35.36,1.6,63.51,False,0.0,0
6.189,155.289,2.81,1999,28.64,0.0,8.116,35.8,7.23,66.7,False,13.96,0
10.9519,-127.4073,19.28,2020,29.48,1.84,7.801,35.43,1.3,41.6,False,28.87,0
4.5216,47.6643,3.28,1998,27.91,0.0,8.085,33.77,3.34,53.93,False,7.12,0
-4.2563,33.4635,6.09,2023,29.1,0.13,7.835,33.1,12.73,74.96,False,0.09,0
-13.4446,-136.5342,8.51,2012,29.01,0.26,7.955,35.43,1.42,58.05,False,18.55,1
16.1149,-62.6475,22.71,2001,28.53,0.0,8.066,33.88,2.02,69.7,False,0.0,0
-16.4237,22.6733,5.75,1996,28.8,0.48,8.175,36.31,8.97,45.66,False,20.0,0
11.5413,-112.6157,25.55,2021,29.49,1.5,7.873,36.74,4.31,42.48,False,52.57,1
-16.0,108.2245,4.83,2008,29.37,0.36,7.98,36.35,11.71,75.73,False,13.65,0
7.5198,169.9763,2.02,2011,27.7,0.0,8.017,33.68,6.7,50.93,False,0.0,0
14.8247,-102.6866,12.46,2005,29.4,2.14,8.022,36.27,8.81,42.82,False,67.32,1
-16.8772,-112.7117,29.4,1997,28.71,0.0,8.042,33.71,2.1,68.96,False,0.0,0
-26.4034,-16.2234,4.2,2019,28.48,0.0,8.147,34.19,10.61,28.0,False,22.15,0
-22.1416,89.1955,3.95,1995,26.2,0.0,8.074,36.31,14.23,57.28,False,0.0,0
6.3598,-78.6238,22.78,1991,25.71,0.0,8.122,33.58,14.43,80.68,False,0.0,0
20.9668,-172.8432,10.05,2023,30.88,6.89,8.122,33.75,9.92,64.67,False,94.84,1
-27.3002,14.8394,21.8,2018,29.57,4.0,7.886,36.38,1.7,52.13,False,60.58,1
14.0491,164.3762,6.8,2009,28.5,0.0,7.841,36.95,12.95,49.63,False,1.31,0
-9.5209,-39.1403,14.34,1992,28.62,0.0,8.122,35.54,14.9,54.41,False,0.0,0
-1.2883,-28.7516,8.69,1997,26.65,0.0,8.205,35.47,2.45,37.41,False,0.0,0
25.7316,168.8046,14.09,2001,28.81,0.0,7.996,35.16,12.52,41.21,False,0.0,0
-10.0817,70.0587,23.3,2021,28.95,0.0,7.824,33.98,2.76,45.11,False,0.0,1
-2.0798,78.9019,23.1,2018,29.07,0.88,7.997,33.15,6.99,75.16,False,0.0,0
-29.1791,22.5727,15.96,2010,27.36,0.0,7.946,34.8,13.91,41.36,False,0.0,0
-25.1041,170.8593,27.92,1992,30.65,4.55,7.876,36.39,14.02,44.7,True,90.71,1
-14.4845,67.9919,8.65,2016,27.95,0.0,7.912,36.55,8.51,56.54,False,0.0,0
-28.3289,142.2118,7.97,1992,26.49,0.0,8.134,35.02,14.08,70.96,False,0.0,0
7.8825,71.7764,18.8,1990,28.62,0.0,7.984,36.76,1.05,43.9,False,0.0,0
-4.4161,84.6417,19.02,2009,27.67,0.0,8.138,35.26,10.45,44.22,False,0.0,0
2.8887,-75.4521,2.35,1996,29.17,0.0,7.969,36.04,6.71,38.68,False,0.0,0
-19.5212,-70.7477,18.63,1990,27.88,0.0,7.967,34.77,8.53,26.99,False,0.0,0
-12.2441,101.8745,11.86,1999,28.43,0.0,8.151,33.33,3.31,57.42,False,8.3,0
9.8295,-73.1857,22.68,2001,27.28,0.0,7.992,36.35,3.43,75.43,False,0.0,0
27.9182,22.5972,24.44,1993,29.44,0.0,7.893,36.77,11.08,35.05,False,0.0,1
-26.975,-90.2332,17.01,1996,27.9,0.0,8.048,35.89,11.64,31.26,False,0.0,0
23.4231,114.114,1.05,1999,26.6,0.0,8.182,34.64,9.79,68.39,False,0.0,0
4.6129,-140.2195,19.45,2011,27.99,0.0,8.014,36.44,5.51,78.16,False,1.96,0
3.8352,118.6008,22.72,2014,28.39,0.0,8.211,35.52,10.74,70.11,False,0.0,0
0.0167,36.9827,8.22,2018,27.61,0.0,8.232,33.01,8.01,59.5,False,0.0,0
-25.8364,-112.7126,14.47,2004,27.5,0.0,7.896,36.74,10.67,37.32,False,0.0,0
-24.6074,15.1327,29.01,2008,28.77,0.0,7.883,34.85,3.62,64.76,False,0.0,0
6.0547,-78.3004,9.65,2007,28.25,0.0,7.997,33.7,7.63,37.78,False,0.62,0
-9.5425,-63.5518,7.47,1992,26.5,0.0,8.124,33.73,2.32,58.24,False,0.0,0
25.0361,-53.4499,7.11,1995,27.62,0.0,8.08,34.36,14.45,32.95,False,1.49,0
-5.6046,-157.2051,17.21,2011,29.5,2.77,8.241,33.17,14.91,25.46,False,22.29,1
-21.4031,174.9462,28.54,2020,31.1,7.43,7.98,34.22,6.72,23.8,True,100.0,1
12.8831,-168.6475,18.65,2010,27.42,0.0,7.978,33.36,6.25,40.48,False,0.0,0
-12.3988,58.4989,9.8,1997,28.79,0.0,7.919,33.81,6.7,69.54,False,0.0,0
1.5282,-46.358,19.52,1990,30.01,3.69,8.174,33.07,3.2,74.34,False,56.6,1
11.87,52.5637,19.12,1992,27.61,0.0,7.88,35.72,3.52,34.97,False,0.0,0
24.0158,-51.7506,18.31,2018,30.36,4.82,8.196,35.3,14.64,33.69,True,87.78,1
17.5315,62.5502,5.62,1995,28.7,0.0,7.96,33.37,5.42,71.4,False,0.0,0
10.5817,82.5248,19.4,2022,27.31,0.0,8.213,36.1,13.12,67.69,False,0.0,1
10.778,68.599,13.47,2007,26.45,0.0,8.145,35.75,0.61,61.96,False,0.0,1
26.7555,-138.9737,1.54,1990,29.82,0.0,8.144,33.62,9.15,44.61,False,0.0,0
-12.2506,56.4816,16.65,2011,28.07,0.0,7.922,33.17,3.8,58.55,False,0.0,0
-29.9333,-79.2045,29.69,2020,26.46,0.0,7.924,33.54,8.77,39.69,False,0.0,0
-13.6827,-169.6315,11.14,2012,28.76,0.0,7.994,33.47,10.22,63.66,False,12.29,0
-16.9265,-30.661,29.0,1997,25.55,0.0,8.081,35.44,12.29,56.41,False,0.0,0
9.7101,-23.9245,3.79,2018,29.49,0.24,8.028,33.2,4.06,54.67,False,7.06,0
8.0227,-11.8173,22.24,2008,26.73,0.0,7.893,34.24,9.76,54.16,False,0.0,0
5.6077,73.7367,4.32,2005,28.57,0.0,8.004,34.44,0.56,78.01,False,0.0,0
-29.0254,-68.8162,8.93,2008,29.99,3.37,7.877,33.34,14.99,60.45,True,59.75,1
13.7267,-66.499,17.55,2011,29.46,1.14,8.13,34.37,6.57,43.39,False,37.11,1
-10.5882,-158.2012,18.19,2008,30.81,3.98,8.073,35.26,3.38,77.7,False,59.3,0
9.9034,67.2556,23.48,1993,27.57,0.0,8.186,34.29,9.85,65.68,False,0.0,0
3.3947,24.4174,18.84,1994,29.67,4.52,8.074,36.72,8.24,64.76,True,85.51,1
-9.4361,-54.207,18.21,1994,28.29,0.0,7.893,34.14,0.55,61.09,False,0.0,0
-21.9254,73.868,27.46,2014,29.7,1.11,8.038,35.6,6.33,71.13,False,0.0,0
-24.3349,13.4488,14.11,2013,28.12,0.0,8.082,35.15,12.51,31.83,False,0.0,0
19.8911,-11.0718,7.53,1990,29.59,0.0,7.989,34.5,4.26,70.89,False,40.91,0
25.1039,4.0768,5.69,2017,29.63,2.03,8.092,36.88,14.42,78.78,False,59.6,1
8.9873,49.0853,12.6,2010,26.78,0.0,7.857,36.44,13.04,28.41,False,0.0,0
-23.794,57.6009,21.67,2008,27.41,0.0,8.095,33.8,5.88,73.49,False,0.0,0
-5.8784,-75.9752,2.23,2012,30.41,3.09,7.881,36.89,6.32,77.52,True,95.26,1
13.7364,-129.3324,4.74,2003,29.17,0.4,8.117,33.08,7.06,46.55,False,7.04,1
16.7893,-123.6117,4.08,1995,26.83,0.0,8.078,33.04,9.74,56.89,False,0.0,0
-22.9069,50.1807,17.97,2021,29.24,1.22,7.974,33.38,5.25,27.22,False,23.67,1
-29.9982,134.2344,8.04,2021,29.48,1.89,8.015,34.42,0.52,28.44,False,2.87,0
12.7282,-32.5813,5.82,1997,27.08,0.0,7.943,34.46,6.83,25.37,False,0.0,0
-8.6042,-118.9727,18.19,2011,26.84,0.0,8.092,33.22,7.67,56.93,False,0.0,0
-14.7311,92.3769,23.08,1997,29.32,2.55,8.06,35.97,10.79,36.36,False,56.63,0
-29.2262,119.6962,10.63,1999,26.2,0.0,8.109,34.28,0.76,74.93,False,0.0,0
2.418,137.0097,17.77,1992,27.69,0.0,8.131,36.79,9.66,41.73,False,0.0,0
21.069,38.4593,3.85,2002,27.83,0.0,8.042,36.99,1.61,55.39,False,15.96,0
27.4579,129.8623,28.12,2019,29.4,3.03,8.013,35.76,8.12,39.58,False,11.02,1
3.9447,-174.4506,10.77,1993,25.63,0.0,7.983,33.46,3.42,42.27,False,0.0,0
0.8677,-141.3951,29.93,1995,26.17,0.0,8.179,35.07,13.25,70.1,False,0.0,0
-24.8966,-146.6726,29.38,2005,25.52,0.0,8.039,36.14,6.69,46.36,False,0.0,0
2.9324,76.5377,23.59,2011,27.27,0.0,8.107,36.67,2.31,68.24,False,0.0,0
-7.2013,-154.9506,1.58,2016,28.07,0.0,7.855,34.71,0.9,66.17,False,18.07,0
6.4281,-1.3088,16.76,2010,26.47,0.0,8.181,33.0,12.85,51.13,False,0.0,0
-6.6764,-9.8255,3.52,2018,27.78,0.0,8.015,34.63,14.1,50.65,False,10.34,0
-15.5821,-68.1467,26.96,1990,26.93,0.0,7.953,35.29,11.03,29.76,False,0.0,0
-24.3021,133.3459,23.9,2019,27.07,0.0,7.893,33.44,10.13,63.1,False,0.0,0
-11.1049,-118.644,29.2,2013,28.38,0.44,7.973,35.58,4.1,59.76,False,0.0,1
-24.2013,-53.1134,18.64,2002,30.7,7.16,8.16,35.25,11.02,55.98,True,100.0,1
-19.3862,98.7017,16.14,2019,29.39,1.88,8.011,34.91,2.73,55.81,False,6.72,0
29.2402,-169.048,16.05,2015,29.05,0.0,8.122,35.17,12.32,64.65,False,0.0,0
-3.3538,62.2621,12.21,2023,30.48,4.59,7.929,33.12,6.84,59.91,False,69.82,1
1.9123,113.9032,14.59,2009,26.7,0.0,8.131,36.01,13.18,57.82,False,0.0,0
22.4171,155.6164,19.43,1995,28.18,0.0,8.072,35.8,5.47,74.3,False,0.0,0
29.7341,135.4668,28.06,1998,29.23,4.68,7.949,33.8,0.66,32.28,True,63.09,1
4.9629,-65.0217,18.28,2005,27.84,0.0,7.999,33.31,12.27,68.65,False,0.0,0
18.7484,31.0911,25.86,1993,29.32,0.0,8.156,34.57,13.28,50.93,False,5.42,1
-10.3835,-152.1743,26.02,2021,29.06,0.0,7.922,36.03,0.77,47.35,False,0.0,0
-11.6554,-87.1668,16.05,2009,28.94,0.0,7.892,34.58,4.22,68.82,False,9.67,1
-5.8378,-146.0799,11.08,2018,29.53,3.08,8.027,35.89,5.1,32.13,False,18.85,1
10.3504,-66.5326,19.55,2020,27.54,0.0,8.207,36.11,9.17,66.17,False,0.0,0
10.9315,135.0674,13.93,2006,26.96,0.0,8.076,33.18,3.92,39.41,False,0.0,0
-11.0856,-55.0199,3.36,2014,27.43,0.0,7.905,34.58,13.93,46.65,False,0.0,0
-22.0074,22.2833,11.96,2005,27.13,0.0,8.091,36.95,14.47,52.84,False,0.0,0
7.9438,-23.9829,29.83,2009,28.36,0.0,7.919,33.11,8.99,32.62,False,0.0,0
-22.3004,-14.7901,2.41,1999,28.07,0.0,8.188,36.58,14.79,63.23,False,0.0,0
4.7096,169.0459,21.2,2012,31.18,6.79,8.019,33.47,2.97,53.11,True,100.0,1
11.6053,-73.3844,25.39,2022,26.88,0.0,8.173,35.44,2.17,76.82,False,0.0,1
12.0367,45.8368,19.81,2002,26.91,0.0,8.04,36.8,6.38,71.7,False,0.0,0
15.2083,-28.7774,17.52,2014,30.38,4.6,8.2,35.46,12.04,70.98,True,100.0,1
22.3716,-157.9874,21.52,2013,29.58,0.58,8.148,33.76,9.04,46.27,False,0.04,1
-0.0025,-3.8409,13.45,1995,28.84,1.07,7.893,33.83,9.63,43.94,False,17.6,0
13.815,112.8036,3.65,2004,29.63,3.9,7.889,33.12,14.4,68.06,True,71.45,1
7.1504,-144.4489,28.91,2023,28.25,0.0,7.971,34.42,9.17,57.84,False,0.0,0
-18.8016,-154.9469,13.54,1993,29.52,1.24,8.009,35.34,6.79,71.92,False,0.0,0
-28.4586,-124.6927,20.3,2003,28.88,2.21,8.014,36.24,11.88,65.1,False,27.53,0
-12.9275,95.184,16.41,1993,26.46,0.0,8.223,35.33,11.59,82.49,False,0.0,0
-3.418,80.6383,2.59,2017,27.32,0.0,7.836,36.65,14.23,59.88,False,10.88,0
7.0264,23.4064,28.63,2018,30.12,1.35,7.934,35.77,9.41,66.61,False,16.54,0
20.9976,-11.4385,23.98,2007,27.99,0.0,7.839,35.21,0.71,68.96,False,0.0,0
-18.2253,139.7973,5.32,2009,29.15,3.93,7.954,33.82,5.34,44.29,True,90.13,1
-22.467,96.0112,29.47,2021,29.55,0.68,7.955,36.14,6.61,71.01,False,18.46,0
27.8088,112.2992,22.37,1997,27.44,0.0,8.093,34.21,11.02,41.21,False,0.0,0
-23.5173,112.7744,14.7,2002,27.01,0.0,7.925,34.28,9.12,32.89,False,0.0,0
-1.2905,51.3782,18.73,1998,29.42,0.2,8.112,33.42,9.71,25.29,False,27.74,1
5.1338,-15.1147,4.1,2022,29.43,0.49,7.97,33.2,4.34,32.07,False,23.74,0
2.4825,131.284,17.25,2001,27.59,0.0,7.966,34.82,12.52,52.5,False,0.0,0
-24.8381,153.3627,3.14,2014,28.03,0.0,7.995,33.49,5.14,76.6,False,0.0,0
-26.5784,-171.4298,16.8,2014,28.59,2.79,7.954,34.35,10.88,41.33,False,15.1,1
-23.671,-161.4402,17.03,2005,25.58,0.0,8.155,36.35,4.3,40.77,False,0.0,0
5.1353,165.1476,26.36,2005,29.7,0.0,8.051,34.32,9.67,47.29,False,2.55,0
2.6607,-80.2222,22.03,2012,29.06,0.0,8.051,35.48,7.87,68.17,False,6.22,0
-15.9756,134.413,8.24,1997,26.64,0.0,8.093,36.4,2.37,30.52,False,0.0,0
8.2664,-40.0338,26.76,1992,29.19,1.16,8.016,33.6,4.91,51.2,False,0.0,0
19.2041,-137.124,17.62,2013,29.26,0.65,7.934,36.79,8.35,55.33,False,17.29,0
-27.5053,-151.0404,18.59,2011,27.5,0.0,8.018,35.24,6.87,57.55,False,0.0,0
-0.1122,-123.6572,5.9,2003,26.91,0.0,8.128,35.94,6.36,58.51,False,0.0,0
11.3586,-90.0384,25.88,2011,28.29,0.0,7.942,36.43,10.99,44.89,False,0.0,0
-14.8613,-4.1334,28.0,2023,27.41,0.0,8.05,36.12,10.89,51.59,False,0.0,1
-11.5337,72.5392,23.47,2020,30.21,4.98,8.121,33.96,14.9,42.41,False,63.95,1
6.8183,175.1035,28.28,2010,28.15,0.0,7.971,34.0,2.27,78.85,False,0.0,0
23.8761,-21.0576,9.77,1994,30.45,6.01,7.971,33.71,4.1,41.23,True,92.49,1
18.5955,6.5466,25.97,2008,29.13,0.0,8.063,33.78,4.68,40.8,False,0.0,0
4.9878,7.8537,15.18,2010,27.99,0.0,7.93,36.22,4.98,33.34,False,0.0,0
13.8133,14.1964,5.75,1991,28.09,1.1,8.223,35.24,5.3,66.42,False,24.38,1
-8.1107,6.3866,20.4,1992,28.36,0.0,8.059,33.51,8.71,56.96,False,0.0,0
8.4579,-176.8411,20.84,2019,28.76,0.75,8.069,34.24,1.19,66.22,False,0.0,0
-2.0291,-179.3791,9.32,2023,29.85,4.65,8.092,33.31,7.25,46.09,True,100.0,1
-18.6038,-144.8401,1.8,2014,29.16,1.99,8.032,36.31,10.77,26.05,False,61.51,1
12.1043,-143.4396,6.8,2018,27.19,0.0,8.088,35.46,11.01,59.98,False,5.9,0
3.3879,73.7629,12.59,2001,28.21,0.0,7.877,33.66,8.52,36.31,False,0.0,0
-8.4827,-106.2302,5.86,2012,27.42,0.0,8.005,36.35,13.85,77.86,False,0.58,0
24.6804,142.0971,6.63,2017,27.47,0.0,8.076,36.59,3.27,34.83,False,0.0,0
-28.744,154.2983,12.35,2006,26.88,0.0,8.049,35.82,14.8,37.76,False,0.0,0
-11.0536,171.3216,28.89,2005,26.83,0.0,8.069,34.99,2.94,63.32,False,0.0,0
-26.5871,158.0693,23.16,1998,28.74,0.13,7.957,36.09,5.48,22.82,False,0.0,0
15.9916,-82.1202,10.27,1992,26.83,0.0,7.93,34.53,1.25,60.92,False,0.0,0
12.1264,3.5197,28.6,2011,28.95,0.0,8.12,34.79,14.45,57.04,False,15.13,0
-10.1189,-116.8362,19.72,2020,29.57,2.31,7.901,34.72,8.92,29.93,True,37.15,1
10.5398,110.2355,14.21,2003,28.86,0.0,7.919,36.9,10.29,48.19,False,4.26,0
-6.2438,139.8354,14.58,1992,28.99,0.0,7.875,34.32,14.42,47.96,False,6.94,0
15.3752,126.464,12.91,2012,28.92,0.0,8.086,34.99,11.47,54.41,False,10.24,0
-2.749,-23.9879,7.76,2010,27.89,0.0,7.959,36.54,14.7,52.19,False,0.0,0
-5.2632,93.1226,12.21,2013,30.88,2.61,8.046,33.34,8.24,60.17,False,33.54,1
26.0838,-144.8715,16.31,2021,26.8,0.0,7.896,34.16,10.95,50.81,False,0.0,0
-14.9473,-165.5119,16.31,1994,27.26,0.0,8.134,36.0,2.77,70.13,False,0.0,0
-22.7732,91.1651,23.09,2022,30.93,4.89,8.162,35.95,1.11,29.12,False,78.06,1
5.0726,-26.8721,11.41,2008,29.97,4.01,8.042,35.23,6.95,68.64,True,78.15,1
28.1593,178.3977,21.79,2023,26.81,0.0,7.996,35.78,1.8,44.42,False,0.0,0
-7.3296,-144.9885,17.76,1992,28.16,0.0,8.066,34.13,7.77,72.55,False,0.0,0
-26.2778,128.026,28.89,2017,27.63,0.0,8.057,35.59,5.62,37.39,False,0.0,0
-9.6417,-7.2061,12.17,2000,29.69,1.33,8.001,33.19,3.19,77.88,False,27.1,0
0.3559,117.7741,27.14,1999,28.34,0.0,8.085,36.94,14.78,73.79,False,0.0,0
-20.2846,114.1658,24.8,1991,26.05,0.0,8.12,35.56,14.13,56.27,False,0.0,0
9.4861,149.7571,19.49,2016,30.04,2.53,8.157,33.72,4.54,39.97,False,33.88,1
29.865,-72.774,19.98,1998,27.13,0.0,7.863,35.89,6.7,71.69,False,0.0,0
-2.8956,161.9278,3.45,1990,29.31,0.0,8.02,35.56,10.19,70.43,False,31.34,0
-8.7163,-125.3999,28.56,2022,29.75,2.22,8.019,36.86,8.15,57.63,False,21.01,1
-5.9577,-150.4912,4.1,2022,27.24,0.0,8.134,34.16,13.73,29.55,False,3.4,0
-23.0912,-24.6184,17.33,1992,28.08,0.0,8.087,33.23,14.82,53.8,False,0.0,0
22.9964,118.1963,10.57,2021,27.96,0.0,7.931,33.73,1.4,52.24,False,0.6,1
-5.1105,-9.5684,13.47,2002,27.24,0.0,8.148,34.68,7.02,50.23,False,11.75,0
-6.7635,118.5432,18.7,2010,29.93,2.92,7.925,33.95,5.97,53.82,False,55.72,1
9.5814,82.6873,27.36,1993,26.63,0.0,8.051,35.97,1.26,52.04,False,0.0,0
-3.478,-104.6058,14.27,2006,26.94,0.0,7.998,33.19,13.72,42.12,False,0.0,0
8.894,161.5974,29.64,1993,29.9,2.02,8.015,33.51,2.76,57.62,True,30.14,0
-26.3132,-158.1188,18.19,2009,26.29,0.0,8.032,34.23,1.04,51.04,False,0.0,0
18.8234,143.3807,5.66,2001,28.26,0.0,8.127,35.24,1.89,26.51,False,0.0,0
26.4302,-70.4004,6.51,2015,28.42,0.0,8.032,34.17,6.85,66.15,False,5.28,1
8.9259,0.0533,21.77,2005,29.24,1.11,8.048,35.25,6.46,73.24,False,24.76,0
27.274,-27.9533,2.46,1996,29.53,1.1,8.181,34.25,13.62,56.54,False,24.42,0
-20.9141,-118.1396,14.93,2022,28.54,0.0,8.095,36.04,0.78,47.06,False,0.0,0
-1.355,-51.0671,5.3,1991,29.52,0.0,7.943,35.97,13.91,70.92,False,12.54,0
6.1084,-110.5436,13.56,2022,30.18,3.34,8.086,36.16,6.36,30.07,True,73.69,1
4.9042,-106.6009,22.75,2003,29.69,2.76,8.007,36.83,3.69,59.65,False,25.81,0
-5.9123,-112.6595,14.31,2009,29.0,1.05,8.063,36.3,14.67,30.38,False,2.94,1
-9.7149,-3.9537,5.74,2016,29.39,0.0,7.899,36.32,13.76,75.62,False,17.47,0
-22.3906,107.2553,8.31,2010,29.74,2.79,7.921,34.52,9.62,61.81,True,48.91,1
-6.4955,24.8292,11.66,1991,29.77,0.71,8.089,34.24,1.8,40.56,False,48.78,1
-20.2404,141.5544,3.02,2005,29.55,4.21,7.982,33.89,11.69,60.52,True,61.0,1
14.0619,49.156,17.95,2008,27.18,0.0,8.14,34.77,1.62,71.46,False,0.0,0
-17.4701,68.1624,18.62,1993,27.07,0.0,7.905,34.51,4.27,35.72,False,0.0,0
-26.4861,60.3386,2.8,1999,29.43,1.75,7.853,33.89,9.26,66.04,False,49.53,1
3.142,-18.1947,12.67,2011,29.1,0.18,7.885,33.01,1.01,74.21,False,19.0,0
5.7138,68.162,13.01,2001,29.05,1.21,7.939,34.82,4.81,68.78,False,11.82,1
22.3148,-154.9052,10.68,1991,27.78,0.0,8.1,36.92,5.69,50.07,False,0.0,0
4.6189,129.5465,17.17,1991,26.63,0.0,8.08,35.92,1.25,63.36,False,0.0,0
-9.2711,100.0124,11.03,2023,26.05,0.0,7.911,36.76,8.7,53.65,False,0.0,0
18.1807,-91.7172,13.08,2007,26.99,0.0,8.081,35.0,10.29,32.47,False,0.0,0
2.4167,96.4917,24.13,2005,27.16,0.0,8.03,36.95,1.87,41.01,False,0.0,0
-25.2432,-175.4487,5.7,2008,30.04,3.45,7.923,33.8,5.94,49.61,False,35.34,1
3.951,-101.7912,18.95,2014,27.0,0.0,8.097,35.21,5.12,64.69,False,0.0,0
24.4811,-156.5506,15.66,2019,28.67,0.67,8.053,34.04,7.62,44.45,False,0.0,0
-6.2212,100.8817,9.85,1995,25.34,0.0,7.927,33.91,14.03,62.24,False,0.0,0
-12.2205,92.1147,22.1,2016,27.9,0.0,8.108,36.74,7.59,77.66,False,0.0,1
-21.3918,112.909,16.98,2004,27.17,0.0,7.934,35.31,0.54,62.57,False,0.0,0
-20.9133,-178.3866,14.84,2020,29.57,2.75,7.947,33.33,1.02,53.27,False,30.88,1
-4.0337,0.4438,20.36,2011,28.87,1.05,7.917,34.47,5.45,67.0,False,0.0,0
5.7408,73.741,24.27,2001,26.1,0.0,8.088,36.35,2.02,41.42,False,0.0,0
-25.1631,-124.0556,29.21,1999,28.14,0.0,7.975,33.37,4.82,26.08,False,0.0,0
26.3741,53.9247,19.25,2010,29.16,2.81,7.946,33.09,9.78,57.07,False,33.94,0
15.308,-149.7204,26.36,2020,29.59,1.47,7.989,36.38,4.25,52.04,False,14.29,0
5.1974,-114.7227,1.03,1999,26.88,0.0,7.998,35.73,2.16,75.32,False,0.0,0
19.7063,-8.7131,16.38,2008,30.33,3.4,8.117,33.28,10.67,57.49,False,34.02,0
-25.1888,55.2835,7.22,2012,27.38,0.0,8.08,33.73,13.8,57.13,False,0.0,0
-1.3897,-127.4871,3.73,1999,30.0,2.62,7.996,33.28,13.7,51.3,False,34.14,0
7.8056,-113.3196,16.43,2016,26.85,0.0,7.845,33.28,9.97,51.89,False,0.0,0
19.7192,-106.3993,22.66,1991,28.48,1.63,8.038,36.6,3.18,34.19,False,12.77,1
17.0082,-94.0677,12.96,2000,28.22,0.0,7.898,36.01,13.16,49.02,False,3.16,0
-13.3758,-98.4406,20.43,1997,27.99,0.0,7.984,35.05,11.55,82.27,False,4.38,0
26.4528,-37.7463,15.2,2008,28.99,1.22,7.927,34.28,12.66,32.08,False,0.0,0
-22.5392,55.3643,13.68,2005,26.28,0.0,8.171,35.45,2.66,81.26,False,0.0,0
22.508,-22.3086,9.42,1993,27.66,0.0,7.849,34.14,7.52,52.87,False,9.53,0
28.2564,99.3506,12.1,2003,25.7,0.0,8.077,33.57,8.23,76.94,False,0.0,0
-19.3708,78.9367,11.14,2011,28.04,0.0,7.92,34.95,11.74,68.41,False,0.0,0
13.324,-134.4503,19.74,2006,30.34,4.55,7.951,36.38,5.22,19.37,True,100.0,1
-27.5829,-162.417,4.36,2015,27.97,0.0,8.066,35.74,5.53,66.15,False,0.0,0
-5.6746,136.059,3.69,2019,29.17,0.57,8.121,36.14,13.35,64.6,False,0.0,0
0.977,-151.2608,20.14,2010,26.57,0.0,7.904,33.72,11.24,66.34,False,0.0,0
4.8387,-126.5979,16.84,2009,27.49,0.0,7.996,36.85,9.77,63.13,False,0.0,0
26.1562,-172.032,13.48,2015,27.92,0.0,7.926,33.3,2.25,51.17,False,0.0,0
10.335,46.2011,5.42,2001,26.44,0.0,7.983,35.04,1.5,69.51,False,0.0,0
-1.1233,29.6534,12.92,1997,26.88,0.0,8.026,34.49,9.86,71.63,False,0.0,1
18.5805,175.2853,23.9,2018,29.96,2.35,7.902,35.37,7.94,57.78,False,31.91,1
27.032,139.2957,26.8,1996,29.34,3.23,7.988,36.76,14.78,26.08,False,27.15,1
-28.676,-32.0965,21.37,1999,29.97,1.85,8.025,33.44,12.86,35.24,False,27.55,0
28.9513,-46.2291,2.74,2009,30.47,4.79,8.007,33.53,8.77,66.95,True,79.61,1
-24.8321,-73.1333,20.44,2017,29.91,2.11,7.912,34.34,2.23,33.01,False,17.53,0
18.8632,-125.1335,7.99,2003,26.49,0.0,8.055,35.56,1.92,48.53,False,0.0,0
-13.1799,-130.2899,10.14,2001,27.68,0.0,8.102,33.59,7.19,30.48,False,12.12,0
-22.0692,-132.3779,6.68,1997,29.35,0.92,8.205,33.52,2.67,53.83,False,0.0,0
-3.6087,-138.9187,23.5,1996,28.83,0.0,7.905,36.17,10.44,49.09,False,0.0,0
8.6374,-93.4157,19.81,1994,27.49,0.0,7.96,36.18,1.18,35.75,False,0.0,0
-7.1429,-69.5993,18.74,1990,27.65,0.0,8.218,35.72,14.91,60.07,False,0.0,0
-26.7261,166.1684,20.37,1998,27.75,0.0,7.922,34.64,14.21,59.15,False,0.0,0
5.9677,28.2504,7.87,2007,26.76,0.0,8.054,35.29,9.26,46.98,False,0.0,0
24.1442,175.5345,13.89,1999,28.53,0.0,8.029,35.46,3.37,31.31,False,0.0,0
-7.0071,-45.9119,19.36,1990,26.4,0.0,7.84,35.72,4.59,82.02,False,0.0,0
-17.02,-15.2544,19.46,2009,27.43,0.0,7.911,33.93,4.77,38.79,False,0.0,0
-3.4454,-63.1517,23.96,2018,30.53,4.63,7.894,35.06,3.2,62.94,False,47.36,1
-27.0982,-114.1604,9.33,1991,27.9,0.0,8.013,36.99,2.09,56.28,False,0.0,0
19.2293,-128.4607,23.34,2015,30.43,2.86,7.802,33.7,10.11,44.65,False,61.26,1
19.5804,160.2285,13.77,2000,28.15,0.0,8.02,33.31,11.34,49.65,False,0.0,0
5.28,175.2518,20.44,2014,27.23,0.0,7.998,33.28,4.04,57.24,False,0.0,0
-8.8138,-163.8326,14.22,2023,29.89,3.66,8.113,35.67,11.5,43.34,False,53.36,1
17.987,-125.8755,28.51,1990,25.98,0.0,8.039,36.26,2.89,42.49,False,0.0,0
3.2812,-27.5313,6.2,2020,30.03,3.45,7.901,33.95,3.88,38.31,False,40.84,1
19.5559,-112.9199,20.58,2011,29.38,0.0,7.924,33.14,11.87,40.27,False,14.63,0
7.8875,-49.0031,17.72,1991,29.45,0.0,8.08,35.86,14.68,42.77,False,0.0,0
17.0643,-133.5253,6.01,1990,29.31,0.83,8.091,35.99,11.78,65.47,False,3.05,1
5.9138,-15.6558,2.91,2013,27.85,0.0,7.931,34.05,3.36,44.87,False,0.0,0
-5.1515,-82.1899,24.18,2023,30.53,4.85,8.169,33.06,4.82,76.24,False,54.75,1
27.4768,-53.3142,5.57,1998,28.73,0.0,7.941,36.2,9.78,52.71,False,35.82,0
2.4668,-146.0474,6.41,2001,27.25,0.0,8.131,34.44,14.34,42.35,False,3.72,0
6.3054,-25.8739,29.37,2009,29.77,4.26,8.089,35.08,14.92,65.37,True,64.27,1
-16.7707,173.9727,21.8,1993,29.78,4.45,7.971,36.6,9.02,34.53,False,52.93,1
7.539,-61.6201,8.26,2004,27.2,0.0,8.225,33.82,6.83,35.53,False,0.0,0
4.2965,135.5145,18.14,1993,29.35,2.27,8.144,33.52,4.01,41.41,False,20.13,1
-18.9097,123.5517,16.49,1994,29.08,0.0,7.865,35.33,1.6,28.01,False,10.72,1
-26.4248,162.741,25.49,1999,26.37,0.0,7.981,35.66,4.95,49.99,False,0.0,0
6.2616,104.4394,22.15,1990,28.19,0.0,7.876,34.57,8.62,53.32,False,0.0,0
15.8215,57.4549,25.12,2007,29.27,2.18,7.962,33.13,9.76,42.35,True,45.32,1
1.4041,128.3704,7.13,2020,29.34,1.46,7.935,33.36,5.3,75.05,False,35.21,1
-16.3936,-152.7679,19.57,1995,29.35,0.18,8.028,34.07,14.41,27.66,False,0.0,0
9.9913,-13.381,2.17,1995,28.94,0.0,7.965,33.88,1.87,40.03,False,0.0,0
-25.1937,176.1322,3.0,2008,30.0,2.1,8.135,34.26,10.79,40.18,False,47.16,1
-3.49,97.0561,21.69,2021,26.97,0.0,7.855,35.15,5.97,41.03,False,0.0,0
-20.198,166.3471,1.71,2019,28.15,0.0,7.965,33.22,11.8,40.57,False,0.0,0
-18.9325,100.6684,17.81,2015,26.19,0.0,8.061,33.91,12.6,31.88,False,0.0,0
-17.8624,134.9575,25.37,1992,28.5,1.22,8.135,36.2,11.01,59.99,False,0.0,0
-6.7976,74.3507,12.02,2022,30.56,3.16,7.835,33.67,8.78,53.61,False,45.53,1
-26.931,93.7807,2.3,2020,27.46,0.0,7.921,34.2,1.62,52.57,False,0.0,0
-6.1324,8.3441,21.7,2009,27.79,0.0,7.994,34.83,2.54,63.71,False,1.64,0
0.7024,152.7256,27.96,1993,29.74,0.2,8.163,33.65,9.16,46.49,False,0.0,0
-1.0023,117.014,21.8,2021,28.68,0.0,8.034,36.04,14.48,43.38,False,14.46,0
-7.033,123.7986,17.77,2007,27.11,0.0,8.069,33.11,8.18,69.95,False,0.0,0
20.3488,62.2833,7.67,1999,27.01,0.0,8.166,34.71,13.55,48.63,False,0.0,0
-21.2804,-70.3512,1.45,2011,30.57,6.66,8.055,35.19,13.92,30.29,True,100.0,1
0.3418,-167.1733,21.15,2006,28.02,0.0,8.17,33.5,2.24,69.56,False,0.0,0
-26.2775,156.8358,7.7,1993,28.86,0.0,7.953,35.75,7.12,50.09,False,8.38,0
-25.7307,31.0033,25.89,1996,29.0,0.0,7.975,33.39,11.42,35.39,False,8.14,0
4.432,-72.6685,14.52,1997,28.3,0.0,8.089,35.22,6.42,41.76,False,0.0,0
3.9611,-126.3114,16.39,1990,28.36,0.25,8.015,36.59,4.76,72.18,False,0.0,0
22.682,118.6283,22.86,1997,26.65,0.0,8.044,33.66,13.75,58.99,False,0.0,0
3.4724,121.1473,23.6,2008,29.08,2.13,8.074,35.28,9.16,68.28,False,30.42,1
27.5875,113.2229,19.64,2006,30.17,5.48,8.025,36.3,9.61,29.67,True,100.0,1
-27.0783,52.2298,28.21,1998,30.5,4.36,7.911,33.86,10.63,50.91,False,39.7,0
-24.1195,-48.2345,29.49,2005,28.5,0.0,8.123,33.08,14.61,68.1,False,0.0,0
-27.356,-70.5347,28.46,2016,28.68,0.0,8.059,33.09,9.42,46.09,False,0.0,0
-18.8834,-176.9203,24.9,1991,27.46,0.0,8.13,33.98,0.74,58.07,False,0.0,0
2.4762,120.0987,21.46,2001,26.42,0.0,8.149,35.86,14.51,50.38,False,0.0,0
8.7343,-148.5242,20.24,2020,29.84,2.46,7.853,34.36,3.79,47.21,False,21.94,1
-27.2649,47.0718,4.01,2008,26.4,0.0,8.052,34.92,14.44,60.82,False,0.48,1
26.7583,1.467,8.87,2015,27.9,0.0,7.913,33.23,6.25,56.7,False,0.0,0
20.5299,9.6082,1.16,1993,28.72,0.34,7.961,36.53,12.96,33.27,False,0.0,0
-12.2033,153.6166,4.98,2020,28.79,0.23,8.114,34.64,6.32,64.14,False,0.0,0
-25.3687,-168.6186,13.74,2002,28.94,0.9,8.161,36.15,9.64,43.87,False,2.97,0
-19.8068,98.4212,5.25,1993,29.52,1.78,7.957,33.07,6.33,78.05,False,40.46,1
-22.3833,-161.2611,27.15,2002,28.99,0.72,8.129,35.8,11.21,36.56,False,1.5,0
-22.603,-166.2647,24.37,1998,25.35,0.0,8.162,35.01,12.18,73.6,False,0.0,0
1.1137,-25.2656,3.08,1991,30.08,0.94,8.085,34.04,12.81,47.46,False,12.41,0
-15.2492,-157.2929,8.22,2001,30.05,2.53,8.137,35.86,3.73,63.56,False,41.56,1
-8.5116,104.0918,24.75,2006,28.28,0.0,8.17,34.96,12.54,44.61,False,0.0,0
29.3703,10.6427,24.29,1993,28.14,0.0,8.081,35.4,6.36,79.04,False,0.0,0
11.0589,-169.546,28.42,2003,28.64,0.32,7.92,35.94,9.3,82.29,False,0.0,0
26.9388,-165.4198,29.93,2010,29.58,2.11,7.952,33.36,1.4,41.17,False,29.39,1
-21.4466,40.5607,29.31,1997,29.02,0.63,7.83,35.76,9.19,58.69,False,14.79,0
-7.0716,110.2003,12.89,2022,27.36,0.0,8.126,34.71,12.46,43.63,False,0.69,0
3.2839,-22.3922,8.26,2017,28.44,0.0,7.943,36.72,4.6,40.63,False,0.0,0
-25.3945,19.649,22.99,1992,28.84,1.38,7.994,36.51,7.19,56.7,False,0.0,0
-29.7488,107.9386,9.68,2003,30.24,6.4,8.144,36.01,12.41,29.89,False,90.52,1
10.2261,39.7822,24.39,2008,27.73,0.0,7.915,35.93,4.85,61.28,False,0.0,0
8.5092,-99.0863,16.48,1995,29.85,1.36,8.124,36.54,13.83,63.09,False,26.38,0
-5.3527,40.6987,24.02,2009,28.55,0.0,8.234,36.18,2.74,82.56,False,0.0,0
-0.6214,46.1806,9.0,1990,26.76,0.0,8.144,36.85,7.4,36.58,False,0.0,0
-5.0734,84.2785,15.73,1999,29.72,3.01,8.3,36.45,9.69,41.96,False,11.56,0
-28.5597,43.5147,17.36,2002,29.26,1.22,7.963,34.32,7.34,39.5,False,9.75,1
-9.8777,168.9272,28.35,2001,28.18,0.0,7.863,35.79,6.48,63.33,False,0.0,0
-19.3751,-108.9762,8.73,2000,29.12,0.48,7.925,36.46,9.73,62.77,False,17.78,1
-24.0945,162.3926,28.16,2006,29.97,3.4,7.837,36.24,13.38,14.97,False,47.3,1
27.4032,13.8022,24.34,2018,30.2,2.94,7.976,35.49,10.11,52.55,True,68.28,1
5.9616,61.9042,22.2,1992,29.62,1.25,8.224,35.01,9.55,51.07,False,3.24,0
13.7194,-144.1938,23.82,2018,28.15,0.0,7.98,33.33,11.3,62.82,False,0.0,0
-11.0782,-42.9927,18.56,1999,29.32,1.89,7.989,34.28,6.36,58.61,False,27.88,0
-6.4112,96.9765,8.08,2008,28.15,0.0,8.138,35.42,0.75,49.44,False,0.0,0
-15.7846,74.488,6.5,1993,26.28,0.0,8.02,35.31,14.11,67.58,False,0.0,0
-24.1821,-165.5498,26.12,2001,26.02,0.0,8.28,36.0,4.94,63.58,False,0.0,0
-19.2581,16.7739,22.03,2020,29.88,4.22,8.131,36.5,11.64,48.07,True,76.95,1
17.8508,-148.2199,7.18,1991,27.63,0.0,8.229,35.25,9.05,57.89,False,0.0,0
10.6527,178.5083,18.84,1990,26.41,0.0,8.124,35.57,10.57,67.9,False,0.0,0
2.8157,143.0268,13.98,2006,27.94,0.0,7.94,34.7,12.36,58.05,False,0.0,0
-1.4946,-172.411,5.6,2014,29.56,0.7,7.9,33.23,7.64,37.43,False,22.41,0
25.3461,129.1138,16.42,1994,28.51,0.0,8.184,34.31,0.99,84.79,False,0.0,0
-25.6359,150.9947,9.16,2003,28.63,0.0,8.016,35.16,14.47,60.07,False,13.22,0
-13.164,-52.7226,3.79,1999,30.09,4.09,8.248,34.97,12.14,53.41,True,100.0,1
-9.0037,79.0206,14.54,2010,29.77,4.65,8.046,35.25,9.81,12.81,True,89.51,1
16.9455,-20.8427,18.11,2014,26.42,0.0,8.029,35.5,13.39,68.15,False,0.0,0
29.5509,55.8837,2.36,1992,29.76,1.38,8.138,33.28,13.9,50.29,False,40.75,1
-15.5598,-57.4857,12.66,2007,27.04,0.0,7.938,33.05,13.22,56.04,False,0.0,0
22.4584,-63.8787,8.47,2022,29.57,0.0,8.048,33.91,2.57,79.33,False,4.19,0
19.8374,-27.2038,1.89,2006,29.57,0.7,8.044,35.15,11.07,35.93,False,34.72,0
-16.5206,-127.5956,4.64,1995,28.77,0.0,8.168,34.36,5.12,40.97,False,0.0,1
-6.04,119.21,5.03,2023,30.47,6.3,7.99,35.33,1.11,58.49,True,100.0,1
-5.4196,-54.4688,6.3,2015,30.0,3.26,7.974,35.55,4.54,35.95,False,84.89,1
28.6932,-35.9462,24.3,2020,30.4,4.31,8.224,33.7,9.99,57.98,True,88.92,1
-19.1465,141.8597,13.75,2017,28.81,0.0,8.051,35.35,13.74,51.17,False,0.0,0
17.9495,-1.2154,5.27,2002,30.49,2.45,7.976,36.98,10.52,36.35,True,100.0,1
-9.9484,15.9314,3.91,2010,27.45,0.0,8.013,36.85,8.93,81.4,False,0.0,0
13.8522,164.3393,9.64,2015,29.08,0.0,7.993,34.41,5.34,47.48,False,15.74,0
-4.7993,139.2215,24.14,2020,29.54,2.79,7.905,33.81,3.71,36.6,False,22.49,1
4.7016,-118.992,11.57,2005,30.07,1.11,8.151,36.62,8.5,70.93,False,18.38,0
19.9567,-9.6426,5.64,2020,26.36,0.0,8.191,36.01,7.52,47.4,False,0.0,0
18.2499,169.6666,12.72,2002,30.3,8.41,8.109,33.95,10.43,22.52,True,100.0,1
21.9854,-45.9481,17.1,2019,30.06,2.54,8.01,34.33,8.3,45.38,True,77.19,1
-26.423,-46.2337,1.86,2021,30.93,6.32,8.0,34.72,6.53,60.52,True,100.0,1
11.523,-109.7891,19.2,1994,26.23,0.0,7.94,34.56,12.79,33.85,False,0.0,0
-21.6008,-138.8437,12.46,2001,29.81,0.51,8.066,35.46,12.03,66.8,False,18.74,0
-5.0509,86.5097,1.28,1993,28.64,0.0,7.965,35.89,12.3,52.47,False,8.47,0
2.9153,97.211,20.54,2018,26.86,0.0,8.141,36.6,1.82,74.18,False,0.0,0
-5.8356,168.8447,21.66,1994,30.22,3.6,8.197,33.7,2.66,50.77,False,55.45,1
1.1767,98.4306,19.24,2000,26.85,0.0,8.035,34.46,3.41,37.75,False,0.0,0
29.7916,-92.3931,10.92,2019,27.99,0.0,7.884,36.0,13.69,50.17,False,36.17,1
-21.887,-165.558,16.36,1998,26.41,0.0,8.038,35.78,5.75,36.18,False,0.0,0
10.5274,174.7575,12.23,2017,28.4,0.0,7.902,36.59,10.0,41.6,False,0.0,0
-6.2399,-57.4377,21.32,2011,28.54,0.42,8.203,35.84,1.11,72.59,False,0.0,0
-22.0194,-67.6902,17.92,2000,29.36,0.23,7.926,33.46,11.13,69.69,False,13.72,0
-20.4758,146.1439,3.37,2010,30.69,7.56,7.957,35.88,11.56,40.52,True,100.0,1
26.9564,30.636,19.65,1995,27.92,0.0,8.037,33.12,11.31,73.52,False,0.0,0
22.7761,-102.6464,20.93,2015,28.89,2.05,7.95,35.25,1.13,49.48,False,11.53,0
24.4225,140.0746,11.75,2005,27.21,0.0,8.001,35.68,1.93,41.74,False,0.0,0
29.492,177.6099,26.4,2003,28.88,0.0,8.157,36.3,11.27,82.05,False,0.0,0
-17.5011,-148.7957,25.45,2011,31.05,6.49,8.006,35.4,9.59,26.62,True,100.0,1
-8.6736,130.4106,6.08,1991,26.54,0.0,8.201,35.54,5.78,50.88,False,0.0,0
10.1531,-39.4143,27.22,2002,27.25,0.0,8.1,33.61,8.54,52.86,False,0.0,0
-0.9718,8.6661,13.79,2000,30.32,4.76,7.964,33.25,0.55,42.54,True,100.0,1
-4.8966,149.3338,21.99,2001,28.77,0.0,8.083,33.41,6.75,62.89,False,0.0,0
-8.5313,170.4165,24.61,2022,27.76,0.0,7.86,33.92,2.92,23.87,False,0.0,0
5.6268,-85.621,15.65,2011,29.54,2.41,8.0,34.79,14.51,57.1,False,46.83,1
4.5356,-103.3737,12.57,1998,26.28,0.0,7.925,34.57,5.1,51.09,False,0.0,0
-20.3125,-151.014,27.55,1996,28.54,0.0,7.988,34.21,12.06,40.77,False,0.0,0
-1.6956,22.2472,7.69,2006,28.72,0.0,8.161,36.55,2.34,74.3,False,0.0,0
3.2083,-175.1024,8.45,1999,28.84,0.0,8.093,33.35,3.11,51.55,False,6.71,0
4.2172,-31.7166,11.49,2014,27.83,0.0,7.88,33.58,10.62,65.97,False,0.0,0
-17.3936,-153.5818,25.92,2016,27.94,0.0,7.971,34.74,11.71,38.76,False,0.0,0
14.5363,-34.1187,28.22,2019,28.43,0.0,8.09,33.52,13.53,68.13,False,0.0,0
-28.4881,-165.6244,7.38,2019,27.76,0.0,8.109,33.62,10.57,32.15,False,0.0,0
-8.7101,120.6782,26.05,2023,27.91,0.0,7.869,36.87,10.76,71.03,False,0.0,0
16.8128,-104.494,8.49,2022,29.06,0.72,8.128,34.98,3.87,72.73,False,11.3,0
3.8336,-61.8089,29.15,2021,27.59,0.0,8.088,33.42,14.22,58.25,False,0.0,0
-14.3303,133.2173,18.32,2001,28.29,0.0,8.15,33.21,10.84,47.17,False,0.0,0
11.6972,88.6558,1.21,2012,28.41,0.0,7.951,35.94,3.07,56.92,False,11.23,0
4.0435,-101.1462,1.99,2018,26.82,0.0,8.135,34.54,9.91,77.06,False,0.12,0
17.7746,-154.1162,5.28,1990,26.14,0.0,8.05,34.14,12.24,38.78,False,0.0,0
14.1015,77.6426,6.44,2009,30.46,4.59,8.056,35.75,7.22,56.85,False,72.76,1
6.6065,-39.3471,23.26,1999,27.35,0.0,8.067,35.79,5.4,31.96,False,0.0,0
-0.7093,95.7888,7.46,2008,29.18,0.0,8.134,34.44,12.97,60.51,False,24.97,0
-22.0091,-19.6939,29.11,2012,28.02,0.0,8.027,36.8,12.89,44.68,False,0.0,1
-14.32,-55.4391,19.45,2010,27.61,0.0,7.985,34.6,11.89,77.7,False,0.0,0
-4.854,-17.5661,21.08,2021,29.68,0.0,8.042,34.52,3.47,25.94,False,0.0,0
5.958,89.4812,7.32,1999,28.81,0.0,7.986,36.11,8.62,35.78,False,9.51,0
0.8225,144.7993,26.89,1991,29.01,0.99,7.852,36.26,6.88,43.54,False,0.0,0
-12.7089,-162.0838,20.37,1995,29.7,4.54,8.0,34.15,10.62,39.1,False,67.65,1
-29.6121,8.6802,26.07,2006,28.39,0.0,7.938,35.76,13.48,68.5,False,0.0,0
-0.2256,-168.1792,28.74,2004,28.01,0.0,8.005,35.56,4.08,52.57,False,0.0,0
-12.8624,-11.3726,4.64,2013,29.07,2.64,7.984,33.13,5.0,51.57,False,33.32,1
14.0765,138.7018,3.8,2018,28.1,0.0,8.089,33.78,3.93,57.79,False,17.65,0
-28.5632,-49.8275,24.3,2003,29.25,3.51,7.905,33.4,11.47,32.44,False,13.62,0
5.0897,155.6822,26.12,1991,27.24,0.0,7.881,36.54,7.71,69.92,False,0.0,0
26.4885,47.019,17.93,2011,29.32,1.77,8.024,36.82,7.41,40.43,False,10.51,0
-19.5354,156.2959,11.61,1995,29.0,0.0,8.057,36.3,7.68,60.77,False,0.0,0
-1.701,92.58,19.93,1998,29.67,0.0,8.197,34.24,4.97,57.14,False,19.39,0
-24.5147,-142.7633,9.86,2001,27.52,0.0,8.087,36.44,3.82,56.34,False,0.0,0
7.5409,-96.7855,7.91,1994,28.95,0.0,7.985,33.23,12.15,55.86,False,8.97,0
3.0319,-38.0986,15.16,1990,27.86,0.0,8.149,35.74,9.63,79.33,False,0.0,0
-5.5581,-118.7615,7.27,1999,28.32,0.6,7.913,33.5,10.95,26.02,False,10.39,0
1.2826,-1.8318,15.03,2000,26.99,0.0,8.166,33.05,4.84,63.22,False,0.0,0
23.7945,-10.3075,28.74,2016,27.13,0.0,7.87,33.7,3.0,33.07,False,0.0,0
-18.2223,164.2533,25.35,2012,28.19,0.0,7.937,36.85,4.43,62.27,False,0.0,0
-28.6461,-23.858,28.31,2009,29.85,4.06,7.892,36.02,13.45,62.04,True,69.7,1
21.6999,102.8256,24.38,1994,29.1,1.33,8.033,35.07,5.38,46.63,False,7.81,1
4.627,159.0878,11.29,2002,27.51,0.0,7.952,36.75,1.43,47.68,False,0.0,0
23.4395,135.716,24.55,1999,27.4,0.0,7.949,34.66,7.6,32.81,False,0.0,0
5.8167,-104.8797,27.76,2005,29.43,0.55,8.131,33.16,5.27,73.33,False,8.62,1
18.6097,-1.4292,28.46,1996,29.32,4.85,8.03,35.38,7.45,73.61,True,36.61,1
-4.2196,-54.8137,20.81,2021,27.49,0.0,8.017,36.31,10.5,67.95,False,0.0,0
14.9916,-36.0509,7.13,2014,29.81,2.06,7.957,34.14,14.35,35.19,False,47.83,1
24.7825,-50.1095,2.15,2015,27.37,0.0,8.088,34.27,11.8,43.5,False,0.0,0
4.3274,117.4893,5.27,2017,30.59,4.77,7.948,35.69,7.67,67.62,True,99.69,1
-19.1529,-17.2299,29.0,2001,29.2,0.91,8.185,36.22,11.71,43.08,False,0.0,0
-13.8721,8.53,14.4,2015,27.25,0.0,8.133,34.74,3.97,36.25,False,3.26,0
-18.0813,173.681,25.79,1993,25.76,0.0,7.862,33.36,12.49,62.02,False,0.0,0
-15.1886,-158.4075,14.49,2012,28.98,0.38,8.187,35.99,8.5,60.19,False,0.02,0
-11.6151,-4.3352,20.16,2013,28.99,1.34,7.942,34.71,12.28,36.63,False,0.0,1
3.308,98.6622,1.7,2020,29.69,0.0,7.855,36.64,8.81,73.02,False,51.19,1
5.2795,-125.5817,8.25,2019,27.36,0.0,7.9,34.01,5.31,34.21,False,0.0,0
-4.41,40.1514,13.65,1992,28.55,0.0,7.94,34.85,2.08,41.01,False,0.0,0
6.9252,-93.7927,19.29,2005,29.72,0.66,8.105,35.83,7.25,73.97,False,7.92,1
-25.1055,132.2655,5.97,2023,30.61,3.42,8.067,33.98,11.19,56.14,False,71.79,1
-24.7327,-62.2441,23.17,2017,27.23,0.0,8.013,33.91,4.8,54.35,False,0.0,0
-19.6902,-61.5374,11.57,1996,28.53,0.0,8.145,35.91,4.79,43.21,False,9.58,0
1.0846,35.3498,24.71,1997,27.22,0.0,8.095,33.72,11.65,52.31,False,0.0,0
-17.1603,-113.9174,3.84,1996,27.63,0.0,8.238,33.48,3.21,66.72,False,0.0,0
-13.0029,-77.4401,20.71,1996,29.5,2.9,8.087,34.04,6.4,28.09,False,46.47,1
-5.9812,-30.0125,9.51,2007,28.2,0.0,8.062,36.28,9.47,80.97,False,8.39,0
18.712,-52.6904,24.07,2010,27.98,0.0,8.037,36.46,5.86,30.23,False,0.0,0
-29.1683,8.9558,12.66,2023,29.79,2.3,7.97,33.42,14.48,25.15,False,67.72,1
8.9627,35.8705,20.3,2016,26.42,0.0,8.244,33.44,13.83,43.74,False,0.0,0
10.1326,24.0003,28.09,1997,29.56,3.2,7.931,36.35,14.26,56.72,True,60.07,1
17.9193,55.5006,1.6,2023,28.3,0.24,7.829,36.78,14.74,71.83,False,0.0,0
25.9652,-69.2102,1.32,2007,27.5,0.0,7.948,34.92,14.62,61.99,False,0.0,0
-28.7917,-134.4866,23.34,2001,28.0,0.0,8.194,36.4,5.08,48.88,False,0.0,0
-20.773,93.8907,19.75,2011,30.37,0.79,8.221,36.56,8.15,60.85,False,45.19,1
23.1703,126.2809,9.5,2011,30.07,4.26,7.959,34.44,11.86,27.02,False,53.13,1
-2.4889,-87.4778,15.34,1997,29.47,1.99,7.938,35.02,10.93,32.92,False,0.99,1
3.8754,-33.4469,2.22,2017,27.46,0.0,8.135,35.28,4.3,29.77,False,0.0,0
9.7816,-0.5151,6.58,2021,28.84,0.0,7.95,36.1,5.77,62.78,False,0.0,0
10.744,11.9977,13.31,2000,29.08,0.0,8.071,34.84,14.1,48.53,False,0.0,0
25.9044,57.4165,25.19,2010,30.47,3.17,7.825,35.03,14.04,52.01,False,36.96,1
29.817,-165.0228,14.91,2015,29.48,0.01,8.051,33.3,11.03,64.64,False,0.0,0
13.2094,79.7317,18.0,2003,29.79,2.76,8.231,33.22,0.59,72.83,False,6.42,0
-12.7667,-157.6904,26.34,2004,28.59,0.0,8.033,35.96,7.98,50.01,False,0.0,1
22.7851,-11.4161,9.96,2003,27.86,0.0,8.128,34.93,3.54,34.29,False,0.0,0
-27.0467,117.9616,21.32,2001,26.98,0.0,8.004,33.36,11.73,36.61,False,0.0,0
-16.1351,-17.5625,25.99,1992,28.6,0.0,8.148,33.96,1.68,35.11,False,0.0,0
23.8431,-126.3277,6.88,1996,27.43,0.0,7.947,35.71,12.21,39.59,False,0.0,1
-14.6285,174.6122,11.34,1990,26.93,0.0,8.022,35.02,4.94,63.18,False,0.0,0
-16.7609,140.1428,29.41,2014,28.46,0.0,7.975,36.18,5.89,54.67,False,0.0,0
-21.7125,97.6729,29.51,2020,28.59,0.0,8.182,34.57,10.56,74.95,False,0.0,0
21.5467,-31.8558,7.47,2011,29.83,2.5,7.929,33.46,3.82,28.72,False,45.67,0
0.0035,-113.8155,2.93,1999,26.08,0.0,8.201,34.07,12.71,72.99,False,0.0,0
10.4936,158.908,8.86,2007,28.11,0.0,8.01,33.44,13.99,30.6,False,0.0,0
-15.656,11.6464,12.53,2002,29.03,0.0,7.881,34.92,14.83,74.47,False,25.58,0
15.4824,126.848,13.79,1997,29.24,0.0,8.101,34.9,10.55,33.62,False,3.77,0
15.6003,-56.8458,18.95,1998,26.36,0.0,8.03,33.3,8.63,33.85,False,0.0,0
-11.2441,-59.2962,27.09,2004,28.69,1.07,8.101,33.77,13.42,61.51,False,0.0,0
-5.359,174.7946,10.58,1997,27.52,0.0,8.029,36.88,4.61,42.16,False,4.84,0
-17.4186,7.8599,25.65,2022,27.15,0.0,7.917,36.93,8.23,74.78,False,0.0,0
28.5937,-129.3496,3.71,2008,26.55,0.0,8.047,34.37,3.65,48.28,False,0.0,0
8.7362,-100.9171,2.21,2019,28.07,0.0,8.204,33.58,5.22,62.27,False,0.0,1
26.0726,-6.5001,15.62,1998,29.54,2.02,8.02,33.75,10.68,57.3,True,77.45,1
-11.7969,-164.7105,2.73,2008,30.19,1.5,7.965,33.33,1.91,63.32,False,49.21,1
16.9135,-13.4878,12.38,2015,27.57,0.0,8.023,33.34,7.55,38.13,False,0.0,0
15.9515,-29.1813,27.01,1990,28.49,0.0,7.976,33.77,12.7,74.29,False,0.0,0
11.4993,100.5611,8.0,1992,27.09,0.0,8.022,34.88,7.69,30.57,False,0.0,0
27.9383,-52.2209,21.47,2023,28.03,0.0,8.093,35.85,3.99,71.27,False,0.0,0
-6.3867,173.7176,9.77,2014,27.64,0.0,8.058,33.63,5.65,83.79,False,0.0,0
-22.157,-114.9228,2.3,2019,27.6,0.0,8.124,34.67,8.9,44.39,False,8.02,0
10.3025,32.7552,17.14,1990,26.88,0.0,8.099,33.34,9.53,48.92,False,0.0,0
13.7586,-147.7083,25.21,2007,28.84,0.49,8.021,35.49,0.62,77.88,False,0.0,0
4.5036,84.191,12.87,2022,26.14,0.0,8.013,34.72,3.1,46.68,False,0.0,0
-17.5909,178.1113,18.9,1998,27.94,0.0,8.016,36.2,10.53,42.9,False,0.0,0
0.2674,114.8899,27.1,1996,26.9,0.0,8.123,36.53,1.71,33.48,False,0.0,0
-11.2686,20.0533,23.9,2019,30.12,1.57,8.022,33.97,12.84,55.8,False,3.13,1
-4.352,-5.4931,6.62,2002,26.01,0.0,8.163,34.6,4.93,42.52,False,0.0,1
8.7131,120.6108,22.27,2006,26.64,0.0,8.144,34.99,11.92,46.88,False,0.0,0
14.7129,156.9507,15.55,2002,27.68,0.0,8.089,36.99,12.7,35.97,False,0.0,0
-16.0665,176.1143,22.63,2002,29.63,3.54,7.957,36.66,14.11,60.89,False,37.86,0
-5.6805,-37.2459,15.34,1999,29.12,0.0,7.915,36.88,10.78,67.8,False,0.0,1
-13.8503,176.7303,4.71,2003,28.57,0.0,7.963,34.86,13.0,69.9,False,6.14,0
-18.0821,-123.8665,17.53,1994,26.79,0.0,7.956,37.0,4.46,60.02,False,0.0,0
17.0032,-88.7221,15.27,2012,25.79,0.0,8.096,33.13,0.73,56.38,False,0.0,0
24.5552,-147.9542,16.02,1994,30.16,3.04,7.928,36.87,10.35,31.72,False,25.12,0
-7.7861,-82.1741,26.49,2017,30.01,4.45,7.972,33.77,4.21,52.93,True,97.2,1
15.0767,96.4575,26.95,2012,28.36,0.0,8.064,36.92,11.37,72.94,False,0.0,0
23.8197,127.0528,14.15,2023,27.49,0.0,8.057,34.82,5.94,64.53,False,0.0,0
20.7675,100.4014,14.22,2020,29.18,0.0,8.153,35.32,11.64,75.76,False,18.57,0
-19.0312,47.1837,15.94,1996,28.23,0.0,8.225,36.63,11.55,63.1,False,0.0,0
27.3775,5.0279,16.07,1996,28.12,0.0,8.137,36.94,6.9,64.45,False,0.0,0
-7.3994,75.1335,28.56,1993,27.61,0.0,8.239,33.69,12.96,66.37,False,0.0,0
-9.6456,-39.2999,19.83,2021,28.36,1.24,7.964,35.44,7.3,26.74,False,0.0,0
-26.2541,122.871,9.05,2017,28.99,1.62,7.872,35.77,14.4,40.0,False,26.36,0
-0.8296,63.7884,16.41,1993,29.04,0.0,7.944,35.83,1.08,52.55,False,0.0,0
-23.4592,71.2097,19.19,1997,29.5,3.15,8.181,33.84,8.36,30.99,False,51.53,1
-15.0876,12.937,19.55,2003,28.55,0.0,8.078,33.28,0.77,55.4,False,0.0,1
-10.9834,138.6824,17.97,2019,30.47,4.21,8.228,34.5,5.07,32.84,True,89.71,1
18.5296,-89.2747,6.15,1992,28.69,0.0,8.168,36.25,7.2,55.2,False,3.33,0
22.5293,-42.7868,1.97,1991,26.42,0.0,8.099,36.88,2.98,62.35,False,0.0,1
-11.852,99.9513,10.8,1999,26.27,0.0,7.935,34.78,12.3,37.26,False,0.0,0
21.5219,-2.6104,13.4,1995,29.23,2.72,7.91,36.66,6.58,53.24,False,22.76,0
21.4339,140.117,2.79,1996,28.55,0.0,8.099,35.89,2.59,57.9,False,0.0,0
15.8791,-55.2962,24.63,2005,28.79,0.0,8.017,33.47,4.73,72.24,False,0.0,0
-21.1983,-47.0411,10.98,1995,27.69,0.0,7.926,34.38,2.44,65.09,False,0.0,0
11.4194,139.9449,27.5,2005,27.22,0.0,7.967,35.98,8.38,53.73,False,0.0,0
26.7014,-12.8267,5.48,2016,27.85,0.0,7.939,34.79,7.28,81.28,False,0.0,0
10.9524,5.8049,2.65,2001,29.56,2.04,8.11,35.62,3.56,35.02,False,65.93,1
-10.103,-60.2051,14.99,2011,27.36,0.0,8.118,36.04,14.59,71.71,False,9.89,0
0.0348,-80.3988,6.48,2004,29.99,4.18,8.09,36.92,10.06,47.85,False,73.52,1
8.7435,56.1415,28.18,2011,27.01,0.0,8.049,36.67,5.14,62.58,False,0.0,0
0.6342,-136.8574,1.3,2004,26.63,0.0,8.164,34.38,5.84,68.3,False,0.0,0
-22.8028,136.5382,12.97,2012,27.18,0.0,8.034,36.21,14.17,49.63,False,0.0,0
-11.2762,100.5131,27.88,1991,30.15,1.69,7.972,34.49,8.88,59.82,False,12.9,0
18.1438,-111.3306,12.15,1991,25.87,0.0,7.914,35.59,2.12,42.96,False,0.0,0
21.6851,69.8472,3.7,2008,27.79,0.0,8.022,33.25,12.19,52.79,False,2.2,0
-21.762,36.9479,9.78,1994,26.5,0.0,8.071,36.14,13.24,63.04,False,0.0,0
27.1432,-113.5674,15.44,1993,26.33,0.0,7.933,36.96,9.93,47.77,False,0.0,0
-10.2706,-81.6467,6.37,2017,27.32,0.0,8.131,35.16,1.19,44.72,False,0.0,0
9.7388,-32.7649,14.53,2007,29.84,4.26,8.018,36.73,4.78,27.81,True,61.74,1
15.1095,71.7274,25.25,2020,29.63,1.18,8.105,36.49,11.12,64.3,False,17.28,0
18.7168,49.9404,26.31,2011,27.09,0.0,7.84,33.05,4.17,47.93,False,0.0,0
26.745,11.6045,2.43,2000,30.25,3.32,8.048,33.36,6.86,72.23,False,46.46,0
-11.2248,96.6278,5.67,2005,27.24,0.0,7.831,34.75,4.6,51.73,False,0.0,0
21.5104,92.8576,8.98,1993,27.58,0.0,7.929,34.06,1.98,48.21,False,0.23,0
-22.0988,42.4293,18.25,2010,29.13,0.0,8.043,34.61,7.08,68.07,False,0.0,0
12.3025,103.3164,11.47,2014,27.55,0.0,8.102,35.04,9.6,75.25,False,0.0,0
14.5187,-59.6652,25.48,2009,29.76,0.12,8.012,34.91,4.7,70.48,False,0.0,1
10.6634,137.2498,21.78,1997,29.0,0.0,8.036,33.65,3.79,52.6,False,10.43,0
-14.8611,41.3676,3.91,1998,26.61,0.0,8.086,33.59,2.31,58.92,False,0.0,1
22.3826,116.0509,19.11,2007,28.18,0.0,7.938,34.65,10.38,44.26,False,0.0,0
-19.8685,16.6605,4.28,2020,28.54,0.0,8.089,35.76,3.8,74.31,False,31.66,0
-26.7819,-101.3622,8.4,2019,28.52,0.29,7.991,35.37,6.75,32.63,False,3.44,0
13.0479,15.2676,6.16,2007,27.28,0.0,7.956,33.34,2.94,42.22,False,0.0,0
-1.4715,-46.3998,6.02,2008,27.04,0.0,8.011,34.13,9.43,65.47,False,0.0,0
20.9459,71.0997,18.88,2013,29.14,0.0,8.099,34.66,9.55,51.44,False,17.08,0
-6.9962,-8.7142,17.34,2011,28.98,0.0,8.124,34.33,12.92,75.15,False,0.0,0
-19.9033,121.0006,6.1,2003,28.66,0.0,7.916,34.79,14.79,57.94,False,9.23,1
20.1865,64.1061,29.72,2008,26.6,0.0,8.035,34.76,13.57,64.73,False,0.0,0
2.9346,66.436,13.23,2018,28.76,0.0,8.068,36.33,12.43,35.6,False,0.0,0
-18.6483,-101.8241,3.82,2011,28.75,2.45,7.995,36.34,13.31,25.83,False,12.98,0
13.223,174.3299,4.5,2019,26.72,0.0,7.948,36.76,1.28,53.59,False,0.0,0
0.6668,123.0031,17.93,2004,30.41,5.15,7.866,35.09,11.54,16.19,True,83.01,1
6.2588,104.0418,29.39,2010,26.59,0.0,7.922,34.11,5.86,58.34,False,0.0,0
-2.3461,-61.1225,17.59,2015,29.56,2.09,7.926,35.77,3.23,60.13,False,10.07,0
19.7225,12.8274,28.52,2001,29.09,0.0,8.127,36.06,6.77,71.99,False,0.0,0
19.7738,-130.6429,13.88,1996,27.59,0.0,8.076,34.4,2.17,36.3,False,0.0,0
12.5633,13.8514,13.64,2000,30.59,3.23,8.204,36.3,4.39,27.42,False,52.74,1
-23.6759,-127.4799,15.5,2009,30.69,2.35,8.073,35.78,6.49,25.78,False,34.05,1
20.3312,19.0936,21.23,1993,30.9,5.5,8.037,36.88,9.02,45.9,True,100.0,1
10.2608,53.5399,11.66,1991,28.74,0.0,8.242,34.38,14.05,33.54,False,0.0,0
11.8214,-39.5295,26.05,2009,28.5,0.0,8.116,36.69,1.57,46.45,False,8.28,0
-8.221,-0.5238,1.85,2009,29.94,3.39,8.014,34.39,9.5,47.53,False,73.59,1
22.7568,135.2352,13.75,2001,28.7,1.72,8.009,36.47,1.61,60.52,False,9.09,1
13.5223,-140.9173,15.82,2006,27.05,0.0,8.141,34.31,9.1,40.94,False,0.0,0
-23.2446,105.0238,18.6,2007,30.2,4.78,8.184,36.63,9.25,67.52,True,85.2,1
-5.5333,-118.5284,9.01,2013,29.12,0.0,8.081,33.07,6.15,59.49,False,27.82,1
23.1828,-166.7851,13.4,1997,27.59,0.0,8.02,34.62,1.25,67.84,False,0.0,0
-27.1682,-113.1931,15.05,2019,28.47,0.0,7.936,33.2,12.41,62.28,False,2.62,0
27.685,95.4155,20.92,2009,31.23,8.98,7.926,34.63,5.39,19.36,False,100.0,1
10.7498,-34.1546,23.43,2012,28.59,0.0,8.065,34.69,1.37,70.49,False,0.0,0
7.8826,134.1074,22.4,1999,26.97,0.0,8.091,36.63,1.27,72.2,False,0.0,0
-13.7664,8.8947,10.91,2022,28.77,0.86,8.065,36.2,1.77,78.7,False,19.79,0
-15.0725,-171.9899,29.98,2013,30.04,3.84,7.952,34.07,13.05,34.18,False,36.64,1
26.5235,78.0169,25.61,2005,29.37,2.03,8.018,36.34,7.37,64.71,False,36.86,0
-12.1037,-140.3162,8.54,2017,29.96,4.77,7.759,33.73,13.16,14.73,True,86.6,1
16.5303,104.1767,6.66,2001,25.11,0.0,7.892,35.77,11.36,56.19,False,0.0,0
-6.4127,-119.4831,10.11,2009,30.3,6.16,7.917,34.11,0.7,27.16,False,61.92,1
-21.6448,-55.6393,14.12,2007,26.64,0.0,8.162,36.87,4.92,84.62,False,0.0,0
-29.3571,94.0577,25.67,2015,28.75,0.0,8.035,36.73,8.07,43.02,False,12.03,0
2.6554,163.5233,23.57,1996,28.21,0.0,7.927,34.21,0.93,65.79,False,0.0,0
28.5467,-46.2838,25.69,2010,30.21,2.41,8.083,33.12,14.4,41.99,False,14.37,1
-7.8518,118.5841,8.89,2021,27.05,0.0,7.847,35.59,13.69,72.17,False,0.0,0
-8.5685,-111.3148,18.21,1996,25.41,0.0,8.132,33.65,3.92,58.76,False,0.0,0
-9.3545,110.5847,9.21,2012,26.36,0.0,8.109,33.47,5.81,43.86,False,0.0,0
1.2326,56.6979,4.16,2009,27.92,0.0,8.101,36.63,11.04,61.28,False,21.87,0
-3.5601,-110.6123,20.84,2009,27.02,0.0,7.895,35.25,0.75,79.2,False,0.0,0
22.7949,-71.0986,5.15,2021,30.43,4.59,7.988,36.74,3.76,36.79,True,100.0,1
0.3312,-132.5625,20.36,2015,28.15,0.0,7.9,34.06,7.94,40.49,False,15.46,0
0.4655,-42.1319,19.79,2013,28.66,0.0,7.852,34.33,5.76,77.8,False,8.3,0
-21.6977,-106.6865,24.5,1990,26.46,0.0,7.986,36.75,2.1,75.88,False,0.0,1
28.9644,51.8393,5.05,2017,29.58,0.0,8.135,34.78,8.55,65.83,False,24.96,0
-15.0016,178.0218,23.72,2015,26.89,0.0,8.177,33.94,12.42,53.26,False,0.0,0
-25.5982,-175.6767,29.98,2023,30.27,3.64,7.821,34.66,3.85,61.44,False,42.19,1
9.7888,14.7311,25.68,2015,29.85,3.33,8.071,34.4,3.73,81.52,True,77.89,1
5.722,26.52,22.8,1994,27.59,0.0,8.149,36.15,1.53,76.18,False,0.0,0
-5.0913,149.1152,20.2,1991,28.64,0.35,7.877,34.64,8.54,65.41,False,4.71,0
-4.6685,2.1619,13.23,2021,29.82,2.59,8.046,33.31,6.37,34.6,False,26.17,1
17.1038,15.7325,22.18,2023,28.74,0.77,7.877,35.42,9.66,49.15,False,17.37,1
-18.2572,-10.205,22.0,2019,27.65,0.0,8.076,36.55,1.0,27.62,False,0.0,0
19.2152,-83.1945,19.31,2013,28.6,0.0,7.851,36.65,9.78,65.93,False,0.0,0
8.9248,-159.8295,24.09,2017,30.04,3.68,8.037,34.93,14.01,34.68,False,48.0,1
-4.8618,-32.8832,14.01,1992,30.01,2.07,8.096,33.05,12.42,48.57,False,24.07,0
-2.5183,-161.0671,4.52,1999,28.91,0.0,7.895,35.4,5.51,78.84,False,1.07,0
-14.6012,18.1773,17.21,1995,26.74,0.0,8.126,34.87,2.1,54.34,False,0.0,0
15.1269,-69.3743,8.69,2023,29.69,3.33,7.942,36.77,8.31,55.57,True,58.14,1
0.7725,12.0969,12.15,2020,30.75,5.34,8.025,36.54,4.62,30.87,True,83.71,1
-10.7487,-131.6531,1.51,2002,28.4,1.22,7.971,36.6,0.66,55.41,False,0.0,0
5.763,155.7468,12.1,2009,27.97,0.0,7.975,36.13,6.43,70.42,False,0.0,0
29.7441,142.0276,24.46,2021,28.28,0.0,7.944,34.0,8.33,81.71,False,12.8,0
-3.8843,-111.6013,16.74,1999,27.25,0.0,8.067,35.31,11.74,68.66,False,0.0,1
25.2415,-56.3601,1.28,2015,30.71,3.71,7.914,36.38,14.71,59.45,True,96.71,1
-9.299,40.8574,14.63,2008,29.55,1.12,8.121,36.15,13.07,71.62,False,28.94,0
-26.716,-145.553,9.45,2018,27.27,0.0,8.114,36.3,8.35,41.17,False,0.0,0
-17.7455,-52.3556,14.85,2002,30.97,3.32,7.896,34.91,12.2,27.74,False,58.77,1
-4.8783,-89.5996,12.74,2023,30.3,2.7,8.075,34.06,12.52,75.41,False,42.97,1
-16.8219,149.586,28.03,2009,27.63,0.0,8.035,33.25,14.52,76.08,False,0.0,0
-29.9864,126.9038,2.19,2007,28.95,0.61,8.127,34.11,4.08,38.69,False,14.02,0
24.9001,28.7398,20.82,2023,28.56,0.0,7.923,33.08,4.15,73.72,False,0.61,0
20.6328,7.3247,25.68,1997,26.57,0.0,8.19,34.31,3.67,61.44,False,0.0,0
14.5375,155.0613,28.82,2005,27.99,0.0,7.98,36.81,13.57,38.81,False,0.0,0
-19.9311,155.674,6.15,2012,25.99,0.0,8.241,34.07,10.42,83.16,False,0.0,0
-22.7782,168.9588,16.41,2021,29.95,2.18,8.175,36.72,2.53,59.55,False,55.78,1
-25.9437,-134.8636,2.26,2002,29.93,0.0,8.082,36.89,14.44,58.74,False,5.94,0
13.4418,-122.1992,15.48,2015,27.07,0.0,7.851,33.41,9.28,46.61,False,0.0,1
25.7285,63.6252,4.64,1990,26.2,0.0,8.141,36.25,0.53,77.65,False,0.0,0
-4.1679,14.9164,25.3,1991,26.94,0.0,8.126,36.8,6.83,49.79,False,0.0,0
-22.8516,-173.3523,4.3,2002,30.06,1.97,7.931,33.84,11.71,44.37,False,50.06,0
0.7436,-157.689,15.89,2016,29.67,3.36,8.079,34.54,5.0,46.63,False,59.98,1
-9.0701,139.7089,16.11,1993,29.38,0.0,8.023,36.35,10.23,69.24,False,2.6,0
-7.5105,132.7935,29.18,2009,29.01,3.39,8.143,33.56,10.91,60.16,False,13.37,0
7.2798,-51.3825,19.99,1992,27.78,0.0,8.164,35.24,12.51,82.87,False,0.0,0
13.1231,140.7782,9.35,2012,28.15,0.0,7.947,33.97,8.92,71.09,False,5.32,0
-23.3638,33.723,7.98,1991,27.8,0.0,8.139,36.06,3.28,72.27,False,0.0,0
-27.8646,110.126,4.72,2005,28.3,0.0,7.95,35.47,12.71,50.84,False,0.0,0
29.6598,-26.1248,22.94,1999,28.54,0.0,7.909,35.47,3.16,57.84,False,0.0,0
-16.0363,-139.1766,21.03,2017,27.01,0.0,8.057,36.66,7.15,43.16,False,0.0,0
-26.7702,-23.8583,18.69,2007,27.66,0.0,7.833,35.69,1.8,28.17,False,0.0,1
-18.6075,-15.3721,2.18,1991,28.64,0.0,8.079,33.59,2.81,31.71,False,0.0,1
-27.6625,18.3399,23.12,2003,27.43,0.0,7.878,33.7,3.28,73.46,False,0.0,0
-6.4913,-141.9902,19.61,2009,26.5,0.0,8.084,34.1,10.93,36.35,False,0.0,0
18.1441,176.9047,28.95,2012,27.24,0.0,7.907,33.15,3.69,50.16,False,0.0,0
-9.5253,-92.1107,18.03,1996,27.19,0.0,7.985,34.46,7.93,76.57,False,0.0,0
-3.349,-108.5211,9.81,2003,29.17,2.56,7.916,34.53,10.32,42.07,False,43.6,1
10.5352,9.6491,12.06,1997,26.6,0.0,7.954,35.84,8.47,71.27,False,0.0,0
0.5336,13.3949,6.1,1994,29.58,4.19,7.932,34.31,10.08,21.66,True,69.61,1
21.6867,-21.6645,21.96,2012,26.58,0.0,7.806,36.43,13.54,46.7,False,0.0,0
21.9621,97.8812,21.52,1999,28.72,0.0,7.945,34.54,14.51,47.6,False,0.0,0
-29.4054,5.9956,6.82,2016,30.73,4.12,7.97,37.0,10.42,62.78,True,93.57,1
16.6828,39.4904,5.6,1990,26.9,0.0,8.199,34.9,3.21,38.75,False,0.0,0
-2.356,80.5487,3.23,1996,27.02,0.0,8.039,36.55,14.7,66.32,False,0.0,0
29.3304,-170.991,27.45,1997,27.41,0.0,8.101,33.88,1.52,51.19,False,0.0,0
-1.0061,25.4319,7.76,2000,27.13,0.0,7.862,33.01,13.95,69.36,False,0.0,0
29.2138,138.31,10.98,2023,28.33,0.0,8.0,35.05,7.05,48.22,False,0.0,0
15.2742,-173.7401,9.13,2017,28.16,0.0,8.138,35.06,12.72,34.39,False,0.0,0
-15.0837,-34.1344,13.0,2023,27.39,0.0,8.053,36.82,5.43,25.16,False,0.0,0
2.3037,153.4419,21.71,2009,30.13,3.97,7.966,33.78,8.64,52.36,False,35.32,1
29.5281,-52.8644,26.25,2017,29.31,0.0,7.971,33.79,2.55,78.61,False,0.0,0
21.4518,-14.8576,6.3,1992,26.39,0.0,7.896,34.68,13.62,40.49,False,0.0,0
-24.158,173.3549,20.91,1998,27.1,0.0,7.922,35.07,4.85,36.51,False,0.0,0
12.3823,-108.2434,11.22,2011,27.22,0.0,7.92,35.57,4.3,78.86,False,0.0,0
-9.2652,-156.5081,29.44,2014,26.35,0.0,8.007,34.18,6.96,63.84,False,0.0,0
-29.5811,129.3921,9.67,1991,26.1,0.0,7.902,34.06,5.8,57.5,False,0.0,0
-5.7911,132.6475,1.21,2012,29.61,1.71,8.082,36.36,2.5,53.16,False,59.2,1
-15.9147,-10.052,15.95,2006,27.08,0.0,7.963,34.98,0.86,78.5,False,0.0,0
19.1322,5.1146,5.37,2014,29.87,1.64,8.092,36.73,5.16,81.42,False,33.35,1
-9.7602,120.8903,2.29,2001,27.51,0.0,8.064,35.73,10.94,66.21,False,0.0,0
19.6514,85.8814,21.25,2016,29.34,1.04,7.912,33.25,3.24,43.24,False,10.1,0
-29.9641,-84.5464,22.24,2009,27.76,0.0,8.107,33.43,3.0,37.56,False,0.0,0
-11.5309,-173.9184,14.36,1998,28.1,0.0,8.015,36.48,8.22,21.41,False,0.0,0
-15.5301,-7.3079,20.63,2012,28.12,0.0,7.94,33.84,10.24,72.76,False,0.0,0
-15.986,129.2084,16.61,2017,27.13,0.0,8.02,33.67,14.81,68.11,False,0.0,0
-25.9088,142.5005,19.26,2018,29.96,4.48,8.093,36.55,1.71,42.86,True,100.0,1
-18.7725,164.2414,18.3,2021,26.28,0.0,8.213,36.82,7.22,37.06,False,0.0,0
3.333,136.6428,20.31,2001,30.49,6.18,7.957,35.61,14.55,35.76,True,100.0,1
-12.5183,28.8157,6.79,2019,29.9,3.38,8.146,33.41,9.83,59.87,False,82.0,1
-4.9563,-19.942,8.79,2000,26.81,0.0,7.959,33.09,9.93,62.46,False,0.0,1
-7.388,98.9459,13.76,2009,30.42,6.13,7.952,35.4,13.54,42.01,False,77.67,1
22.5543,86.3358,13.94,2000,26.75,0.0,7.885,33.24,5.43,44.82,False,0.0,0
24.3179,13.7316,23.46,2005,27.83,0.0,7.983,35.19,8.45,77.59,False,0.0,1
-0.4226,-148.5621,11.65,1990,28.71,0.0,8.012,34.61,7.29,38.52,False,0.0,0
-10.1906,153.3893,5.71,2014,31.17,7.81,8.113,33.13,5.46,36.91,True,100.0,1
-23.592,-15.9831,8.29,2016,27.0,0.0,7.908,36.82,13.3,63.02,False,0.0,0
27.2042,-49.1998,7.23,2021,29.47,0.16,7.885,33.04,6.57,61.84,False,0.0,0
-26.3864,46.6443,22.22,1995,26.88,0.0,8.196,34.42,2.55,63.1,False,0.0,0
-12.141,62.5817,14.64,2012,29.38,0.0,7.929,36.22,2.75,68.04,False,8.83,0
-12.116,-104.1523,21.55,2018,27.0,0.0,8.116,36.9,2.16,34.33,False,0.0,0
-10.7759,121.298,13.07,2019,27.88,0.0,7.899,33.18,11.31,67.11,False,0.0,0
-20.1428,-75.6226,26.8,2011,27.42,0.0,8.029,36.8,14.43,50.07,False,0.0,0
16.9897,-112.7938,29.52,2000,28.12,0.0,8.025,34.35,4.01,86.07,False,9.03,0
-22.6501,-33.6961,20.43,2015,30.1,0.87,7.98,33.63,1.22,24.51,False,32.5,0
8.0944,83.0016,26.05,2012,27.25,0.0,8.125,36.29,2.34,70.63,False,0.0,0
-22.5692,167.5649,15.73,1992,29.09,0.55,8.044,35.57,11.2,33.28,False,0.0,0
-25.7679,111.3413,28.1,1995,28.87,0.0,8.163,33.4,12.06,49.3,False,1.78,0
24.5658,158.5254,25.12,1996,27.85,0.0,8.085,35.47,5.55,32.94,False,0.0,0
-18.5923,-129.3819,29.76,2011,29.43,0.84,8.098,36.27,0.62,62.37,False,0.0,0
19.275,-154.3764,19.07,2022,25.65,0.0,7.916,35.2,13.08,55.22,False,0.0,0
2.6779,20.7737,23.6,1992,26.84,0.0,8.04,34.37,1.82,81.84,False,0.0,0
-25.3286,-75.4929,16.74,2019,28.44,0.0,8.064,33.86,2.72,62.77,False,0.0,0
27.3269,118.0998,8.51,2013,25.53,0.0,8.104,36.0,4.08,64.69,False,0.0,0
-15.1823,61.9156,11.29,1992,27.1,0.0,7.958,34.6,9.72,75.42,False,0.0,0
21.5787,169.4621,26.93,1991,28.85,0.21,7.899,36.33,5.57,40.58,False,0.0,1
-19.8714,-88.2748,2.62,2008,27.92,0.0,8.175,36.06,1.16,53.15,False,0.0,0
21.2366,-5.1177,18.15,2013,28.14,0.0,7.795,36.01,11.52,48.82,False,12.17,0
-29.2063,0.4466,11.8,2009,28.2,0.0,7.921,36.18,8.53,46.64,False,0.0,0
0.7068,-93.8964,12.21,2020,30.12,2.55,8.013,35.22,12.54,36.16,False,37.81,1
16.1666,32.4336,26.65,2020,28.9,1.75,8.167,36.12,1.45,41.42,False,25.07,1
26.0877,-20.417,25.76,2018,28.26,0.0,7.821,36.52,14.3,51.58,False,0.0,0
24.5521,-19.1802,18.37,1993,29.13,0.0,8.106,34.2,1.99,81.95,False,0.0,0
19.1775,-49.4148,8.91,1999,27.05,0.0,7.918,34.01,8.59,67.19,False,0.0,0
23.2915,-173.9054,14.79,2010,28.47,0.0,7.878,34.84,8.04,29.54,False,0.19,0
-18.0468,7.9543,12.84,1990,28.46,0.0,8.192,35.21,13.44,66.88,False,6.97,0
-12.9489,-59.3108,11.25,2001,29.41,1.33,8.136,33.11,8.65,44.38,False,35.98,1
-12.6619,-179.5248,3.98,2013,26.73,0.0,7.91,33.73,4.54,33.92,False,0.0,1
-7.3768,-69.1403,16.75,1991,25.78,0.0,8.156,33.09,2.99,46.1,False,0.0,0
-6.4008,-79.6938,9.75,2009,27.34,0.0,7.994,35.25,4.27,25.06,False,0.0,0
2.6733,-38.3587,20.16,2005,27.98,0.0,7.926,36.08,4.42,38.54,False,0.0,0
-20.4072,-132.5333,10.26,2023,30.21,4.18,8.085,36.31,3.57,61.34,True,81.03,1
11.4748,2.7662,13.5,2002,30.32,4.94,8.169,35.23,3.89,18.9,True,81.55,1
-19.946,69.2785,2.52,2007,25.6,0.0,8.126,33.16,12.93,57.82,False,0.0,0
-11.3815,46.8668,29.78,2018,26.97,0.0,8.127,35.36,13.12,32.67,False,0.0,0
0.2007,109.3518,15.72,2003,29.44,0.76,7.981,34.6,8.2,44.94,False,27.31,1
17.7864,-17.277,1.7,2019,27.01,0.0,7.891,36.4,13.77,69.38,False,0.0,0
14.3682,6.873,16.7,1998,27.15,0.0,8.061,34.63,7.82,75.47,False,0.0,0
8.7321,111.7447,26.24,2001,28.08,0.0,8.078,35.87,9.2,52.0,False,0.0,0
-20.6536,-26.0276,23.4,2010,26.86,0.0,8.05,33.78,14.91,32.7,False,0.0,0
2.8227,72.5758,21.33,2007,27.6,0.0,8.209,36.69,5.91,75.33,False,0.0,0
-24.7532,-23.5431,5.04,2000,26.88,0.0,7.971,34.18,9.6,61.36,False,0.0,0
-7.3582,-29.615,20.07,2016,29.48,0.0,8.086,33.02,10.42,33.42,False,0.0,0
-5.189,93.674,23.22,2013,29.04,1.29,8.1,33.33,9.13,37.16,False,0.0,0
-27.6113,-117.0587,17.6,2023,28.2,0.0,7.916,33.92,5.07,61.54,False,0.0,0
-13.5607,-58.1091,26.89,2009,29.85,1.91,8.026,33.66,13.86,35.82,False,32.55,1
27.339,-99.298,9.03,2002,29.21,0.62,7.999,33.76,13.49,31.66,False,8.98,0
27.218,-50.7204,8.02,1997,27.43,0.0,7.937,35.32,14.3,42.2,False,0.0,0
-8.8604,-97.0651,26.22,1994,29.27,3.62,8.088,34.89,6.01,55.0,False,37.16,1
-27.414,28.586,19.14,1996,28.59,0.0,8.111,35.85,13.38,38.54,False,0.0,0
-19.2543,107.3415,1.04,2001,30.39,4.58,8.025,36.16,9.66,32.59,True,96.0,1
-6.4669,103.1807,11.24,1993,27.69,0.0,8.028,35.07,14.94,74.27,False,0.0,1
26.8668,-48.7797,25.88,2008,28.17,0.0,8.121,35.37,6.43,55.44,False,0.0,0
-21.5281,175.9537,1.79,1990,28.46,0.0,8.191,36.1,0.57,82.72,False,0.0,0
15.811,33.7876,1.09,2002,29.16,0.94,8.065,33.36,7.81,80.35,False,17.85,1
-23.479,-36.2159,9.16,2014,27.78,0.0,7.825,34.74,8.31,64.97,False,11.25,0
28.8755,120.7941,27.51,2023,27.59,0.0,8.105,35.11,7.22,42.28,False,0.0,0
-7.103,82.7546,27.14,2006,29.49,1.71,8.11,35.39,6.39,50.09,False,20.15,0
16.5141,89.7391,16.04,2015,27.83,0.0,7.901,35.17,3.69,41.24,False,0.0,1
-9.4445,-109.3898,17.04,2010,26.91,0.0,7.977,34.4,11.09,39.23,False,0.0,0
7.6601,-11.4032,10.63,2001,29.54,1.11,8.135,34.15,8.22,74.47,False,33.98,0
-18.479,130.2581,8.07,2005,27.94,0.0,8.16,34.76,2.01,59.11,False,0.0,0
-21.2387,1.4537,24.64,2009,26.41,0.0,7.989,33.27,1.96,35.77,False,0.0,0
26.2838,66.043,4.08,1999,30.87,4.48,8.011,34.88,11.77,69.67,False,79.74,1
25.0588,31.6561,15.13,2012,27.61,0.0,7.902,36.86,8.99,70.52,False,0.77,0
23.2481,123.2484,19.4,2019,28.28,0.0,7.904,33.22,7.83,35.56,False,0.0,0
7.526,-77.5581,4.01,1997,29.12,0.0,7.987,33.61,3.71,33.96,False,1.41,0
18.4961,27.1711,16.07,1994,26.41,0.0,7.982,35.52,5.04,28.05,False,0.0,0
-25.8578,-135.6355,17.75,2001,27.73,0.0,8.022,35.83,12.32,69.3,False,0.0,0
-9.9127,68.4759,22.53,2003,26.17,0.0,8.164,34.9,4.55,79.65,False,0.0,0
-11.1778,83.5084,7.81,2001,26.77,0.0,7.905,36.67,3.06,61.6,False,0.0,0
8.1387,-164.5786,9.51,2013,29.97,3.83,7.894,34.93,10.06,30.88,False,67.02,1
-8.6425,63.2847,17.52,2006,30.34,4.38,7.862,33.44,11.66,44.6,True,100.0,1
-21.0896,-30.7115,29.51,1990,26.95,0.0,8.18,34.92,3.04,58.28,False,0.0,0
5.788,-135.3251,7.31,2000,27.09,0.0,8.074,35.06,4.16,78.89,False,0.0,0
18.863,-28.8333,29.59,1995,25.98,0.0,8.23,34.72,0.96,79.24,False,0.0,0
-7.0726,-110.0761,21.72,2004,27.98,0.0,8.134,36.66,0.93,63.25,False,0.0,0
-22.0639,-30.3986,24.96,2012,29.53,2.73,8.014,34.92,1.29,57.5,False,5.26,0
-18.1987,-41.6379,3.6,2012,29.94,1.92,7.934,35.77,1.33,68.62,False,21.05,0
-15.751,85.821,9.71,2001,26.46,0.0,8.124,35.03,11.78,51.38,False,0.0,0
-12.0061,98.7176,2.67,1996,26.49,0.0,7.942,35.91,9.02,71.94,False,0.0,1
8.5677,38.5303,11.77,2005,27.19,0.0,7.823,33.44,4.42,51.81,False,0.0,0
6.0567,-171.8327,29.46,2018,29.61,2.97,8.088,36.78,2.15,59.25,False,50.83,0
11.7648,155.168,4.05,2006,28.61,0.0,7.915,35.45,14.3,42.21,False,0.0,0
-8.2499,67.044,17.31,2015,28.44,0.0,7.977,34.23,5.9,71.43,False,0.0,0
19.4399,-167.6896,1.18,2009,30.31,5.79,7.874,33.93,0.7,15.52,True,100.0,1
-17.7547,114.7798,21.67,2014,30.23,1.95,8.068,35.95,0.73,43.03,False,10.18,0
-1.8576,-107.9042,6.72,2008,28.49,0.0,8.135,34.07,3.59,62.33,False,17.82,0
18.0563,28.5196,4.76,2010,27.39,0.0,8.034,34.8,12.18,37.83,False,0.0,0
-19.1905,-12.0116,10.77,2021,28.08,0.0,8.06,35.47,11.97,59.3,False,18.49,0
-23.4082,-28.858,23.36,2017,26.87,0.0,7.988,36.43,0.84,42.24,False,0.0,0
23.021,140.2969,4.09,2001,28.31,0.0,8.098,36.32,3.41,34.44,False,7.01,0
-9.4242,-22.5499,7.67,2004,28.98,0.0,8.034,35.67,11.2,28.94,False,0.0,0
11.0322,-152.8761,1.25,2017,29.56,4.65,7.961,34.06,1.56,22.81,True,77.18,1
-28.4791,160.7899,29.08,2010,26.83,0.0,8.121,33.65,6.53,49.79,False,0.0,0
11.4028,151.3927,18.17,2005,29.45,2.2,8.096,35.18,14.43,29.8,False,22.25,0
-11.0339,66.3958,21.88,2012,29.38,2.85,7.827,36.53,8.89,41.49,False,56.08,1
-26.6555,-11.5587,19.89,2015,26.32,0.0,7.933,34.63,6.75,35.22,False,0.0,0
6.5888,-146.5706,5.19,2004,29.12,0.0,8.032,35.95,14.43,67.02,False,7.94,0
-15.5518,104.6693,18.25,2001,29.83,2.71,8.032,36.33,7.84,38.25,False,55.97,1
-6.7916,-152.828,4.81,1993,27.84,0.0,7.989,34.05,9.23,67.67,False,0.0,0
-25.1652,-155.3036,12.64,2020,27.58,0.0,7.974,36.86,7.93,64.11,False,0.0,0
-21.1702,13.4582,17.5,2016,26.3,0.0,8.167,34.02,11.38,33.08,False,0.0,0
-12.1214,-122.3538,17.21,2021,27.24,0.0,7.943,35.36,5.32,31.02,False,0.0,0
-24.6144,-177.2171,4.45,2022,29.31,0.0,8.01,35.67,2.71,82.64,False,0.65,0
24.6496,-27.6792,2.0,2002,29.24,1.8,8.125,35.21,7.34,38.39,False,15.03,0
-29.6372,-130.6018,24.15,1991,27.22,0.0,8.219,35.49,11.12,57.11,False,0.0,0
-0.9684,-122.2145,22.05,1994,28.12,0.0,8.023,33.84,7.27,58.85,False,10.62,0
-22.6052,-152.3122,3.37,2007,30.26,4.66,8.075,33.58,3.43,41.13,True,100.0,1
-11.5393,-106.1662,4.7,2006,28.56,0.0,8.021,33.06,2.67,57.07,False,16.3,0
25.5636,77.5743,26.88,1991,29.37,1.34,8.084,35.44,14.58,42.62,False,0.0,0
-20.2983,111.2138,23.3,2003,26.97,0.0,7.994,36.7,13.86,67.11,False,0.0,0
27.9499,-17.0879,29.89,2001,28.18,0.0,7.927,35.72,5.01,36.99,False,0.0,0
-17.6523,2.3594,8.37,2022,30.31,3.7,7.918,35.6,14.47,36.08,False,55.4,0
14.494,-168.2442,15.15,1996,28.64,0.0,7.989,35.13,9.49,48.43,False,11.2,0
2.8006,-155.0461,7.86,1998,27.79,0.0,8.169,35.47,4.97,45.62,False,0.0,1
23.0687,-87.2756,19.06,1994,27.38,0.0,7.977,35.89,4.92,66.41,False,0.0,0
3.2396,15.8034,4.35,1993,29.73,4.4,7.987,33.6,13.55,60.88,True,91.87,1
2.0736,86.2384,4.69,2021,30.4,5.26,7.899,35.92,5.87,56.92,True,100.0,1
-18.2725,37.8011,3.08,1994,29.35,0.09,8.033,33.62,1.63,76.87,False,14.02,1
-20.0262,-38.834,21.11,1997,27.89,0.0,8.112,34.18,11.23,47.88,False,0.0,0
24.9893,-137.4033,15.33,2002,26.99,0.0,8.052,34.36,2.63,71.49,False,0.0,0
-10.3297,101.0784,18.91,1993,27.42,0.0,8.124,34.14,10.52,66.06,False,0.0,0
-7.6751,-49.037,26.5,2000,28.58,0.0,8.125,35.1,10.54,60.93,False,7.96,0
15.5894,84.9794,22.47,2004,25.9,0.0,7.921,35.22,8.77,38.2,False,0.0,0
-9.6706,4.6724,14.39,2007,25.96,0.0,7.938,36.28,8.81,34.78,False,0.0,0
27.1237,85.9183,29.55,2009,29.72,1.09,7.999,35.31,5.58,66.54,False,0.0,0
14.2757,146.6242,14.23,1990,29.26,2.59,7.915,36.99,6.46,56.81,False,14.84,0
5.8458,151.5706,4.26,1990,28.61,0.0,8.059,35.78,2.25,49.21,False,0.0,0
22.8537,12.6384,29.79,2000,30.36,4.51,8.225,35.92,8.54,25.31,True,90.14,1
-27.0236,4.143,1.66,2018,29.22,2.19,7.973,36.99,12.34,46.22,True,66.14,0
-14.5762,-84.3558,16.95,2018,27.66,0.0,8.114,33.94,0.94,33.87,False,0.0,0
-2.0978,156.8879,9.96,2013,28.83,0.0,7.949,35.59,10.78,52.19,False,0.0,0
-16.3813,-15.1491,15.6,2009,28.11,0.0,7.878,36.55,2.45,23.32,False,0.0,0
14.6343,-134.0672,17.2,2019,27.41,0.0,7.963,36.87,12.08,64.26,False,0.0,0
25.1525,-24.2262,7.96,1994,29.31,1.41,8.184,34.79,0.51,44.4,False,29.87,0
-4.5738,-134.2608,17.15,1999,27.67,0.0,7.92,34.72,1.61,47.06,False,0.0,0
-9.472,0.9114,22.93,1995,28.02,0.0,7.95,33.38,12.42,43.64,False,2.46,0
27.693,22.0592,8.73,1993,29.58,3.95,8.173,36.62,4.41,30.91,False,44.74,1
-3.3089,-58.4079,12.12,1993,30.1,4.46,7.992,36.75,13.46,67.41,True,77.84,1
-0.6571,-154.2058,8.78,1996,29.7,2.37,8.155,36.54,11.83,67.16,False,23.4,0
-8.901,159.6613,24.8,2022,27.23,0.0,8.098,33.9,9.8,67.89,False,0.0,0
24.5729,98.4071,22.02,1998,26.47,0.0,8.098,34.21,4.85,54.55,False,0.0,0
4.1373,121.9972,26.26,2015,28.62,0.0,8.138,36.79,12.67,71.96,False,0.0,0
15.7305,-47.9274,5.93,2010,25.86,0.0,8.055,35.46,3.31,56.85,False,0.0,0
18.7084,93.8992,3.13,2011,28.1,0.0,8.022,35.53,13.43,44.16,False,15.19,1
-9.4891,-5.2658,4.46,2022,29.52,2.48,8.082,34.67,11.47,70.78,True,74.6,1
-3.9783,-107.6099,5.67,2022,28.95,0.0,8.048,35.46,5.55,47.8,False,0.0,0
20.9083,-135.2076,16.46,1994,29.22,0.92,8.008,33.64,3.03,37.52,False,1.54,0
-8.2047,-55.7817,29.16,2010,29.1,0.38,7.982,36.8,6.91,35.57,False,0.0,0
17.6361,-130.4812,11.36,2016,27.87,0.0,8.11,36.78,2.4,74.1,False,0.0,0
26.4595,179.3768,28.8,1990,27.35,0.0,7.92,36.43,7.54,63.4,False,0.0,0
7.3926,-162.292,2.11,2005,29.32,0.3,7.923,34.02,3.79,52.75,False,37.79,0
14.4976,-21.1883,27.88,2021,29.31,0.0,7.892,36.5,0.57,47.23,False,2.67,0
18.3058,-17.2463,6.25,2018,30.12,3.11,7.996,35.8,8.21,34.83,False,60.26,1
20.7024,-71.7725,27.46,2012,30.21,1.27,7.885,33.98,4.85,64.72,False,23.51,0
-6.2968,25.6866,2.63,2004,29.55,2.44,7.88,36.34,9.36,25.89,False,42.38,0
-26.9242,-126.0083,28.5,2015,29.97,3.64,8.145,33.36,5.03,66.12,False,47.47,1
-5.8874,102.2085,6.82,2014,28.82,0.0,8.16,35.87,10.42,51.66,False,18.58,0
10.4254,-60.3188,9.78,1991,26.86,0.0,8.054,36.99,10.17,38.18,False,0.0,0
-2.979,32.8833,15.24,2001,29.24,0.0,8.032,34.72,0.86,74.54,False,0.26,0
14.9378,77.6301,12.04,2008,29.24,3.18,8.07,35.49,10.48,38.56,False,13.99,0
-8.5811,140.0552,20.36,2021,30.27,3.44,8.206,33.87,3.15,74.45,False,71.09,1
8.0846,120.8835,29.27,2012,28.04,0.0,8.093,34.87,12.4,68.03,False,0.0,0
-18.8148,38.9913,18.59,1994,28.52,2.49,8.027,33.43,2.23,50.12,False,8.18,0
14.9622,-40.1785,21.92,2014,28.43,0.0,8.044,35.78,4.09,51.49,False,0.0,0
2.7418,1.1537,3.55,2018,27.4,0.0,8.13,36.09,8.82,44.09,False,0.0,0
-17.7561,96.7445,19.21,2009,27.07,0.0,8.044,35.35,6.58,34.98,False,0.0,0
-12.4853,135.9164,14.16,1996,30.71,6.1,8.016,35.96,14.88,57.9,True,89.68,1
14.9165,-142.6385,26.69,2011,28.57,0.0,8.059,35.76,10.93,33.7,False,5.33,0
-1.0439,-41.4517,12.26,2007,27.53,0.0,7.726,36.69,3.69,43.95,False,0.79,0
-17.0381,99.402,20.7,2010,27.28,0.0,7.86,34.91,11.13,70.73,False,0.0,0
28.0363,-24.6054,7.62,2011,26.74,0.0,8.211,35.15,5.67,75.37,False,0.0,0
12.9075,-60.398,8.52,2001,30.28,4.13,8.115,34.49,0.83,51.64,True,100.0,1
27.4281,-31.9238,11.91,2000,26.59,0.0,8.237,34.41,4.58,48.39,False,0.0,0
-4.3737,37.0241,9.82,2001,27.16,0.0,7.989,36.27,14.14,55.16,False,15.11,0
-1.494,179.9299,8.36,2015,28.14,0.0,8.079,36.72,2.36,37.17,False,17.56,0
23.8773,-2.5227,2.44,2019,30.34,5.76,8.121,34.24,8.8,21.91,True,100.0,1
1.503,-104.942,25.27,2004,29.09,0.0,8.036,34.68,14.67,30.0,False,14.71,0
12.4367,-121.3752,2.86,1997,26.0,0.0,7.933,34.41,8.05,69.39,False,0.0,0
-14.8696,-164.7541,26.73,2007,29.54,2.25,8.113,36.42,5.29,72.97,False,0.0,0
-3.1964,21.1742,4.64,1999,29.43,2.66,8.121,36.79,9.18,37.97,True,93.35,1
-22.593,16.046,2.89,1997,26.55,0.0,8.172,36.61,4.22,69.04,False,0.0,0
-17.6412,-106.1158,17.33,2009,29.55,6.15,8.033,33.05,11.75,67.16,True,81.57,1
-29.9434,70.3186,15.57,2001,29.3,1.53,7.958,33.69,13.01,62.38,False,11.1,1
-27.6441,86.7985,15.25,1992,27.72,0.0,7.927,36.58,5.61,35.7,False,0.0,0
28.637,-86.7246,17.66,2009,30.24,3.87,7.904,35.1,11.71,33.56,False,77.96,1
-15.4588,-56.1241,9.32,2001,28.24,0.0,7.948,34.51,12.61,41.57,False,0.0,0
9.7986,176.5698,20.23,2013,28.35,0.0,7.897,34.63,6.42,53.32,False,0.0,0
20.346,-45.2648,15.57,2005,26.07,0.0,8.042,36.3,14.27,55.24,False,0.0,0
3.0396,93.8886,10.71,1999,29.72,3.06,7.97,36.25,10.5,44.2,True,82.1,1
-20.8113,-17.0188,24.97,2008,28.61,0.29,8.017,36.31,7.12,62.84,False,0.0,0
13.687,105.6041,22.1,2003,28.93,1.45,8.094,36.39,9.35,29.66,False,9.17,0
6.0151,96.8484,12.41,2003,28.4,0.0,7.905,33.28,7.71,52.55,False,0.0,0
13.875,60.3922,25.58,2011,28.24,0.0,8.118,36.03,2.89,51.22,False,0.0,0
16.1848,127.7202,27.69,1993,29.49,2.61,8.164,35.44,7.2,66.24,False,0.0,0
28.5246,158.1187,16.57,2023,29.05,0.0,7.936,34.01,8.59,84.42,False,0.0,0
4.4138,28.794,7.23,2007,27.58,0.0,7.915,35.37,2.83,32.69,False,0.0,0
-9.5015,-94.5112,27.56,2023,27.33,0.0,8.186,35.74,13.43,52.2,False,0.0,1
8.9079,-36.4936,6.49,2007,28.94,0.72,7.981,35.28,9.15,48.75,False,32.1,1
-25.8936,92.9901,2.4,2020,28.66,0.0,7.957,34.41,7.23,32.41,False,49.06,1
23.8438,54.3181,10.5,2009,28.6,0.0,8.129,33.98,11.87,73.75,False,0.0,0
-22.8371,-115.9926,22.08,1999,28.52,0.0,7.922,33.35,11.61,40.98,False,0.0,0
-10.3294,-161.5538,27.77,1992,26.34,0.0,7.909,33.23,6.11,34.73,False,0.0,0
18.9447,65.8662,19.48,2010,27.28,0.0,7.957,34.41,6.98,65.15,False,0.0,0
5.8387,-89.6116,28.6,1999,28.92,1.17,7.987,33.95,7.31,45.02,False,4.58,0
-6.3819,-0.1187,3.68,1996,28.24,0.0,8.116,34.98,2.66,55.66,False,0.0,0
-1.5939,88.8288,2.76,2011,27.17,0.0,7.894,35.25,11.01,49.22,False,0.0,0
21.2728,22.56,18.52,2012,27.1,0.0,8.081,34.52,3.07,77.77,False,0.0,0
-9.5997,-150.0111,29.02,2001,27.84,0.0,7.992,34.52,1.55,71.14,False,0.0,0
22.179,-113.1911,15.58,2002,27.3,0.0,7.908,35.99,10.24,33.15,False,0.0,0
-24.7119,-101.0419,2.49,2002,27.66,0.0,8.028,33.02,1.69,52.68,False,0.0,0
16.6079,-87.1689,7.42,2022,27.39,0.0,7.858,36.99,13.07,30.46,False,0.0,0
20.8529,23.5452,8.1,2020,27.32,0.0,7.844,34.76,5.3,48.8,False,0.0,0
-19.0909,1.4277,10.8,2017,28.87,1.23,8.062,35.35,3.87,75.91,False,10.4,0
-4.1792,-106.8624,2.26,2008,28.56,0.0,7.985,33.97,6.7,29.92,False,0.0,0
-20.07,-155.6803,27.24,2010,29.45,2.85,8.16,33.84,7.5,39.38,True,42.47,1
12.3962,-118.2844,15.95,2021,28.98,0.0,8.092,35.69,2.56,28.42,False,0.0,0
2.1209,174.3773,20.46,2015,27.76,0.0,8.139,36.89,13.43,67.11,False,0.0,0
8.1194,-11.3231,2.95,2002,27.22,0.0,7.837,36.63,3.07,37.52,False,3.65,0
-18.2108,132.2444,2.57,2018,28.09,0.0,8.028,36.73,7.9,32.36,False,0.0,0
-17.2952,125.5509,18.01,1996,30.01,4.42,8.088,35.03,9.22,35.33,True,100.0,1
-27.5102,4.147,26.73,2015,31.19,5.82,7.884,34.44,9.94,65.09,False,73.86,1
-10.6759,74.4076,16.33,1995,29.78,1.88,7.963,36.06,7.88,35.45,False,24.87,0
3.5847,-110.6093,26.46,2021,28.74,0.0,8.057,35.17,4.27,38.86,False,0.0,0
21.4761,67.8228,24.52,2012,29.74,2.93,8.134,36.25,1.52,47.46,False,30.61,1
10.0156,-81.9416,3.2,2000,27.26,0.0,7.944,35.8,14.18,49.69,False,4.4,0
-3.8762,119.5424,6.86,2010,29.28,1.78,7.945,34.46,12.09,57.17,False,9.06,0
27.1872,-149.8593,20.07,2008,27.79,0.44,7.966,33.27,4.5,40.31,False,0.0,0
13.1547,98.3299,13.86,2023,27.35,0.0,7.941,34.18,1.98,27.48,False,0.0,0
25.8099,-144.0227,9.43,2020,27.28,0.0,7.946,36.32,14.67,64.92,False,0.0,0
1.6553,137.2281,13.14,2018,27.68,0.0,7.996,34.85,13.22,53.08,False,0.0,0
-14.4657,-70.4864,13.91,1995,27.0,0.0,8.084,36.29,9.35,38.42,False,0.0,0
-26.8304,55.5816,27.41,2020,28.24,0.47,7.901,35.79,8.0,52.3,False,0.0,0
13.5651,-4.4992,4.0,2021,28.42,0.07,7.995,34.24,4.66,50.19,False,10.19,0
-22.7218,-48.1309,9.11,2009,29.24,0.0,8.21,34.76,5.59,80.62,False,0.0,0
-11.8335,52.3591,16.59,2011,26.58,0.0,8.151,35.63,13.07,36.3,False,0.0,0
1.9483,161.1083,21.25,1992,28.2,0.0,8.066,36.51,8.89,73.12,False,0.0,0
3.865,-165.1429,19.29,1997,29.71,2.57,7.9,33.16,13.5,25.68,False,25.86,1
6.035,150.787,28.31,2008,28.47,0.0,8.088,36.97,13.07,79.51,False,0.0,0
-20.0247,39.2694,24.07,2020,27.91,0.0,7.88,34.63,6.61,53.88,False,0.0,0
-7.2158,110.6331,17.16,2021,27.41,0.0,7.978,33.52,2.6,43.82,False,6.58,1
7.0317,-41.805,7.23,2004,27.53,0.0,7.954,34.32,14.18,59.49,False,0.0,0
28.1891,-10.1365,14.08,2020,29.82,0.0,7.933,36.18,12.16,27.35,False,11.79,0
13.6579,132.7863,21.11,1992,27.02,0.0,7.867,35.3,5.8,66.56,False,0.0,0
25.3562,-30.6547,25.3,2021,29.5,2.46,8.087,33.44,13.34,67.73,True,60.57,1
15.7327,12.4774,28.83,1999,28.34,0.02,7.952,34.55,5.77,25.65,False,0.0,0
5.503,-172.7298,18.56,2017,29.97,3.15,7.874,33.22,9.91,39.41,False,10.46,1
-18.4786,-122.9047,16.28,2016,27.37,0.0,7.973,33.27,5.05,44.86,False,1.81,0
10.0011,51.0071,1.51,2020,29.68,1.64,7.912,33.88,13.66,67.52,False,51.5,1
7.4028,78.1117,3.09,2023,30.38,3.75,7.891,34.4,1.05,66.41,False,66.74,1
6.1482,29.7363,5.53,1994,27.08,0.0,7.87,35.77,10.35,52.27,False,0.0,0
-0.6128,-128.4084,2.59,2000,27.14,0.0,8.103,33.07,3.28,77.16,False,0.0,0
1.7194,-19.654,12.63,1996,26.81,0.0,8.161,34.26,1.88,62.11,False,0.0,0
-9.9334,-52.1659,10.77,1997,29.78,2.01,8.028,34.43,8.93,50.61,False,18.46,0
1.1588,-1.5619,19.48,2006,28.35,0.0,7.97,34.24,11.11,64.78,False,4.61,0
-18.1466,133.3185,16.53,2003,25.5,0.0,8.185,33.57,14.87,46.22,False,0.0,1
18.3105,99.3101,18.28,2013,28.32,0.0,8.045,36.44,2.29,47.42,False,0.0,0
-18.8534,-149.7638,14.69,2019,26.41,0.0,8.133,34.28,3.84,77.44,False,0.0,0
-24.902,140.5113,9.05,2004,26.41,0.0,7.934,36.38,14.71,64.31,False,0.0,1
-3.8252,-10.1638,28.63,1993,26.86,0.0,8.024,33.76,3.81,34.49,False,0.0,0
9.4984,87.7904,3.51,2002,26.23,0.0,8.061,35.89,9.51,34.65,False,0.0,0
-3.737,-129.5859,28.23,1994,27.58,0.0,8.011,33.8,10.18,32.96,False,0.0,0
-13.3948,61.459,10.03,2020,29.16,1.54,8.138,34.37,12.23,76.07,False,52.03,1
3.4903,-94.9226,15.87,2001,28.04,0.96,7.902,35.71,5.78,69.92,False,1.67,0
-9.1799,-22.1829,4.16,2019,27.87,0.0,7.975,35.19,2.39,45.91,False,0.0,0
25.9721,-173.9294,3.06,1999,26.82,0.0,8.058,34.07,1.19,23.22,False,0.0,0
25.3587,-125.4202,13.46,2019,30.93,4.32,8.051,36.53,1.78,40.31,True,87.14,1
0.1423,-146.851,22.51,2015,26.98,0.0,7.894,34.89,8.61,42.49,False,0.0,0
-10.327,-93.6921,8.81,1995,26.06,0.0,7.941,36.15,5.78,35.35,False,0.0,0
14.2279,-143.9935,17.31,2016,27.32,0.0,8.033,36.45,12.47,43.48,False,0.0,0
-27.7972,69.0876,9.08,2009,28.23,0.0,7.955,34.8,6.39,56.53,False,0.0,0
-1.5139,-169.5456,12.27,2017,26.85,0.0,8.054,34.33,8.05,69.72,False,0.0,0
-9.8206,42.3866,27.29,2009,29.98,2.96,8.164,35.21,14.28,56.03,False,60.76,1
25.2322,-129.3452,25.82,2001,27.01,0.0,8.035,33.33,8.22,39.45,False,0.0,0
-29.2798,160.2581,15.96,2010,27.59,0.0,7.956,35.74,12.05,37.33,False,0.0,0
3.1689,155.9139,7.91,2019,30.53,3.88,7.974,36.02,11.56,60.03,False,53.28,1
14.4398,-98.8189,6.6,1999,26.84,0.0,8.035,33.42,4.2,36.21,False,0.0,1
-0.8989,41.1917,28.67,1994,27.39,0.0,8.086,34.19,8.31,67.15,False,0.0,0
-24.8758,-169.9181,6.88,1997,28.01,0.0,7.984,36.07,2.66,68.27,False,27.14,0
28.3477,155.4439,24.44,2019,26.89,0.0,7.986,34.27,3.86,66.34,False,0.0,0
1.0806,8.2754,11.7,2006,29.43,1.41,8.09,35.46,14.47,56.72,False,12.34,1
6.8512,-164.4397,29.58,1992,27.64,0.0,7.815,35.4,2.93,66.54,False,0.0,0
-15.8034,-56.7,11.68,2010,27.7,0.0,7.844,34.04,14.44,28.19,False,0.0,0
-0.9901,-152.3342,11.19,2005,28.19,0.0,7.97,36.06,10.68,61.05,False,6.38,0
-4.251,-38.54,19.49,2021,26.6,0.0,7.942,34.98,13.05,67.76,False,0.0,0
-25.5062,61.1735,28.88,2016,29.44,0.0,8.113,33.48,3.6,52.47,False,0.0,1
-23.6304,-10.8396,29.31,1995,28.39,0.0,7.951,33.41,6.1,86.04,False,0.0,0
20.2484,-41.86,21.51,2005,29.95,1.8,8.212,36.67,12.63,26.47,False,35.56,0
-15.6108,-137.1035,22.88,1992,28.06,0.0,8.148,34.53,11.89,52.73,False,6.34,0
-18.3025,-91.8219,17.34,2009,29.27,1.68,8.039,35.22,10.89,68.29,False,5.95,1
0.2947,-143.9484,22.92,1996,26.35,0.0,8.053,35.56,4.82,38.06,False,0.0,0
16.1248,110.6995,25.93,2000,26.02,0.0,7.967,35.9,7.36,54.81,False,0.0,0
-26.2832,-131.3137,15.1,2018,29.19,2.68,8.002,34.65,7.33,57.71,False,14.43,1
4.6085,34.3344,18.98,1992,26.47,0.0,7.948,34.95,14.21,38.39,False,0.0,0
-22.8474,-56.6135,16.58,2010,30.08,2.86,7.975,35.92,9.88,45.54,False,60.81,1
-27.8123,-98.6478,17.31,2021,27.98,0.0,8.162,35.63,5.46,34.03,False,0.0,0
-26.8354,50.2086,26.81,2019,26.55,0.0,8.102,35.47,7.93,62.45,False,0.0,0
20.0498,-15.4792,11.31,2000,28.28,0.0,8.075,34.55,13.37,62.12,False,0.05,0
-22.9217,-35.9476,7.04,2006,29.45,3.58,8.049,36.86,10.97,74.21,False,22.59,0
-27.2909,33.4267,14.23,2014,30.12,2.66,8.018,33.74,9.34,61.66,False,53.31,1
-3.726,-3.1437,7.03,2014,29.55,1.83,7.934,33.47,8.34,67.11,False,14.8,0
20.6396,-70.7457,15.45,1998,27.8,0.0,8.136,34.14,7.85,41.01,False,0.0,0
-14.2555,21.2621,27.2,2018,28.55,0.0,8.031,34.01,7.07,57.93,False,0.98,0
-4.6972,61.0195,18.91,2004,30.12,1.72,7.879,36.84,13.42,68.86,False,47.81,1
-27.6046,-170.3905,25.81,2008,28.34,0.0,8.16,33.03,1.06,29.69,False,0.0,0
-3.0553,-12.2862,5.82,2004,30.42,6.09,8.036,36.52,4.9,25.45,False,71.14,1
4.6568,-159.234,27.13,2002,27.72,0.0,8.171,34.63,10.78,72.3,False,0.0,0
4.2544,-112.8941,18.45,2005,27.02,0.0,8.149,35.27,13.2,56.32,False,0.0,1
-10.0544,21.7831,1.92,1992,27.83,0.0,8.003,35.77,14.54,30.55,False,8.06,1
-11.068,131.828,19.36,2020,28.02,0.0,8.211,33.18,14.3,39.31,False,0.0,0
-23.6026,137.81,28.59,1990,27.05,0.0,7.969,35.07,5.95,30.05,False,0.0,0
-7.9921,-154.8202,3.3,2005,28.53,0.07,7.869,33.16,13.2,39.78,False,11.36,0
-24.0303,-29.1222,17.89,1990,30.13,2.9,8.073,33.39,8.45,38.31,True,85.72,1
15.9958,29.8823,27.55,2003,27.32,0.0,7.955,35.51,5.89,56.42,False,0.0,1
27.9765,-127.0548,1.28,1996,27.26,0.0,8.198,34.1,13.65,85.46,False,0.0,0
28.2045,95.5556,19.3,2012,30.46,0.28,8.105,33.57,9.31,58.27,False,23.08,1
21.9043,87.9247,14.77,2018,30.4,1.51,8.135,33.2,11.65,54.52,False,46.98,1
6.0475,145.2028,11.06,2011,27.48,0.0,8.088,36.22,4.15,75.38,False,0.0,0
12.0519,-176.945,19.2,2005,28.52,0.0,8.193,35.53,6.24,37.95,False,0.0,0
-12.8877,-101.9937,2.53,2018,28.47,0.0,8.064,33.13,1.21,40.73,False,12.44,0
7.8462,117.7872,22.84,1995,29.52,2.06,8.092,35.53,2.34,53.27,True,38.81,1
-2.661,61.4088,1.13,2007,28.77,0.0,8.164,33.41,9.92,27.68,False,35.23,0
-1.079,141.9803,9.9,2018,28.08,0.0,7.961,34.31,3.72,50.82,False,0.0,0
15.4666,-159.4153,15.61,2014,30.04,1.02,7.912,35.64,6.53,41.46,False,37.0,1
-13.0849,34.907,11.93,1991,30.24,5.17,8.078,34.14,6.48,69.18,True,92.71,1
-10.9176,24.8568,9.92,2021,28.42,0.0,7.934,36.03,11.63,29.51,False,0.0,0
25.4785,-167.1572,25.09,2021,27.04,0.0,7.922,35.07,8.72,46.9,False,0.0,0
-26.6265,4.8679,28.11,2009,29.35,3.17,7.954,34.0,10.32,17.9,False,42.1,1
-0.8619,39.4273,26.34,2022,29.8,0.26,8.06,35.23,2.27,65.5,False,11.5,0
24.768,-111.1345,16.15,1994,28.62,0.0,8.011,33.14,9.3,71.51,False,0.0,0
6.6218,-81.6014,26.64,1995,28.67,0.0,8.149,34.76,9.46,80.6,False,0.0,0
2.7844,50.525,27.7,2011,27.26,0.0,8.104,34.3,8.23,44.5,False,0.0,0
-15.0153,-11.4117,12.87,2010,29.73,4.94,7.993,34.67,1.97,71.05,False,39.1,1
-9.4035,128.8849,9.22,2008,30.25,4.79,7.927,35.45,11.68,52.73,True,100.0,1
21.1229,-56.7426,3.85,2004,29.85,4.06,8.134,34.7,8.4,26.09,True,90.36,1
3.5531,-84.0025,14.89,2023,28.69,0.0,7.867,35.22,8.36,35.92,False,0.0,0
0.8845,174.5517,28.44,1996,26.78,0.0,8.076,33.45,12.82,31.39,False,0.0,1
-24.0252,148.0089,17.27,2006,28.76,0.0,8.233,34.24,4.03,30.84,False,0.0,0
-29.0383,-169.5626,20.36,1994,26.05,0.0,8.045,34.69,7.85,58.93,False,0.0,0
27.8211,97.4623,4.27,1991,28.32,0.0,8.119,33.21,11.23,77.2,False,6.07,0
-7.3808,-140.2795,5.16,2016,29.71,1.41,7.931,36.79,13.72,22.05,False,60.53,1
6.1928,-170.1053,14.47,2013,28.13,0.0,7.901,36.62,12.83,37.54,False,0.0,0
-25.2171,-81.4696,28.59,2017,29.2,0.64,7.996,34.33,11.71,74.7,False,14.0,0
10.9869,-83.0355,11.46,1990,26.32,0.0,8.07,35.51,13.17,43.21,False,0.0,0
25.954,114.9548,26.45,2010,30.5,1.58,8.055,34.89,4.38,73.93,False,36.37,1
4.5399,75.8402,4.49,2017,28.05,0.0,8.067,35.25,6.97,48.78,False,0.0,0
-22.4331,173.3794,18.89,1992,28.35,0.0,8.011,33.49,14.71,74.22,False,0.0,0
4.9033,76.1446,18.42,2019,28.95,0.0,8.158,35.17,0.72,54.46,False,0.0,0
15.9808,-29.428,25.94,1990,27.92,0.0,8.098,34.01,14.86,60.61,False,0.0,0
-5.615,71.614,1.1,2007,28.54,0.08,8.157,35.44,2.02,88.79,False,8.64,0
22.7903,179.8053,6.51,2022,27.83,0.0,7.92,36.07,13.7,40.44,False,14.58,0
8.921,75.6511,7.37,2004,28.45,0.0,8.194,36.61,8.65,54.47,False,0.0,0
23.9549,94.2053,28.55,2013,29.95,5.0,8.057,33.13,4.8,26.11,True,77.12,1
7.4103,157.8114,5.46,2023,28.84,0.0,8.18,35.09,14.28,55.63,False,10.16,0
-22.1227,-139.0855,2.07,2015,26.65,0.0,8.03,34.63,9.25,72.79,False,0.0,0
-11.4185,73.7223,16.5,2011,28.08,0.0,7.903,33.9,13.38,27.29,False,0.0,0
-17.8923,126.2901,16.33,2005,27.66,0.0,8.018,34.06,6.05,52.54,False,0.0,0
24.5296,163.5763,25.48,2005,29.8,0.0,7.923,36.29,9.99,32.93,False,6.38,0
15.624,-104.0511,28.52,1994,26.22,0.0,7.946,35.95,5.61,41.7,False,0.0,0
10.5839,1.4144,16.62,1995,26.95,0.0,8.197,36.61,14.88,42.68,False,0.0,0
-11.942,64.9997,27.97,2013,25.82,0.0,8.132,36.14,8.5,39.58,False,0.0,0
-18.9573,-90.9116,22.03,2019,30.08,5.27,8.123,33.23,10.73,38.65,True,100.0,1
15.3871,36.1702,8.67,2021,30.12,3.66,7.823,33.45,4.94,58.56,False,61.68,1
-1.5505,-87.2716,27.92,2008,30.23,5.16,8.155,35.72,11.67,38.23,False,63.22,1
-16.4526,-59.9555,20.36,2017,28.45,0.0,8.131,35.63,6.76,78.04,False,0.0,1
6.9973,-21.0533,13.01,1997,29.46,0.9,7.938,36.57,13.57,77.8,False,3.33,0
-27.58,10.5084,20.73,1990,27.55,0.0,8.049,35.11,8.42,40.94,False,0.0,0
-10.4298,-18.2283,12.64,1993,28.09,0.0,7.872,35.3,6.04,28.28,False,0.0,0
-1.8866,-2.4496,4.31,2011,29.68,3.9,8.054,35.09,12.45,26.23,False,79.01,1
-21.1225,-72.508,21.85,2011,29.85,1.88,8.147,35.72,9.24,36.45,False,47.62,1
29.0793,-122.7726,24.9,2019,30.06,3.37,8.046,34.58,11.88,62.91,False,57.48,1
-17.4542,-162.954,22.14,2016,28.93,0.08,7.976,35.45,10.67,69.96,False,26.57,1
-22.1788,-109.4477,7.64,2016,30.57,5.13,8.022,34.96,7.37,21.34,True,100.0,1
-17.7879,29.4997,28.74,2002,28.55,0.0,8.09,36.78,10.03,73.16,False,0.0,0
16.1437,103.0016,1.73,2016,27.99,0.0,8.117,34.68,11.49,37.07,False,21.52,1
-4.4697,-119.0709,10.65,1997,27.92,0.0,7.836,33.51,10.62,68.96,False,0.0,0
3.925,-140.9201,8.54,2001,27.14,0.0,7.947,36.29,5.17,36.26,False,0.0,0
-28.7395,89.7445,2.4,2013,29.93,3.16,8.054,35.02,6.23,29.57,False,69.93,1
-27.9341,-70.143,12.77,2007,29.73,1.14,8.16,33.64,14.3,75.13,False,46.93,1
-3.2505,162.5398,19.07,2004,28.88,0.0,8.057,36.71,4.99,63.09,False,6.96,0
18.9993,77.1545,26.59,2005,29.23,0.0,7.992,33.49,12.28,42.68,False,0.0,0
23.1143,-62.3678,29.7,2022,28.37,0.0,7.991,33.27,3.19,58.84,False,0.0,0
-24.7976,-75.7646,24.43,1999,29.3,0.95,8.139,34.07,6.18,58.54,False,13.38,0
2.3018,8.5314,14.59,2013,30.13,4.82,8.062,35.62,5.41,27.37,True,88.78,1
24.7938,-151.5079,21.99,2008,26.09,0.0,8.152,33.45,9.43,40.0,False,0.0,0
-6.7216,-137.6365,25.47,2016,27.71,0.0,8.144,36.87,13.96,64.56,False,0.0,0
19.7739,-116.6912,14.49,2020,27.94,0.0,7.99,35.14,10.98,78.31,False,0.0,0
-21.9783,98.9005,23.77,2010,28.08,0.0,8.134,35.29,2.67,56.2,False,0.0,0
26.1237,4.9886,15.0,2005,27.63,0.0,8.023,36.8,10.98,27.9,False,0.0,0
15.0854,-176.1958,12.21,2012,27.4,0.0,8.056,34.87,0.78,23.43,False,0.0,0
26.4801,62.4659,16.26,2003,27.83,0.0,7.926,35.78,10.12,69.3,False,0.0,0
10.597,-27.4715,20.6,2012,29.78,2.62,7.97,33.14,13.24,75.18,False,26.47,0
-8.1958,3.9069,22.08,2007,29.43,1.23,7.889,33.15,5.79,37.87,False,6.18,0
26.2909,-102.9182,11.35,2001,29.57,0.11,7.973,35.97,10.91,44.7,False,0.0,0
-13.466,18.6416,17.57,2000,28.26,0.0,8.003,36.75,9.67,64.65,False,0.0,0
-10.0696,172.4952,27.39,1994,25.82,0.0,8.048,35.89,1.84,63.18,False,0.0,0
12.0485,-153.5599,29.31,2010,29.14,3.03,7.973,33.62,4.99,35.08,False,18.62,0
15.919,-77.7897,7.59,2021,27.0,0.0,8.05,36.31,10.38,68.02,False,0.0,0
25.7642,-92.5209,6.59,2018,27.46,0.0,8.051,35.37,0.92,70.09,False,0.0,0
-17.7119,-90.5222,20.62,1996,27.27,0.0,7.968,33.26,8.46,76.14,False,0.0,0
17.8799,-43.6657,13.03,2016,28.51,0.0,8.041,34.55,8.41,80.87,False,0.0,0
14.3128,114.5195,1.7,1995,26.19,0.0,8.086,36.1,11.83,29.07,False,0.0,1
-26.1723,148.6291,11.06,1993,28.77,0.0,8.131,33.83,14.67,36.99,False,0.0,0
-6.7666,-107.2026,24.4,1999,27.21,0.0,7.921,36.29,1.22,53.32,False,0.0,0
-13.0341,15.462,24.13,2019,30.11,2.81,7.974,35.3,1.84,39.84,False,28.35,0
-11.7306,49.2836,15.35,1998,29.7,6.01,8.0,34.8,4.96,24.48,True,62.47,1
28.9768,7.8579,14.7,2005,28.86,0.0,8.117,33.01,8.83,74.31,False,0.0,0
8.5666,-23.7325,17.81,1993,29.68,4.86,8.183,34.04,0.78,42.69,True,81.41,1
13.0606,-110.8888,7.36,2015,29.71,3.56,7.992,36.28,4.72,69.88,False,66.91,1
28.5971,-4.241,16.26,2018,28.12,0.0,7.952,33.43,2.24,50.18,False,0.0,0
-7.3679,-35.5627,1.32,2017,29.23,1.85,8.084,35.04,9.6,65.22,False,38.22,1
18.1104,106.4028,14.79,2000,27.78,0.0,8.153,33.12,10.84,39.28,False,0.0,0
-3.9281,94.8976,10.75,2017,27.88,0.0,7.979,34.04,0.82,55.17,False,0.0,0
22.172,-131.7605,20.57,2021,26.99,0.0,7.972,33.66,14.06,48.86,False,0.0,0
-19.1605,-148.1331,19.51,2013,27.27,0.0,8.03,34.67,11.18,56.8,False,0.0,0
26.8612,146.9354,12.04,1996,29.45,1.91,8.078,35.38,5.28,65.17,False,49.3,1
-16.8737,12.783,1.21,2007,26.37,0.0,8.049,34.76,10.97,64.97,False,0.0,0
-10.4268,128.8083,8.32,1992,28.54,0.0,8.102,36.28,7.11,56.08,False,0.0,0
15.3715,-159.0656,19.37,2009,29.42,2.23,7.914,33.68,10.33,30.52,False,1.31,0
-6.3747,9.5456,3.1,2023,30.72,7.01,7.911,35.48,6.62,56.27,True,100.0,1
6.4927,14.1935,4.12,2019,28.65,0.0,7.86,36.44,6.91,61.06,False,27.74,0
-3.3256,129.8527,19.76,1998,26.84,0.0,7.967,35.4,3.24,76.69,False,9.18,0
14.5422,-144.8604,22.92,1999,28.14,0.0,8.095,34.8,13.07,31.43,False,0.0,0
-16.3001,-93.4396,10.32,1995,27.69,0.0,8.183,35.95,13.74,83.22,False,0.0,0
-26.4925,-33.6462,15.2,2006,29.43,3.55,8.018,33.37,6.29,27.98,False,67.02,1
-12.0042,131.7029,28.43,2004,28.3,0.0,8.008,36.86,6.11,63.49,False,0.0,0
-1.5415,157.998,28.42,2022,27.65,0.0,8.021,34.35,2.79,60.05,False,0.0,0
-19.9188,177.3809,9.92,2002,28.06,0.0,8.147,33.8,5.2,77.59,False,0.0,0
-8.7122,165.3097,24.49,2011,28.27,0.0,8.068,36.84,12.13,34.98,False,0.0,0
-6.001,-177.861,18.22,2005,28.44,0.0,8.141,33.02,6.54,78.33,False,0.0,0
-26.5565,-162.825,29.29,2023,29.38,0.0,8.082,36.15,11.9,43.32,False,0.0,0
4.9984,-126.8615,14.85,1992,26.19,0.0,8.064,34.68,12.89,51.99,False,0.0,0
23.0606,-54.4096,23.47,1997,28.63,0.0,8.194,36.24,5.47,66.84,False,0.0,0
-20.8954,118.7705,23.28,2009,26.41,0.0,7.984,36.44,14.83,64.48,False,0.0,0
5.8685,141.3562,15.43,2013,29.51,2.11,7.945,34.26,9.12,33.05,False,21.05,1
9.8844,-112.7396,24.07,2007,30.24,3.33,8.116,36.56,5.37,57.3,False,73.51,1
-4.8399,43.0791,8.57,2012,30.12,2.49,8.138,36.96,2.17,25.04,False,60.18,1
12.0659,150.2503,4.55,1990,28.44,0.0,8.193,36.8,5.14,61.51,False,0.0,0
-5.3561,-13.0566,13.33,1991,29.84,3.51,7.865,35.11,2.65,21.74,True,65.32,1
0.2782,-142.7243,28.37,1994,26.47,0.0,8.093,33.8,11.61,38.5,False,0.0,0
-29.5588,-15.1871,15.52,2007,27.47,0.0,8.048,36.23,4.3,79.95,False,0.0,0
11.5032,-44.7138,19.42,2005,29.48,0.89,8.096,36.77,5.5,50.55,False,33.23,1
9.6806,27.9569,19.1,1999,26.5,0.0,7.943,36.85,5.12,28.83,False,0.0,0
-27.6959,-22.0829,4.84,2018,30.62,4.39,7.972,36.49,9.24,76.76,True,100.0,1
-7.905,-173.7555,12.32,2014,26.83,0.0,8.102,33.86,5.63,27.23,False,0.0,0
28.7419,177.8392,21.5,2013,28.92,0.0,7.986,35.58,2.59,23.22,False,0.0,0
-4.7558,15.6745,29.19,2002,27.51,0.0,7.843,36.69,9.57,41.82,False,0.0,0
0.1167,-9.4929,5.87,2010,26.16,0.0,8.083,34.95,7.86,31.98,False,0.0,1
24.5958,163.6623,12.9,2023,26.76,0.0,7.959,36.27,11.5,33.43,False,0.0,0
13.0357,-123.8903,3.76,2008,27.37,0.0,8.075,33.42,4.21,42.42,False,0.0,0
4.9242,-111.8745,8.03,2017,26.9,0.0,7.857,36.09,12.99,32.34,False,0.0,0
17.8683,110.8853,11.93,2016,30.4,6.51,8.198,33.26,6.03,45.32,True,100.0,1
21.862,-86.1008,16.68,2015,27.76,0.0,8.152,35.21,9.54,71.58,False,0.0,0
-2.5867,107.7218,7.69,2000,26.78,0.0,8.02,34.71,14.87,44.81,False,0.0,0
-1.4935,-82.2479,7.6,2009,29.32,1.61,8.15,33.73,10.5,65.46,False,23.95,0
-6.8369,-168.0525,23.56,2001,28.08,0.0,7.987,34.75,8.0,34.55,False,0.0,0
28.0024,6.1253,28.92,2017,29.52,0.0,7.951,35.88,4.41,25.46,False,0.0,0
11.83,-109.1929,10.38,1991,28.57,0.0,7.944,36.05,6.28,33.27,False,11.66,0
-25.0066,92.8247,20.95,1990,29.71,2.12,8.106,36.69,1.77,61.97,False,16.83,1
21.7776,50.8319,8.48,1998,29.38,0.0,7.972,35.79,4.15,36.61,False,0.0,0
-1.1664,152.497,27.91,2011,26.41,0.0,8.061,36.99,5.43,31.11,False,0.0,0
-25.8748,101.8758,20.51,2016,28.92,0.0,7.889,34.14,12.69,54.72,False,0.28,0
2.983,-114.9207,24.28,1998,28.35,0.0,7.966,33.62,1.84,67.46,False,0.0,0
-4.9701,108.057,2.43,1996,28.56,0.0,7.861,33.39,6.44,75.94,False,2.0,0
22.665,51.0253,18.36,1991,27.38,0.0,8.135,35.34,7.92,30.41,False,0.0,0
-17.7603,60.8226,16.3,1994,26.26,0.0,7.995,34.39,14.38,36.28,False,0.0,0
19.5879,119.6146,9.5,2006,29.34,0.0,8.07,33.81,5.94,31.77,False,17.37,0
3.4613,26.5767,8.61,1997,26.56,0.0,8.179,33.85,14.71,83.02,False,0.0,0
-26.7234,-12.2387,17.82,1992,26.45,0.0,7.938,34.39,7.72,46.82,False,0.0,0
28.3107,49.1908,21.49,1992,28.09,0.0,7.912,35.74,10.81,17.38,False,0.0,0
0.7569,-72.7353,1.96,1990,28.62,0.0,7.964,35.41,1.84,55.2,False,15.7,1
-12.5474,-114.265,17.45,2013,29.78,4.8,8.055,36.17,10.48,64.56,True,69.19,1
-1.8356,41.9716,5.94,2019,28.73,0.0,8.009,34.27,1.91,43.43,False,0.0,0
21.4715,-95.8146,5.07,2015,29.63,5.01,7.932,35.86,8.24,26.26,True,100.0,1
-11.7058,-151.2306,19.07,1992,25.17,0.0,8.07,36.48,5.36,76.9,False,0.0,0
-18.4394,-179.8005,10.02,2002,28.49,0.0,8.062,36.35,5.17,41.0,False,0.0,0
-22.2557,38.995,13.79,2001,25.7,0.0,8.106,35.64,1.71,41.96,False,0.0,0
-12.1284,-49.6264,11.44,2009,28.86,0.02,7.901,36.4,10.51,73.56,False,25.69,1
16.8029,90.8319,19.8,1997,29.18,0.32,8.071,33.35,8.53,46.52,False,6.43,0
-1.7024,-44.9365,14.63,1991,25.54,0.0,8.091,34.91,6.2,61.13,False,0.0,0
-16.3511,-5.0388,28.94,2000,29.18,0.0,7.889,34.12,14.66,63.65,False,0.0,0
-20.0289,-33.4494,11.22,2010,30.19,2.75,8.059,34.96,0.94,66.46,True,80.58,1
-10.0362,54.2069,22.47,1995,29.24,2.14,7.881,33.51,9.88,36.54,False,10.74,0
26.3955,-51.7899,8.46,2008,26.31,0.0,8.043,33.44,7.38,65.26,False,0.0,1
-9.4184,166.9564,15.75,2019,27.19,0.0,8.041,33.44,12.89,52.51,False,0.0,0
29.2874,157.0129,17.02,2009,27.39,0.0,7.963,33.37,11.78,34.04,False,0.0,1
-0.8862,125.29,10.54,1999,27.11,0.0,8.227,34.95,2.77,66.11,False,0.0,0
-19.2502,151.3081,14.68,2013,29.63,2.43,8.072,33.48,5.88,74.04,False,25.76,1
23.4684,-18.3097,9.1,2022,28.93,0.0,8.046,36.36,10.74,45.87,False,0.0,0
-2.3787,13.1149,1.17,2018,29.23,0.68,7.903,34.15,6.49,69.91,False,0.16,0
12.5803,87.1533,7.25,2019,28.37,0.2,7.931,36.83,10.44,34.82,False,4.44,0
29.0227,70.6125,21.3,1995,25.93,0.0,8.067,35.27,13.06,79.34,False,0.0,0
-26.9895,140.6443,23.36,2003,28.88,0.0,7.988,35.53,10.99,64.5,False,0.0,0
-24.1983,77.8792,9.13,1992,28.35,0.0,8.058,35.49,8.34,52.1,False,0.31,0
13.2274,179.2385,12.83,2013,27.49,0.0,7.919,34.33,12.0,46.58,False,0.0,0
-13.0905,-54.5379,2.08,2008,29.95,1.64,7.932,36.48,13.22,51.61,False,58.77,1
-18.9419,119.8792,7.87,2023,28.37,0.0,8.036,36.97,6.35,72.03,False,0.0,0
-27.6383,71.1485,23.6,1998,28.49,0.0,8.241,33.65,12.92,41.78,False,0.0,0
-28.6892,68.8991,18.57,2019,27.08,0.0,8.022,34.97,12.16,55.96,False,0.0,0
16.4691,-62.6992,6.97,2021,28.66,0.0,7.963,35.01,6.45,76.69,False,0.0,0
-21.934,102.8166,8.47,2002,28.99,0.0,8.082,36.13,1.34,44.48,False,0.0,0
-1.9368,144.1354,24.69,2007,30.39,4.57,7.888,34.72,13.56,52.14,True,81.28,1
6.3538,-101.3226,7.06,2011,27.04,0.0,8.039,35.71,3.87,33.9,False,0.0,0
-4.2989,45.1789,10.69,1993,28.96,1.17,8.161,34.43,13.21,69.57,False,12.79,1
-28.3736,-38.8315,20.27,2012,27.17,0.0,8.086,33.25,10.72,33.57,False,0.0,0
17.0101,176.2373,17.27,1996,29.25,0.0,8.102,34.84,14.85,33.41,False,30.02,0
-29.3692,-7.6202,14.37,2000,28.7,0.0,7.917,36.02,3.51,42.66,False,0.0,0
15.7134,-97.8047,27.09,2023,27.63,0.0,8.098,35.59,4.69,54.65,False,0.0,0
23.5983,-42.5313,7.37,1994,29.6,1.65,8.018,35.11,1.84,50.6,False,14.32,0
-4.0296,55.3818,22.5,2014,28.64,0.0,8.072,36.65,14.84,34.83,False,0.0,0
2.1325,-152.6078,5.61,2017,28.39,0.0,8.042,34.93,9.48,72.3,False,5.54,0
-1.381,37.2967,18.86,2003,28.18,0.0,7.981,34.45,4.4,67.76,False,0.0,1
-6.6475,155.2409,26.25,2016,31.38,8.53,7.91,34.58,7.52,58.63,True,100.0,1
23.2455,126.1306,14.28,2005,29.49,4.63,7.873,35.89,14.58,18.37,True,44.85,1
23.636,-155.6375,22.0,2016,27.84,0.0,8.056,34.32,5.54,41.12,False,0.0,0
-9.851,177.6204,24.79,1991,27.4,0.0,7.938,35.56,12.22,38.01,False,0.0,0
6.9042,71.5417,4.94,2008,26.63,0.0,8.164,34.54,2.39,71.65,False,0.0,0
25.6145,-121.5789,21.47,2012,27.3,0.0,7.961,35.3,11.04,74.89,False,0.0,0
27.7235,-175.5302,27.68,2003,26.9,0.0,8.107,33.92,6.04,43.21,False,0.0,0
0.5375,-118.3383,17.71,2015,27.97,0.0,8.05,33.8,3.31,71.44,False,0.0,0
-2.8305,121.7433,6.4,1997,26.8,0.0,8.01,35.16,13.27,67.52,False,0.0,0
-13.2783,-172.2098,4.68,2016,26.8,0.0,8.027,34.07,8.47,35.87,False,0.0,0
27.5323,-96.067,8.53,2017,28.83,2.48,8.102,33.39,5.94,32.44,False,44.92,0
-21.4311,92.63,4.0,1993,26.62,0.0,7.926,34.06,6.36,71.55,False,0.0,0
4.7898,30.9998,15.89,2000,29.47,1.8,8.18,34.58,1.56,59.96,False,33.89,0
-13.047,101.7849,3.02,2013,26.02,0.0,8.055,34.28,7.65,55.83,False,0.0,0
-13.2595,88.6142,7.48,2017,29.26,2.46,8.115,35.43,11.02,41.84,False,51.61,1
-5.7019,-161.7835,13.76,2007,29.01,0.0,7.974,34.43,12.43,46.89,False,0.0,0
29.9276,141.3041,14.74,2010,27.46,0.0,8.085,33.77,12.56,34.81,False,0.0,0
-26.702,-98.2685,17.4,2015,30.38,3.27,8.051,36.64,12.73,31.31,False,50.96,1
4.7125,19.2213,21.46,1992,27.06,0.0,7.998,35.31,12.8,66.33,False,0.0,0
-25.0457,51.9437,2.37,2002,27.43,0.0,8.011,33.91,7.3,32.41,False,4.46,1
-20.7288,-119.2938,3.34,2017,29.79,3.57,7.962,34.33,6.78,21.59,False,52.0,1
-3.6262,171.4433,2.76,2003,30.39,4.66,7.944,35.28,2.11,64.97,True,100.0,1
0.6276,-4.2639,13.27,1990,28.81,0.0,7.981,33.52,4.73,53.73,False,0.0,0
-14.4725,-159.2486,2.21,2017,27.63,0.0,8.063,34.54,3.77,46.78,False,0.0,0
-11.0126,157.4143,22.64,2000,27.55,0.0,7.91,33.75,9.35,47.17,False,0.0,0
-24.782,31.0564,7.47,1993,29.6,1.34,7.996,34.46,5.2,73.63,False,19.62,0
-11.8068,71.7096,28.24,2023,27.04,0.0,8.133,34.74,8.23,49.43,False,0.0,0
27.9935,9.0633,15.11,1990,27.47,0.0,8.082,35.2,5.98,52.61,False,0.0,0
26.6824,120.5057,13.94,1999,28.72,0.62,7.764,33.09,13.41,72.16,False,0.0,0
-9.9073,-168.072,23.64,2006,28.64,0.0,8.009,35.77,6.66,36.1,False,0.0,0
4.2512,-83.3838,21.68,1996,28.98,0.18,8.168,36.65,12.65,61.06,False,0.0,0
24.5757,-10.9266,18.61,2002,30.15,8.11,8.022,34.21,1.1,72.42,True,100.0,1
-29.629,-152.4227,28.12,2011,29.88,1.17,7.783,33.42,0.98,48.75,False,13.85,1
18.641,74.1264,13.25,1990,28.57,0.0,8.017,36.61,11.09,35.68,False,0.0,0
26.9022,-38.2812,24.45,2017,26.94,0.0,8.033,34.71,10.79,75.6,False,0.0,0
-24.5205,-81.8395,12.02,2022,29.26,1.37,8.108,35.75,0.84,49.89,False,19.74,1
-20.3131,-178.7836,25.31,2002,25.75,0.0,7.968,35.46,7.57,55.24,False,0.0,0
27.6448,79.1389,8.52,1990,26.89,0.0,8.198,36.42,1.22,52.73,False,0.0,0
2.2524,120.1714,9.39,2014,28.76,0.0,8.026,34.95,2.92,35.8,False,15.03,1
-29.1482,-37.7854,20.66,2010,28.94,0.38,8.105,35.81,14.46,41.92,False,0.41,0
-14.5421,23.1185,7.17,2022,29.11,2.76,8.091,33.19,5.43,61.12,False,49.18,1
-3.0034,-98.0328,7.65,2023,28.11,0.0,8.027,33.04,7.31,56.86,False,6.01,0
11.5745,43.9912,9.85,1992,29.84,2.93,8.057,36.11,10.4,57.37,False,50.73,1
13.9896,-175.6305,20.69,2019,30.14,1.67,8.066,36.08,13.84,54.69,False,34.19,0
29.7253,-4.0882,26.79,1992,28.65,0.47,8.102,33.61,2.66,55.74,False,0.0,1
-12.7493,51.914,20.56,2007,28.22,0.0,7.924,35.47,3.79,42.89,False,0.0,0
2.2932,150.549,25.01,2012,27.8,0.0,8.012,34.34,8.61,64.25,False,0.0,0
1.9994,-42.7191,16.76,1997,26.68,0.0,7.927,33.79,10.08,62.64,False,0.0,0
-5.6613,95.4685,3.0,1998,29.37,1.12,7.877,36.75,6.81,30.13,False,26.73,0
-19.8503,35.1673,3.91,1991,29.5,2.29,7.975,36.74,9.97,40.02,False,45.49,1
28.6474,153.7244,17.08,1991,29.7,3.74,8.173,35.7,0.67,30.28,False,38.25,1
21.199,-36.584,10.51,2016,28.75,0.0,7.937,36.98,3.37,55.28,False,0.0,0
-0.1,-65.1257,7.4,1994,28.41,0.0,7.997,33.71,12.64,29.67,False,0.0,0
6.1947,139.3711,14.52,1990,28.87,0.0,8.044,36.31,11.46,62.39,False,22.82,0
-16.3643,-162.272,20.33,2011,30.54,4.29,7.971,35.24,9.72,69.74,True,100.0,1
2.6272,-130.9013,12.16,1999,29.8,1.47,8.182,33.73,8.46,60.41,False,21.58,0
11.6982,-150.3344,24.27,2013,29.59,3.05,8.172,35.5,3.4,49.06,False,18.09,0
0.91,123.5196,22.42,2004,26.29,0.0,8.154,36.97,4.44,54.84,False,0.0,0
29.4171,-176.1813,22.31,2022,29.39,2.34,8.096,33.89,14.48,35.97,False,28.99,1
6.6805,130.1966,29.57,2012,27.58,0.0,7.983,34.87,0.53,42.0,False,0.0,0
-7.7416,-17.5436,9.56,2003,29.29,0.0,8.074,33.39,6.9,68.68,False,12.32,0
16.3291,-178.5509,19.7,2007,29.52,1.41,8.098,34.05,0.65,55.74,False,1.2,0
-19.7722,-35.4077,25.81,2014,27.66,0.0,8.028,34.18,5.46,43.24,False,0.0,0
-6.9291,-112.7517,17.81,2011,26.36,0.0,8.156,35.29,5.21,72.73,False,0.0,1
-9.1825,44.7842,23.9,1996,28.34,0.0,7.889,33.27,2.18,71.36,False,0.0,0
-4.0916,64.5692,13.02,2015,30.64,5.55,8.098,36.54,1.51,64.06,True,100.0,1
16.9068,-4.4901,18.12,2013,29.3,0.09,8.097,36.84,12.86,53.49,False,16.59,1
-0.9496,-165.413,2.61,2002,29.36,1.15,8.011,35.72,5.2,33.17,False,33.63,0
17.6409,56.2064,29.59,1995,28.77,0.0,8.025,35.68,8.62,46.02,False,0.0,0
4.5893,123.134,24.2,2010,29.39,2.07,8.108,34.2,11.48,31.11,False,34.4,1
-9.4758,79.3167,26.2,1996,25.08,0.0,7.948,36.57,8.31,35.75,False,0.0,0
18.5987,118.7849,21.13,2007,27.34,0.0,8.025,36.28,6.84,61.9,False,0.0,0
-15.7026,-107.8166,6.4,2004,28.07,0.0,7.875,33.47,7.59,59.87,False,9.78,0
-16.537,139.9997,1.9,1997,26.28,0.0,8.059,35.87,12.61,46.05,False,0.0,0
0.2702,-64.0104,26.08,2005,29.19,0.0,8.036,33.5,8.2,68.31,False,3.99,0
-14.349,-175.1743,12.49,1992,28.56,0.0,7.958,33.95,3.17,27.23,False,0.0,0
-29.4548,123.621,8.65,1998,30.59,7.09,8.116,36.28,3.19,32.84,True,100.0,1
8.8979,159.0557,17.29,2015,29.02,0.0,7.99,34.91,7.77,42.94,False,26.15,0
0.6656,56.001,13.21,2015,28.62,1.0,7.95,34.81,3.43,40.04,False,0.0,0
-3.2689,-96.6828,19.9,2019,27.96,0.0,8.129,34.02,11.97,70.15,False,0.0,0
28.0181,-89.372,15.03,2016,29.33,0.0,8.024,35.47,13.17,80.2,False,0.0,0
4.272,-12.0266,21.22,2005,28.92,0.19,8.074,33.57,2.84,32.42,False,0.0,0
21.8059,143.2192,25.75,1993,28.9,2.61,8.024,36.19,6.86,46.28,False,28.1,0
-21.633,-126.1448,6.67,2008,30.81,4.1,8.205,35.13,11.38,62.24,False,52.99,1
4.1524,117.3505,10.55,2023,28.81,0.0,7.889,36.38,1.71,61.25,False,0.0,0
22.0788,-75.131,13.67,1995,27.55,0.0,8.123,34.98,9.12,64.48,False,0.0,0
4.9863,111.091,28.9,2004,29.09,0.0,8.059,34.17,8.48,64.34,False,0.0,0
13.0809,151.2976,11.59,1999,27.13,0.0,8.076,33.05,11.77,40.03,False,3.7,0
-7.6774,-26.1022,12.05,1995,30.24,2.89,7.974,34.65,14.31,56.91,False,54.84,0
-24.453,-48.5818,19.95,1995,28.89,0.0,8.096,36.78,7.56,68.64,False,0.0,0
-2.526,108.7997,13.16,2004,29.65,0.0,8.024,36.35,4.59,61.63,False,0.0,0
-6.3312,10.6138,28.59,2018,27.35,0.0,7.895,36.99,1.19,32.58,False,0.0,0
22.0236,66.4017,26.94,2014,29.97,1.16,8.176,33.63,12.4,43.95,False,2.46,0
-15.3603,44.2185,15.89,2008,28.06,0.0,8.094,35.55,3.07,66.84,False,0.02,0
28.0041,-124.96,19.7,2003,26.41,0.0,7.859,33.53,12.88,38.26,False,0.0,0
27.4883,124.1245,2.68,1992,26.34,0.0,7.952,36.62,9.44,54.19,False,0.0,0
-15.1421,-109.521,21.18,2003,27.16,0.0,7.839,34.39,2.97,76.63,False,0.0,0
-9.1169,155.6216,21.51,2010,29.14,0.0,7.902,36.57,7.44,24.85,False,0.18,0
23.7333,-89.7943,11.42,2000,26.38,0.0,8.256,33.81,9.71,38.29,False,0.0,0
27.9973,84.1972,7.37,1999,29.06,0.0,8.116,33.64,9.32,52.63,False,32.77,1
-3.3937,-77.5241,27.54,2004,28.16,0.0,8.013,33.72,0.78,57.49,False,0.0,0
-10.7402,-65.5973,13.37,2019,29.28,1.5,8.063,36.12,9.03,39.37,False,18.48,0
1.5656,-68.3993,19.96,2006,29.64,1.47,8.15,36.45,13.7,53.53,False,5.86,0
11.2662,89.2412,1.97,2018,29.93,2.57,7.929,33.16,9.66,49.27,True,97.89,1
-13.5915,20.4534,13.01,2006,27.16,0.0,8.18,33.59,8.74,44.4,False,0.0,0
14.1884,137.8629,24.7,2022,28.75,0.0,8.146,33.01,11.47,49.21,False,11.52,0
-26.9006,-69.3458,12.24,2010,26.9,0.0,8.175,33.24,8.09,70.45,False,0.0,0
-27.0423,69.1173,18.49,2003,29.02,0.18,8.119,33.36,11.27,30.79,False,7.38,0
-6.8227,91.0615,7.09,1999,28.33,0.0,7.897,34.18,3.02,65.55,False,4.9,0
-8.7916,-125.4664,13.08,2012,27.27,0.0,7.823,33.85,13.84,34.7,False,0.0,0
-11.062,-35.7878,27.9,2003,29.07,0.0,7.915,35.65,6.81,51.5,False,0.0,0
-0.5388,-6.1857,17.43,2011,26.85,0.0,8.167,36.99,6.05,75.5,False,0.0,0
-10.756,-51.9525,27.16,2017,28.73,0.0,7.912,35.64,11.3,39.95,False,28.3,1
-18.4645,-64.0395,27.16,1998,29.59,1.84,8.047,33.0,9.01,20.65,False,0.0,0
-11.4318,67.1112,28.38,2012,28.47,1.33,8.192,33.52,4.01,47.86,False,0.0,0
28.4943,-102.2881,26.97,1996,29.16,0.53,8.17,33.44,4.43,39.12,False,0.0,0
-5.3332,75.3807,1.1,2013,30.68,0.48,7.948,34.67,9.74,47.33,False,39.45,1
-3.3172,156.6159,28.09,1998,26.69,0.0,7.983,34.11,6.17,48.64,False,0.0,0
4.5927,23.4711,4.99,1996,26.75,0.0,8.121,36.86,6.47,29.07,False,0.0,0
29.0004,40.1163,2.16,2012,27.41,0.0,8.012,33.68,10.29,67.31,False,16.33,1
-15.5039,-155.1842,2.61,2014,27.83,0.0,8.146,35.66,9.46,65.6,False,0.0,0
10.8769,131.2117,11.12,2011,28.74,3.51,8.004,33.65,2.95,60.88,False,13.37,1
12.9591,-77.2388,19.0,1996,27.66,0.0,8.038,35.17,13.28,64.57,False,1.82,0
6.4395,41.4184,12.67,1995,26.44,0.0,8.04,33.1,5.26,35.91,False,0.0,0
-24.6853,172.4804,1.74,2011,25.78,0.0,7.966,33.19,10.22,37.96,False,0.0,0
10.6123,34.3809,14.82,2022,28.99,0.0,7.984,33.13,13.89,78.11,False,0.0,0
-26.1543,80.8954,13.82,2010,27.98,0.0,8.025,33.63,6.88,72.42,False,0.0,0
5.7686,-19.6849,22.95,2000,26.31,0.0,8.112,33.02,7.63,68.22,False,0.0,0
14.3749,-158.2683,9.11,2002,27.0,0.0,8.119,34.97,10.29,63.94,False,0.0,0
-17.3418,107.1358,7.31,1992,27.67,0.0,8.067,34.55,5.27,51.6,False,0.0,0
20.4973,-167.4004,8.42,2002,28.8,0.12,8.204,33.25,5.62,35.06,False,10.06,1
-28.1788,72.2368,9.81,2023,27.67,0.0,8.081,33.31,9.08,51.39,False,0.0,0
20.6288,-171.7482,18.38,2017,30.14,1.72,8.14,36.1,5.05,42.3,False,44.21,1
-2.3803,130.4299,14.67,2023,28.05,0.0,8.149,33.1,5.04,34.07,False,0.0,0
-16.9447,-123.251,10.77,2021,30.48,3.7,7.845,36.68,12.12,58.84,True,91.92,1
-21.9733,5.1377,11.86,2012,29.01,2.39,8.072,34.48,0.99,26.79,False,22.07,0
27.1984,34.9743,11.76,2013,26.21,0.0,8.093,33.57,0.87,67.24,False,0.0,0
-25.6401,-15.2837,29.2,1990,27.88,0.0,7.968,36.44,4.77,37.18,False,0.0,0
-18.0544,-57.3251,7.76,2013,27.78,0.0,7.889,34.42,10.5,32.48,False,0.0,0
-9.1307,-11.5869,24.72,1992,26.22,0.0,8.214,35.28,4.93,33.93,False,0.0,0
7.2141,-67.8903,21.54,2006,29.64,3.01,8.105,34.97,9.62,59.85,False,47.22,1
2.6881,-22.276,1.16,1996,27.52,0.0,8.098,35.39,4.65,49.9,False,0.0,0
-22.4614,-50.7913,29.8,1999,29.27,0.0,7.957,33.71,0.94,59.15,False,0.0,0
-12.6163,23.8337,22.94,2008,28.41,0.0,7.884,34.58,11.05,47.2,False,0.0,0
-15.6749,-94.3473,20.79,2013,29.42,2.85,7.975,34.18,8.38,66.38,True,33.86,1
-17.1874,175.9164,12.75,1998,29.93,3.07,8.147,36.11,9.84,64.52,True,79.21,1
-5.3313,0.3132,17.1,2004,29.84,2.35,8.14,36.13,3.07,45.61,False,32.36,1
12.2419,-110.1017,8.34,2011,28.98,0.0,8.076,36.98,9.45,67.87,False,21.39,0
-16.9528,-8.256,2.03,2006,27.02,0.0,8.11,36.99,12.23,47.15,False,0.0,0
-7.9993,131.9094,25.24,2008,30.93,9.02,7.829,33.39,2.54,60.14,True,100.0,1
-6.545,-172.1496,27.0,1998,29.59,2.93,8.057,34.86,4.6,43.86,False,17.54,0
28.5874,64.6395,5.71,2008,28.1,0.0,7.92,35.99,11.98,55.5,False,1.62,0
27.28,17.2684,23.82,1997,28.47,0.0,8.068,35.68,9.83,38.83,False,0.0,0
18.0083,-118.9591,22.49,1995,26.02,0.0,7.93,34.94,3.23,72.14,False,0.0,1
-15.5005,114.2915,6.17,2010,28.71,0.0,8.132,33.4,4.44,31.74,False,9.42,0
-25.9178,-47.2015,13.23,2018,27.54,0.0,7.972,34.88,13.63,37.63,False,0.0,0
-10.9858,-74.2313,13.26,2023,28.25,0.0,8.111,36.83,5.98,50.57,False,0.0,0
-13.9923,118.1251,23.04,2001,28.62,0.0,8.167,34.75,1.85,55.03,False,0.0,0
0.3555,49.869,25.29,2021,30.49,4.24,7.961,33.11,10.12,41.67,True,78.54,1
16.6637,143.3733,3.75,1995,28.43,0.0,8.014,34.6,6.32,70.25,False,0.0,0
21.4994,46.7581,17.33,2006,27.75,0.0,7.938,34.87,11.11,64.05,False,0.0,0
20.6918,86.6944,23.09,2021,27.03,0.0,7.942,35.96,2.13,47.87,False,0.0,0
-8.4195,121.1205,23.8,1997,29.12,2.86,7.987,33.91,4.96,50.67,True,28.8,1
11.2341,-160.2937,5.29,2018,28.24,0.0,8.04,35.33,6.19,47.38,False,0.0,0
-11.2299,99.3776,16.24,2020,26.67,0.0,8.122,33.69,8.83,34.74,False,0.0,0
-26.3457,40.9343,25.87,2008,29.31,0.0,8.069,35.46,3.18,45.13,False,0.0,0
12.0939,-154.9772,10.24,1998,27.58,0.0,8.157,35.09,5.17,59.84,False,0.0,0
-29.4103,3.0881,13.33,2017,27.58,0.0,8.028,36.44,11.6,73.14,False,0.0,0
-5.449,-150.3151,24.33,2020,30.24,2.98,7.813,34.85,3.24,50.16,False,59.67,1
-10.2372,84.941,3.59,2008,26.46,0.0,8.047,34.14,6.01,66.73,False,0.0,0
11.6027,16.7406,25.93,2022,28.94,0.0,8.048,35.12,6.18,60.49,False,0.0,0
15.9747,163.2865,10.02,2015,27.45,0.0,7.8,35.24,3.51,49.41,False,0.0,0
-11.7543,-114.0713,1.04,1990,26.98,0.0,7.997,33.37,13.15,64.23,False,0.0,0
18.6976,38.172,7.79,2000,29.81,2.65,7.926,35.28,7.97,54.03,False,50.73,1
-12.365,-103.8304,3.6,1991,29.15,0.0,8.248,35.78,6.1,38.54,False,6.94,0
-3.2204,41.0634,3.68,2002,28.5,0.0,7.956,36.54,11.78,48.05,False,0.0,0
13.6211,80.1539,21.09,2023,30.55,4.68,7.918,33.85,1.03,26.47,True,69.31,1
11.5752,80.0296,7.21,2023,27.57,0.0,8.149,34.83,14.97,57.73,False,3.99,0
29.2421,113.4266,28.11,2021,27.14,0.0,8.081,33.23,14.43,63.76,False,0.0,0
-16.4903,127.2781,15.98,2001,26.18,0.0,8.133,33.66,1.77,55.68,False,0.0,0
9.7391,-152.1822,14.34,2022,29.0,0.0,8.153,36.7,13.38,53.81,False,8.33,0
6.5809,-56.4238,13.59,2007,28.36,0.0,8.182,36.75,5.0,31.33,False,0.0,0
24.9059,67.3641,21.09,1994,29.93,2.81,8.257,33.17,2.02,33.47,False,27.17,0
-20.6183,-0.5089,14.12,2008,28.17,0.0,8.102,35.14,8.77,44.02,False,0.0,0
15.1079,-111.3567,4.73,2020,27.7,0.0,7.884,33.55,13.09,47.68,False,1.02,0
4.0961,18.9754,26.52,2016,29.54,1.28,7.856,35.82,2.82,49.38,False,18.72,0
-13.52,-33.3232,13.42,2004,27.64,0.0,8.2,35.49,14.57,29.19,False,24.83,0
-1.5339,-39.5862,3.15,1993,29.53,2.14,7.98,35.07,4.72,39.11,True,51.78,1
-9.9734,111.5113,16.35,2008,26.92,0.0,7.896,35.08,8.76,44.03,False,0.0,0
4.7588,-33.2646,19.77,2010,26.88,0.0,8.111,35.46,10.15,46.99,False,0.0,0
23.34,-170.4764,8.99,1990,29.19,2.46,7.927,34.76,5.59,34.53,False,54.07,1
4.1583,-159.0972,24.21,2009,29.78,1.92,7.957,35.93,13.23,51.78,False,32.3,0
7.9033,128.2479,20.42,2011,27.92,0.0,8.078,35.85,14.89,55.54,False,0.0,0
1.1249,165.8163,19.86,2002,26.37,0.0,7.924,34.35,6.42,57.38,False,0.0,0
-26.9301,67.8274,13.2,1990,26.8,0.0,8.127,35.88,2.6,36.81,False,0.0,0
-16.0285,-48.8274,28.9,2004,28.01,0.0,8.115,34.37,13.33,61.73,False,0.0,0
-0.4799,157.8961,8.95,2004,28.71,0.0,7.962,35.35,8.13,60.28,False,0.0,0
-11.3859,58.6091,17.75,2003,28.32,0.0,7.916,33.85,11.23,45.35,False,0.0,0
-19.0942,123.9601,9.96,1994,27.34,0.0,8.019,34.26,5.69,60.61,False,0.0,0
0.248,95.7068,22.6,1995,29.48,0.91,8.138,33.87,2.14,44.38,False,5.85,0
-10.6314,-43.5098,2.39,2020,30.42,5.89,7.881,36.96,12.96,30.85,True,83.83,1
-14.5135,-7.6672,2.33,2015,28.3,0.0,8.055,35.45,7.5,70.23,False,0.0,1
-2.1609,-112.9924,24.51,2014,27.1,0.0,7.948,35.7,2.08,33.05,False,0.0,0
-22.0029,-74.8749,13.59,2004,27.23,0.0,7.813,35.55,3.22,54.25,False,0.0,0
25.6647,100.1252,10.89,1995,29.04,0.0,8.028,33.11,11.25,43.76,False,2.81,0
22.0621,141.8322,18.62,1990,27.95,0.0,8.031,35.87,13.2,47.54,False,0.0,0
12.4572,80.8058,21.36,1996,28.28,0.31,7.939,36.12,4.52,47.84,False,0.0,0
-23.6272,-12.5375,6.83,1993,27.22,0.0,8.183,34.36,4.57,46.38,False,0.0,0
16.5526,-148.8567,6.38,1990,26.46,0.0,8.088,35.35,1.97,32.62,False,0.0,0
18.4774,-159.4987,28.79,1991,27.87,0.0,8.082,33.11,6.57,40.05,False,0.0,0
16.0659,-45.2428,18.1,2023,29.17,1.21,7.969,33.85,13.43,26.85,False,8.83,0
-23.162,-13.0242,12.31,2002,28.48,0.0,8.009,33.77,2.88,42.76,False,0.0,0
8.6345,39.2834,24.24,2006,26.75,0.0,7.966,34.02,11.8,72.03,False,0.0,0
20.0595,-177.6638,16.23,1999,29.94,3.26,7.911,34.53,3.67,49.21,False,29.93,1
4.6412,176.3002,8.01,1992,28.03,0.0,8.035,33.87,3.44,54.69,False,0.0,0
8.7844,-48.982,7.0,1993,28.06,0.0,8.133,33.91,0.72,52.65,False,0.0,0
-2.4982,125.3141,12.51,2014,28.14,0.0,8.068,36.83,10.21,72.9,False,1.48,0
1.7224,12.588,25.94,2018,27.06,0.0,8.033,34.01,6.11,46.21,False,0.0,0
-27.9374,-133.0418,2.78,1990,26.53,0.0,8.068,35.27,14.62,73.51,False,0.0,0
8.3378,107.1236,7.34,2019,27.48,0.0,8.26,35.57,1.25,71.58,False,0.0,0
-25.1132,75.5377,26.9,1999,26.59,0.0,7.938,34.24,1.46,54.77,False,0.0,0
-3.8991,9.877,4.53,2018,28.67,0.0,7.839,33.27,4.62,63.99,False,15.5,0
-12.4407,5.2391,19.26,2021,28.83,0.0,8.094,34.89,8.3,54.76,False,0.0,0
2.7257,-148.5073,7.19,1990,29.65,1.4,7.842,36.96,11.35,67.04,False,35.86,1
-21.995,56.1056,18.57,2006,28.58,0.0,8.018,34.14,4.89,72.52,False,10.31,0
11.4986,148.0483,12.11,2001,28.68,0.0,7.91,33.02,5.34,59.26,False,0.0,0
17.7007,-146.4318,3.95,1991,29.12,2.8,8.14,36.19,10.93,31.86,True,83.54,1
-20.1987,-85.1359,17.89,1998,29.71,0.0,8.057,34.01,5.86,48.45,False,3.49,1
-23.7412,144.8309,20.81,2001,27.29,0.0,7.891,36.4,9.96,41.73,False,0.0,0
-21.2691,-77.6362,20.73,2014,28.58,0.0,7.937,34.02,5.06,65.02,False,0.0,0
22.6277,55.4197,19.47,2011,27.99,0.0,8.017,36.49,14.88,63.35,False,0.0,0
1.6914,12.5345,15.51,2022,29.34,0.0,8.097,36.66,13.79,58.42,False,11.13,0
-1.9643,34.6779,16.06,2010,27.87,0.0,7.873,35.32,9.01,41.83,False,14.14,1
-23.5973,-30.316,19.43,2011,28.84,0.0,8.122,36.34,14.43,39.86,False,4.68,0
8.9734,-72.0031,21.02,2017,27.71,0.0,7.87,36.47,8.65,66.72,False,0.0,0
22.08,-162.528,19.99,1993,29.08,1.38,8.054,34.4,12.84,66.56,False,20.09,1
19.6912,87.9411,18.02,2015,30.3,2.87,8.074,35.63,14.31,45.61,True,78.35,1
7.5633,88.5936,5.52,2012,28.44,0.0,8.078,35.42,14.65,36.08,False,0.0,0
-25.4833,61.4613,7.11,2012,26.38,0.0,7.94,34.71,14.59,64.31,False,0.0,0
-23.2562,51.7082,8.55,1997,28.93,0.07,8.019,36.03,13.16,42.69,False,17.06,1
-27.0415,-92.2618,27.67,2021,27.38,0.0,8.022,34.89,6.23,41.94,False,0.0,0
-14.5512,-171.9558,23.02,1990,28.72,0.0,8.08,34.07,14.89,70.28,False,0.0,0
-21.8603,111.1375,17.03,2019,29.78,3.81,7.954,34.11,11.8,51.4,False,70.98,1
-14.3971,-3.1901,8.31,2017,26.35,0.0,7.968,33.0,12.84,60.04,False,0.0,0
-6.8965,-69.5383,4.22,2006,27.21,0.0,7.961,33.3,12.09,51.1,False,0.0,0
26.579,-143.3045,27.06,2012,27.83,0.0,7.986,33.56,8.81,52.3,False,0.0,0
6.6226,-157.4202,26.89,2013,31.0,6.73,8.069,35.84,8.35,26.45,True,100.0,1
20.0984,-54.408,4.21,2011,30.66,4.3,7.937,33.47,6.5,25.98,False,93.87,0
12.6211,109.7053,24.12,1994,27.9,0.0,8.04,33.88,2.32,30.77,False,0.0,0
-23.2498,150.7405,13.95,2014,28.17,0.0,7.94,34.9,9.63,74.84,False,0.0,0
14.1552,142.8305,10.4,1996,26.87,0.0,8.161,34.34,5.16,80.59,False,0.0,0
-13.4941,151.2003,22.43,2011,26.99,0.0,8.293,36.13,3.28,65.79,False,0.0,0
8.3465,146.7811,18.82,2023,30.25,1.7,7.898,33.41,4.3,39.61,False,45.17,1
-9.5423,9.8009,23.62,2009,29.6,1.35,8.097,36.93,6.11,54.49,False,26.62,1
29.8603,-101.0104,3.16,2006,28.18,0.0,8.09,36.3,0.61,52.29,False,0.0,0
-14.1869,107.2968,10.24,1993,26.4,0.0,8.077,34.99,5.56,81.42,False,0.0,0
-13.2522,-103.0633,10.26,2007,28.33,0.0,8.09,33.51,9.74,56.58,False,0.0,0
25.8403,-83.8054,10.56,2017,27.18,0.0,7.959,33.39,3.41,60.32,False,0.0,0
-28.5213,-96.0284,15.57,2005,29.62,0.0,8.196,33.64,3.58,29.15,False,15.87,0
11.8013,5.3937,9.21,1997,29.42,3.98,8.011,33.72,2.78,68.6,False,30.66,0
13.5196,-64.1421,13.89,2007,26.58,0.0,8.07,36.02,3.96,34.35,False,0.0,0
20.1827,-124.5038,11.67,2018,27.54,0.0,8.097,36.89,0.88,66.43,False,0.0,1
28.4664,-16.8576,22.32,2005,30.97,4.05,7.972,36.02,14.69,41.21,True,82.13,1
28.5361,134.6066,18.5,2019,30.47,3.43,8.164,36.07,1.49,55.39,False,43.29,0
-26.0834,25.399,19.96,2023,27.87,0.0,8.131,36.79,11.06,75.46,False,0.0,1
19.3104,136.2008,7.11,2019,27.49,0.0,8.235,33.39,4.41,62.33,False,11.47,0
8.7786,-109.486,10.44,2010,27.45,0.0,8.156,33.4,7.71,82.82,False,0.0,0
8.8405,-119.8894,1.61,2011,27.92,0.0,7.998,36.58,5.31,49.23,False,0.0,0
-22.299,27.2078,4.14,2014,26.27,0.0,8.134,35.21,14.57,77.63,False,0.0,0
9.0112,-13.2016,8.69,2011,28.23,0.0,8.048,33.99,5.7,53.12,False,0.0,0
28.949,57.6622,2.9,2017,30.12,3.24,8.075,33.8,6.99,47.9,False,47.71,1
24.7091,106.0656,18.48,2022,29.35,0.0,7.917,35.43,14.84,48.61,False,2.48,0
-3.6522,90.4706,29.95,1991,27.09,0.0,8.072,35.55,1.94,33.78,False,0.0,1
-27.6031,159.214,3.92,1993,26.75,0.0,8.165,36.03,4.79,72.52,False,0.0,0
-8.2624,-36.6277,24.82,2005,28.74,1.46,8.062,35.58,6.09,49.12,False,4.05,0
19.5834,-105.7008,4.45,2001,27.58,0.0,7.973,35.88,7.02,75.99,False,30.67,0
12.0899,18.3286,20.43,2006,30.36,7.21,7.919,35.86,14.38,65.31,True,100.0,1
-2.4394,-140.1325,19.65,2005,27.76,0.0,8.093,33.21,6.04,44.05,False,0.0,0
-26.6939,-76.0136,27.18,2012,27.47,0.0,7.918,35.85,4.58,66.48,False,0.0,0
-4.3863,-105.1603,4.3,1997,28.12,0.0,8.022,33.64,5.06,40.14,False,1.65,0
-1.8585,-37.2371,10.15,1998,28.61,0.0,8.044,35.0,2.33,65.24,False,15.31,1
25.7133,-139.962,3.63,2003,26.52,0.0,8.081,34.01,2.54,44.7,False,0.0,0
8.4652,-168.537,12.81,1998,30.59,2.61,7.995,35.72,4.01,61.44,True,88.26,1
-11.3008,56.4458,27.44,2015,29.88,4.23,7.999,34.21,2.99,56.43,True,66.5,1
1.5191,39.6896,23.66,1992,30.44,7.12,8.027,36.65,5.4,26.93,True,100.0,1
-26.0367,75.0092,21.96,1999,30.42,2.94,8.011,33.19,2.53,69.3,False,14.45,0
28.3541,57.7391,16.46,2014,27.23,0.0,8.022,34.89,8.7,45.29,False,0.0,0
-8.3964,-138.8539,26.62,1993,27.71,0.0,7.903,34.71,14.28,57.06,False,0.0,0
-1.328,-75.2116,14.03,2019,27.94,0.0,7.97,33.77,7.72,39.65,False,0.0,0
-8.683,-133.3704,5.34,2000,28.7,3.0,7.957,33.28,6.97,46.04,False,36.61,0
10.9507,123.4701,25.29,2008,26.92,0.0,8.054,33.9,3.19,48.34,False,0.0,0
9.7339,88.8853,9.11,2002,29.54,1.19,8.064,33.52,3.72,33.17,False,17.76,0
12.9193,-107.4503,2.56,1992,29.76,2.21,7.956,33.74,9.52,60.5,True,72.75,1
-13.9114,-57.1287,4.66,2003,29.34,0.4,8.077,36.44,2.21,54.55,False,18.23,0
-11.0599,167.9814,18.66,1999,26.99,0.0,8.027,35.9,3.07,64.63,False,0.0,1
-22.4849,33.8974,18.61,2016,30.57,4.94,8.12,33.57,8.99,29.91,False,70.85,1
9.3306,108.416,8.55,2013,29.53,4.4,8.087,36.61,11.16,21.11,True,100.0,1
-27.6122,-84.7472,22.09,2005,28.97,1.41,8.061,36.55,14.16,66.37,False,0.0,0
5.8609,-104.3809,23.44,1999,26.82,0.0,8.084,34.01,3.06,59.8,False,0.0,0
22.1818,102.2101,27.69,2016,27.53,0.0,8.05,33.19,10.91,76.86,False,0.0,0
23.4499,66.9141,17.96,1996,27.72,0.0,8.175,35.77,4.03,35.26,False,0.0,0
-3.0577,65.1521,23.6,2017,27.04,0.0,7.921,35.33,2.82,31.78,False,0.0,0
-2.4418,18.9484,22.84,2015,29.01,2.88,8.043,34.5,12.4,65.02,True,56.24,1
-25.3818,22.8882,8.48,2007,28.45,0.0,8.147,33.19,4.82,66.19,False,6.4,1
10.2459,84.8511,10.0,2002,29.96,2.82,8.078,33.52,5.31,73.4,False,56.64,1
19.2756,-82.7991,14.88,1997,29.65,4.43,8.117,35.4,6.24,21.64,True,80.54,1
-15.3207,-53.0034,1.55,2016,27.89,0.0,7.984,35.69,1.17,52.07,False,0.0,0
-4.7219,133.7892,9.62,2003,26.75,0.0,7.935,33.83,13.22,46.36,False,0.0,0
20.3304,-68.8085,14.74,1995,28.55,0.0,8.125,34.79,14.58,74.17,False,0.0,0
22.6272,16.6714,4.13,2009,28.51,0.0,7.97,36.5,3.48,45.76,False,0.0,0
-15.4092,72.9502,4.66,2017,27.41,0.0,7.987,33.96,1.6,30.6,False,6.21,0
3.0342,179.9729,14.43,2012,28.61,0.0,7.865,36.5,7.61,46.05,False,0.0,0
-18.4504,-23.2951,22.2,2001,30.95,4.89,8.023,34.15,10.05,40.84,False,74.0,1
-23.8873,-25.8866,25.18,2013,25.94,0.0,8.037,36.43,7.65,59.71,False,0.0,0
24.6672,123.3318,16.84,2011,27.26,0.0,8.031,35.31,9.96,62.74,False,0.0,0
19.2305,109.9811,14.77,2015,28.46,0.0,8.116,36.01,14.29,63.23,False,0.0,0
15.6021,83.1873,12.14,2011,29.58,3.28,7.902,34.36,5.31,67.33,True,49.35,1
-27.074,-13.2373,6.6,1996,26.05,0.0,7.85,33.56,13.38,66.88,False,0.0,0
20.6237,-63.3819,5.25,2004,28.94,3.17,7.968,33.59,8.4,73.56,False,29.84,1
-3.7174,39.143,23.96,2019,27.76,0.0,7.85,33.66,10.84,80.43,False,0.0,0
-9.4563,135.4404,14.49,1993,28.89,0.0,8.224,33.8,12.57,74.17,False,15.73,0
2.7886,138.1599,23.92,1995,29.1,0.0,7.831,36.53,4.36,55.84,False,0.0,0
-24.5188,-140.9406,21.42,1991,27.59,0.0,8.06,34.96,5.65,39.78,False,0.0,0
15.3988,-25.7939,6.62,2020,30.08,2.91,8.002,33.88,1.08,21.72,False,52.08,1
4.9461,-12.7001,15.8,2013,30.05,5.23,7.918,35.51,11.8,42.41,True,97.24,1
-18.8046,171.9415,13.88,2020,28.05,0.0,8.202,33.33,1.53,66.31,False,29.14,0
-18.7061,64.0793,13.29,2014,27.23,0.0,8.132,33.74,6.59,69.98,False,0.0,0
-18.9451,-33.3913,16.73,1997,28.2,0.08,7.857,35.21,12.37,31.78,False,0.0,0
-26.5799,-170.6192,29.48,2001,26.7,0.0,7.965,34.94,2.0,30.49,False,0.0,0
5.2679,23.5387,24.57,1991,29.76,3.34,7.985,33.89,14.9,31.03,True,55.68,0
20.4209,-145.4126,27.21,2004,29.31,0.0,8.123,33.19,8.68,70.68,False,9.7,0
-28.9501,120.402,1.86,2021,30.37,4.76,7.973,35.41,2.31,51.5,True,100.0,1
-27.0597,90.9067,5.07,2000,26.97,0.0,8.18,36.54,0.71,68.99,False,0.0,0
4.3662,-14.2167,3.46,2006,26.58,0.0,8.162,36.08,5.38,62.51,False,0.0,0
19.1697,-25.4841,8.63,2010,29.91,0.34,8.145,33.81,3.7,52.6,False,30.15,1
-10.3957,143.042,13.81,2011,25.91,0.0,8.166,35.79,7.22,51.91,False,0.0,0
-9.0231,-76.155,19.62,2022,27.81,0.0,7.989,33.93,7.26,73.8,False,0.0,0
5.7808,-90.3528,15.52,2018,30.79,6.23,8.034,36.06,2.76,29.51,True,91.93,1
-13.5472,158.1111,27.19,2004,26.66,0.0,7.957,36.02,10.05,73.32,False,0.0,0
-28.4035,111.3285,28.26,2010,28.06,0.0,7.93,33.88,6.48,81.75,False,0.0,0
14.1137,115.4252,5.74,1991,29.13,0.55,7.958,33.08,9.68,42.29,False,0.0,0
7.539,-109.7302,25.73,1992,26.37,0.0,8.018,35.09,13.02,34.29,False,0.0,1
4.8454,-128.4134,14.97,2014,28.29,0.9,8.044,35.52,2.96,74.45,False,4.17,0
14.501,-170.6294,14.15,2002,29.66,1.29,8.033,34.09,6.78,33.68,False,26.78,0
10.5139,-94.6651,23.76,2013,29.87,2.03,8.124,34.67,12.7,64.85,True,72.78,1
-17.6471,98.7086,3.7,2020,28.99,0.31,7.808,34.84,10.97,41.76,False,11.32,0
-8.8511,-93.5862,26.59,2004,30.39,4.05,7.98,35.91,4.93,50.99,True,95.04,1
-22.4334,82.4772,20.46,1995,26.8,0.0,7.955,33.78,11.47,50.37,False,0.0,0
-22.2086,-89.313,26.38,1999,26.86,0.0,8.127,33.37,6.04,54.09,False,0.0,0
10.5717,-37.6947,29.84,1998,29.31,1.55,8.164,34.08,14.58,44.48,False,0.0,0
21.516,173.9384,16.02,1994,27.89,0.0,8.089,34.99,4.19,41.65,False,0.0,0
27.764,-91.8678,3.7,2008,29.38,0.0,7.957,33.56,3.08,47.56,False,8.04,0
7.7008,-44.5066,5.83,2009,29.54,0.74,8.153,33.92,13.24,70.41,False,23.55,0
-18.9539,-71.6086,10.38,2022,30.71,3.31,7.981,34.98,7.7,31.1,False,59.98,1
-23.661,-140.535,4.0,2020,28.19,0.0,7.944,35.89,11.29,30.88,False,0.0,0
18.7711,-3.6381,24.64,2002,30.36,6.21,8.059,33.11,14.28,34.85,True,98.03,1
4.7254,-43.6714,9.61,1995,29.17,0.0,8.093,35.28,3.36,68.66,False,0.19,0
7.0971,70.1594,29.3,1997,26.32,0.0,8.135,34.54,1.95,64.38,False,0.0,0
16.8877,114.334,21.38,1999,27.82,0.0,8.043,35.25,3.64,71.3,False,0.0,0
12.1966,15.9299,6.03,1993,29.06,2.23,8.162,35.56,2.16,33.25,False,35.99,0
20.0675,-168.4093,14.81,2003,28.3,0.0,8.116,33.15,14.45,41.0,False,1.3,0
-26.6272,42.812,14.54,1993,29.57,0.0,8.101,35.15,10.84,39.65,False,16.76,1
14.8512,-160.0593,15.28,2013,29.7,5.91,7.974,36.78,10.01,48.26,False,91.08,1
21.0512,41.8883,16.54,2010,28.17,0.0,8.111,34.69,14.3,42.32,False,5.81,0
-12.8319,66.6108,1.9,1999,29.7,0.0,8.216,36.65,14.69,47.57,False,18.7,0
8.4268,-108.8037,20.9,2014,28.46,0.0,7.989,36.89,13.74,22.58,False,0.0,0
-11.1503,114.9646,15.13,1995,27.13,0.0,8.186,35.48,10.07,27.49,False,0.0,1
27.4783,147.9906,23.94,2005,28.93,0.0,8.031,35.07,7.7,66.12,False,10.35,1
-27.9946,112.7113,24.65,2017,27.28,0.0,8.108,36.09,1.14,31.86,False,0.0,0
4.7876,-70.1607,7.69,2022,28.74,0.0,7.85,36.16,13.22,49.28,False,0.0,1
-20.0098,31.1915,2.4,2019,30.11,2.65,7.943,35.49,1.95,17.45,False,70.98,1
12.7332,149.3335,21.39,2014,29.81,0.52,8.082,33.0,1.75,67.02,False,16.56,0
-19.4466,-64.5607,29.36,2002,29.25,0.14,8.021,35.61,10.01,45.56,False,0.77,0
-15.877,115.21,13.95,2004,29.52,0.0,7.92,36.52,12.55,43.91,False,18.44,0
-0.3378,-176.589,8.53,2019,28.93,2.47,7.955,33.27,10.44,58.17,False,27.85,0
24.8901,-178.6872,5.54,2003,28.89,0.0,8.19,34.2,5.79,46.42,False,0.0,1
-17.2971,93.4962,9.34,1993,30.06,1.23,8.166,36.43,12.53,41.15,False,30.45,0
-21.3456,94.1211,10.51,1990,27.67,0.0,7.917,35.5,0.58,43.92,False,0.0,0
15.5386,104.0318,13.29,1992,27.78,0.0,8.11,33.46,2.89,66.67,False,6.45,0
0.0372,154.8097,20.01,1993,29.25,1.78,8.112,35.39,7.76,77.5,False,26.45,0
24.7071,-137.5537,8.92,2003,26.4,0.0,7.977,35.47,13.23,63.07,False,0.0,1
-21.2031,-96.4854,2.48,2014,30.08,2.68,7.917,33.44,2.0,79.06,False,24.42,1
8.7557,145.341,11.83,1992,27.57,0.0,8.081,33.69,7.78,59.06,False,0.0,0
-16.0273,-116.195,25.81,1996,27.67,0.0,7.89,35.33,3.48,76.97,False,0.0,0
-20.5944,65.6025,15.45,1997,29.05,0.72,7.982,34.65,3.63,34.31,False,0.0,0
11.0058,10.9667,28.98,1996,26.84,0.0,7.957,33.92,12.7,35.67,False,0.0,0
5.6211,-150.0503,15.61,2014,30.31,3.8,8.103,35.51,2.93,60.1,False,45.85,1
15.2896,-77.3051,9.0,2006,28.68,0.74,8.019,33.44,1.49,52.03,False,26.97,1
-11.4322,7.334,6.61,2015,28.5,0.0,8.074,33.45,1.74,51.01,False,3.56,0
-3.1217,126.846,21.14,1993,29.27,0.0,8.119,33.04,5.58,48.73,False,0.0,0
-5.6717,74.7139,16.56,2007,28.58,2.15,8.241,35.62,8.35,53.86,False,42.91,1
29.0454,43.8779,18.52,1993,30.0,2.54,8.005,36.73,0.67,73.13,False,40.87,1
-12.4651,-1.4282,22.9,2006,30.0,3.51,8.196,33.08,14.91,41.98,False,52.09,1
-12.311,-72.4738,22.05,2006,25.73,0.0,8.04,34.61,14.11,43.35,False,0.0,1
-8.7271,-137.0718,2.26,2014,30.28,4.68,8.069,33.7,7.25,34.9,False,79.56,1
3.8756,-32.7326,24.27,1992,29.92,2.63,8.139,35.58,2.62,55.29,False,0.0,0
-14.8606,-169.7333,16.45,2001,29.64,1.98,8.09,34.79,2.84,31.74,False,13.5,0
24.9174,-104.0199,12.36,2016,28.12,0.27,7.893,35.36,6.15,71.6,False,3.57,0
-14.0589,-24.306,16.59,2006,29.55,2.99,8.089,36.36,13.73,72.08,False,16.45,0
23.7489,-29.3021,18.76,2011,29.92,2.04,8.004,35.28,6.48,28.35,False,28.7,1
-23.7915,-164.0536,5.34,2005,27.34,0.0,8.053,35.14,6.12,64.28,False,0.0,0
9.3938,32.0617,13.11,2018,26.41,0.0,8.036,33.57,13.81,67.78,False,0.0,0
24.4191,17.8863,10.73,2003,28.26,0.0,7.965,34.85,14.91,44.12,False,0.0,1
-19.875,-151.8825,11.16,1996,30.16,4.54,8.012,35.51,6.07,30.31,True,72.17,1
28.0996,159.5387,3.65,2017,29.11,0.0,7.816,35.83,14.46,39.34,False,19.41,1
-2.827,-144.2222,5.64,2002,29.86,1.88,7.84,33.33,2.38,54.44,False,36.07,1
26.7429,127.7403,5.69,2005,28.56,0.0,8.02,35.74,3.4,44.63,False,27.5,0
10.6092,-179.8885,11.82,2010,26.53,0.0,8.004,33.78,6.8,65.79,False,0.0,0
-11.9048,137.6212,26.94,1993,29.72,2.25,8.102,35.64,6.05,32.13,False,7.97,0
-18.7018,-172.9009,6.97,2004,28.6,0.0,7.979,34.12,3.83,32.64,False,26.19,0
-11.7759,92.8123,13.07,2015,29.97,3.33,8.057,35.36,7.4,35.64,False,85.76,1
-24.419,-49.7913,10.04,1996,26.54,0.0,7.912,33.62,11.14,42.78,False,0.0,0
-21.3679,85.758,23.83,2007,27.7,0.0,8.035,36.84,2.77,42.23,False,0.0,0
-23.7204,-35.3717,2.45,2014,28.57,0.0,8.006,35.8,5.78,58.15,False,0.0,0
-4.6234,-154.4731,6.7,2010,29.22,0.86,8.102,34.02,0.94,56.04,False,15.98,1
17.7347,96.3024,7.11,1997,26.63,0.0,7.988,36.33,14.35,29.91,False,0.0,0
-21.517,-154.349,29.8,2009,29.49,1.98,8.108,36.83,11.53,66.7,False,40.76,0
-22.1808,151.9634,17.55,2007,28.51,0.0,8.019,35.17,5.22,44.16,False,0.0,1
8.6057,-161.6493,5.03,2008,29.13,0.0,7.942,34.4,3.02,45.94,False,4.28,1
-18.169,-7.4429,8.89,1992,29.41,3.95,8.043,33.76,8.19,52.17,False,42.92,1
-24.1434,80.2924,5.87,2007,26.43,0.0,8.099,35.47,3.75,61.14,False,0.0,0
-19.9891,-38.4313,4.61,2016,30.9,4.29,8.174,34.0,8.37,29.21,False,69.95,1
25.4239,-101.7959,24.12,2004,29.92,2.34,7.987,36.55,6.4,73.08,False,33.76,0
19.2883,93.2727,15.38,2010,27.82,0.0,8.116,34.09,8.55,31.85,False,0.0,0
-8.7561,102.3461,19.31,2011,28.65,0.0,7.911,33.42,8.29,39.83,False,0.0,0
9.3492,152.1702,10.61,1997,26.25,0.0,8.178,36.96,0.58,41.23,False,0.0,0
2.2365,-44.5806,17.06,2000,28.23,0.0,8.178,34.55,10.66,66.49,False,0.0,0
10.6275,2.2506,8.47,2001,28.1,0.0,8.0,35.62,9.02,63.57,False,0.0,0
10.9603,-49.2738,9.93,2016,30.73,3.59,7.911,34.06,9.27,31.11,False,70.32,1
7.724,-87.4505,19.91,1991,28.36,0.0,7.969,34.0,4.45,65.27,False,0.0,0
-14.0339,90.3719,5.36,2020,30.12,4.24,7.836,34.72,14.33,62.48,True,85.94,1
-27.6596,-57.7253,18.9,1997,29.51,1.62,8.103,36.39,5.92,44.08,False,24.0,1
-2.666,-25.8662,25.71,2009,29.77,0.72,7.931,35.25,4.04,49.13,False,13.54,0
23.4584,-34.6775,4.49,1997,26.51,0.0,7.876,35.1,0.96,57.34,False,0.0,0
4.1698,76.558,27.03,1993,26.38,0.0,7.946,34.54,9.13,37.61,False,0.0,0
19.9435,150.4064,3.3,2020,26.63,0.0,8.026,33.99,12.6,61.59,False,0.0,0
29.4975,60.0322,11.12,2021,27.57,0.0,7.949,36.04,3.28,67.06,False,0.0,0
-20.183,-10.2303,18.7,2002,27.45,0.0,8.093,33.06,10.38,58.46,False,2.33,1
11.5067,100.5138,17.22,2011,30.29,2.82,7.92,36.75,0.56,71.54,False,33.97,0
10.4576,50.7497,3.8,2015,26.61,0.0,7.94,36.08,9.13,55.85,False,0.0,0
28.7973,-158.1803,24.17,2006,29.51,0.0,7.913,34.28,1.52,33.87,False,18.37,0
29.136,-145.5611,29.22,2018,28.1,0.0,7.993,36.35,13.5,72.87,False,0.0,0
11.2007,-166.3499,6.26,2016,29.6,4.77,7.833,34.36,4.64,71.64,True,100.0,1
-15.3831,-15.5461,26.96,2011,28.97,1.05,7.836,34.27,7.61,51.22,False,0.0,0
17.9134,117.3072,17.15,2007,27.41,0.0,7.87,34.23,6.17,38.0,False,0.0,0
-23.5783,-67.2901,28.14,1994,27.69,0.0,8.141,34.61,8.89,44.43,False,0.0,0
16.842,-41.7023,6.11,2001,28.46,0.0,7.797,36.31,5.05,49.1,False,33.61,0
24.6118,147.4118,23.97,1991,27.66,0.0,7.911,34.04,13.92,32.38,False,0.0,0
-7.03,121.2852,2.73,1996,29.03,0.92,7.821,35.48,5.22,54.15,False,22.45,1
7.8381,59.4173,26.61,2015,31.33,6.61,8.011,33.66,8.09,53.7,False,100.0,1
-4.1914,-83.9506,20.55,2004,26.69,0.0,8.091,36.96,6.32,65.79,False,0.0,0
-3.7341,-137.8651,11.74,2022,30.83,6.53,7.893,33.89,3.84,63.58,True,100.0,1
-11.3777,-174.2188,6.52,1992,27.12,0.0,7.967,36.33,14.86,44.79,False,0.0,0
15.7278,-141.4762,24.68,1991,27.14,0.0,7.983,33.94,10.28,70.58,False,0.0,0
26.1706,-74.6653,18.49,2006,26.59,0.0,7.911,34.79,7.93,44.49,False,0.0,0
26.4451,18.6444,11.45,1990,26.54,0.0,8.134,34.04,9.9,48.65,False,0.0,0
-19.5131,-156.96,13.87,2006,28.42,0.0,8.193,35.95,7.89,57.87,False,0.0,0
22.4846,-130.958,24.97,1991,29.99,2.31,8.113,35.65,11.46,57.09,False,42.93,0
14.2459,-114.8109,10.83,2022,28.06,0.0,7.945,33.47,3.62,31.22,False,0.0,0
-14.8298,47.5136,3.6,2018,28.7,0.0,7.906,36.21,14.82,31.21,False,26.41,0
-25.9629,41.6843,27.43,1995,27.27,0.0,8.151,36.6,4.79,48.32,False,0.0,0
-13.9202,18.2757,12.23,2013,26.97,0.0,8.0,33.26,6.3,42.59,False,0.0,0
24.7325,-89.8195,11.1,2000,29.11,1.59,8.042,33.39,14.55,28.47,False,10.22,0
7.9907,-46.3969,6.93,1994,27.09,0.0,8.095,33.24,4.21,72.1,False,0.0,0
13.2633,-145.1917,27.03,2019,27.18,0.0,7.914,34.04,2.95,61.24,False,0.0,0
-14.5709,-98.4742,7.31,1999,29.38,1.43,7.893,36.75,9.57,38.91,False,46.23,0
13.1633,143.1739,19.46,2016,27.37,0.0,7.95,33.76,14.49,31.14,False,0.0,0
-28.3127,172.689,26.54,2016,26.6,0.0,8.041,36.85,14.89,54.34,False,0.0,0
-7.4807,53.1575,2.01,2013,29.44,1.71,8.002,34.21,3.96,63.51,False,69.26,1
7.6052,150.0564,25.03,1992,28.74,0.0,8.182,36.1,4.89,48.11,False,0.0,0
-21.2342,51.3871,12.91,2015,30.25,3.01,7.976,35.37,11.92,52.84,False,82.64,1
19.3802,-168.0493,20.08,2007,28.96,0.0,8.248,33.89,2.74,46.6,False,0.0,0
-15.8981,178.8345,11.8,1992,28.88,0.06,7.85,36.45,5.22,83.75,False,0.0,0
9.1369,-144.3772,21.17,2014,26.46,0.0,7.832,33.18,8.52,69.89,False,0.0,0
-5.6882,65.751,8.37,2002,29.55,0.08,8.193,33.04,4.01,78.0,False,15.78,0
5.7626,-88.979,1.64,2014,27.22,0.0,7.917,34.74,0.87,24.67,False,0.0,0
-23.553,-38.8868,28.49,2013,30.23,5.27,7.954,34.68,0.78,36.93,True,100.0,1
-28.9852,52.5363,1.47,2005,26.49,0.0,7.837,35.63,14.59,32.52,False,0.0,0
24.5739,-22.8646,24.9,2000,29.23,0.17,7.952,33.13,7.54,73.21,False,0.68,0
-13.8222,-89.8034,5.9,2010,29.78,1.88,8.078,35.73,14.59,34.56,False,37.04,1
19.1806,-59.5994,12.37,2020,29.03,2.2,7.964,35.18,6.0,66.17,True,59.52,1
29.961,-57.0427,24.85,2004,27.27,0.0,8.159,34.31,12.38,33.06,False,0.0,0
-17.3141,165.3566,6.97,1990,28.25,0.0,8.049,34.91,2.53,63.34,False,1.92,0
-14.0898,107.5007,26.11,2017,28.19,0.0,8.046,33.26,1.3,46.99,False,0.0,0
9.7716,-14.9224,15.44,2022,29.43,0.0,7.985,34.78,5.59,29.6,False,0.0,0
27.9269,-108.0645,11.62,1992,27.48,0.0,8.042,35.19,1.08,29.32,False,0.0,0
24.9489,111.9658,20.21,2004,27.84,0.0,7.912,35.58,7.55,72.89,False,0.0,0
0.1725,-123.4143,10.9,2022,26.72,0.0,8.104,33.04,9.76,75.31,False,0.0,0
17.7066,-104.2336,11.07,2021,26.74,0.0,8.109,36.07,2.2,60.43,False,0.0,0
-21.8552,-48.2352,22.27,2012,27.89,0.0,7.908,34.2,6.63,69.61,False,0.0,0
28.6463,136.9254,9.99,2015,28.8,0.0,8.079,34.43,13.71,71.37,False,0.68,0
27.8612,-132.5568,6.82,2006,30.31,4.34,8.081,36.0,8.7,69.89,True,93.64,1
-20.1763,-135.9957,24.42,1998,28.38,0.0,7.973,36.93,7.68,35.33,False,0.0,0
-12.0346,-2.169,24.36,1994,27.83,0.0,8.172,35.18,9.84,45.43,False,0.0,0
-23.9907,-80.4922,15.43,2018,28.86,0.0,7.94,33.43,13.36,41.21,False,3.48,0
-13.6969,24.7421,16.27,1995,27.09,0.0,8.002,35.53,12.16,39.08,False,0.0,0
18.9573,-17.4108,21.19,2010,29.26,0.58,8.118,37.0,4.18,42.46,False,9.34,0
-7.3011,-23.4147,15.77,2012,28.42,0.0,8.051,33.01,0.99,47.37,False,0.0,0
-24.6962,-139.6897,13.09,1991,29.96,1.63,8.107,33.21,4.8,52.03,False,5.06,0
-9.4665,-129.2221,29.85,1998,27.88,0.0,7.844,34.78,13.56,75.14,False,0.0,0
28.883,115.5883,5.28,2002,28.61,0.0,8.0,33.06,6.89,29.4,False,18.44,1
7.781,138.9178,18.19,2023,30.07,4.93,8.035,34.32,11.37,31.02,True,86.25,0
-5.0303,-95.5139,26.69,2005,27.68,0.0,8.127,33.86,11.73,47.77,False,0.0,0
-20.0077,-139.1542,20.93,1994,28.53,0.0,7.97,35.39,9.46,58.19,False,0.0,1
29.1706,-160.77,26.55,1990,27.47,0.0,8.265,33.87,3.22,36.93,False,0.0,0
19.2509,38.9871,10.75,2011,28.5,1.62,8.145,34.19,8.02,56.3,False,0.0,0
-13.1114,77.5272,8.89,2015,28.9,0.05,8.155,36.75,7.34,30.29,False,0.0,0
-25.7959,-45.7884,25.69,2023,26.83,0.0,8.026,35.61,9.78,45.14,False,0.0,0
-26.6025,64.6833,12.43,2010,27.77,0.0,7.969,36.11,12.64,37.04,False,0.0,1
-22.7773,76.6652,21.58,1996,29.57,1.98,7.947,35.14,0.97,73.61,False,19.18,0
4.8461,156.7232,5.28,2014,29.86,2.92,7.949,33.43,5.23,36.65,True,90.32,1
25.7258,-156.6455,22.92,2001,30.28,4.3,7.939,34.77,11.4,49.13,False,82.63,1
-0.1954,-110.775,16.92,2020,28.65,0.0,8.081,33.85,12.43,40.61,False,0.0,0
20.5767,-155.3306,8.79,2016,27.81,0.0,8.146,34.05,3.11,80.34,False,0.0,0
-3.2468,132.4778,15.34,2011,26.99,0.0,8.15,36.37,5.65,33.56,False,0.0,0
12.515,105.3314,21.21,2023,29.68,5.49,8.047,36.58,7.76,46.12,False,50.77,1
13.9124,26.8711,1.34,2006,27.9,0.0,8.087,33.9,8.93,46.61,False,0.0,0
-19.5622,-149.8812,19.49,2000,28.31,1.55,8.131,34.77,6.23,47.56,False,5.14,0
-8.327,-81.6076,16.71,2018,26.93,0.0,7.917,36.88,10.84,36.74,False,0.0,0
8.2381,-72.8209,7.39,2023,29.12,0.22,7.95,35.45,7.08,49.41,False,0.0,0
-25.7582,21.8676,22.84,2015,30.26,2.08,7.903,36.23,5.31,60.98,True,57.1,1
-8.3076,-87.1042,9.8,2021,29.77,2.45,8.102,35.16,6.66,65.7,False,41.48,1
2.088,-153.7344,9.03,1994,29.07,3.0,8.127,34.95,2.96,65.15,False,51.84,1
29.7735,83.0744,14.67,2009,28.59,0.0,8.012,35.9,2.6,35.59,False,19.59,0
-1.528,-72.3311,20.61,1996,28.82,0.0,8.191,34.28,9.53,73.2,False,0.0,0
18.9634,-17.1453,27.94,2012,26.45,0.0,7.919,35.57,6.45,44.27,False,0.0,0
-4.076,-134.04,5.1,1990,27.74,0.0,7.987,35.07,14.16,48.14,False,10.93,0
17.7834,108.9174,12.5,1992,30.04,3.05,8.008,35.91,5.42,45.14,False,41.81,1
5.7249,23.5915,2.94,1992,27.05,0.0,8.047,33.55,9.82,70.91,False,0.0,0
23.1957,144.5708,23.0,1995,28.76,1.29,8.144,35.7,10.65,54.29,False,11.08,0
-5.3434,-1.6302,13.98,2020,29.54,0.18,8.165,35.55,11.93,83.73,False,0.0,0
6.2583,158.9132,21.5,2016,26.77,0.0,7.976,36.61,5.8,54.01,False,0.0,0
7.8011,141.0726,10.34,2018,27.47,0.0,7.975,34.5,7.53,55.12,False,0.0,0
-4.957,27.5255,25.49,2004,28.06,0.0,7.901,36.42,11.84,39.68,False,0.0,0
-21.3413,156.2016,16.51,1994,27.5,0.0,7.943,33.14,13.1,46.36,False,0.0,0
-24.3864,-63.6881,28.36,1992,26.5,0.0,8.034,34.13,4.63,66.38,False,0.0,0
-28.9997,-48.3688,3.29,2014,27.78,0.0,8.161,33.37,4.01,50.73,False,0.0,0
22.4121,-163.6279,15.91,2021,28.62,0.0,7.944,34.0,5.43,67.08,False,0.0,0
-15.8115,32.1123,23.23,2010,28.97,2.07,8.142,34.35,9.06,51.0,False,7.93,0
-17.3096,79.8926,18.4,2006,28.34,0.0,8.137,35.48,12.57,71.25,False,6.6,0
14.1621,98.4669,1.67,1998,27.15,0.0,8.176,33.26,9.84,59.88,False,0.0,0
-10.799,-126.0661,29.2,2015,26.63,0.0,8.089,33.84,3.43,71.19,False,0.0,1
0.3627,-20.1027,9.65,2011,26.66,0.0,7.881,35.91,1.25,77.85,False,0.0,0
-20.2493,-116.3292,8.23,2012,28.59,0.0,7.996,35.75,8.56,40.15,False,0.0,0
27.5847,58.3658,15.08,2000,29.33,1.93,8.009,35.31,11.56,51.37,False,33.95,0
21.0949,-123.1393,16.72,1999,30.36,2.31,8.253,35.82,7.83,64.27,False,36.64,0
21.8274,145.4989,23.22,2012,27.35,0.0,8.029,35.89,5.81,33.12,False,0.0,0
-5.5936,-96.9715,12.4,1994,27.44,0.0,8.147,33.84,3.37,38.96,False,0.0,0
15.7417,-75.0952,13.76,2015,27.92,0.0,8.1,35.13,8.83,67.68,False,0.0,0
-21.3674,126.3263,16.51,1993,28.62,0.0,8.179,35.87,9.37,39.68,False,8.16,0
-29.4829,-14.9517,12.44,2016,30.51,2.9,7.997,35.68,12.6,24.55,False,56.82,1
-28.8016,-171.3615,27.52,2023,29.95,2.8,8.017,34.88,11.22,60.18,False,35.99,1
5.1961,-1.9489,25.69,1992,29.69,2.57,7.995,34.72,7.97,68.7,True,20.77,0
-2.6763,-149.5644,14.19,2021,29.71,3.37,7.993,34.02,12.24,65.67,False,59.62,1
1.0809,174.7241,1.01,2015,28.4,0.0,8.143,34.54,2.14,44.6,False,8.85,0
-29.5522,31.7202,27.13,2007,27.32,0.0,8.0,35.65,3.96,63.34,False,0.0,0
-4.6388,-87.6483,4.61,1996,27.22,0.0,7.866,34.59,11.42,59.05,False,0.0,0
13.0841,22.9384,8.09,2002,28.86,0.0,8.12,35.29,6.61,74.86,False,0.0,0
-3.4384,-152.3278,5.42,1995,28.88,0.0,7.944,36.78,8.82,29.68,False,14.61,0
13.9332,107.9609,6.21,2020,28.48,0.0,7.917,33.19,13.01,46.72,False,8.89,0
-16.0189,153.1181,24.28,1993,26.59,0.0,8.032,36.02,13.96,62.22,False,0.0,0
18.7885,134.8,17.81,1993,27.14,0.0,8.167,35.91,13.96,43.88,False,0.0,0
5.3059,-56.9673,28.73,1997,26.75,0.0,8.054,35.02,5.65,62.03,False,0.0,0
-17.3542,-62.7235,7.71,2000,29.79,4.34,7.966,33.59,9.47,60.5,True,77.84,1
-15.7968,-167.3685,15.08,1991,29.13,1.91,8.133,34.43,9.51,61.23,False,11.04,0
7.6818,54.5041,29.35,2007,28.55,0.0,8.007,34.24,4.65,57.17,False,0.0,0
19.7964,12.5657,24.97,2007,26.11,0.0,7.894,35.85,7.14,36.02,False,0.0,0
-5.0623,-14.6353,22.13,2011,29.31,0.15,7.941,35.01,6.55,37.56,False,11.55,0
-14.502,146.7471,6.48,2001,28.9,2.26,7.969,34.4,10.4,22.41,False,43.23,1
22.0207,-119.5636,23.31,2006,29.05,0.0,8.232,35.57,9.17,56.91,False,0.0,0
10.1561,-176.5201,11.08,2006,26.63,0.0,8.118,34.03,13.67,47.23,False,0.0,0
-3.1149,-153.6061,16.39,2018,29.16,0.0,8.001,35.57,4.12,67.42,False,0.0,1
-0.726,-99.5863,18.67,2005,29.61,0.0,7.924,36.9,9.2,62.54,False,6.66,0
-17.7446,-168.0172,18.67,2000,29.56,0.44,8.113,33.83,10.65,62.73,False,12.92,0
7.6082,1.0237,22.07,2011,27.84,0.0,7.836,33.39,1.36,39.78,False,0.0,0
-8.4754,-66.9274,20.19,2019,28.66,0.88,7.867,36.72,9.73,57.59,False,4.46,0
29.7387,-115.0261,2.98,1997,26.81,0.0,8.126,34.44,9.11,69.94,False,0.0,0
-1.189,90.0303,14.26,2007,27.21,0.0,7.945,35.66,5.13,54.76,False,0.0,0
-0.8469,-106.3975,20.26,2005,26.45,0.0,7.982,34.39,14.78,73.21,False,0.0,0
3.9511,67.5378,9.58,2009,27.08,0.0,8.057,36.32,6.41,60.74,False,0.0,0
25.0054,-54.2646,10.08,1997,26.86,0.0,8.087,34.96,3.03,60.73,False,0.0,0
18.0491,4.258,4.61,2019,30.21,3.23,7.915,34.25,8.53,26.71,False,73.13,1
-2.9322,156.1921,13.14,2018,28.84,0.0,7.97,36.27,5.71,66.41,False,7.2,1
13.122,-166.5534,29.62,2002,28.93,0.63,8.058,34.04,3.87,33.92,False,3.0,0
5.1741,0.0952,9.27,2006,27.43,0.0,8.036,35.9,5.37,44.52,False,0.0,0
-0.458,127.5923,16.41,2006,27.42,0.0,8.134,34.31,11.15,36.58,False,0.0,0
-18.4611,31.6707,22.55,1998,26.89,0.0,7.857,34.79,4.84,79.41,False,0.0,0
-2.1638,-80.3266,1.39,1991,29.69,2.56,7.99,35.51,8.85,71.79,False,65.09,1
-15.2509,-36.8348,27.11,2013,27.85,0.0,7.818,35.62,0.51,77.18,False,0.0,0
24.8905,64.8956,12.21,2010,27.52,0.0,8.155,34.87,2.15,37.88,False,0.0,0
-9.8756,140.6923,26.2,1991,26.03,0.0,7.94,33.58,11.31,67.23,False,0.0,0
27.1358,-165.2161,2.13,1994,28.5,0.0,8.087,36.01,3.48,52.47,False,0.0,0
1.9833,-154.246,5.22,2006,27.41,0.0,7.963,36.54,12.0,61.42,False,0.0,0
7.8927,-62.9815,10.35,2013,27.32,0.0,7.917,36.67,4.5,41.54,False,0.0,0
2.5764,-96.1993,11.02,1997,28.38,0.36,7.956,33.39,3.52,39.42,False,0.0,0
-22.2372,-84.6249,25.59,2019,30.13,3.15,7.966,35.87,10.47,61.25,False,44.51,1
-7.4507,-100.3428,1.32,2011,27.54,0.0,8.03,33.83,1.93,40.61,False,12.98,0
-24.0512,-109.503,19.59,2013,28.22,0.0,7.831,33.41,5.76,32.97,False,0.0,0
7.3772,-132.9754,4.81,2015,27.52,0.0,8.042,33.28,1.59,45.72,False,0.0,0
-3.1875,156.2235,24.87,1997,29.79,2.82,8.047,33.02,3.43,60.57,False,16.21,0
16.6791,-128.0918,23.58,2001,29.12,0.0,7.97,36.69,2.77,60.43,False,0.88,0
-16.7718,-106.4146,15.5,2003,28.72,0.0,7.8,35.42,12.22,32.76,False,17.32,0
-20.126,-91.3443,7.17,2019,28.26,0.0,7.763,35.41,8.89,42.97,False,0.0,0
-5.6201,155.8854,19.4,2020,29.14,0.0,7.929,36.25,12.4,43.76,False,1.17,0
25.5951,92.0571,5.53,2017,29.93,3.55,8.121,36.45,14.9,54.14,False,63.36,1
12.6253,104.2918,6.51,2016,29.7,4.44,8.038,33.02,8.55,30.43,True,100.0,1
-4.8646,-142.287,19.17,1990,28.82,0.0,8.128,36.02,14.42,63.39,False,4.92,0
1.0363,121.0716,29.75,2003,28.29,0.0,8.103,34.56,1.9,70.29,False,0.0,0
-24.9472,-33.0505,26.84,1999,27.69,0.0,8.074,34.31,2.18,62.95,False,0.0,0
29.0746,-85.3837,18.2,1996,28.16,0.0,8.027,35.98,7.74,31.43,False,8.43,0
9.9844,27.27,16.62,2003,27.68,0.0,7.802,34.72,2.33,30.12,False,0.0,0
-12.8758,115.9858,29.95,2016,27.67,0.0,8.04,36.94,13.76,36.22,False,0.0,0
5.1485,100.3148,16.87,2000,28.22,0.0,7.981,36.37,7.81,66.46,False,0.0,0
-23.4311,140.3991,13.18,1999,26.19,0.0,7.903,33.77,13.23,38.13,False,0.0,0
27.9502,154.1276,27.38,1996,29.19,0.0,7.859,35.05,3.68,43.57,False,0.0,0
-19.5129,-94.2761,7.79,2006,29.69,2.27,7.895,35.82,9.99,37.8,False,39.17,1
8.8818,-27.4112,3.83,2001,28.67,0.93,8.044,34.33,4.42,40.7,False,13.11,0
-15.2727,-174.7337,19.39,1996,29.23,0.2,8.188,33.67,8.61,80.95,False,3.14,0
13.0537,136.5558,3.78,2013,28.88,3.65,7.821,34.76,13.09,50.42,False,44.71,0
16.6093,-124.354,11.82,2023,29.6,1.14,8.145,33.5,4.64,72.68,False,27.11,0
10.4052,130.1309,13.28,1990,25.56,0.0,8.016,33.94,7.32,49.66,False,0.0,0
6.87,-61.4206,16.88,2018,30.72,7.65,8.125,35.88,7.95,64.35,True,100.0,1
23.5481,-47.4719,29.76,2015,29.12,2.48,8.045,34.62,9.45,73.85,True,18.99,0
-25.2824,-165.9124,7.41,1999,28.1,0.0,7.926,34.76,12.09,60.53,False,15.59,0
-10.1451,-62.3236,11.9,1990,27.4,0.0,8.117,35.52,2.26,47.14,False,0.0,0
-15.1028,139.8109,4.83,2006,26.83,0.0,7.964,34.53,8.27,50.04,False,0.0,0
29.2808,-170.8029,18.62,1998,30.54,3.61,8.163,34.78,2.56,29.25,True,74.24,1
-6.6366,-33.7221,22.1,2012,30.65,2.08,7.923,36.02,3.12,66.11,False,35.23,1
13.9568,-168.6961,14.98,2018,30.13,3.18,8.024,35.1,7.63,50.72,False,54.72,1
11.0835,-46.4676,8.13,1991,29.5,0.05,8.175,36.34,1.71,40.16,False,29.69,0
-17.2751,-117.8494,19.01,2007,27.79,0.0,8.094,35.64,1.77,55.89,False,0.0,0
-15.6601,-89.2014,16.64,2017,26.97,0.0,8.099,34.85,3.1,61.37,False,0.0,0
-13.1229,135.9354,5.96,1996,29.68,0.0,7.995,36.65,7.35,74.73,False,28.04,1
-5.3324,-23.0223,12.76,2000,26.48,0.0,8.052,34.67,3.16,27.95,False,0.0,0
-15.9405,-81.4327,13.62,1996,27.31,0.0,8.037,36.83,5.99,35.57,False,0.0,0
-28.8209,32.1618,29.5,2013,29.91,2.04,7.974,36.54,13.09,50.71,False,17.83,1
22.7636,-128.8415,25.63,2004,28.94,0.0,8.15,34.24,13.95,29.56,False,0.0,0
27.9366,-86.619,22.3,2020,27.91,0.0,7.975,33.09,8.52,41.71,False,0.0,0
-9.5058,16.6493,26.77,2008,28.81,0.0,7.92,34.13,14.82,30.23,False,0.0,0
-9.6896,-94.4917,22.33,1999,29.45,0.53,8.0,34.85,10.73,42.2,False,0.0,0
-29.5745,64.486,27.2,1997,28.89,1.43,8.015,36.59,2.46,29.7,False,34.35,1
10.815,-3.0631,2.58,1990,29.1,2.43,8.179,33.8,11.22,47.54,True,65.63,1
19.5264,97.9161,14.23,1991,29.79,3.08,8.031,36.83,10.14,67.61,False,39.43,1
-21.2035,161.368,22.66,2018,28.34,0.0,7.945,36.92,13.05,44.26,False,0.0,0
-20.42,-138.3102,17.92,1999,26.83,0.0,8.145,34.9,7.77,78.38,False,0.0,0
17.405,-59.5206,6.08,1998,27.48,0.0,7.917,33.59,9.03,47.55,False,0.0,0
6.9774,-64.9623,10.87,2020,27.95,0.0,8.144,36.03,6.22,33.69,False,1.58,0
-27.3084,-125.5741,10.22,2021,27.62,0.0,8.076,34.39,0.75,28.35,False,0.0,0
7.3528,111.7091,8.58,1991,27.91,0.0,8.103,34.32,9.23,86.76,False,0.0,0
-11.4649,93.5563,10.95,2013,27.64,0.0,8.028,33.4,14.27,34.42,False,0.0,0
-7.8765,-5.6068,15.93,1995,28.38,0.0,8.19,36.9,2.9,47.11,False,16.05,1
16.1839,13.5975,25.79,1997,26.93,0.0,8.145,36.58,2.99,77.66,False,0.0,0
18.6561,-158.5641,22.52,2014,28.2,0.0,8.069,34.18,6.46,42.12,False,0.0,0
-5.9786,19.9826,25.22,2014,27.31,0.0,7.871,33.26,12.73,32.45,False,0.0,1
26.8292,104.8829,26.62,2000,28.21,0.0,8.054,34.94,9.01,55.1,False,0.0,0
-5.6122,26.5779,13.07,1990,26.75,0.0,8.102,33.7,7.9,24.68,False,0.0,0
16.3102,-84.4897,11.03,2012,27.95,0.0,8.058,34.97,13.04,67.18,False,0.0,0
-0.9674,60.3174,2.67,1992,27.5,0.0,8.146,36.1,3.41,54.36,False,4.66,0
23.8519,-49.8642,27.98,1990,26.89,0.0,7.954,34.5,14.33,37.12,False,0.0,0
24.4657,16.1544,2.91,2001,28.24,0.0,8.039,35.31,14.46,44.83,False,0.0,0
-24.755,-4.4765,22.49,2020,29.22,0.28,8.127,35.2,12.3,17.77,False,0.0,0
26.1896,-42.777,11.97,2018,26.37,0.0,8.014,34.61,4.77,59.15,False,0.0,0
19.5321,78.7961,28.51,2017,27.05,0.0,8.156,36.87,5.94,73.61,False,0.0,0
17.4786,138.1954,13.17,2010,28.19,0.0,8.011,34.36,6.35,38.0,False,0.0,0
-17.9453,-178.1235,24.68,2000,29.77,3.86,8.011,33.14,2.97,45.35,False,43.46,1
18.3072,156.1019,9.2,2015,30.63,6.16,7.781,36.38,1.16,43.0,True,100.0,1
21.008,4.1454,9.67,2000,26.08,0.0,8.161,36.72,1.44,35.57,False,0.0,0
-12.651,72.2635,18.27,1994,26.45,0.0,8.112,34.94,9.43,75.06,False,0.0,0
27.1356,128.0248,29.94,1996,27.36,0.0,8.12,33.33,14.54,47.38,False,0.0,0
-27.0084,-11.8427,16.01,2020,29.53,1.67,8.144,33.36,1.72,41.65,False,10.59,0
-21.0054,120.5907,28.15,1997,28.76,0.0,8.013,35.27,9.77,73.26,False,0.0,0
2.2549,-116.0569,23.8,2016,30.59,4.29,8.05,33.48,2.24,51.23,True,100.0,1
4.5475,-122.6997,24.08,2010,29.13,2.17,8.085,33.78,8.86,63.68,False,23.86,0
8.709,56.6897,13.64,2019,29.16,0.0,8.166,36.12,6.92,51.66,False,9.15,1
-28.9819,133.2515,12.21,2003,28.63,0.0,7.995,33.89,1.01,79.99,False,0.0,0
27.622,141.2734,6.57,1990,27.02,0.0,8.021,34.54,5.68,70.94,False,0.0,0
-27.3247,51.7466,28.95,2013,28.01,0.0,8.06,34.49,11.89,72.98,False,0.0,1
-21.4163,9.1761,28.82,1995,28.63,0.5,7.987,34.76,3.34,56.37,False,0.0,1
-29.1591,-60.6985,22.66,1995,28.41,0.0,8.129,34.68,8.01,50.78,False,0.0,0
4.0115,172.8001,9.59,1994,27.1,0.0,8.171,35.09,4.21,30.29,False,0.0,0
25.936,-64.9096,8.11,2004,28.36,0.0,7.985,35.12,13.92,46.55,False,0.0,0
9.9568,87.907,29.67,1997,28.52,1.17,8.178,33.9,13.95,39.03,False,22.24,0
19.3594,11.5134,2.93,1994,27.9,0.0,7.958,33.6,11.04,38.39,False,0.0,0
-29.2031,39.0644,25.46,2020,30.29,3.49,8.06,33.74,10.51,51.03,False,48.22,1
2.5209,-38.347,11.31,2020,27.52,0.0,7.892,33.82,8.5,76.91,False,0.0,0
-2.4262,167.3363,13.15,1997,28.13,2.66,8.114,36.28,11.88,66.38,True,43.3,1
-0.0619,25.8056,25.13,1995,28.82,0.0,8.023,36.72,14.76,40.41,False,2.27,0
-25.6672,157.6035,3.63,2012,29.06,0.0,8.07,35.96,14.44,72.11,False,13.73,0
11.0661,-177.2671,11.27,2005,28.0,0.0,8.046,33.17,12.23,70.69,False,15.84,0
0.1932,26.1614,28.61,1997,28.19,0.0,8.141,35.4,2.47,38.24,False,0.0,0
15.9089,78.1873,21.27,1993,26.57,0.0,7.845,36.12,12.99,38.44,False,0.0,0
-0.8826,88.2289,22.89,2021,27.38,0.0,8.088,35.09,9.08,50.79,False,0.0,0
-21.0371,145.7917,22.97,1992,27.64,0.0,7.934,33.32,8.23,37.94,False,0.0,0
8.8954,-178.4154,2.76,2005,29.29,0.0,8.053,35.05,8.4,33.01,False,10.2,0
-19.6568,-179.8811,6.89,2023,28.86,0.0,8.083,35.55,4.19,55.56,False,2.19,0
22.3437,-9.9852,15.25,2002,27.94,0.0,8.134,35.28,3.5,54.1,False,0.0,0
6.787,-169.4543,11.68,2022,27.0,0.0,8.159,35.89,7.0,74.19,False,0.0,1
-20.5678,170.8317,12.92,2011,28.54,0.0,7.885,34.07,9.68,77.16,False,0.0,0
27.7403,-100.0565,23.66,2020,30.97,5.49,8.129,35.79,9.94,35.34,True,100.0,1
1.1019,-9.8407,1.43,2013,28.06,0.0,8.204,34.33,8.09,62.14,False,0.55,0
-25.6261,-157.9905,20.15,1992,26.74,0.0,7.864,35.85,12.41,50.35,False,0.0,0
7.61,7.9374,1.0,2022,27.09,0.0,8.027,34.95,13.88,70.63,False,0.0,0
-14.8081,-43.2158,2.83,2019,27.22,0.0,8.098,36.13,3.62,73.51,False,31.41,1
18.2216,-163.9224,12.84,2015,27.97,0.0,8.002,35.01,11.19,34.12,False,0.0,0
19.0693,-59.3553,25.39,2023,28.77,0.0,8.024,34.15,3.87,64.15,False,0.0,0
28.7368,-39.083,5.2,2011,29.53,3.63,8.127,36.96,12.75,26.4,False,19.15,0
0.1122,176.3717,17.08,2019,27.45,0.0,7.948,33.97,7.86,46.38,False,0.0,0
-2.7026,-105.1611,20.68,2014,28.49,0.0,7.924,34.61,5.9,51.58,False,0.0,0
15.2085,16.1207,7.66,2017,26.8,0.0,8.062,36.1,11.59,61.9,False,0.0,1
-22.0518,175.4336,15.86,2022,29.61,3.96,7.984,35.07,1.56,32.04,True,98.8,1
2.8149,105.1269,27.43,2012,28.5,0.0,8.192,35.73,8.75,58.39,False,2.8,0
2.7749,177.6123,15.85,2015,27.03,0.0,8.162,34.95,8.42,67.91,False,0.0,0
-24.6316,168.5874,5.56,1998,26.77,0.0,7.98,35.44,13.08,71.25,False,0.0,0
-4.921,-3.7658,19.21,1997,28.12,0.0,8.074,35.05,5.11,69.42,False,0.0,0
21.1971,70.6953,18.17,2022,27.9,0.0,7.948,36.97,4.91,52.6,False,0.0,0
21.3692,-140.2405,1.78,2004,30.34,7.1,8.224,33.83,1.86,36.89,True,100.0,1
-24.0457,-21.1864,3.63,1997,27.71,0.0,7.942,36.57,8.38,50.11,False,0.0,0
-24.5567,111.2467,5.55,2010,30.81,6.26,8.068,34.86,0.85,29.23,True,100.0,1
-14.2383,1.9207,4.95,1992,28.89,0.01,8.157,33.1,14.09,46.93,False,23.48,0
22.486,72.9717,8.52,1998,28.38,0.13,8.039,36.91,3.94,19.59,False,11.45,0
-22.2658,88.4705,14.17,2003,27.59,0.0,8.082,36.48,6.95,40.77,False,0.0,0
13.1998,-88.7511,11.78,2016,27.03,0.0,7.949,33.29,2.75,67.97,False,0.0,0
-23.9301,135.2518,26.83,2009,28.41,0.0,8.028,34.53,5.37,64.45,False,0.0,0
7.3883,-14.4639,18.75,1993,27.63,0.0,7.959,36.45,13.73,53.81,False,0.0,0
-8.636,-104.3334,26.41,2013,30.09,3.25,7.934,35.03,14.71,39.6,False,54.49,1
17.3348,131.5497,16.28,2016,27.46,0.0,8.137,36.7,4.63,73.96,False,0.0,0
-15.9786,-29.5852,3.61,2001,28.51,0.0,8.045,35.38,12.34,83.94,False,15.55,0
8.3521,90.1125,14.44,2017,29.94,0.39,8.08,36.24,2.85,79.13,False,0.0,0
-15.859,17.2919,24.84,2013,28.56,0.04,8.201,34.8,2.5,26.63,False,0.0,0
12.8196,-42.5262,6.63,2020,30.57,2.81,7.884,33.37,2.49,23.06,False,52.07,1
22.4207,111.5555,3.65,1992,26.49,0.0,8.063,33.91,14.17,46.56,False,0.0,0
-22.3919,30.4092,10.55,2019,28.76,3.16,7.82,33.54,10.65,50.08,True,77.74,1
21.9957,-39.3976,12.28,2016,29.14,2.19,8.002,36.21,8.89,56.54,False,32.25,1
5.6145,-140.5448,9.88,2006,27.41,0.0,7.93,36.69,3.26,74.2,False,0.0,0
-22.3734,142.3603,4.92,1995,25.82,0.0,8.176,33.92,8.18,58.17,False,0.0,0
-4.3475,-167.2309,8.27,2007,27.45,0.0,8.053,34.29,14.91,35.08,False,6.02,1
-20.3484,130.7474,20.79,2016,27.27,0.0,8.165,35.96,12.47,33.1,False,0.0,0
12.0209,-50.4139,12.19,2006,27.1,0.0,7.95,34.73,14.81,49.98,False,0.0,0
15.5321,50.162,19.34,2000,27.59,0.0,8.004,36.24,0.68,80.25,False,0.0,0
-23.6522,151.9919,16.55,2023,28.46,0.0,8.049,34.27,8.56,61.14,False,0.0,0
0.3684,-125.3856,16.92,2021,27.15,0.0,8.173,35.11,4.72,34.91,False,0.0,0
18.8775,24.1022,8.21,2017,30.6,5.74,8.076,36.34,5.3,29.88,False,99.58,1
26.1698,95.1958,16.12,2011,28.46,0.0,7.953,34.4,1.33,68.38,False,0.0,0
0.8111,92.7302,1.68,2005,25.94,0.0,7.963,35.56,10.26,59.23,False,0.0,0
27.0168,9.2275,13.52,2001,28.86,0.0,8.22,35.58,12.88,62.35,False,0.0,0
2.1413,44.9062,17.61,1994,29.2,1.94,7.895,34.41,4.05,64.31,False,30.41,1
-6.3486,92.7097,6.28,2015,27.63,0.0,7.996,35.97,8.08,44.48,False,0.0,0
20.8922,122.7699,8.44,2015,29.9,2.91,7.854,35.11,1.26,42.26,False,51.86,1
-0.421,94.2527,7.37,2002,28.62,0.0,8.187,35.38,4.57,60.5,False,0.4,0
-1.6858,-52.5582,3.05,2013,29.55,1.47,7.996,34.56,3.72,25.18,False,23.96,1
-0.5813,178.8215,11.09,1992,29.32,2.2,8.031,33.36,14.65,72.68,False,40.06,0
20.8071,-23.579,29.39,2021,29.1,2.35,7.877,35.79,7.76,51.49,False,0.0,1
19.9165,-171.1927,11.26,2012,26.5,0.0,8.121,34.37,3.64,73.86,False,0.0,0
-5.7888,-49.4579,14.36,2002,27.42,0.0,7.874,35.43,2.42,31.06,False,0.0,0
-10.002,-133.9981,19.94,2004,28.79,0.0,8.126,36.63,11.75,41.74,False,10.31,0
-0.4843,-136.2807,19.81,1991,26.17,0.0,7.964,36.34,1.16,59.91,False,0.0,0
4.3664,-78.6474,28.55,2000,28.22,0.0,7.917,35.52,2.49,73.55,False,0.0,1
-15.6998,-160.7848,25.87,2005,27.61,0.0,8.012,33.91,1.24,57.52,False,0.0,0
17.6373,67.8644,24.02,2007,26.89,0.0,7.745,35.07,5.82,17.97,False,0.0,0
-0.811,-153.364,28.6,2023,28.18,0.0,7.948,34.5,14.18,57.99,False,5.94,0
-9.9573,-106.8158,7.69,1999,26.13,0.0,8.092,35.36,3.91,48.86,False,0.0,0
-23.5907,-146.5561,18.89,2002,28.29,0.0,8.12,35.93,5.94,25.77,False,0.0,0
-15.6693,-157.2596,26.73,2021,27.41,0.0,8.087,35.91,11.14,40.53,False,0.0,0
26.9569,-83.6094,19.1,1997,27.4,0.0,8.173,33.23,3.46,67.73,False,0.0,0
-11.694,25.8836,29.35,1996,27.25,0.0,8.069,34.49,4.66,76.53,False,0.0,0
-19.8684,167.2868,3.91,2006,30.22,2.35,8.141,34.56,6.11,53.63,False,40.17,1
-2.3596,135.2004,13.74,2016,28.7,0.0,8.019,33.75,14.34,31.76,False,0.0,0
-11.5747,135.3362,29.34,1997,28.21,0.0,8.084,34.95,8.39,78.12,False,0.0,0
-27.8904,-116.6159,12.01,2018,26.47,0.0,7.836,34.12,6.85,30.78,False,0.0,0
-10.6113,-84.6334,22.45,2016,29.05,0.0,7.88,34.39,6.32,45.74,False,0.0,0
2.6465,-152.4984,1.88,2013,30.19,3.53,8.13,35.29,6.15,31.35,False,83.33,1
3.1027,100.2486,21.15,2005,26.13,0.0,8.14,36.39,13.68,43.29,False,0.0,0
-8.6065,-154.8661,28.1,2015,28.57,0.0,8.042,34.71,11.77,73.11,False,0.0,0
-3.1618,20.4104,12.1,2020,28.25,0.0,8.039,35.16,3.22,34.31,False,1.89,0
27.9311,-90.7648,1.62,2016,25.83,0.0,7.958,36.18,5.12,55.41,False,0.0,0
-7.3591,-92.3596,1.81,2015,28.99,0.59,7.915,34.72,12.79,24.31,False,19.12,0
-14.5064,176.661,26.87,2004,26.31,0.0,8.006,34.54,11.38,51.68,False,0.0,0
-15.392,92.4407,21.95,2004,28.72,0.0,8.044,35.66,2.0,60.43,False,0.0,0
-2.5341,121.2982,4.09,2012,27.3,0.0,7.986,34.08,6.42,67.06,False,0.0,0
15.5712,25.9138,2.58,2014,28.9,0.0,7.878,33.11,7.62,47.47,False,24.06,0
-17.6407,133.5651,24.34,1993,26.8,0.0,7.884,33.54,12.93,39.34,False,0.0,0
12.5578,52.3766,24.49,2005,28.42,0.0,8.009,34.1,12.87,50.75,False,0.0,0
-28.731,160.6225,4.5,2010,26.69,0.0,7.97,36.24,2.69,38.73,False,0.0,0
-4.864,-78.7181,9.74,2006,27.43,0.0,7.83,33.84,8.99,52.16,False,0.0,0
16.5519,34.315,23.62,1992,25.83,0.0,7.99,35.48,14.18,41.99,False,0.0,0
-9.676,68.4473,16.24,1996,27.54,0.0,8.158,34.24,1.61,58.87,False,0.0,0
3.8242,-38.5426,28.74,2001,26.62,0.0,8.086,33.24,5.7,66.04,False,0.0,0
-17.7012,136.6949,14.95,1990,29.21,1.59,8.019,36.33,5.39,54.89,False,35.26,1
14.5197,172.7291,20.63,1995,29.07,1.3,8.031,36.73,2.99,66.55,False,8.96,0
-26.8633,-2.243,15.78,2012,27.17,0.0,7.999,33.67,14.69,50.99,False,0.0,0
21.1526,-39.3694,28.35,2014,28.97,0.0,7.952,35.04,10.77,47.42,False,0.0,0
-18.1082,-10.1023,12.56,2014,29.5,0.0,8.136,34.15,10.42,65.53,False,1.98,0
22.4639,126.9852,7.66,1992,30.05,1.4,7.895,35.2,1.21,60.22,False,48.32,1
-8.8482,52.3686,10.47,1993,25.89,0.0,8.108,35.81,6.07,38.35,False,0.0,0
13.361,-163.8819,25.73,2019,28.41,0.0,7.939,36.94,9.52,72.74,False,0.0,0
-10.8465,15.1812,15.44,2022,29.32,0.19,7.998,34.39,7.55,56.35,False,0.0,0
24.3547,-173.772,11.27,2018,26.14,0.0,7.995,34.02,11.01,45.53,False,0.0,0
-22.4018,100.2727,16.78,1993,27.83,0.0,8.261,35.67,12.5,84.4,False,0.0,0
-19.2888,-61.8076,4.86,2003,29.19,0.0,8.168,36.37,11.54,49.77,False,26.34,0
-0.4182,-10.0773,1.16,2010,26.94,0.0,8.113,33.11,14.18,52.71,False,0.0,0
-25.0837,107.5241,9.14,1996,26.82,0.0,7.871,33.17,8.53,37.19,False,0.0,0
-18.2412,-163.2784,18.55,2010,29.16,0.75,7.871,35.33,12.87,73.68,False,11.41,0
26.626,-122.925,21.64,1996,26.98,0.0,8.21,33.52,14.76,81.58,False,0.0,0
28.5894,-36.7343,24.97,1990,29.09,0.0,8.078,35.52,7.91,44.49,False,0.0,1
-7.4244,-97.2269,27.87,2023,29.84,0.0,8.148,35.26,0.71,78.55,False,12.79,0
25.3972,-58.3555,12.95,2012,28.79,0.0,7.83,36.21,5.23,26.51,False,0.0,0
2.6895,179.3429,22.47,1992,28.81,2.64,8.039,36.19,8.3,56.16,False,0.71,0
-13.8155,117.1492,3.17,2007,28.57,0.0,8.131,36.33,10.37,51.4,False,11.94,0
12.1439,138.2047,2.67,2001,29.5,2.71,7.979,36.74,9.09,22.95,True,69.83,1
9.5341,157.3397,4.62,2003,27.15,0.0,8.129,35.36,9.89,29.92,False,0.0,0
29.3475,-57.2631,14.01,2017,28.86,0.16,7.833,33.58,10.98,26.47,False,0.0,0
-14.0972,-73.0523,7.13,2013,29.77,4.65,8.038,36.66,7.7,64.48,True,76.5,1
10.3236,-95.7375,9.32,2013,29.4,1.15,8.106,36.99,12.51,60.32,False,30.05,1
-26.8786,118.8421,19.79,1992,27.27,0.0,8.028,33.15,10.15,67.25,False,0.0,0
-23.1812,64.6387,11.4,1998,29.66,2.1,8.027,35.41,11.75,64.46,False,39.73,1
-29.7649,-94.9781,17.16,2013,28.04,0.0,8.081,34.5,10.08,65.94,False,0.0,0
29.9676,-44.2822,12.96,1991,29.17,0.7,7.939,34.22,2.07,65.96,False,0.0,0
18.1364,2.4162,5.9,2017,30.7,4.95,8.028,36.08,2.75,18.5,True,100.0,1
17.2034,10.1304,3.15,1996,28.54,0.0,7.914,34.21,2.96,35.44,False,0.0,0
0.5836,139.942,7.85,1998,29.56,0.0,8.086,33.6,1.21,47.65,False,1.41,0
-11.996,-42.9962,2.67,2022,30.29,3.94,7.94,33.97,3.67,59.74,True,98.44,1
-20.9241,147.0687,18.94,2023,29.58,2.6,8.069,35.15,8.62,48.99,False,11.58,0
-12.9195,-21.1077,24.08,2010,30.13,3.31,7.913,34.02,1.37,38.6,True,67.44,1
-7.4417,88.6942,10.85,2018,26.31,0.0,7.999,34.4,4.61,68.26,False,0.0,0
15.3786,154.8916,12.23,2016,26.97,0.0,8.057,35.3,9.54,43.91,False,0.0,0
2.3797,146.7273,24.67,2006,28.58,0.0,8.176,35.77,3.4,77.04,False,0.0,1
-25.351,-159.497,7.46,2012,29.46,2.28,8.232,33.28,3.36,36.87,False,36.65,0
-28.9183,-105.9465,4.46,2010,28.03,0.0,7.849,34.65,12.49,58.94,False,0.0,0
-23.8601,-8.314,15.53,1997,29.58,3.69,8.021,35.86,8.46,13.81,False,95.49,1
-5.3701,-24.6405,19.74,1998,29.47,1.7,8.145,34.31,5.05,48.37,False,12.33,0
25.9916,50.721,18.39,2022,28.55,0.0,7.885,36.03,8.46,24.99,False,0.0,0
8.2441,160.0953,21.7,1993,27.64,0.0,7.979,34.37,6.71,69.62,False,0.0,0
18.1096,-139.5343,2.65,2007,28.8,0.0,8.097,36.04,14.29,77.84,False,13.93,0
-2.0175,-17.3309,13.42,2021,27.88,0.0,7.878,36.82,3.42,37.23,False,0.0,0
-8.3,-110.732,7.92,2019,30.24,6.03,7.979,35.02,10.13,76.87,True,99.56,1
-23.496,141.8787,23.01,2014,27.46,0.0,7.889,34.93,13.74,56.01,False,0.0,0
22.556,167.2489,26.31,2022,29.71,3.43,8.102,34.94,10.96,37.6,False,11.3,0
16.9896,-7.6674,9.16,2023,28.16,0.0,8.073,36.81,6.12,38.78,False,0.0,0
-19.9129,-142.5563,3.76,1991,25.0,0.0,7.976,33.64,11.32,50.86,False,0.0,0
0.7356,102.7061,8.35,2002,27.12,0.0,8.107,35.96,3.87,36.99,False,0.0,0
-0.7575,70.9709,4.02,2012,28.34,0.0,8.145,35.76,10.9,53.78,False,0.0,0
7.5055,-52.3185,10.35,2012,26.57,0.0,7.922,35.53,11.9,42.53,False,0.0,0
26.7712,139.4667,16.61,2020,29.57,2.04,7.923,35.96,5.95,25.75,False,21.59,1
4.7863,171.2995,29.24,1991,26.88,0.0,8.001,34.28,8.55,75.93,False,0.0,0
2.413,20.8274,12.58,1991,27.38,0.0,8.142,36.71,8.68,72.04,False,0.0,0
-26.9806,23.662,7.38,1994,26.56,0.0,7.995,36.63,8.56,62.11,False,0.0,0
-26.2256,-72.8951,5.84,2003,26.95,0.0,7.96,33.92,3.4,30.36,False,0.0,0
-18.7592,30.4222,6.02,2012,27.52,0.0,8.139,35.06,9.66,47.75,False,6.94,0
-28.0518,-21.7288,6.59,1990,27.87,0.0,8.085,34.25,6.39,44.73,False,0.0,0
14.6012,-71.2112,23.11,2004,27.71,0.0,8.095,36.16,2.43,74.82,False,0.0,0
13.3998,-155.8133,2.77,2019,28.15,0.0,8.216,36.6,1.31,84.04,False,0.0,0
-21.8366,-89.0252,29.92,2010,26.89,0.0,7.974,35.14,12.44,46.02,False,0.0,0
20.1647,-108.7723,16.16,1997,26.94,0.0,8.132,34.28,11.51,48.16,False,0.0,0
-20.7128,15.1351,16.78,1996,29.24,2.02,8.039,35.58,14.01,63.99,False,0.0,0
-11.9295,36.6012,11.37,2023,27.24,0.0,8.11,33.57,7.43,60.08,False,0.0,0
-15.0614,39.0858,21.02,2021,28.59,0.0,8.191,35.04,9.4,60.39,False,7.13,0
-7.6616,-40.2548,14.67,2022,29.0,1.36,8.12,36.03,1.42,72.47,False,31.39,1
-14.7202,-28.3573,10.54,1995,28.08,0.85,8.018,34.05,4.86,72.08,False,27.94,1
-0.6629,120.3258,8.69,1999,27.71,0.0,7.955,34.57,11.39,36.9,False,3.66,0
-5.5555,-8.5562,27.84,2015,28.15,0.0,8.11,35.62,4.5,66.38,False,0.0,1
29.1942,175.5984,9.44,2015,28.99,1.98,8.042,36.84,2.13,55.59,False,0.0,1
-26.6444,-21.7378,13.66,2008,29.59,1.49,8.2,33.32,1.4,64.07,False,41.92,1
-21.4691,53.8491,11.16,1993,27.45,0.0,8.197,33.62,7.07,68.46,False,0.0,0
-26.8304,-161.8693,3.5,2014,27.27,0.0,7.998,33.51,13.18,84.76,False,0.0,0
7.5505,55.2024,6.39,1997,26.33,0.0,7.97,33.88,5.86,49.87,False,0.0,0
-26.7294,126.5135,6.5,2001,30.46,5.96,7.92,33.24,10.17,39.76,True,100.0,1
20.1864,159.2848,21.12,2013,30.08,3.05,8.034,34.45,6.75,68.22,False,32.27,1
0.7163,179.0354,12.79,2013,27.6,0.0,7.91,34.12,11.9,24.74,False,0.0,0
1.6205,-78.4157,23.68,2006,27.23,0.0,8.152,33.79,12.15,42.67,False,0.0,0
3.6957,27.1332,21.56,2014,26.72,0.0,8.137,34.03,14.23,52.62,False,0.0,0
-19.7512,-17.7415,6.57,2022,31.03,4.78,7.931,35.57,5.4,34.86,True,94.36,1
-18.1386,22.9743,17.32,2016,29.09,0.0,8.14,35.76,7.33,37.62,False,0.0,0
-10.871,-123.3169,22.54,1991,29.35,1.64,8.251,36.71,9.86,50.94,False,3.09,0
5.6098,128.2138,19.36,1998,28.14,0.0,8.181,33.84,7.76,77.07,False,0.0,0
-17.3929,147.4448,18.4,2022,30.98,8.8,7.793,33.4,1.72,57.48,True,100.0,1
-23.0201,-18.1218,22.45,2008,26.04,0.0,8.067,33.23,9.87,41.94,False,0.0,0
28.207,-79.0452,2.65,1994,27.88,0.0,8.056,34.97,2.1,45.83,False,0.0,0
-28.6811,-129.3,22.21,2009,28.47,0.0,8.153,35.58,12.69,46.58,False,0.0,0
18.1618,66.1553,8.91,2013,30.54,4.58,7.841,33.96,1.7,63.17,True,100.0,1
17.2821,-67.5965,17.58,2020,27.14,0.0,7.956,35.66,11.83,41.49,False,0.0,0
-12.1672,147.4339,8.03,1993,27.78,0.0,8.027,33.75,2.69,27.93,False,0.0,0
-21.8624,61.5645,25.33,2021,28.79,2.6,7.901,33.89,11.24,65.73,True,23.53,0
-21.2623,52.4467,14.94,2003,29.58,3.68,7.918,35.66,0.83,64.27,False,47.66,1
11.8459,21.3848,19.65,1995,28.99,0.0,8.03,36.82,2.12,68.11,False,7.82,0
8.5684,-163.5205,24.03,2006,27.58,0.0,7.954,36.61,0.8,63.83,False,0.0,0
16.9647,155.4921,26.96,2007,30.64,2.49,7.853,33.11,3.14,46.27,False,25.54,0
26.2489,46.0575,22.23,1997,28.49,0.0,7.844,36.93,0.51,69.09,False,0.0,0
11.5156,177.8623,5.31,2001,29.59,0.57,8.1,34.46,1.75,67.91,False,0.0,0
-20.6489,13.4483,25.78,2006,30.84,5.32,8.062,35.22,0.86,67.35,False,78.34,1
-15.3934,75.6399,18.94,2020,27.68,0.0,8.011,34.38,6.8,29.57,False,0.0,0
20.5316,-159.7646,18.67,1990,27.97,0.0,8.092,36.3,2.78,63.87,False,0.0,0
-17.4416,47.425,27.72,2000,28.4,0.77,8.164,35.69,4.67,40.14,False,0.0,0
-25.6487,95.2739,8.22,2005,29.69,3.65,7.904,36.51,4.31,69.76,False,52.19,1
12.1968,100.2651,7.95,2017,28.81,0.0,8.074,33.85,12.55,31.37,False,15.09,0
-5.8484,97.2402,15.88,1998,26.52,0.0,8.04,35.56,2.87,35.54,False,0.0,0
25.2024,-98.5383,22.78,1997,29.3,3.3,8.025,35.13,7.74,22.96,False,32.35,1
9.0153,171.1435,13.97,2014,28.21,0.0,7.909,35.36,1.5,57.6,False,0.0,0
-24.5749,178.2656,19.38,1999,28.86,0.0,8.109,34.46,6.45,75.63,False,1.62,0
26.8714,-152.7855,14.12,1992,28.81,0.0,8.171,33.03,12.16,43.66,False,0.0,0
-14.4866,157.1207,18.7,2012,26.59,0.0,8.087,35.82,7.99,35.63,False,0.0,1
-9.7673,-75.7983,24.85,2012,29.35,0.0,7.934,35.86,4.25,44.9,False,18.29,1
-5.8644,68.1423,6.23,1993,27.98,0.0,8.203,36.48,6.41,73.8,False,0.0,0
-26.9265,-58.2801,21.17,2012,28.54,0.0,7.883,36.85,8.56,51.27,False,0.0,1
-0.2091,168.3916,23.84,1998,30.01,4.52,8.137,33.8,13.62,47.5,True,71.38,1
-22.6009,-143.4586,13.97,1993,29.43,0.0,7.91,33.27,12.65,32.93,False,9.48,0
-5.9418,-0.8111,10.37,2023,27.93,0.0,8.044,36.14,14.44,57.54,False,0.0,0
-8.9574,-25.9028,1.39,2007,26.64,0.0,8.066,36.51,3.09,45.59,False,0.0,0
16.3704,-62.6316,24.12,2023,31.37,7.73,8.042,33.68,3.37,59.78,True,100.0,1
18.1902,52.3922,10.51,2023,27.61,0.0,7.9,33.44,1.95,51.47,False,0.0,0
-20.7952,-132.8199,11.36,1992,25.57,0.0,8.156,36.4,7.87,49.65,False,0.0,0
-8.0069,77.9985,10.74,2008,29.46,3.06,8.051,36.91,3.12,71.16,False,34.05,1
-7.5988,173.0132,15.46,2023,28.82,0.17,8.01,34.63,10.49,55.14,False,6.55,0
-20.9154,109.6411,21.37,2015,27.58,0.0,8.022,36.62,14.37,24.14,False,0.0,0
17.9072,129.606,23.38,2020,28.31,0.0,8.08,36.09,8.73,31.94,False,0.0,1
12.4337,-50.5308,12.38,2016,29.63,3.04,8.107,34.16,10.9,62.93,False,11.73,0
-18.5771,-63.0408,20.23,1992,28.48,0.0,8.044,33.63,3.4,66.32,False,0.0,0
-7.9967,6.1374,21.9,2001,27.95,0.0,8.079,33.78,12.34,51.64,False,0.0,0
-23.6517,-163.5384,9.61,2012,30.51,2.77,7.947,35.1,12.92,76.55,False,49.56,1
7.6924,160.3289,3.8,2006,28.49,0.0,8.151,34.59,13.33,64.6,False,12.88,1
-22.7177,-128.2373,26.95,2005,27.77,0.0,8.112,36.83,13.05,61.24,False,0.0,0
29.1561,145.0847,20.64,2006,27.16,0.0,7.88,34.66,5.02,63.04,False,0.0,0
16.8409,-149.9104,19.8,2004,29.26,1.6,8.086,33.39,8.15,55.08,False,0.0,0
-6.5857,116.145,2.71,2015,29.48,1.75,7.985,33.48,4.98,67.13,False,17.6,0
4.7138,-125.2935,24.72,1991,25.89,0.0,7.939,36.62,13.24,31.92,False,0.0,0
24.6805,-166.2726,17.42,2006,29.31,0.86,7.91,35.07,13.67,62.79,False,8.41,0
3.246,79.0162,25.59,1990,26.54,0.0,8.021,36.78,10.28,67.29,False,0.0,1
-19.5301,-79.1045,29.26,2019,30.23,4.44,7.938,36.8,3.69,73.11,True,84.38,1
-7.2778,77.2186,28.76,2021,27.56,0.0,7.92,36.85,2.14,30.88,False,0.0,0
20.5887,19.8307,25.83,2019,29.27,0.0,7.976,36.69,13.61,78.26,False,0.0,0
8.6528,-140.8293,1.32,1993,29.59,0.0,7.95,36.55,5.67,66.09,False,39.08,1
9.0435,155.5668,26.69,2021,28.77,1.26,8.072,35.48,9.92,41.0,False,0.0,0
22.0093,-17.1669,3.18,1990,27.07,0.0,8.015,36.81,12.35,38.09,False,0.0,0
23.6384,84.401,25.68,2008,26.12,0.0,8.038,36.18,10.2,74.72,False,0.0,0
25.1876,0.3674,9.13,2022,30.45,6.57,7.922,35.72,14.84,33.06,True,100.0,1
-24.309,37.5701,18.69,2008,26.73,0.0,8.096,36.58,8.83,50.68,False,0.0,0
2.6476,-71.0015,2.1,2016,28.4,0.0,8.148,36.23,8.62,65.78,False,37.33,0
14.4306,-107.8703,23.36,2002,26.45,0.0,8.101,34.53,9.44,40.58,False,0.0,1
15.4156,15.3253,4.24,2016,27.06,0.0,7.97,34.12,8.24,77.08,False,0.0,0
6.403,-21.5212,12.91,2003,29.0,2.64,8.045,33.6,11.77,57.46,False,15.05,0
-19.9928,-39.5592,24.71,2013,28.43,0.0,8.154,36.8,14.1,39.96,False,0.0,0
17.8452,62.1242,21.17,2008,30.37,3.91,7.976,33.34,13.63,31.66,False,78.2,1
13.2067,68.5824,1.18,2014,29.01,1.25,8.108,36.08,7.66,47.44,False,38.99,0
-24.8319,-163.4688,12.69,2000,30.59,6.98,7.919,34.55,13.95,67.29,True,100.0,1
-2.1714,-58.052,2.22,1998,28.31,0.0,8.181,34.87,2.6,52.38,False,0.0,0
-19.5614,-31.7648,20.53,1995,27.38,0.0,7.943,33.48,8.56,23.58,False,0.0,0
-9.7514,-145.1188,29.1,2018,28.94,0.0,8.104,33.47,7.87,64.18,False,0.0,0
-28.9151,-95.0757,20.0,1998,28.82,0.0,7.974,34.4,3.56,34.35,False,0.0,0
-5.9802,-161.409,7.51,2022,27.07,0.0,8.195,35.85,14.76,40.77,False,0.0,1
2.9926,178.6472,11.3,2012,29.94,2.84,8.027,34.07,14.4,46.3,False,41.11,1
7.175,85.1606,29.32,2004,29.34,0.89,7.954,35.79,0.53,71.54,False,6.36,0
9.8094,-148.5179,7.5,2000,28.76,0.44,7.982,36.99,8.3,75.49,False,0.0,0
20.1775,-172.7102,17.28,2012,29.3,0.69,8.164,34.7,2.71,78.66,False,0.0,0
-17.0722,78.9436,12.61,2015,29.39,2.66,8.14,36.74,5.43,30.45,False,43.7,1
-22.7711,-21.8908,23.28,1990,26.97,0.0,8.168,33.32,5.31,56.45,False,0.0,0
21.0922,103.2468,26.15,2019,28.03,0.0,8.074,34.25,5.49,48.89,False,0.0,0
-20.6032,152.4514,10.88,2006,27.86,0.0,7.899,35.4,8.84,33.71,False,0.0,0
28.4856,35.7481,20.15,2012,28.93,0.0,7.954,33.86,7.96,35.23,False,0.0,0
20.5523,-112.641,16.92,1994,30.38,2.47,8.231,34.49,7.23,35.99,False,39.76,1
0.0526,101.5899,9.07,1998,26.09,0.0,7.867,34.81,8.07,46.24,False,0.0,0
28.8853,164.0922,8.89,1993,30.57,3.05,8.1,35.7,9.17,32.49,False,58.88,1
-24.1574,28.8833,16.62,1996,29.09,0.92,7.931,33.87,4.16,58.93,False,0.0,0
-11.8161,65.5191,5.47,1990,28.24,0.0,8.11,34.41,12.32,30.38,False,0.0,0
8.2935,-58.5091,24.51,2005,27.36,0.0,7.933,36.82,8.51,53.82,False,0.0,0
-8.9996,-42.65,3.0,2014,28.4,0.0,8.179,34.06,4.32,46.8,False,13.93,0
25.7024,84.4756,3.74,1995,28.15,0.0,7.945,35.94,2.99,48.13,False,10.01,0
-26.0624,153.9976,10.92,2003,26.08,0.0,8.176,36.48,11.6,38.43,False,0.0,0
2.9647,46.4358,4.42,2000,29.2,2.4,8.149,35.69,8.13,57.33,False,41.12,1
5.452,104.3452,14.8,1990,27.03,0.0,7.984,36.15,3.18,37.16,False,0.0,1
9.1637,-118.2114,12.59,1990,28.49,1.9,8.107,36.94,12.66,41.52,False,9.41,0
-14.66,-103.6947,21.93,1997,27.16,0.0,8.115,34.33,10.66,39.89,False,0.0,0
-8.126,11.5325,28.64,2021,29.75,5.94,7.867,34.03,5.25,15.79,True,64.85,1
20.6208,-116.4405,22.85,2022,26.7,0.0,8.019,34.8,4.53,66.63,False,0.0,0
-18.3034,48.5982,6.2,1997,26.65,0.0,8.068,35.55,3.69,56.47,False,0.0,0
19.6121,-75.0049,28.13,2003,29.62,2.1,8.043,33.43,1.54,32.31,True,40.13,0
3.7593,104.9517,12.37,2013,28.49,0.0,7.824,33.21,14.19,59.41,False,0.0,0
15.7313,110.9197,14.75,2018,29.09,0.0,7.96,33.55,14.38,57.74,False,0.0,0
12.8164,-13.0365,13.23,2014,27.9,0.0,8.081,33.67,6.37,46.27,False,0.0,0
-17.5493,-114.9082,9.14,1995,28.52,0.0,7.892,33.16,1.85,43.32,False,21.98,1
4.1288,52.839,26.96,1990,26.22,0.0,8.011,35.37,5.44,35.13,False,0.0,0
22.0634,177.4033,10.63,2012,26.96,0.0,7.882,35.32,5.72,36.53,False,0.0,0
-4.073,44.1327,17.78,2022,30.47,3.81,8.013,34.92,4.26,52.04,False,63.03,1
27.9954,-167.1211,7.96,2003,26.41,0.0,8.047,33.52,1.96,65.65,False,0.0,0
-2.8671,-173.7742,24.12,2017,27.93,0.0,7.966,36.79,1.97,67.25,False,0.0,0
-21.4329,-64.6697,23.45,2018,28.82,0.0,7.889,35.82,14.11,74.15,False,0.0,0
-6.6339,-109.5178,9.59,2012,29.78,3.67,8.086,33.41,12.02,34.78,False,74.02,1
27.1021,112.6984,20.77,1999,28.29,0.0,8.004,35.31,3.88,50.1,False,0.0,0
-10.8167,124.13,21.41,2016,29.49,2.79,8.09,33.16,10.84,68.01,False,9.97,0
22.0859,-86.8972,17.31,1997,29.28,1.03,8.141,34.62,1.32,53.94,False,5.47,0
22.875,-62.7679,18.42,1993,26.85,0.0,7.854,36.23,4.17,79.17,False,0.0,0
-8.9888,-94.9511,17.66,2010,28.27,0.0,8.009,35.13,10.5,42.57,False,0.0,0
-25.0045,147.0177,3.37,2010,26.64,0.0,7.899,33.38,9.55,36.7,False,0.0,0
13.4735,0.9538,20.44,2019,29.22,0.83,8.066,36.39,9.56,39.07,False,18.53,0
-11.3093,56.2093,14.62,2002,28.18,0.0,7.936,33.3,5.92,68.45,False,0.0,0
16.9754,-30.4264,13.72,1992,26.81,0.0,7.971,34.95,5.17,52.39,False,0.0,0
-3.4407,47.1651,25.94,2009,28.42,0.0,8.022,35.06,6.22,57.09,False,0.0,0
-0.884,-41.0921,1.67,1994,27.73,0.0,8.165,36.09,4.65,62.69,False,0.0,1
16.6746,-57.7158,8.29,2011,26.7,0.0,8.093,36.94,1.73,65.48,False,0.0,0
-7.0582,48.4128,4.52,1991,29.61,0.0,8.094,34.6,3.42,31.12,False,7.71,0
-3.4124,32.7823,2.02,2014,29.83,0.0,7.958,35.56,1.17,53.76,False,24.51,0
-7.4286,-74.3299,8.99,2013,26.35,0.0,7.923,35.08,2.98,55.49,False,0.0,1
-7.9596,-126.2346,29.67,1994,29.43,1.37,8.09,33.32,4.62,77.54,False,18.9,0
1.5568,-47.3124,8.84,2005,29.95,1.54,7.947,36.19,5.54,40.61,False,53.31,0
18.528,-30.5288,20.25,2004,27.14,0.0,7.937,35.09,14.13,36.43,False,0.0,0
-8.2939,46.3264,4.43,2002,26.89,0.0,8.033,35.43,12.17,60.62,False,0.0,0
1.4553,149.2304,18.45,2000,29.37,0.53,7.899,34.35,7.91,33.89,False,2.01,0
10.2436,-166.9735,29.55,2005,30.24,5.34,8.107,36.66,10.05,59.45,True,57.84,1
-13.8336,-92.282,9.46,2007,29.23,0.0,7.921,35.75,3.0,47.2,False,0.0,1
-13.3486,-110.2623,25.59,2014,27.97,0.0,8.095,34.43,8.35,65.04,False,0.0,0
26.0048,0.826,29.93,1993,26.14,0.0,8.21,34.99,12.14,63.74,False,0.0,0
13.4121,-25.3077,18.07,2010,28.79,2.27,7.806,34.22,2.78,72.46,False,0.0,0
4.6312,82.4535,9.97,2000,27.86,0.0,8.063,35.56,11.82,60.84,False,0.0,0
8.8632,-92.7303,20.53,2023,27.66,0.0,7.954,36.24,6.97,49.22,False,0.0,0
-28.242,34.0194,25.5,2019,29.74,5.47,7.967,34.37,3.41,11.65,True,98.65,1
7.0862,138.1886,5.97,1993,28.56,0.0,8.098,36.27,1.24,46.69,False,0.0,0
0.5705,147.844,14.12,2003,27.55,0.0,8.072,36.71,14.36,77.8,False,0.0,0
2.745,165.1625,10.26,2000,29.69,2.41,8.025,34.58,3.03,63.73,False,43.54,1
-8.4346,98.374,9.22,1993,26.17,0.0,7.991,33.92,12.22,30.37,False,0.0,0
-25.1116,146.1556,25.96,2015,29.02,0.0,8.05,36.77,8.31,38.0,False,0.0,0
-18.3996,-95.5689,13.23,1992,27.89,0.0,7.949,33.22,13.85,65.39,False,22.24,0
27.0447,-108.8709,10.83,1993,27.05,0.0,7.904,34.93,12.42,30.73,False,0.0,0
-5.478,-177.6643,18.5,2015,30.27,3.74,7.86,36.12,4.01,26.43,False,69.74,1
-1.999,74.464,7.36,2000,29.41,1.21,7.848,33.18,14.86,67.04,False,23.59,0
-26.8374,157.4882,7.67,2000,29.18,0.92,7.919,35.56,6.17,67.87,False,25.72,0
-27.746,-112.7033,16.09,2009,30.48,3.6,7.925,36.36,12.3,54.5,False,80.84,1
13.0309,49.2997,12.87,2015,26.31,0.0,8.038,34.19,14.78,30.31,False,0.0,0
2.2857,88.7255,9.55,2001,27.2,0.0,8.021,34.24,4.93,69.52,False,0.0,0
0.5224,153.9411,2.56,2018,28.65,1.1,7.996,33.14,11.32,39.51,False,25.87,0
-15.4125,52.8697,16.1,2003,30.34,3.15,7.818,35.2,3.0,58.94,False,62.04,1
14.685,169.3057,24.68,2014,29.19,0.82,7.809,33.25,9.14,53.24,False,6.21,1
-19.9058,-55.9177,25.69,2015,27.32,0.0,8.102,33.01,6.49,69.04,False,0.0,0
-18.6039,-54.0257,7.83,1999,28.87,0.0,7.9,33.51,5.24,50.02,False,0.0,0
-2.3573,15.4845,18.39,2003,27.1,0.0,7.954,34.74,1.87,42.84,False,0.0,0
-12.8232,-41.9393,25.82,1994,28.45,3.81,7.901,35.99,2.87,43.92,False,19.79,0
-15.1522,-179.4867,12.85,2011,27.27,0.0,8.026,35.7,14.18,75.75,False,0.0,0
8.7143,83.4379,28.03,2000,29.13,0.0,8.025,34.25,9.47,35.17,False,0.0,0
9.0583,90.6181,27.19,2018,29.18,0.0,7.959,34.28,2.72,49.78,False,11.48,0
19.471,88.9109,7.04,1996,27.12,0.0,8.014,35.63,7.45,65.84,False,0.0,0
-4.9375,-55.7926,8.51,2007,30.91,6.32,8.145,35.83,11.15,51.87,True,100.0,1
-25.6149,8.0242,6.23,2020,26.8,0.0,8.019,35.89,12.17,77.8,False,0.0,0
-13.58,-50.4095,6.69,2009,26.4,0.0,7.944,33.63,11.15,57.32,False,0.0,0
28.8003,-174.2269,27.33,1996,28.29,0.0,8.104,33.26,2.81,54.78,False,0.0,0
5.7755,22.4816,28.0,2019,29.17,2.2,7.933,35.02,13.91,61.3,True,48.15,0
12.5842,-135.4462,2.51,1993,27.66,0.0,7.889,34.59,7.71,70.48,False,0.0,0
-29.5585,-151.1851,18.21,2019,30.7,4.08,7.98,36.72,10.58,59.89,True,81.83,1
1.0923,91.9797,17.36,2019,29.07,0.02,8.145,33.02,4.59,39.84,False,8.91,0
-27.7483,-176.5778,12.33,2019,29.98,1.93,8.049,36.24,9.72,51.79,False,35.95,1
4.1538,165.243,19.32,2007,30.33,4.11,8.221,36.97,8.15,27.08,True,97.59,1
25.2463,5.4919,28.47,1999,28.72,0.0,7.895,36.4,3.39,52.57,False,0.0,0
28.1051,173.8859,5.94,2003,28.62,0.0,8.025,36.26,13.53,24.35,False,11.04,0
2.4332,-159.1209,4.49,2012,28.77,0.0,8.12,33.09,9.74,28.32,False,23.6,1
-2.5077,30.0706,1.97,2001,29.45,1.92,7.971,36.46,5.35,39.68,False,29.25,0
26.701,-54.2423,11.55,2001,27.35,0.0,8.025,35.34,9.32,64.74,False,0.0,0
10.4166,123.6537,10.79,2023,29.73,3.05,8.123,35.62,13.09,59.99,False,54.32,1
-26.106,-49.9598,13.49,2015,30.26,0.0,8.063,34.59,8.54,33.15,False,27.4,0
-2.0565,-86.2245,15.6,1995,28.67,0.0,8.108,36.78,6.57,37.66,False,5.13,0
-15.5853,128.7191,22.98,2004,26.64,0.0,7.886,35.09,9.88,61.29,False,0.0,0
-1.8117,-45.1249,12.37,2008,28.85,3.84,8.07,35.47,5.43,40.48,False,46.18,1
-2.6721,-173.94,10.59,2012,28.12,0.0,7.866,33.84,8.49,68.98,False,0.0,0
4.9287,-39.4959,24.98,2002,30.53,2.37,8.12,35.23,6.7,69.04,False,61.92,1
-8.5938,55.628,25.64,2020,27.09,0.0,8.049,33.88,3.76,38.36,False,0.0,0
-20.1438,-88.4306,7.75,2015,30.24,3.38,7.915,33.46,3.02,44.07,False,46.63,1
0.2232,-24.4845,10.13,2007,27.19,0.0,8.039,35.06,7.53,55.49,False,0.0,1
19.8122,-159.5826,24.93,2022,29.03,1.33,8.034,36.38,3.72,70.39,False,11.56,0
9.8407,31.7134,3.3,2021,29.22,3.14,7.935,36.51,9.25,38.33,False,7.33,0
-9.6979,92.2662,10.45,1993,29.21,0.0,7.996,36.75,13.75,38.35,False,19.0,1
26.1314,-31.2075,14.0,2008,25.73,0.0,7.961,36.75,7.13,49.34,False,0.0,0
24.7325,-28.7163,6.43,1996,29.49,3.41,7.97,36.87,13.19,37.1,False,53.76,1
-17.4391,-148.2183,6.22,2015,25.76,0.0,7.991,35.89,14.05,26.43,False,0.0,0
-27.6349,-107.3013,13.32,2012,30.69,3.82,7.941,33.45,9.19,41.83,True,100.0,1
14.4785,-124.3169,22.88,2023,28.98,0.51,8.022,35.47,8.97,29.66,False,2.62,0
19.6566,-6.5924,25.37,1996,27.38,0.0,8.082,35.44,10.69,77.6,False,0.0,0
28.0719,10.532,29.4,2000,28.23,0.0,8.161,33.43,2.53,57.36,False,0.0,0
23.3902,161.6184,3.15,1997,28.96,0.87,8.18,35.81,9.34,76.54,False,23.89,0
6.0321,-153.6367,7.28,2002,28.39,0.07,8.063,34.66,8.6,67.83,False,10.23,0
1.8031,35.9525,22.94,2021,27.1,0.0,8.161,33.28,3.79,56.16,False,0.0,1
-28.3295,9.5395,16.68,2023,31.49,7.61,8.023,36.74,10.71,30.12,True,100.0,1
-15.2006,5.8439,10.5,2007,27.68,0.0,7.843,33.77,12.13,56.51,False,0.32,0
-2.4231,134.3373,6.96,2004,28.48,0.0,8.129,33.5,3.77,56.91,False,8.14,1
7.7102,-106.0062,9.13,2013,28.69,1.12,8.038,33.81,0.93,29.87,False,0.0,0
3.4351,-165.3216,13.45,2010,27.29,0.0,7.88,36.06,8.06,63.2,False,0.0,0
14.5582,62.0177,6.14,2007,27.14,0.0,7.89,36.08,3.02,69.85,False,0.0,0
-13.214,-55.7433,28.96,2003,26.07,0.0,7.884,33.34,0.95,71.81,False,0.0,0
3.8972,-173.6676,4.12,2008,30.71,5.65,7.976,35.05,6.55,52.07,False,83.88,1
-24.7115,-89.5054,29.58,2002,26.93,0.0,8.105,35.76,8.62,55.93,False,0.0,0
-5.1801,-68.6424,25.41,2005,30.03,0.6,7.888,35.73,11.41,49.02,False,34.68,1
15.0096,42.0618,13.27,1991,27.52,0.0,8.054,35.68,5.79,50.3,False,0.0,0
11.6041,-117.8691,22.45,2023,27.13,0.0,7.906,34.7,3.59,66.77,False,0.0,0
29.4386,-31.3004,20.47,2015,27.79,0.0,8.132,34.64,5.26,57.24,False,0.0,0
-13.3265,-6.3088,7.19,2011,29.84,3.99,8.038,36.68,7.76,23.6,False,65.08,1
-0.1086,-14.6745,10.83,2009,27.52,0.0,8.155,36.81,10.24,56.66,False,0.0,0
-10.2282,170.6187,15.88,2018,27.54,0.0,8.068,33.71,9.72,68.81,False,0.0,1
-3.5638,-163.6185,19.5,2007,25.75,0.0,8.017,36.98,8.17,42.08,False,0.0,0
21.417,162.3485,16.74,2018,27.64,0.0,7.912,33.55,4.2,53.43,False,0.0,0
11.0525,29.4974,14.72,2016,30.19,4.19,8.034,36.15,8.65,32.6,True,82.6,1
22.9465,106.462,13.85,2018,30.11,0.18,8.059,33.42,10.49,56.98,False,29.44,0
-17.7893,-25.0587,15.45,1995,26.79,0.0,8.079,35.5,13.47,57.06,False,0.0,0
22.4017,-16.6184,13.6,2014,25.68,0.0,7.876,35.22,0.54,48.07,False,0.0,0
-26.4143,136.5575,16.7,2010,29.38,1.93,8.038,36.99,8.96,53.8,False,18.81,0
23.316,142.5364,26.75,2020,28.1,0.0,8.093,35.07,9.51,49.23,False,0.0,0
-10.2556,-94.072,19.35,2005,30.07,4.09,7.969,35.53,3.59,54.66,True,77.68,1
-11.1247,-108.2729,21.96,2003,26.83,0.0,8.024,35.88,8.61,80.84,False,0.0,0
0.7253,-1.3553,18.33,1995,27.56,0.0,7.838,35.9,11.28,47.37,False,0.0,0
26.4414,144.0997,19.65,2000,26.17,0.0,7.916,35.55,12.56,24.61,False,0.0,0
-27.1331,-63.9522,17.77,2016,30.37,2.84,7.966,36.14,10.05,61.81,False,60.06,1
-8.8661,54.7253,1.78,1994,26.19,0.0,8.11,35.93,14.64,47.11,False,0.0,0
21.3943,74.9346,29.99,2004,27.32,0.0,7.931,34.47,12.58,53.88,False,0.0,0
-6.2367,100.3229,1.97,2005,27.99,0.0,8.055,33.49,6.22,58.19,False,0.0,1
-18.0506,23.0128,12.46,2007,26.66,0.0,7.914,36.61,13.12,60.53,False,0.0,0
-4.5123,-35.1161,4.05,2022,26.01,0.0,8.217,33.04,3.58,71.44,False,0.0,1
-6.8668,168.1258,3.81,2013,27.32,0.0,8.063,33.81,10.73,47.95,False,0.0,0
24.925,40.0791,24.01,1996,30.35,1.99,8.049,35.2,2.93,47.9,False,0.0,0
15.7161,82.2835,13.35,2003,28.07,0.0,8.207,36.15,14.59,58.48,False,9.45,0
0.3069,-55.8062,24.23,2019,27.75,0.0,7.843,33.85,9.79,31.07,False,0.0,0
29.3022,61.1817,8.91,2013,30.23,3.7,7.877,35.54,11.3,47.06,True,100.0,1
-2.0833,-87.1928,8.44,2004,29.91,0.7,7.853,34.51,9.45,57.44,False,26.01,1
-26.5057,-91.7651,8.29,2002,29.78,6.4,7.97,33.01,6.86,32.93,True,100.0,1
-14.2635,77.3,18.87,2008,29.19,0.0,7.898,35.86,5.56,67.33,False,2.39,0
-3.8358,7.7021,24.63,2018,29.43,0.0,8.075,35.5,4.57,39.23,False,0.0,0
-20.5858,65.9796,14.12,2011,27.43,0.0,8.1,33.22,11.97,34.24,False,0.0,0
26.8539,-83.0021,12.0,1991,27.26,0.0,7.917,36.48,3.85,75.52,False,0.0,0
16.0109,35.5404,29.23,2002,26.19,0.0,7.975,33.68,12.9,35.99,False,0.0,0
-13.9028,-20.1839,4.39,2007,26.9,0.0,8.028,36.22,11.46,76.42,False,0.0,0
5.4483,34.9057,15.11,2004,27.57,0.0,8.206,34.61,6.41,85.11,False,9.74,0
13.2869,-75.2833,12.85,2006,29.51,0.0,8.054,33.87,9.8,40.44,False,0.0,0
26.4767,77.5623,3.85,2002,29.61,0.46,7.93,35.34,12.23,24.45,False,20.1,0
22.8981,110.1346,8.78,2011,29.12,0.0,7.978,34.8,0.74,43.93,False,0.0,0
0.9115,-86.4301,1.82,2010,27.9,0.0,7.913,36.6,4.43,66.29,False,0.0,0
16.4792,-71.7766,26.43,2015,28.9,0.0,7.989,35.58,14.57,75.62,False,0.0,0
3.7287,58.0155,18.63,1993,29.17,0.0,7.965,36.28,6.39,73.22,False,0.0,0
3.1622,70.4107,24.64,1996,28.53,0.18,8.112,33.17,10.6,73.87,False,0.0,0
-23.1155,73.4759,16.13,1999,27.98,0.0,8.126,34.9,3.14,35.51,False,0.0,1
-22.4317,65.7715,18.39,2004,27.42,0.0,8.099,34.3,5.86,56.13,False,0.0,0
1.772,-38.5892,21.32,2015,29.02,4.08,7.921,33.64,12.14,39.6,False,20.07,1
-13.8683,-37.8527,27.33,2005,27.13,0.0,8.026,36.9,7.28,51.61,False,0.0,0
-28.7378,-88.2657,3.66,2023,28.88,2.71,7.965,35.76,13.54,51.31,False,1.93,0
13.3704,-123.5399,10.6,2006,29.5,2.44,7.776,34.24,0.75,44.46,False,25.46,1
-28.0508,69.3279,21.56,2005,26.6,0.0,8.071,34.73,8.45,66.14,False,0.0,0
5.7166,-146.452,28.79,2023,27.88,0.0,7.882,35.06,12.16,29.02,False,0.0,0
2.3516,157.6052,29.44,2018,30.48,6.05,7.835,33.06,6.4,52.14,False,83.68,1
28.1289,117.6071,19.5,2007,29.83,0.6,8.143,36.1,4.49,61.74,False,0.17,0
-0.9472,128.7021,6.61,2000,28.26,0.0,8.119,36.23,4.12,36.61,False,0.0,0
-26.1839,146.4008,4.46,2001,27.64,0.0,7.925,35.9,5.84,56.47,False,0.0,0
3.1013,-32.9022,28.44,1991,26.66,0.0,8.135,34.51,11.25,36.64,False,0.0,0
20.4658,124.8123,13.58,2007,28.67,0.0,8.066,33.4,3.09,56.17,False,0.0,0
29.811,-123.0979,6.65,2022,30.5,5.6,7.88,33.02,9.02,46.55,True,95.49,1
-4.1794,-172.209,28.08,1998,26.24,0.0,8.125,34.75,0.82,82.44,False,0.0,0
-10.7821,102.5609,4.03,2004,29.92,3.22,7.952,36.8,1.96,28.31,False,45.38,1
24.3992,-153.0732,22.16,2017,29.97,3.27,8.024,34.86,3.59,76.44,False,5.99,0
-18.5255,175.8689,19.13,1997,28.04,0.0,8.081,36.59,8.28,49.74,False,0.0,0
6.9257,62.9267,3.54,1997,25.99,0.0,7.88,35.38,11.64,35.45,False,0.0,0
-5.6571,91.2419,10.82,2008,30.81,4.27,8.046,35.49,2.42,61.19,True,96.22,1
-27.5351,-91.5106,5.35,1993,29.0,0.0,8.003,36.21,8.88,83.33,False,27.71,1
-9.1627,62.5915,18.53,2016,27.57,0.0,8.075,34.15,10.93,65.91,False,0.0,0
-14.0863,-164.4408,14.84,2002,28.71,0.27,8.027,35.12,12.79,68.14,False,0.0,0
11.1655,121.6173,1.12,2010,29.17,0.0,7.997,33.36,3.98,29.64,False,33.25,0
26.9274,-118.9353,29.3,2015,27.18,0.0,7.904,36.82,2.5,51.24,False,0.0,0
-13.9172,71.0489,11.14,2012,26.63,0.0,8.071,36.98,9.45,33.97,False,0.0,0
18.688,-99.187,8.49,2019,27.54,0.0,7.838,35.28,5.82,46.42,False,0.0,0
-26.6784,-155.3569,7.45,2020,30.49,2.01,8.061,36.69,9.51,64.93,False,42.39,1
2.2873,-6.6623,5.61,2020,26.82,0.0,8.006,36.34,4.06,58.75,False,0.0,0
-25.767,-119.057,29.97,2005,27.14,0.0,8.066,35.1,3.89,42.27,False,0.0,0
26.042,82.5998,9.56,1996,25.77,0.0,7.977,35.48,11.57,66.21,False,0.0,0
15.9811,-94.4763,12.76,2006,30.02,3.89,7.859,35.92,4.59,53.24,True,98.13,1
9.477,-56.7099,26.27,2013,27.37,0.0,8.009,34.33,14.32,55.09,False,0.0,0
19.4338,24.2781,19.61,2009,29.64,0.0,7.908,34.24,11.19,27.61,False,4.34,0
8.8512,-77.4114,11.69,2016,26.19,0.0,8.037,36.31,14.22,50.88,False,0.0,0
28.1367,-43.9243,27.05,1991,28.74,0.0,8.128,33.75,9.82,41.61,False,0.0,0
12.8375,113.6238,22.74,1990,29.17,0.0,8.169,33.95,11.85,79.65,False,0.0,1
25.4795,-115.4845,7.61,2023,27.03,0.0,7.915,35.37,6.1,72.35,False,0.0,0
1.0279,-150.4074,19.67,2016,27.39,0.0,8.119,34.59,14.89,49.22,False,0.0,0
-22.9761,-61.7912,27.75,1995,27.18,0.0,8.067,33.52,4.39,70.3,False,0.0,0
1.6907,-27.2244,15.4,2016,28.21,0.0,7.836,36.94,1.73,49.61,False,0.0,0
-22.3876,15.3573,22.27,2005,27.98,0.0,7.839,34.89,13.15,53.61,False,0.0,1
5.5496,-45.9275,29.16,2016,26.4,0.0,8.127,37.0,8.56,67.74,False,0.0,0
-1.0504,104.3682,21.02,2017,29.16,0.09,7.953,34.81,6.45,57.88,False,18.3,0
7.3545,-165.845,3.97,1992,26.9,0.0,8.25,36.14,5.1,63.44,False,0.0,0
-29.3972,-24.5637,8.09,2020,28.2,0.0,8.049,35.82,14.39,73.29,False,2.86,0
-18.3096,-42.3879,18.26,1992,26.49,0.0,8.121,34.3,13.81,41.57,False,0.0,0
-0.5202,53.1283,8.99,2013,27.36,0.0,8.011,33.33,13.07,43.84,False,0.0,0
27.0302,167.8595,28.77,2015,27.34,0.0,7.984,33.61,9.78,44.34,False,0.0,0
-6.9835,3.7351,12.76,2017,28.44,0.0,8.163,33.15,3.87,64.93,False,11.34,0
-4.5377,175.2757,14.26,1998,27.03,0.0,7.935,35.63,13.0,42.07,False,0.0,0
12.8818,-71.1902,21.35,2016,30.11,3.93,8.009,33.26,13.67,27.84,False,56.38,1
6.2276,-168.8875,16.2,1992,29.02,0.0,7.94,34.18,5.25,75.53,False,0.0,0
-12.0644,-120.3613,12.08,2017,30.09,4.13,7.826,33.46,9.7,33.02,True,80.85,1
-5.351,-37.755,3.22,2021,30.84,3.98,8.039,35.33,0.51,67.74,False,38.02,1
-16.938,-66.1198,18.3,1996,29.85,1.7,8.052,35.81,11.89,62.8,False,14.75,1
27.9613,-145.0605,26.16,1996,27.43,0.0,7.961,34.78,10.89,65.46,False,0.0,0
-22.1619,-24.2424,20.89,2010,27.74,0.0,8.052,36.83,3.39,47.38,False,0.0,0
-7.6898,-58.2783,12.06,2021,28.36,0.0,8.027,34.08,4.04,77.58,False,0.0,0
-28.4497,-135.8571,4.7,2009,27.69,0.0,7.922,36.97,7.44,72.33,False,0.0,0
-16.6932,-73.3978,24.67,1997,30.1,1.67,7.879,35.34,10.05,32.68,False,0.0,0
16.8283,139.117,28.31,1993,27.38,0.0,8.12,36.44,11.13,69.04,False,0.0,0
-17.9295,-71.2624,12.26,2015,29.13,0.0,8.054,33.48,0.81,50.27,False,6.99,0
-25.1962,77.024,22.13,2004,28.24,0.0,8.0,36.93,1.06,65.33,False,0.0,0
-1.5328,40.3369,12.91,1995,29.89,3.67,8.052,36.02,8.94,40.3,False,22.67,0
-29.4018,-26.2148,15.57,2021,28.9,0.0,8.01,35.38,3.67,35.25,False,0.0,0
-24.914,-93.9508,25.26,1994,27.05,0.0,8.068,33.02,6.82,65.44,False,0.0,0
18.4576,-47.1547,3.42,1995,27.51,0.0,8.027,33.02,0.79,65.78,False,0.0,0
16.2884,33.1586,16.38,1992,29.59,4.16,8.084,33.68,7.61,30.19,True,44.44,0
24.9083,-53.7288,7.22,2018,29.98,4.92,7.851,34.63,0.66,24.05,True,73.35,1
21.2709,-102.6373,10.85,2008,29.46,3.09,8.048,34.18,14.84,55.04,False,51.39,1
10.9905,-138.0734,19.69,1999,30.33,6.84,8.059,36.4,2.71,38.94,True,100.0,1
-26.86,136.7161,1.79,1996,27.39,0.0,8.007,36.01,12.21,49.16,False,0.0,0
16.9709,-21.4873,18.22,1990,28.29,0.0,7.961,36.57,5.71,71.82,False,0.0,0
20.7306,45.075,9.22,1990,29.3,1.07,7.928,34.5,4.2,51.39,False,36.44,0
17.9449,-3.4523,20.42,2006,27.11,0.0,7.895,36.15,2.45,42.26,False,0.0,0
0.5087,134.1239,5.11,2011,27.71,0.0,8.181,36.37,13.13,68.84,False,2.81,0
-16.0259,16.8965,22.34,2003,27.48,0.0,8.039,36.99,5.17,69.82,False,0.0,0
20.7198,-6.9187,19.72,1995,28.67,0.01,7.947,36.11,11.23,72.05,False,14.95,0
13.6298,152.8564,29.17,2019,28.04,0.0,8.115,36.43,2.13,78.41,False,0.0,0
28.8457,79.0883,27.43,2022,29.11,1.21,8.091,34.22,14.73,45.42,False,6.83,0
-20.6584,-139.842,9.22,2009,27.25,0.0,8.032,35.68,8.88,33.86,False,0.0,0
-16.4601,-116.0264,1.79,2005,27.35,0.0,7.868,35.65,12.01,72.68,False,0.0,1
-17.2921,103.3642,20.01,1993,29.07,1.16,7.969,35.33,0.6,74.3,False,0.0,0
17.5524,120.9065,18.48,2023,30.14,0.38,8.056,36.85,10.27,49.33,False,11.78,0
-18.7856,16.2687,1.8,1990,26.94,0.0,7.942,34.67,13.56,38.9,False,0.0,0
-26.0004,19.6039,4.56,2002,26.47,0.0,8.147,36.47,8.09,58.11,False,0.0,0
29.9136,47.4959,17.96,1997,29.14,2.99,7.996,33.22,12.68,39.78,False,55.01,1
-28.511,-21.9183,27.44,2011,28.05,0.0,7.917,34.64,8.02,39.09,False,0.0,0
20.1146,64.8717,27.29,1993,27.02,0.0,8.06,33.29,14.62,35.75,False,0.0,0
-8.078,-140.9467,5.39,2023,28.44,0.0,7.864,35.38,2.48,57.32,False,0.0,0
20.4969,166.0605,12.15,2012,28.29,0.0,8.132,35.37,13.95,66.11,False,0.0,0
3.2772,90.0557,2.25,2009,26.76,0.0,7.996,34.39,9.02,75.29,False,0.0,0
24.0979,47.2227,14.61,2013,30.35,2.47,7.92,36.62,13.42,35.24,False,34.16,1
25.5716,-66.1241,22.84,2016,27.82,0.0,8.166,33.65,2.32,59.91,False,0.0,0
-29.4541,-122.056,23.91,2002,28.22,0.0,7.974,34.86,13.75,32.91,False,0.0,0
-25.4753,-32.6365,15.47,1994,28.81,0.0,8.249,35.36,7.64,50.24,False,0.0,0
-14.9785,58.1676,3.78,2005,29.22,0.79,8.198,33.79,7.13,83.09,False,16.02,0
10.1589,48.1355,12.06,2018,30.27,3.9,7.978,36.28,8.76,33.46,True,100.0,1
23.2963,-42.2492,28.03,2015,27.57,0.0,8.002,34.82,13.2,47.59,False,0.0,0
-2.4035,40.7831,7.66,2011,26.56,0.0,7.96,35.09,12.6,58.16,False,0.0,1
6.4184,112.9494,10.27,2013,27.38,0.0,8.124,34.63,2.3,48.71,False,0.0,0
-18.69,-170.5375,22.66,2002,26.28,0.0,8.145,35.42,0.67,60.28,False,0.0,0
18.298,-17.7764,22.27,2010,28.54,0.0,8.143,36.26,7.94,49.18,False,0.0,1
28.0397,93.0799,27.45,1990,28.69,0.12,7.941,34.34,14.86,61.02,False,0.0,0
-13.8841,16.612,12.26,1993,27.43,0.0,7.9,34.22,7.86,41.36,False,0.0,0
-0.3104,54.5314,15.92,1992,29.86,0.2,8.2,36.65,2.6,68.71,False,1.46,0
-24.833,6.0035,14.55,2012,29.42,2.46,8.078,37.0,6.8,46.25,False,28.92,1
3.5482,177.0748,27.9,2005,27.25,0.0,8.153,33.91,5.84,52.81,False,0.0,0
0.167,-160.3362,23.31,2002,26.83,0.0,8.056,33.87,14.35,37.0,False,0.0,0
-21.3338,-3.2239,25.11,2020,28.53,0.0,8.007,33.59,14.27,64.76,False,5.06,0
-3.476,-147.09,4.86,2013,28.37,0.0,8.033,34.17,1.54,38.94,False,0.0,0
-9.9537,-122.4772,23.96,2004,28.65,0.0,8.216,34.99,3.89,69.82,False,8.22,0
1.3099,-42.1062,13.56,1994,29.56,0.0,7.959,33.02,7.14,54.21,False,13.5,0
5.1393,-124.0056,1.68,2011,27.41,0.0,7.957,33.96,8.75,51.62,False,0.0,0
-29.4903,166.9274,2.74,2011,25.96,0.0,7.938,36.43,3.24,41.21,False,0.0,0
15.6604,160.8443,20.66,2000,29.71,0.74,8.036,33.5,8.99,49.88,False,17.4,0
12.7809,-59.0005,11.79,2013,30.03,5.14,8.16,36.35,3.45,47.67,False,55.92,1
-8.0228,50.3092,26.18,1999,29.96,1.92,8.02,35.24,6.61,33.23,False,27.35,0
-26.8238,12.1512,22.29,2023,30.52,4.05,7.992,34.06,8.09,50.18,False,33.8,1
15.296,113.6113,1.63,2000,26.29,0.0,7.882,34.82,14.64,72.42,False,0.0,0
27.3105,45.8804,20.92,2018,27.4,0.0,8.126,33.68,1.5,41.66,False,0.0,0
-15.5909,-179.9091,6.58,2011,29.63,1.75,7.961,35.38,13.93,67.59,False,0.0,0
-10.5885,94.7428,13.25,2022,29.86,2.14,7.841,33.33,2.48,47.32,False,10.43,1
-18.9712,88.8653,19.12,1997,26.6,0.0,8.133,35.44,1.91,52.25,False,0.0,0
4.6162,3.5002,26.31,2021,27.38,0.0,8.057,34.9,4.77,44.78,False,0.0,0
-20.7095,145.0508,14.23,2012,26.86,0.0,7.802,33.0,8.67,53.42,False,0.0,0
-8.6284,147.0406,24.45,1994,29.16,0.9,7.955,36.72,6.53,43.24,False,21.75,1
11.8208,8.6082,23.71,2020,29.87,2.6,8.025,33.12,8.07,47.39,False,33.05,1
3.607,38.8758,13.02,2018,29.94,3.84,7.914,36.41,11.79,31.26,False,29.4,0
-6.8122,178.7479,15.53,1995,27.28,0.0,7.929,34.02,12.55,73.95,False,0.0,0
-4.785,-72.4247,21.31,2014,28.75,0.0,7.963,36.93,14.45,71.39,False,1.46,0
3.7267,-63.1378,1.9,2014,27.0,0.0,8.141,37.0,13.93,44.33,False,0.0,0
-29.6481,-114.2014,26.83,2020,28.47,0.0,7.914,33.93,3.27,41.15,False,0.0,0
-25.2894,142.5121,23.32,2003,30.49,5.71,8.106,34.01,10.88,72.22,True,90.28,1
22.8755,88.0158,8.23,2006,25.6,0.0,8.109,36.39,11.37,38.77,False,0.0,0
-25.3273,-141.9686,29.45,2005,27.07,0.0,8.154,33.56,7.44,40.67,False,0.0,0
12.4082,173.4362,6.2,2017,30.15,5.19,8.175,33.01,13.34,29.16,True,91.91,1
25.2023,83.1462,27.51,1998,27.77,0.0,8.146,35.52,11.5,24.52,False,0.0,0
-13.759,126.188,10.41,1991,29.85,2.5,7.933,34.09,6.33,23.37,False,38.24,1
-7.7705,-162.6657,23.13,1993,26.09,0.0,7.992,34.48,6.62,58.07,False,0.0,0
4.1353,1.7859,14.23,2009,29.69,3.97,8.099,34.79,5.92,36.87,False,55.36,1
22.9025,71.4954,22.36,1995,29.03,0.0,8.045,34.06,7.84,47.37,False,0.0,0
26.5143,15.4608,5.52,1990,25.42,0.0,7.885,33.47,11.11,53.73,False,0.0,0
14.3738,59.9931,8.82,1992,27.99,0.0,8.203,35.83,5.11,60.83,False,0.0,0
-24.8028,114.4347,3.9,1992,27.18,0.0,8.073,34.97,3.81,41.44,False,0.0,1
10.1492,-45.2387,26.09,2022,28.13,0.0,7.908,36.07,0.99,46.2,False,0.0,0
-5.3818,125.5207,9.59,2004,27.75,0.0,7.964,36.63,12.06,85.86,False,0.0,0
-1.7579,-121.3502,21.14,1993,29.74,2.79,8.09,33.9,5.75,48.15,False,61.54,1
-27.0511,-82.481,24.79,2004,27.25,0.0,8.132,36.58,11.43,66.37,False,0.0,0
-18.5363,-164.3956,27.14,1996,27.22,0.0,8.273,36.83,2.12,82.09,False,0.0,0
17.4308,-48.8063,4.08,1993,26.76,0.0,8.117,34.19,8.22,50.46,False,0.0,0
-2.7625,-43.2326,26.9,1992,28.98,0.01,7.95,36.42,6.28,47.97,False,0.0,0
-11.9003,109.8974,6.72,2012,29.69,2.43,7.92,34.09,7.38,52.38,False,30.64,1
-6.9589,55.127,22.37,2003,27.9,0.0,7.928,36.35,13.92,50.85,False,0.0,0
21.264,-22.7799,22.14,1995,25.85,0.0,8.035,36.63,1.44,47.56,False,0.0,0
14.9399,54.761,1.25,2022,27.31,0.0,8.088,36.87,6.59,45.76,False,0.0,0
-13.6611,-160.998,7.4,1998,26.49,0.0,8.127,35.29,12.52,61.22,False,0.0,0
-22.9499,-115.1022,15.27,2001,28.99,0.36,8.156,35.19,9.46,55.08,False,9.53,0
-14.8801,45.7012,13.18,2020,28.09,0.0,7.982,33.41,14.75,37.91,False,0.0,0
25.2454,50.8921,27.64,1992,29.92,2.64,8.022,35.16,11.29,33.23,True,51.51,1
4.8953,98.6885,11.43,2002,27.13,0.0,8.015,36.36,1.88,82.0,False,0.0,0
2.0088,-34.9201,28.17,2002,29.91,0.64,7.866,33.04,5.98,26.53,False,35.99,0
5.7836,80.1195,14.32,2023,28.77,0.0,8.006,36.63,5.27,76.35,False,0.21,0
-8.0383,66.2329,28.97,2010,30.16,2.93,8.029,35.3,7.62,56.52,False,30.29,1
18.4264,166.8216,22.38,2023,31.2,8.82,7.953,35.57,9.51,57.59,True,100.0,1
1.3972,-102.5531,25.05,2017,31.01,3.82,8.087,35.92,4.15,52.99,True,60.83,1
-22.9951,18.6046,4.04,2003,29.26,0.15,8.091,36.71,9.62,31.88,False,18.58,1
-22.2561,36.6352,18.0,2007,26.47,0.0,7.998,35.78,4.33,32.03,False,0.0,0
2.2115,179.5132,5.14,2008,26.83,0.0,7.899,34.76,2.3,67.22,False,0.0,1
26.1942,-107.5737,9.63,2008,28.72,0.0,8.082,36.43,7.93,42.91,False,12.47,0
-11.4989,8.3585,19.08,2022,30.05,6.6,7.86,36.8,7.58,38.03,True,100.0,1
22.1725,-55.3733,22.06,2009,26.7,0.0,8.143,35.48,6.4,67.03,False,0.0,0
15.8457,9.3215,2.14,2018,30.31,2.42,7.962,36.06,8.21,44.29,False,52.04,1
-15.1313,-96.4337,16.4,1997,27.52,0.0,8.137,35.21,7.75,42.61,False,0.0,0
-27.8196,-162.8595,17.39,2014,28.05,0.0,8.054,33.44,8.98,75.37,False,0.63,0
-23.8892,26.1236,3.29,2006,27.34,0.0,8.104,35.44,14.52,80.15,False,14.93,0
13.7096,-59.0924,15.52,1990,26.78,0.0,8.07,35.28,10.74,32.44,False,0.0,0
-18.0198,-114.5011,21.7,2019,27.23,0.0,7.875,35.0,13.05,66.41,False,0.0,0
-7.7237,-63.3832,2.54,2017,30.07,6.01,8.023,35.26,7.71,40.32,True,100.0,1
0.1019,-162.2591,23.05,2022,27.8,0.0,8.042,34.36,10.54,36.21,False,0.0,0
13.5281,162.1592,17.72,2002,28.9,2.52,8.135,36.21,1.44,50.38,False,28.16,1
-23.2061,29.2132,25.16,2013,29.59,2.42,7.863,33.97,12.3,60.74,True,54.51,1
-5.618,113.3167,7.32,2011,30.68,6.05,8.007,34.73,14.22,42.89,False,88.65,1
-0.8956,-27.6774,25.16,2002,28.25,0.0,7.907,35.85,14.62,56.0,False,0.0,0
2.4496,145.1933,3.74,2001,29.28,4.36,7.952,35.25,3.18,42.68,True,54.96,1
19.1016,-6.0054,12.71,1996,29.69,4.62,7.974,33.52,14.49,45.23,True,85.77,1
-19.6993,26.6203,6.79,2018,27.34,0.0,8.012,34.98,8.37,39.53,False,0.0,0
18.4699,-2.9542,26.4,2018,27.59,0.0,8.106,35.99,12.88,28.06,False,0.0,0
11.5727,83.9802,21.44,2015,29.44,1.34,8.173,33.28,11.37,71.74,False,0.0,0
3.3522,23.9962,1.74,2016,26.58,0.0,7.845,36.41,13.64,80.47,False,2.19,0
11.9717,-82.2244,1.28,2013,27.08,0.0,8.126,35.04,9.42,67.14,False,0.0,0
-5.2789,-127.6058,9.45,2020,28.14,0.0,8.019,35.11,5.23,40.33,False,0.0,0
-21.6961,38.2048,5.16,1996,28.05,0.0,8.202,35.26,11.52,66.66,False,0.0,0
9.9459,-3.8952,19.28,2006,29.56,2.93,7.884,33.97,4.67,65.56,False,35.72,1
1.4803,-145.4487,20.25,2022,26.85,0.0,8.12,34.52,4.36,70.03,False,0.0,0
8.3625,-37.5777,28.32,2023,28.79,0.0,8.053,35.68,2.98,65.95,False,0.0,0
-9.7201,5.3195,28.61,2007,30.63,5.14,7.95,34.58,1.62,34.87,False,63.62,1
24.412,117.6816,20.11,1994,28.21,0.06,7.887,36.75,12.17,71.21,False,0.0,0
5.2422,-152.6036,1.16,1990,28.02,0.0,8.134,36.63,4.88,30.59,False,0.0,0
-24.8759,-54.5417,11.41,1996,27.1,0.0,7.963,33.7,6.27,72.24,False,0.0,0
-3.0118,116.1562,15.88,2023,29.59,1.71,8.018,33.79,11.74,48.57,False,33.09,1
15.3814,53.4326,15.48,1992,26.35,0.0,8.013,34.64,1.02,53.12,False,0.0,1
17.6481,-75.615,18.5,2001,27.96,0.0,7.913,35.33,5.29,44.33,False,0.0,0
-0.3242,124.3206,28.86,2004,28.9,0.0,7.915,36.53,13.86,54.62,False,0.0,0
23.6849,-2.4143,26.67,1993,29.06,0.04,8.076,33.5,3.45,45.22,False,0.0,0
-13.9399,-0.5933,4.16,2022,30.15,4.38,8.096,36.18,1.71,70.74,True,65.1,1
-5.3641,171.5714,8.71,2005,26.66,0.0,7.93,33.49,14.58,74.67,False,0.0,0
23.9158,160.9619,25.16,2018,28.11,0.0,7.831,35.22,10.28,62.46,False,0.0,0
23.7754,-50.9282,24.9,1995,28.55,0.0,8.125,35.32,12.36,55.87,False,0.0,0
11.1428,-129.3915,8.99,2012,27.99,0.0,8.061,36.86,2.86,63.76,False,0.0,0
21.5388,-62.76,22.19,2002,26.41,0.0,8.019,36.01,0.66,66.26,False,0.0,0
-24.6736,-169.026,20.49,1990,26.78,0.0,8.009,35.89,8.63,46.29,False,0.0,1
21.8997,-172.5236,14.73,2001,29.78,5.06,8.204,33.1,10.07,43.65,False,74.7,1
-10.7628,-37.612,6.84,2016,28.31,0.0,8.07,36.02,3.74,42.24,False,0.0,0
-19.3001,158.7671,26.77,2014,28.38,0.0,8.158,35.71,0.77,67.89,False,0.0,0
-15.6378,133.6886,20.66,2011,30.43,4.58,8.018,35.72,14.55,51.18,True,100.0,1
-4.9219,4.1194,5.9,2023,28.22,0.0,8.022,33.2,5.81,64.4,False,0.0,0
-14.9285,23.4815,21.44,2007,29.8,4.23,8.124,34.57,10.92,41.26,True,82.14,1
-10.7659,-177.8639,22.5,2005,25.92,0.0,7.999,33.46,7.34,46.38,False,0.0,0
-21.9013,-102.4196,26.72,2018,28.9,0.0,8.121,36.65,4.23,88.21,False,0.0,0
-12.2294,-171.0813,7.46,2019,29.06,1.73,7.992,34.47,14.33,46.66,False,15.1,0
4.337,91.6342,29.67,2019,29.2,2.61,7.997,36.5,8.48,38.46,False,0.0,0
-3.4888,-127.5675,5.45,2009,26.56,0.0,7.788,34.27,5.43,19.21,False,0.0,0
-9.1969,132.857,18.42,2011,28.26,0.0,8.077,35.68,11.18,37.77,False,0.0,0
14.7871,51.5968,20.06,2023,26.33,0.0,8.019,33.04,9.51,27.74,False,0.0,0
23.6106,-97.4093,13.15,1993,27.31,0.0,8.175,35.79,10.71,61.28,False,0.0,0
15.4074,-123.2207,14.78,2020,28.27,0.0,8.097,35.79,12.54,60.14,False,10.81,0
-10.08,45.9449,26.84,2003,28.35,0.0,8.073,33.55,2.86,64.8,False,0.0,0
14.6665,144.3013,19.71,1997,27.4,0.0,7.906,34.79,1.39,36.71,False,0.0,0
-20.8812,78.6097,15.41,1994,25.63,0.0,8.064,35.73,7.21,58.55,False,0.0,0
-22.1809,-54.5232,4.72,1997,27.1,0.0,8.061,35.12,0.82,59.16,False,0.0,0
-9.2624,31.4581,1.21,2000,26.68,0.0,8.081,36.7,3.54,51.69,False,0.0,0
18.4621,-68.1258,4.62,2018,28.89,0.0,7.971,33.84,2.9,47.63,False,1.96,0
-15.2191,179.6938,28.73,2010,29.01,0.0,8.052,36.86,11.6,62.41,False,11.09,0
-26.2048,89.5821,23.16,2002,27.4,0.0,8.088,34.97,11.86,44.96,False,0.0,0
-22.0974,41.1774,29.05,2008,30.38,3.57,8.023,37.0,2.43,53.24,False,36.89,0
21.5247,-27.6267,2.04,1992,28.27,1.01,8.047,34.71,5.02,77.97,False,14.34,0
8.027,42.5348,20.73,2023,30.04,1.01,7.925,36.47,10.8,41.62,False,21.98,0
-14.8079,-57.0182,2.28,2008,28.55,0.0,8.036,36.34,3.44,63.8,False,27.62,0
3.3177,-169.6087,23.68,2021,28.48,0.0,7.807,35.16,5.54,57.04,False,0.0,0
1.6548,-37.7681,12.05,2003,29.78,4.69,8.022,36.05,5.83,38.4,False,53.07,0
9.3262,154.9731,3.78,1996,26.66,0.0,7.998,35.97,1.54,31.98,False,0.0,0
-16.0087,45.4684,17.47,2009,29.58,0.08,8.138,33.53,3.38,73.06,False,0.63,0
21.8642,-149.7759,9.12,2021,31.36,7.22,8.11,35.94,3.63,58.93,True,100.0,1
-11.4379,138.5977,20.13,2020,27.26,0.0,7.932,35.91,11.09,71.81,False,0.0,0
11.6479,-83.2051,20.09,2011,27.27,0.0,8.146,34.72,4.68,65.12,False,0.0,0
-29.0325,-92.243,21.45,1994,27.71,0.0,8.027,33.61,11.27,44.41,False,0.0,0
-7.6406,-73.0473,29.78,2020,28.62,0.0,7.941,34.8,7.99,36.65,False,0.0,1
-8.8974,27.7928,12.21,2004,29.41,2.13,7.894,35.99,1.67,51.01,False,28.7,0
2.6091,16.0877,14.49,2006,26.47,0.0,7.894,36.52,3.67,51.46,False,0.0,1
-25.6358,-3.091,24.33,2008,27.94,0.0,7.837,34.48,1.15,38.24,False,0.0,0
17.4079,78.3133,17.77,1999,27.78,0.0,8.042,34.35,14.5,66.38,False,0.0,0
-16.9332,-66.0464,2.08,2023,29.01,0.0,8.08,33.79,12.48,61.62,False,0.0,1
10.6223,101.5432,25.45,2014,28.78,2.65,8.053,34.47,4.39,62.5,False,0.0,0
18.1927,-116.8842,2.49,2017,27.6,0.0,8.174,33.96,5.61,68.84,False,0.0,0
3.7126,101.7435,5.95,2004,29.34,1.48,7.981,34.35,10.79,31.31,False,34.07,1
14.453,58.9716,3.96,2009,27.09,0.0,8.005,35.16,7.12,65.12,False,0.0,1
9.7116,65.955,3.26,2002,27.14,0.0,7.96,35.27,9.2,71.83,False,0.0,0
-8.6682,-6.6408,1.74,2009,28.31,0.0,8.098,35.97,0.88,40.18,False,0.0,0
18.5315,60.1206,2.6,2020,28.65,0.0,7.901,36.93,13.91,71.06,False,0.0,0
-12.3179,-151.2731,13.83,2007,26.87,0.0,8.1,33.36,4.25,46.64,False,0.0,0
4.2728,126.5584,8.33,2017,26.4,0.0,8.003,33.94,10.02,69.32,False,0.0,0
14.7239,-160.003,4.67,1993,29.37,1.61,8.095,34.64,14.27,54.54,False,22.9,0
-7.2626,-126.4531,20.1,2013,27.56,0.0,8.032,36.87,10.08,74.05,False,0.0,0
-11.8339,27.6443,7.56,1998,30.77,7.45,7.936,34.13,11.43,37.58,True,100.0,1
-2.4392,86.1881,1.55,2021,31.22,8.19,7.9,36.51,14.51,18.88,True,100.0,1
19.0778,-152.5494,13.13,2021,29.75,1.5,7.912,34.62,10.27,38.36,False,16.73,0
25.7953,151.4753,10.0,2010,29.23,0.0,7.941,36.83,7.84,60.89,False,10.93,0
2.705,170.4988,10.24,2016,29.12,0.0,8.013,33.15,8.2,54.24,False,22.59,0
9.688,38.1421,13.91,1997,26.28,0.0,7.973,33.97,1.1,54.93,False,0.0,0
24.1964,-6.7524,20.4,2008,27.46,0.0,7.84,33.16,1.7,32.17,False,0.0,0
-24.0872,86.9022,18.88,2018,30.27,4.58,8.238,36.01,8.62,55.05,False,58.47,1
-16.0753,-61.7914,28.18,2008,29.24,3.46,7.913,35.61,8.28,51.58,False,32.46,0
12.534,-2.4248,16.01,1994,29.23,2.15,7.83,33.93,7.86,63.8,True,44.05,1
19.4247,149.8144,14.7,2011,29.14,0.97,7.863,33.22,2.52,59.92,False,25.59,1
21.4217,164.036,7.19,1999,27.29,0.0,7.962,36.17,13.97,56.4,False,0.0,1
-5.0936,153.7449,22.91,2004,29.03,0.0,7.93,36.04,13.66,60.89,False,0.0,0
-24.6396,-85.5187,5.08,1991,28.28,0.0,7.948,36.68,4.82,67.47,False,0.0,0
-3.7331,-96.3111,15.24,2011,29.6,1.81,7.988,33.67,6.32,33.96,False,14.93,0
-16.1559,-72.8408,13.22,2008,27.22,0.0,8.104,35.3,6.08,57.92,False,0.0,0
-12.5282,-21.128,20.09,2001,29.2,0.0,8.082,36.67,3.75,38.02,False,0.0,0
16.3361,-66.8997,27.61,2023,27.49,0.0,7.876,33.82,5.29,34.97,False,0.0,0
-25.4684,-45.2834,28.45,2009,27.51,0.0,8.059,35.43,14.91,55.26,False,0.0,0
19.6549,43.4293,5.87,1996,26.69,0.0,8.183,35.43,8.77,79.84,False,0.0,0
-4.3399,94.5092,8.59,2013,29.92,0.82,7.934,33.17,13.53,37.53,False,45.54,0
5.7638,84.801,24.54,1992,29.2,1.42,7.977,36.13,11.12,48.08,False,11.6,1
-24.6209,113.1925,16.03,1995,28.46,0.0,8.157,36.16,13.23,64.57,False,0.0,0
-9.7585,-168.4136,14.14,2022,27.4,0.0,8.014,33.77,5.8,35.08,False,0.0,0
-24.6179,-162.8158,21.61,2023,29.09,1.97,8.193,33.17,9.81,36.5,False,36.44,0
27.6926,104.1779,18.46,2022,30.71,3.48,8.025,35.88,5.89,41.41,False,63.03,1
18.4357,11.9084,29.15,2018,26.74,0.0,7.882,33.54,12.35,64.91,False,0.0,0
-2.422,28.1306,17.94,2012,29.7,0.0,8.075,35.76,11.61,66.21,False,7.28,0
-16.5838,-161.0687,14.51,1993,27.4,0.0,7.961,33.6,11.82,45.99,False,0.0,0
26.0073,-88.087,16.74,1994,29.36,1.33,7.941,36.44,3.34,67.77,False,16.8,0
-9.3242,49.8075,24.45,2023,28.66,1.12,7.94,35.45,12.94,32.14,False,5.47,0
-20.3409,129.3055,18.77,2005,27.05,0.0,8.07,35.31,14.97,65.84,False,0.0,0
3.7899,150.114,19.76,1992,27.6,0.0,8.192,35.14,12.54,41.43,False,0.0,0
26.6264,0.151,29.17,2003,26.44,0.0,8.051,33.16,7.5,59.64,False,0.0,0
-29.7702,16.3707,18.93,2022,28.02,0.0,8.005,36.36,4.93,54.29,False,0.0,0
-15.7125,119.8979,12.03,2017,29.06,0.0,8.046,34.81,2.38,71.23,False,0.0,0
26.3069,13.5449,21.05,2004,26.7,0.0,8.077,34.48,6.46,43.14,False,0.0,0
-19.7348,6.0691,20.12,1993,30.08,1.95,8.212,35.52,4.41,74.58,False,14.43,1
-23.2054,145.8303,1.4,2009,29.58,2.77,7.939,35.0,6.77,68.35,True,90.57,1
4.2112,104.3758,14.55,2014,29.74,1.14,7.978,34.15,1.27,67.53,False,21.19,0
21.7106,147.2661,22.54,2011,29.08,0.0,7.954,33.59,4.76,46.7,False,0.0,0
-1.3734,-101.4311,15.47,2017,27.7,0.0,7.966,33.41,14.44,32.09,False,0.0,0
29.6739,8.7752,23.61,1999,27.52,0.0,8.163,33.95,2.23,55.48,False,0.0,0
10.7503,123.29,14.08,2005,29.03,0.6,8.12,36.48,1.57,70.65,False,5.1,0
-25.5555,-139.9868,29.52,2012,29.51,2.37,7.946,33.44,10.5,44.34,True,43.24,1
29.5699,106.0784,9.49,2008,29.16,0.0,8.029,36.26,12.51,68.22,False,12.22,0
-5.5263,-114.1296,3.67,1990,27.61,0.0,8.011,36.47,1.9,62.28,False,0.0,0
-12.7558,110.9228,13.47,1990,27.8,0.0,7.954,36.3,14.38,50.13,False,0.44,1
3.4728,40.3203,16.71,2015,28.14,0.0,8.011,36.45,1.03,45.7,False,0.0,0
-11.7415,-110.435,11.12,2023,28.82,0.0,7.88,33.86,13.2,63.2,False,0.0,0
-24.8125,-9.5925,8.03,1991,26.74,0.0,8.18,36.98,12.55,58.49,False,0.0,0
-29.9143,65.4859,20.49,2017,28.36,0.0,8.121,35.17,10.19,55.15,False,16.46,0
-3.025,48.187,11.94,2009,29.66,1.87,8.067,36.24,9.69,39.08,False,9.14,0
20.2118,-26.191,19.31,2016,29.12,0.0,8.164,34.94,11.86,66.1,False,18.05,0
4.3389,143.772,23.59,2017,28.44,0.0,8.159,33.76,1.63,65.25,False,0.0,0
29.9524,6.9348,23.07,2020,30.27,4.01,7.939,36.38,5.97,60.08,True,62.95,1
-12.7892,2.1122,11.88,1996,28.91,0.13,8.047,34.96,1.84,71.01,False,21.17,1
-13.1727,-157.5898,17.47,1997,29.17,0.41,8.166,36.89,2.74,50.31,False,0.0,0
-20.415,151.9633,14.04,2021,28.54,0.0,7.872,36.25,12.52,66.14,False,0.0,0
-20.1562,-116.238,26.25,2000,28.83,0.52,7.976,36.0,10.68,51.08,False,15.51,0
-12.8888,10.2041,26.48,2015,27.12,0.0,7.88,35.88,5.82,32.15,False,0.0,0
17.5704,109.2843,10.97,2014,28.67,0.0,7.979,35.44,6.39,52.19,False,15.48,0
24.3454,-102.4368,3.66,1996,27.85,0.0,7.865,36.59,10.33,81.17,False,0.0,0
28.5052,9.8544,5.86,2009,26.38,0.0,8.132,35.48,9.76,79.66,False,0.0,0
-16.0626,-93.3534,11.64,2019,30.91,3.65,7.929,36.98,7.57,72.14,False,67.11,1
22.8779,93.4902,17.36,1990,26.73,0.0,7.92,35.09,11.36,52.54,False,0.0,0
-10.3047,23.1628,20.05,2007,26.29,0.0,7.832,33.33,3.54,67.27,False,0.0,0
-23.2296,128.1513,10.61,1997,28.26,0.0,8.018,36.03,4.88,34.52,False,14.8,0
22.2015,142.0409,20.36,2018,29.3,0.0,8.119,33.18,1.44,38.23,False,0.0,0
8.1663,53.5441,28.19,2011,26.53,0.0,7.955,34.54,8.82,36.55,False,0.0,0
-20.1161,81.1408,19.91,2021,27.24,0.0,8.096,34.8,11.51,41.14,False,0.0,0
-4.2101,17.7192,5.6,2003,26.47,0.0,8.073,36.55,8.12,75.9,False,0.0,0
-12.7645,-41.6057,17.81,1991,26.89,0.0,8.006,35.24,5.83,53.54,False,0.0,0
14.2077,53.3225,16.71,1996,27.77,0.0,8.107,36.78,3.39,52.37,False,0.0,0
-2.795,146.9839,26.25,1992,27.39,0.0,8.048,33.96,8.62,41.22,False,0.0,0
29.3568,-29.9951,11.16,2004,25.99,0.0,8.118,34.12,2.49,75.1,False,0.0,0
-26.7153,-66.8124,13.27,2023,27.1,0.0,7.825,34.46,8.37,22.97,False,0.0,0
-8.6991,-40.1627,18.36,2011,28.79,0.0,7.959,35.92,3.19,68.73,False,19.37,0
-1.086,-23.2569,16.21,2007,27.62,0.0,8.022,35.72,1.89,30.59,False,0.0,0
0.188,-153.518,21.85,2007,28.29,0.0,8.02,33.82,14.49,51.69,False,0.0,0
-11.0439,-0.5609,2.17,2023,26.23,0.0,8.05,34.61,1.36,51.97,False,0.0,0
13.7544,-2.0469,17.34,2007,27.4,0.0,8.164,34.41,13.29,75.49,False,0.0,0
22.4848,31.8398,4.53,2018,29.48,4.75,8.18,36.04,14.39,81.06,True,75.69,1
26.3232,-49.3848,10.14,2001,27.32,0.0,7.872,34.47,10.56,66.63,False,0.0,1
18.3056,40.7187,20.19,2007,30.26,4.44,8.09,36.02,14.5,48.38,True,78.38,1
21.0348,136.1579,5.57,2020,28.16,0.0,7.845,35.19,11.49,48.83,False,0.0,0
3.0327,163.9696,9.96,2004,27.83,0.0,8.082,36.77,3.11,35.19,False,2.22,0
19.5533,30.1004,21.39,2019,29.72,0.0,7.742,36.91,8.59,54.09,False,0.0,0
-11.7898,-164.6673,19.87,2017,30.93,4.81,7.816,35.52,10.92,40.67,False,92.7,1
-6.0913,168.925,3.64,2004,27.72,0.0,8.076,36.68,9.1,80.36,False,20.98,0
-10.9852,74.1103,17.74,2022,27.11,0.0,8.174,35.89,6.6,67.95,False,0.0,1
-1.9568,-59.0531,5.27,1991,27.74,0.0,8.255,35.71,5.29,76.91,False,0.0,0
-12.8652,-127.0232,8.32,1997,28.76,0.0,8.155,34.86,13.7,52.19,False,30.33,0
27.6967,-128.3693,14.32,2022,29.97,4.08,8.075,35.24,12.79,49.74,True,100.0,1
-11.2293,-119.612,4.17,2007,28.66,0.0,8.036,34.56,12.9,73.84,False,30.91,1
-24.1173,-163.5939,29.82,2015,26.8,0.0,8.099,33.7,6.06,65.1,False,0.0,0
1.609,144.7755,5.8,2010,28.85,0.0,8.1,36.7,6.75,71.33,False,0.0,0
-26.5741,14.6766,23.66,2017,27.21,0.0,7.858,33.85,14.64,27.9,False,0.0,0
-23.3674,71.9854,25.07,2009,28.43,0.0,7.922,35.17,13.12,38.56,False,0.0,1
-16.8366,118.1191,29.84,2009,28.72,1.88,7.915,35.95,10.17,40.33,False,2.27,0
-2.139,104.9548,13.43,1993,27.53,0.0,8.204,36.29,4.98,68.63,False,0.0,0
-4.0049,137.738,26.35,2023,30.21,1.46,7.994,34.42,5.78,41.85,False,21.12,0
17.9815,168.2117,28.77,2002,27.6,0.0,8.096,35.63,10.75,26.23,False,0.0,1
14.3685,-21.9346,6.01,2020,30.29,3.44,8.012,34.77,1.12,33.31,True,85.19,1
-4.4209,162.1208,14.9,1996,28.01,0.0,8.106,36.29,13.86,31.46,False,0.0,0
-9.9777,80.3844,2.74,2006,30.08,3.46,8.14,35.63,5.07,58.2,False,34.21,1
-11.0119,-154.5595,19.0,2001,27.55,0.0,8.042,33.19,5.09,46.33,False,0.0,0
16.4397,65.4419,17.86,2019,30.48,3.91,7.986,35.44,0.52,57.71,False,59.96,1
-26.8757,67.218,6.92,2023,29.03,0.47,8.023,35.81,10.08,34.34,False,2.97,1
-29.2307,146.1098,24.14,2011,26.85,0.0,8.128,36.63,8.03,82.17,False,0.0,0
17.7327,-45.7444,2.08,2010,26.41,0.0,7.984,33.2,7.5,36.64,False,0.0,0
-1.3712,30.5681,24.38,1998,29.67,1.68,8.068,35.39,6.63,43.78,False,13.14,1
-22.1471,-175.6125,1.77,2001,28.77,0.0,7.969,35.0,4.79,60.63,False,8.24,0
-15.866,-60.4529,20.05,2006,26.19,0.0,8.022,35.56,6.64,58.66,False,0.0,0
25.9502,-157.5923,3.28,2005,29.25,2.26,8.001,36.06,0.57,36.9,False,14.94,0
21.5702,7.8743,8.29,1994,26.63,0.0,8.116,33.54,4.84,47.84,False,0.0,0
12.5871,114.2812,21.94,2008,29.23,1.64,8.009,35.17,13.92,39.53,False,15.26,0
-1.0665,-105.6806,9.13,2017,28.92,0.0,8.117,35.08,12.43,30.85,False,7.24,0
1.2194,9.8788,15.82,2006,26.94,0.0,8.073,35.06,9.65,64.38,False,0.0,0
28.5147,-106.5569,27.54,2011,27.56,0.0,7.894,34.65,12.51,82.17,False,0.0,0
27.9462,-136.5522,2.44,2004,27.82,0.0,8.241,36.4,8.36,68.62,False,0.0,0
-17.0839,3.9588,24.52,2008,30.47,3.73,7.985,33.25,1.88,60.87,False,23.63,0
18.6663,-151.5065,2.89,2015,28.62,0.0,7.956,34.54,7.19,28.54,False,0.0,0
-18.1654,31.4477,4.68,2012,30.21,3.06,7.822,35.37,13.89,52.6,False,52.61,1
-17.1878,-168.7185,4.46,1999,29.04,2.58,8.141,36.64,1.44,52.33,False,24.16,0
10.5656,-141.5826,29.83,2011,27.47,0.0,7.914,35.52,11.18,45.17,False,0.0,0
-5.6999,17.9991,6.23,2000,29.56,1.98,7.969,33.52,10.65,49.14,False,43.32,1
25.8927,32.9067,27.01,2015,28.53,0.0,8.019,35.72,5.19,66.8,False,0.0,0
-24.6594,-169.5647,29.74,1990,27.26,0.0,8.17,34.36,13.07,73.22,False,0.0,0
0.6915,26.4156,12.13,2010,27.03,0.0,8.042,35.35,10.1,39.75,False,0.0,0
25.1113,121.8609,19.3,1997,28.89,1.68,8.089,35.28,3.66,61.63,False,13.25,0
24.2468,80.0338,23.59,2009,28.01,0.0,8.015,33.69,9.78,59.3,False,0.0,0
-20.6082,-132.7734,12.39,2006,26.86,0.0,8.055,36.28,12.5,61.24,False,0.0,0
-8.0017,33.2909,5.69,2004,28.91,0.0,7.999,35.16,13.22,38.13,False,17.82,1
7.1473,62.0109,13.58,2010,29.28,1.71,8.093,34.55,14.27,45.99,False,32.04,1
-20.4363,-166.5968,23.38,1990,27.94,0.0,8.088,33.82,1.2,68.04,False,0.0,0
28.0813,127.9252,23.64,1992,27.56,0.0,8.061,36.66,2.79,30.11,False,0.0,0
24.885,146.2563,7.69,2020,29.57,1.57,8.108,33.97,2.97,47.17,False,39.03,0
-19.983,126.1628,6.07,2020,29.39,0.69,7.931,36.74,3.98,55.37,False,0.84,0
-22.7307,116.8673,27.7,2010,27.86,0.0,8.129,35.17,10.43,75.94,False,0.0,0
-24.8755,88.1875,2.28,2012,27.29,0.0,8.148,35.01,6.55,44.72,False,0.0,0
24.5666,48.0355,22.31,2006,27.24,0.0,8.071,34.89,2.25,63.79,False,0.0,0
-18.3826,64.3057,2.35,2011,27.43,0.0,7.901,36.53,14.63,49.23,False,0.0,0
-5.0229,110.3023,25.3,2011,28.2,0.0,7.948,36.26,1.97,35.5,False,2.5,0
-3.0689,58.4994,27.26,1997,28.44,0.0,8.084,35.71,13.27,37.99,False,1.93,0
5.9407,-62.0183,9.63,1997,27.84,0.0,8.051,35.1,5.41,61.67,False,0.0,0
-25.6959,-44.654,3.14,2003,28.32,0.0,8.047,35.63,2.29,44.41,False,0.0,0
-16.3945,142.9407,14.94,2013,26.32,0.0,7.841,33.97,1.26,38.21,False,0.0,1
25.8894,-173.836,9.66,2011,28.04,0.0,8.097,34.99,7.38,58.08,False,0.0,0
24.5046,71.5754,13.1,2004,27.84,0.0,8.107,33.56,6.5,53.38,False,0.0,0
16.8774,163.7199,20.28,2009,27.43,0.0,8.1,33.51,7.57,40.01,False,0.0,0
-28.8359,74.2421,7.08,2016,30.6,4.9,8.1,35.83,10.19,58.09,True,99.42,1
-10.3796,177.8083,11.35,2017,27.38,0.0,7.824,36.77,4.44,54.94,False,0.0,0
7.6775,67.5162,23.69,2011,28.45,0.0,7.89,36.21,0.52,37.52,False,0.0,0
-13.4886,-167.6293,19.67,2020,29.36,0.0,8.112,36.76,8.31,31.91,False,0.0,1
24.5752,117.7236,10.46,1998,29.28,0.82,8.112,33.89,1.25,47.57,False,13.57,0
8.0334,-77.5332,20.26,2012,26.64,0.0,8.154,34.05,12.35,78.99,False,0.0,0
-25.6856,-19.4194,23.19,1994,27.0,0.0,8.061,34.7,12.22,52.88,False,0.0,0
24.5403,-67.6469,18.18,2006,29.37,0.0,7.998,34.53,2.25,78.72,False,0.0,0
27.466,-83.3205,7.95,1994,29.2,0.0,7.888,34.19,14.31,68.43,False,27.22,1
-25.3373,-24.6939,1.01,1996,30.56,9.37,8.188,34.17,6.34,25.31,True,100.0,1
1.9416,-43.6495,24.28,1997,30.43,2.78,7.889,36.65,8.61,27.42,True,68.24,1
-11.7981,48.0019,24.86,1996,26.56,0.0,7.965,33.72,11.38,76.83,False,0.0,0
-6.4297,112.7344,21.23,2011,27.32,0.0,7.99,36.5,3.26,71.22,False,0.0,0
-19.2209,-73.0481,3.22,2010,27.32,0.0,7.932,35.04,0.66,67.31,False,0.85,0
4.6843,-103.0604,17.97,1993,26.28,0.0,8.245,36.71,11.2,83.18,False,0.0,0
27.4788,60.0823,24.81,2021,28.06,0.0,7.948,33.07,11.97,72.34,False,0.0,1
0.1844,61.3152,12.3,2018,29.05,0.0,8.058,33.89,10.06,35.41,False,10.88,0
-25.0251,144.4072,6.74,2019,28.08,0.0,7.865,35.0,9.52,57.69,False,5.42,1
7.2001,-174.2596,18.04,1992,28.55,0.0,8.0,33.57,13.58,36.23,False,5.62,0
-9.5866,127.0946,24.96,1994,28.89,0.71,7.996,33.86,13.31,71.8,False,8.22,0
21.3555,7.5608,2.42,2008,27.38,0.0,7.834,34.9,1.88,32.12,False,1.85,0
-3.9193,43.6688,18.31,1997,27.41,0.0,7.926,36.07,3.43,60.22,False,0.0,0
-18.4296,-147.1063,19.65,2020,29.45,0.0,7.926,36.14,9.83,64.65,False,10.26,0
-18.5337,-24.2586,18.47,2016,27.3,0.0,8.226,35.46,1.67,42.62,False,0.0,0
16.1259,-98.1711,19.85,2002,29.21,0.0,8.062,36.64,8.43,81.46,False,0.0,0
-14.0647,-88.479,19.31,1995,30.46,2.79,8.185,35.52,2.52,64.25,False,37.38,1
16.034,1.4742,4.78,1990,27.44,0.0,8.183,33.1,14.21,71.19,False,0.0,0
-17.6468,112.4841,7.81,2019,29.27,0.0,7.96,35.07,6.17,47.55,False,17.43,1
-10.6988,87.7611,18.95,2000,27.51,0.0,7.93,36.87,3.86,76.13,False,0.0,0
-2.0708,32.76,1.51,2020,30.75,4.81,8.162,35.62,11.46,63.15,True,100.0,1
26.5918,14.1905,19.41,2005,27.74,0.0,8.023,35.75,3.48,67.26,False,0.0,0
25.9039,-26.1698,20.3,2004,28.61,0.0,8.035,33.46,12.91,48.3,False,1.35,0
-17.5877,170.1756,7.94,1994,28.51,0.0,8.104,34.44,12.49,71.12,False,0.0,0
-8.5069,21.6693,18.35,2004,28.35,0.0,8.113,36.39,4.19,74.25,False,0.0,0
-21.036,-88.5721,16.49,1990,30.12,1.99,8.159,33.44,5.32,37.52,False,34.29,1
0.5991,-97.1673,8.56,2004,28.85,0.0,8.061,36.36,0.99,50.22,False,0.0,0
-2.365,40.0871,14.43,1997,26.96,0.0,8.002,35.29,4.84,33.74,False,0.0,0
24.0456,8.2179,27.38,2011,29.76,1.36,7.961,34.58,2.87,15.1,False,9.32,0
25.8003,-177.2288,13.37,2016,30.06,2.09,7.978,36.72,1.02,27.27,False,14.74,0
-6.986,118.8235,19.27,2023,29.58,0.0,7.954,33.12,14.29,38.64,False,9.62,0
-0.4957,73.484,2.03,2019,30.3,5.58,7.957,36.71,14.16,29.27,True,100.0,1
23.7742,58.2585,3.26,2001,29.42,1.59,7.837,36.51,9.56,76.42,False,24.35,1
18.4025,-155.239,3.36,1991,29.62,1.07,7.891,36.95,7.22,50.0,False,6.27,0
-29.7806,-49.6599,23.57,2011,28.52,0.52,8.034,34.67,7.3,74.86,False,0.0,0
-10.7964,156.7376,11.16,2006,27.1,0.0,8.102,34.84,9.67,34.76,False,0.0,0
-4.6935,130.5321,7.6,2012,28.1,0.0,8.035,35.82,4.07,58.81,False,0.0,0
-16.217,-77.2045,22.67,2018,26.82,0.0,7.957,33.44,10.46,47.47,False,0.0,0
-18.0257,-123.4588,5.93,2018,29.41,0.71,8.116,33.97,0.89,33.47,False,46.45,1
-27.7329,-18.3283,8.15,2008,28.97,0.0,7.996,34.77,9.96,32.84,False,0.0,0
8.6022,-51.9011,13.5,2006,26.7,0.0,8.005,35.87,8.02,35.55,False,0.0,0
-14.2494,65.6015,10.61,1997,27.77,0.0,7.811,34.99,10.58,38.91,False,0.0,0
-26.8592,167.9165,17.98,1996,27.35,0.0,7.927,33.92,9.38,29.09,False,0.0,0
-16.1412,-49.3195,10.8,2000,27.52,0.0,8.163,34.17,4.21,42.15,False,0.0,1
18.1148,-157.5993,12.4,1992,28.82,0.0,8.165,36.0,8.29,76.37,False,35.62,1
21.0894,143.141,26.02,1991,28.11,0.0,8.057,36.22,10.07,51.61,False,0.0,0
-1.016,-166.3381,26.65,2008,29.07,0.0,8.14,34.74,0.73,51.95,False,0.0,0
-5.0358,162.9957,25.0,2017,26.24,0.0,7.907,33.77,14.54,56.4,False,0.0,0
28.6712,59.2486,26.08,2017,28.46,0.0,8.139,35.3,5.95,50.31,False,0.0,0
-17.9661,159.0081,17.52,2014,25.86,0.0,8.091,34.6,4.44,68.0,False,0.0,0
-17.0784,-108.1225,19.74,2000,27.63,0.0,7.882,35.56,10.84,67.17,False,0.0,0
-12.488,-165.3481,17.16,1991,29.26,3.42,7.997,36.3,11.93,17.43,False,9.54,0
-19.6346,-4.2444,23.78,2001,27.21,0.0,8.161,35.11,6.56,43.5,False,0.0,0
-7.2381,-17.7756,16.98,2001,26.9,0.0,7.924,36.61,9.27,30.92,False,0.0,0
24.6501,-60.6628,4.22,2014,28.05,0.0,8.083,34.47,4.33,51.02,False,3.76,0
6.9209,164.7563,24.48,2020,30.21,4.94,8.1,34.92,10.68,43.9,True,100.0,1
-5.2832,116.1301,23.06,2006,28.86,0.01,7.992,35.28,7.71,71.95,False,6.95,0
26.0646,58.1695,24.79,2001,29.14,0.41,8.087,35.88,2.52,54.55,False,0.0,0
-27.0921,-121.371,6.52,2019,25.95,0.0,7.938,35.11,12.41,74.3,False,0.0,0
-17.3834,84.3564,8.88,1991,28.2,0.0,8.254,36.24,13.55,73.88,False,7.76,0
3.9533,81.7245,9.58,2005,27.71,0.0,8.011,35.79,5.5,48.21,False,6.54,0
6.9332,-26.9755,15.73,1990,29.21,2.5,8.001,34.4,5.88,63.48,True,49.9,1
-27.6265,152.9229,4.88,2023,29.36,1.17,7.897,35.56,11.7,62.82,False,46.17,1
-5.8177,-119.888,12.18,1990,27.96,0.0,8.178,34.27,12.92,65.02,False,0.0,0
8.9492,-83.7585,6.28,1992,27.74,0.0,7.887,35.87,8.11,70.39,False,0.0,0
11.8842,-157.2392,8.68,2023,27.7,0.0,7.891,35.61,13.04,47.63,False,0.0,0
8.2884,106.3623,21.49,2001,27.09,0.0,7.993,33.71,0.77,31.7,False,0.0,1
-10.7662,43.8334,25.79,2016,29.27,0.23,8.053,35.8,2.89,42.67,False,0.0,0
-24.3888,-66.6215,1.66,2014,27.69,0.0,8.066,33.52,13.03,52.91,False,0.0,0
-4.3733,-121.0271,17.41,2001,27.28,0.0,8.022,33.37,10.24,29.79,False,0.0,0
-22.2747,-165.5468,2.05,2022,27.52,0.0,7.96,35.57,9.79,44.79,False,0.0,0
26.8574,-119.9716,3.47,1998,29.8,3.11,8.095,34.33,10.01,62.51,True,81.59,1
-1.4897,-16.8175,21.45,1990,29.69,0.0,8.019,33.64,2.11,43.73,False,25.47,0
-10.9644,-91.0163,22.33,2012,28.28,0.0,8.066,36.95,13.03,58.94,False,0.0,0
15.9782,-86.7664,24.61,2017,26.96,0.0,8.17,36.48,1.92,72.12,False,0.0,0
-0.1231,135.2075,14.75,1992,25.91,0.0,8.173,33.71,3.47,74.45,False,0.0,0
-11.398,5.4496,25.93,1994,27.89,0.0,8.07,36.77,11.21,36.57,False,0.0,0
18.7181,82.5307,5.84,2018,28.22,0.0,7.866,35.42,3.97,45.48,False,0.0,1
22.0291,-167.1441,8.24,2002,26.54,0.0,8.049,35.08,12.16,62.2,False,0.0,0
10.3805,-48.5412,4.9,1993,29.12,0.19,8.258,34.43,11.03,38.6,False,0.0,0
-27.1821,-7.499,24.13,1995,27.41,0.0,7.994,34.29,11.26,41.39,False,0.0,0
3.9794,-112.8899,7.63,1995,26.94,0.0,7.95,33.41,6.63,58.93,False,0.0,1
15.7977,-136.731,5.51,2000,26.69,0.0,7.867,33.73,8.61,73.37,False,0.0,0
-21.8098,133.3094,19.07,2016,28.37,0.0,8.214,34.08,6.98,85.82,False,0.0,0
-16.2798,158.1954,3.24,1993,26.57,0.0,8.016,35.94,11.22,40.24,False,0.0,0
22.9497,-151.6296,2.3,2016,28.96,0.0,7.993,36.84,2.26,51.66,False,7.42,0
-28.7927,-54.3533,4.09,2005,27.09,0.0,8.028,34.86,7.09,57.92,False,0.0,0
15.1636,164.9828,1.01,2007,31.39,7.33,8.102,34.48,11.98,59.68,True,100.0,1
-1.5736,-150.0618,21.21,1996,28.15,0.0,8.142,36.44,3.7,63.15,False,0.0,0
-3.1937,51.7109,17.3,2000,28.84,0.0,8.035,35.72,6.84,64.9,False,0.0,0
-29.5742,169.9997,7.09,1997,30.31,1.28,8.143,33.98,4.72,42.41,False,39.15,0
19.1639,172.1605,7.76,1995,27.49,0.0,7.978,35.15,6.99,56.05,False,0.0,0
-8.4105,-10.3596,24.52,1994,29.09,0.0,8.095,36.53,1.23,46.73,False,0.0,0
2.4459,-121.4103,15.55,1995,27.64,0.0,8.164,35.64,7.39,29.46,False,0.0,0
10.638,-107.2496,21.26,1991,28.43,0.0,7.966,34.49,6.4,32.15,False,0.0,0
12.1578,140.2565,14.13,2020,28.1,0.0,7.995,34.71,14.09,61.83,False,0.0,0
27.3588,148.2059,7.89,2021,28.3,0.0,8.03,36.59,4.18,44.34,False,20.92,1
1.8804,38.8367,29.14,1998,26.41,0.0,8.148,35.83,4.26,66.55,False,0.0,1
-6.0168,95.8235,17.4,2004,28.28,0.0,7.906,35.04,2.68,28.85,False,0.0,0
27.2222,86.3753,4.8,2010,29.37,3.0,8.107,35.71,4.12,46.76,False,50.46,1
8.5266,58.2558,12.78,2017,30.21,2.96,7.983,35.74,14.18,24.66,False,54.04,1
-12.111,117.8197,10.55,2016,26.39,0.0,8.139,35.27,9.6,65.04,False,0.0,0
-22.4121,66.7464,7.21,1994,26.76,0.0,7.88,35.51,0.73,42.86,False,0.0,0
20.5533,12.2408,28.07,2006,26.41,0.0,8.106,34.41,1.0,40.94,False,0.0,0
-8.2691,-94.6957,26.55,2013,27.22,0.0,8.045,34.4,0.89,58.31,False,0.0,0
9.6282,87.7997,6.78,2020,28.48,0.0,8.083,34.36,4.17,79.27,False,0.0,0
-1.751,-9.5624,11.21,1993,28.84,0.0,7.954,33.15,1.33,29.16,False,0.66,0
-18.0642,-73.875,23.11,2009,27.27,0.0,8.001,36.31,1.47,55.96,False,0.0,0
6.1012,108.7007,7.05,2006,26.33,0.0,8.218,33.63,6.85,73.18,False,0.0,0
-26.359,70.8169,18.16,1999,28.78,0.0,7.884,33.38,0.61,59.36,False,0.0,0
-5.1995,157.4422,21.29,2010,29.28,3.66,8.14,34.69,0.74,46.17,False,26.46,1
2.7969,-120.441,19.97,2010,28.26,0.0,8.007,34.92,9.49,58.55,False,0.0,0
-3.8372,53.7081,21.49,2005,27.8,0.0,8.069,34.05,10.62,31.79,False,0.0,0
14.9203,-92.0738,21.49,2022,28.98,2.04,7.873,36.83,14.49,23.66,False,44.9,0
19.6755,145.2899,28.98,1999,30.04,2.16,8.034,33.67,7.51,64.32,True,50.96,1
16.2746,-144.1802,11.05,2007,28.07,0.0,8.162,35.3,8.74,55.1,False,0.0,1
-27.6712,56.2183,26.48,2022,28.72,0.0,8.017,35.44,9.09,59.01,False,0.0,0
-18.3523,104.7909,1.63,2018,28.28,0.0,8.036,35.62,11.35,77.49,False,14.66,0
2.1965,-52.2296,9.36,2020,26.6,0.0,8.059,36.18,6.52,44.4,False,0.0,0
26.0893,163.4897,2.41,2013,28.51,0.0,7.972,36.46,14.78,41.39,False,0.0,0
20.0974,126.263,19.88,2001,30.18,4.92,8.047,34.17,7.73,42.84,True,86.02,1
20.5521,-73.9374,3.92,2009,29.1,0.0,7.92,36.94,2.35,52.04,False,0.0,0
-11.8075,-177.2852,25.53,1995,27.95,0.0,8.058,34.66,11.34,52.43,False,0.0,0
-4.2331,-73.2034,19.75,1997,28.53,0.0,8.084,36.14,8.03,53.78,False,0.0,0
-1.7576,-78.7282,1.84,2003,28.9,0.82,7.845,33.16,9.93,34.38,False,19.17,0
-20.5577,140.3873,21.73,1994,29.99,0.39,8.002,35.98,7.95,76.15,False,11.62,0
-28.1359,168.1636,26.0,1992,27.72,0.0,8.014,36.32,9.94,34.75,False,0.0,0
26.8142,-154.6416,20.17,2011,29.35,0.17,8.183,33.43,7.07,36.13,False,32.95,0
-15.5572,-10.3339,1.89,1997,28.17,0.0,8.092,34.22,6.16,35.1,False,27.37,1
-15.6031,17.3995,25.88,2003,26.59,0.0,8.148,34.79,3.24,59.42,False,0.0,0
-24.9973,-146.5518,22.24,1996,27.49,0.0,7.872,36.06,5.31,55.38,False,0.0,0
25.7105,-44.1008,11.98,1993,27.76,0.0,7.886,35.12,1.04,37.02,False,0.0,0
4.7842,-65.8503,10.53,2008,27.45,0.0,8.041,35.53,7.69,57.48,False,0.0,0
10.0222,12.9803,14.91,2013,28.84,0.0,7.862,34.47,6.74,25.14,False,0.0,0
24.6946,58.0287,26.15,2005,27.45,0.0,8.05,36.48,2.18,58.92,False,0.0,0
-9.2628,73.2546,8.31,1995,27.66,0.0,8.102,34.47,8.65,59.91,False,0.0,0
7.2904,-130.7682,3.93,1997,27.82,0.0,7.857,34.9,13.44,38.75,False,1.17,1
-27.672,112.6612,26.07,2014,28.64,0.0,8.022,34.77,7.91,78.98,False,0.0,1
-18.7936,64.2751,1.76,2021,29.93,1.18,8.082,36.14,1.21,49.33,False,46.15,1
19.8747,140.067,27.42,2014,29.69,0.94,7.891,36.28,6.53,42.25,False,0.0,0
16.0061,-18.239,9.87,1999,29.88,2.2,7.954,36.62,13.73,27.99,False,27.81,0
-8.9614,141.8003,15.74,2006,29.07,0.0,7.944,33.92,14.31,44.43,False,27.16,0
-7.3914,131.6787,4.84,1992,28.96,0.61,7.901,36.64,12.77,33.48,False,35.16,1
2.0133,-22.1726,27.17,1998,28.07,0.0,8.119,34.16,6.75,37.33,False,0.0,0
-29.9855,-42.7884,22.75,2007,29.84,3.66,8.064,36.51,6.0,48.18,False,50.76,1
-15.5253,155.8123,27.8,2019,27.56,0.0,7.986,36.43,4.66,29.22,False,0.0,0
-17.5061,77.4593,20.81,1994,27.59,0.0,8.17,34.82,2.58,64.26,False,0.0,0
-14.971,154.1683,6.36,2021,28.67,0.0,8.027,36.19,13.56,43.62,False,6.61,0
18.3544,106.9109,9.94,2016,30.32,1.7,8.155,35.97,10.34,36.88,False,70.57,1
-13.2196,39.3471,15.12,2010,27.11,0.0,8.086,33.18,12.42,36.29,False,0.0,0
-18.5087,-138.293,18.61,2013,27.65,0.0,8.024,33.1,1.95,63.01,False,0.0,0
0.2558,-75.067,27.87,1992,27.94,0.0,8.137,33.35,2.99,25.35,False,0.0,0
21.9387,168.7833,12.13,2005,29.52,0.34,8.137,36.79,1.0,74.36,False,0.0,0
-15.519,-65.008,21.39,2004,26.38,0.0,8.091,35.85,6.97,55.32,False,0.0,0
-25.2878,-146.4282,28.87,2014,30.76,3.28,7.979,34.66,6.81,57.74,False,48.23,1
-8.6157,74.7192,5.42,1997,30.34,3.73,7.923,33.88,12.58,73.61,True,82.76,1
14.8591,84.2415,26.02,1993,29.07,1.64,8.078,36.79,0.93,75.74,False,4.06,0
3.0414,-77.2352,13.2,2021,29.81,0.41,7.911,33.98,7.99,68.04,False,11.18,0
19.0076,-72.8381,22.24,2019,30.77,3.69,7.996,35.17,11.24,46.79,False,35.14,0
27.5755,-11.1985,9.51,2019,28.17,0.0,7.957,33.97,9.75,37.35,False,3.99,1
17.5597,-172.156,10.69,2006,27.57,0.0,8.267,35.91,14.49,74.63,False,0.0,0
6.2282,104.1563,1.79,2008,29.33,0.44,8.009,33.69,13.26,33.99,False,32.84,0
-0.3995,-65.848,29.17,2020,27.88,0.0,8.15,35.38,3.01,42.76,False,0.0,0
-27.5959,127.3547,24.59,2006,27.48,0.0,8.053,35.6,6.19,32.99,False,0.0,0
29.0593,108.947,3.72,1991,27.07,0.0,7.914,36.86,11.33,70.03,False,0.0,0
-6.9911,58.1047,29.99,2018,29.08,0.0,8.019,35.41,6.61,68.73,False,0.83,0
-20.8663,-63.045,18.55,2019,28.47,0.0,8.031,34.94,6.63,69.88,False,14.67,0
10.0025,5.874,25.76,2011,26.77,0.0,8.104,34.57,3.59,43.91,False,0.0,0
-12.9427,-19.8615,2.93,2000,28.23,0.0,8.09,33.42,2.91,75.04,False,0.0,0
5.1467,-58.0025,12.29,2022,29.15,0.69,8.127,35.89,10.03,31.77,False,2.29,0
5.2061,125.3291,20.42,2008,29.74,0.65,7.957,33.99,14.83,69.95,False,10.12,0
-3.2562,-5.9375,4.09,1992,26.41,0.0,7.992,34.25,13.96,75.38,False,0.0,0
20.1671,119.7803,15.18,2011,27.76,0.0,7.892,33.05,13.07,39.95,False,18.07,0
-14.102,-142.1213,13.84,2007,28.35,0.0,7.924,35.64,14.72,56.4,False,37.05,0
-3.082,-129.2311,7.27,2019,29.68,0.86,7.844,36.04,3.12,56.77,False,21.32,0
2.2615,171.8353,9.71,1990,27.7,0.0,8.191,33.38,6.77,50.0,False,0.0,0
9.8175,31.5966,29.05,2009,26.75,0.0,7.995,33.55,2.53,34.15,False,0.0,0
17.0383,3.5171,9.37,1994,26.88,0.0,8.114,36.29,7.4,47.83,False,0.0,0
-6.3116,8.3362,7.19,2001,28.64,0.0,8.139,35.94,1.74,64.01,False,0.0,1
8.7628,-102.5032,16.55,2000,27.38,0.0,7.926,33.5,10.33,52.6,False,0.0,0
-20.9633,78.7334,20.46,2013,29.35,0.0,7.804,34.69,6.96,63.48,False,0.0,0
25.9589,-149.479,22.03,2007,28.36,0.0,7.942,34.25,13.15,22.73,False,5.22,0
-7.0165,26.3965,22.87,1997,28.82,0.93,8.081,33.66,3.85,58.75,False,10.93,1
13.7713,25.4768,2.07,2018,27.7,0.0,8.009,34.75,6.21,77.7,False,0.0,0
-28.7795,149.1078,12.42,2011,28.39,0.92,8.074,36.41,0.52,79.2,False,0.0,0
-17.6888,9.4258,23.44,1991,28.14,0.0,8.013,36.27,7.26,59.73,False,0.0,0
-0.775,-130.6574,27.24,2012,27.53,0.0,8.2,35.34,1.71,55.19,False,0.0,0
22.6951,26.1912,18.46,2005,29.56,2.83,8.091,35.24,14.01,40.62,True,69.58,1
1.6353,-147.122,2.52,1997,27.53,0.0,7.969,35.62,14.3,47.47,False,0.0,0
25.7922,-106.6342,12.5,1993,29.25,3.3,8.099,36.9,8.53,46.07,False,61.18,1
-0.9722,-168.8009,3.15,2003,25.52,0.0,8.065,36.29,6.84,27.94,False,0.0,0
-0.5731,4.7857,22.71,1998,28.37,0.0,8.036,33.85,7.4,72.31,False,0.0,1
-22.8152,-149.5683,2.84,2000,26.91,0.0,8.01,34.87,5.53,35.44,False,0.0,0
18.1594,-11.018,6.39,2005,26.82,0.0,7.839,35.99,6.84,48.4,False,0.0,0
-15.1821,155.8602,13.09,2002,29.24,2.2,8.034,36.39,7.77,25.12,False,11.87,0
23.9767,79.1141,14.42,2006,29.05,3.21,8.18,33.34,14.45,34.34,True,50.93,0
24.6495,-152.1318,12.79,2003,27.48,0.0,7.848,35.78,6.3,61.04,False,0.0,0
26.5986,-99.2845,14.44,2018,29.58,0.84,8.053,33.61,11.4,58.49,False,10.06,0
1.2138,62.5185,21.68,2006,27.82,0.0,8.115,33.42,11.12,30.64,False,0.0,0
10.6256,142.0927,11.71,1990,28.25,0.0,8.01,36.37,14.41,51.01,False,0.19,0
16.711,-168.1493,16.88,2009,27.95,0.0,7.968,36.15,1.23,33.26,False,0.0,0
-22.1391,112.4824,9.8,2022,26.87,0.0,7.851,35.99,1.76,45.33,False,0.0,0
6.0574,22.253,11.26,1991,28.6,0.0,8.192,33.1,8.85,39.71,False,9.57,1
-27.9421,16.5929,18.8,2006,28.54,0.0,8.034,34.03,7.41,73.77,False,9.51,0
-0.146,164.8127,15.22,2012,28.73,0.11,7.85,34.72,9.47,51.3,False,10.83,0
-20.7094,89.1521,21.97,2011,26.89,0.0,8.022,36.52,8.24,53.67,False,0.0,0
-19.0246,126.0428,17.26,1990,27.98,0.0,7.995,35.09,11.59,37.32,False,0.0,0
-8.0971,-52.5616,24.3,2001,27.04,0.0,8.207,34.99,13.39,52.49,False,0.0,0
-4.0538,19.5711,13.86,2002,29.88,2.89,8.024,33.02,8.23,63.31,False,47.57,0
7.3903,41.546,15.24,2003,29.02,0.1,8.143,36.32,1.79,39.02,False,0.0,0
-25.5343,-64.2298,20.43,1999,29.78,2.74,8.167,35.34,2.08,69.86,False,57.68,1
0.2215,25.2893,7.42,2001,26.39,0.0,7.935,34.49,3.74,54.15,False,0.0,0
-19.0425,-94.8041,12.19,2011,27.01,0.0,7.992,33.64,12.98,56.75,False,0.0,0
4.4385,-128.3848,19.12,2007,27.19,0.0,8.16,34.68,8.91,55.21,False,0.0,0
8.2443,-45.3707,1.84,2008,30.83,5.23,8.097,33.95,5.96,65.46,True,100.0,1
3.4026,86.1443,13.67,2019,29.29,0.68,7.945,34.8,5.76,40.75,False,21.13,0
14.2977,149.8274,18.37,2004,30.03,2.59,8.122,34.23,1.39,55.1,False,31.64,0
-9.8634,-15.2229,29.05,2003,26.99,0.0,8.11,33.18,4.53,46.03,False,0.0,0
15.9064,51.4165,26.43,1998,29.09,0.08,8.188,36.97,5.72,69.95,False,20.82,0
-4.034,-142.9066,9.14,1994,28.42,0.0,8.241,34.79,1.74,32.58,False,20.99,0
-0.9489,145.607,15.71,2022,29.26,1.25,8.137,36.25,6.54,38.79,False,15.24,1
8.8861,24.6975,2.64,1994,27.61,0.0,8.093,33.46,6.14,54.33,False,7.44,0
-28.8985,100.9218,7.98,2013,28.56,0.0,8.002,35.44,14.29,50.56,False,16.18,0
9.2397,105.9988,23.47,1997,28.99,1.82,7.969,35.1,7.37,50.59,False,13.28,0
7.1151,-87.667,4.58,2008,27.02,0.0,8.216,36.81,10.06,52.92,False,0.0,0
-11.4092,10.5028,8.47,2001,27.09,0.0,8.0,36.21,13.25,75.45,False,0.0,0
-24.8523,165.7727,28.38,1997,27.61,0.0,8.152,34.65,13.32,60.23,False,0.0,0
-24.5439,-147.7316,24.89,1997,28.48,0.0,8.184,36.18,9.47,57.34,False,0.0,0
25.3934,65.898,23.67,2009,27.94,0.0,7.987,34.63,8.05,58.75,False,0.0,0
11.3568,166.4151,26.07,2018,27.78,0.0,8.083,36.04,5.15,36.5,False,0.0,0
-22.3738,-71.7922,22.74,2023,28.36,0.0,8.106,34.17,7.06,35.13,False,0.0,0
-8.5966,130.1213,4.5,2007,28.52,0.0,8.006,34.49,1.58,63.19,False,7.13,0
5.549,156.1167,15.98,1990,27.67,0.0,8.023,35.42,2.88,71.24,False,0.0,0
20.1343,88.951,13.88,2000,28.69,0.0,8.096,35.16,5.92,90.0,False,21.19,1
-27.3803,-96.7218,10.02,2021,29.47,0.0,8.124,34.58,0.84,77.8,False,0.0,0
-15.802,-59.7597,25.19,2005,28.74,0.0,8.028,36.75,10.88,69.61,False,0.0,0
23.3849,-167.1087,14.46,1995,31.02,5.81,7.936,35.02,9.04,61.44,True,100.0,1
-29.4501,119.3232,2.75,1998,26.25,0.0,8.02,35.89,12.9,74.08,False,0.0,0
-17.9161,125.86,8.97,2011,27.94,0.0,8.043,34.67,2.93,75.68,False,0.0,0
27.5415,47.7757,7.63,1997,29.35,4.16,8.001,35.89,14.02,23.76,True,88.88,1
6.8041,-53.09,26.74,2021,28.15,0.0,7.908,36.17,13.58,26.25,False,0.0,0
-14.2997,-152.348,19.78,2015,26.95,0.0,7.931,35.19,8.29,64.15,False,0.0,0
-25.9805,91.1007,17.25,2007,29.1,0.63,7.803,33.13,5.82,60.01,False,1.1,0
-28.3085,81.5494,15.69,2001,27.01,0.0,8.12,35.02,13.06,45.58,False,0.0,0
-15.3153,148.5369,19.85,2023,30.29,4.99,7.954,36.6,14.14,19.56,True,97.44,1
22.8891,82.9915,22.89,1993,28.94,1.08,8.185,33.34,2.85,29.97,False,0.0,0
-5.0452,118.3302,17.08,2005,27.31,0.0,8.095,35.34,8.88,39.53,False,0.0,0
13.22,88.5437,28.21,2013,26.41,0.0,8.115,33.14,7.79,55.89,False,0.0,0
25.0971,47.0474,29.33,2003,28.15,0.0,8.027,34.95,8.28,80.66,False,0.0,0
-5.5176,-26.2921,29.86,2006,25.94,0.0,8.039,35.77,1.5,27.41,False,0.0,0
-18.5234,144.7622,20.41,2020,26.64,0.0,8.115,34.52,6.04,57.86,False,0.0,0
1.0271,54.3487,28.05,1993,29.71,1.09,8.186,33.46,2.66,52.36,False,25.29,1
24.485,-36.5921,12.73,2023,29.88,0.52,7.987,36.79,13.15,57.15,False,9.42,0
18.2625,-149.9511,25.93,1992,28.76,0.0,8.192,36.73,7.08,52.79,False,0.0,1
-26.0502,-75.3463,27.37,1997,28.62,0.0,8.203,36.18,12.64,72.37,False,0.0,0
11.5544,15.7416,27.22,2001,27.68,0.0,7.993,33.83,3.65,47.51,False,0.0,0
4.3139,-80.7713,25.09,1991,29.7,2.4,8.226,36.09,13.04,39.32,False,32.15,0
24.4478,-100.3553,12.79,2018,29.11,3.23,8.115,34.34,2.52,55.85,False,30.89,1
-22.6511,9.8617,5.61,2012,29.77,2.03,8.005,35.44,2.73,69.44,False,44.82,1
2.0422,-118.8647,10.68,2022,28.32,0.0,8.105,34.79,14.82,72.1,False,0.0,0
22.7678,108.1476,23.25,2007,29.67,4.46,7.903,34.0,0.92,59.83,True,100.0,1
-5.3986,-5.6275,7.75,2011,29.83,4.28,8.028,35.61,0.96,25.52,True,100.0,1
-1.0803,26.5906,14.87,2003,28.24,0.0,7.825,35.88,2.03,61.5,False,0.0,0
-25.7724,-126.942,17.4,2018,28.23,0.0,7.998,35.11,3.24,53.14,False,0.0,0
-13.3114,-63.1525,18.51,2004,29.19,0.78,8.054,33.65,1.49,34.9,False,21.38,0
-10.5296,-32.3677,28.14,2004,27.1,0.0,8.184,34.98,14.28,74.71,False,0.0,1
26.7073,110.9566,20.18,1993,26.96,0.0,8.189,36.08,4.87,68.41,False,0.0,1
-13.04,97.2574,23.8,1994,25.77,0.0,7.871,36.39,14.5,48.05,False,0.0,0
-2.3479,-99.7281,17.87,1992,27.63,0.0,7.946,33.11,13.21,33.87,False,0.0,1
10.2783,41.8245,25.17,2001,29.8,0.77,7.923,33.75,11.6,66.6,False,5.6,0
-20.269,-92.3557,8.65,2009,30.34,4.0,8.007,36.72,0.89,39.74,True,98.81,1
-0.8135,175.769,7.09,2009,29.06,1.56,7.898,36.13,11.05,70.19,False,27.38,0
14.3123,162.7646,27.86,1990,29.77,6.29,8.184,35.87,5.97,31.92,True,90.85,1
22.0113,22.7753,21.11,1992,28.16,0.0,8.033,33.55,13.19,56.98,False,0.0,0
7.5756,71.6049,20.47,1998,30.71,7.08,8.153,33.02,8.51,62.83,False,71.85,1
10.1432,108.5149,14.55,2009,29.35,0.0,8.092,35.36,3.87,35.98,False,0.0,1
-22.423,79.5594,11.92,1998,26.9,0.0,8.156,36.46,9.29,79.12,False,0.0,0
26.7466,71.9383,17.12,2020,27.15,0.0,7.991,33.29,8.2,34.46,False,0.0,0
-22.0456,165.0794,4.5,2017,26.46,0.0,8.123,33.28,10.54,45.91,False,0.0,0
16.4804,34.7242,14.19,1991,28.32,0.0,8.136,36.99,4.18,48.55,False,0.0,0
-14.111,49.069,14.21,1992,28.93,0.0,8.072,33.95,14.85,56.33,False,26.68,0
26.0156,125.7368,16.61,2003,27.89,0.0,8.012,35.66,10.21,53.68,False,0.0,0
13.1976,61.1607,19.41,2006,27.96,0.0,7.849,35.23,6.09,64.18,False,0.0,0
15.2288,83.8557,28.76,1993,28.52,0.0,8.023,34.66,9.05,60.24,False,0.0,0
-16.8564,-95.6993,19.91,2019,27.41,0.0,7.912,36.21,6.41,55.52,False,0.0,0
-3.4176,-46.3439,26.63,2003,28.92,0.38,7.867,33.95,13.06,31.44,False,5.48,0
7.0688,-126.9715,17.13,2016,29.39,1.87,8.073,34.12,14.14,29.75,False,6.82,0
16.1984,2.0756,19.18,2002,27.66,0.0,7.962,34.07,13.68,59.73,False,0.0,0
-23.7624,-15.9381,3.03,2009,29.25,0.57,7.97,35.19,6.71,22.74,False,16.8,0
27.7419,178.9786,4.86,2013,29.02,1.14,7.806,35.62,3.65,30.45,False,19.62,0
23.4132,40.0351,17.81,1999,29.69,0.15,7.848,33.37,9.28,31.36,False,26.2,0
-13.7791,103.1201,12.48,1996,27.41,0.0,8.05,33.59,8.66,32.26,False,0.0,0
19.3656,-59.7547,24.17,2006,28.07,0.0,8.03,33.47,1.43,55.22,False,0.0,0
1.0994,119.3563,16.75,2011,28.96,0.6,8.1,35.61,12.83,83.18,False,46.48,1
-2.2916,41.4306,26.59,2000,27.37,0.0,8.067,35.5,1.05,57.93,False,0.0,0
-11.134,70.9172,29.2,2012,28.86,0.45,8.113,36.32,1.02,63.17,False,0.0,0
4.8581,-74.0049,5.28,2011,26.58,0.0,8.122,34.15,11.15,62.47,False,0.0,0
13.7933,17.5098,12.45,2007,27.63,0.0,7.982,35.93,14.18,37.98,False,0.0,0
-5.344,48.2533,20.28,2015,27.67,0.0,8.154,34.14,10.62,59.84,False,0.0,0
7.7532,32.0741,9.86,2019,26.86,0.0,8.114,36.01,11.85,75.22,False,0.0,1
11.9588,149.4697,8.74,2002,26.21,0.0,7.962,35.43,13.8,65.24,False,0.0,0
12.6673,143.3782,24.6,1993,27.62,0.0,8.202,34.66,5.22,43.24,False,0.0,0
-26.882,169.5543,29.43,2016,28.67,0.0,8.178,35.54,9.42,32.81,False,11.13,0
21.5849,60.2741,23.44,1999,28.0,0.0,7.905,36.38,5.7,48.83,False,0.0,0
-2.5048,169.8891,16.19,2017,25.8,0.0,7.902,33.89,11.92,73.06,False,0.0,1
-14.255,119.6921,13.83,2010,27.66,0.0,7.844,35.46,12.05,74.19,False,17.76,0
-15.4941,-82.5004,16.65,2000,28.26,0.0,7.929,36.97,7.55,36.44,False,0.0,0
-1.0192,-26.1232,14.42,2009,28.63,0.0,8.041,36.19,11.64,65.03,False,0.0,0
23.2099,-94.1787,15.58,2008,29.25,0.0,8.038,34.2,6.14,24.42,False,0.0,0
-7.2991,-178.489,6.9,1999,27.19,0.0,7.988,36.14,10.37,43.48,False,0.0,0
14.9835,-112.3024,27.21,2004,28.3,0.0,7.891,34.98,5.03,52.96,False,0.0,0
-24.1909,-178.5382,22.88,2007,29.1,1.0,8.012,36.12,2.32,23.61,False,8.35,0
-1.4366,79.1418,20.75,1996,27.54,0.0,7.972,33.39,12.48,68.77,False,0.0,0
29.5012,-26.8077,28.55,2019,27.12,0.0,7.804,36.42,0.98,27.04,False,0.0,0
16.2263,-67.4731,9.25,2003,28.12,0.0,8.12,36.98,7.45,70.46,False,0.0,0
-17.3683,94.2195,3.35,2019,28.56,0.96,8.046,34.77,14.37,49.65,False,53.55,1
0.0865,119.6952,24.96,2016,26.69,0.0,8.116,35.05,0.51,36.42,False,0.0,0
-15.9825,171.1078,29.95,2006,28.22,0.0,8.179,33.75,14.06,56.01,False,0.0,0
-5.4263,51.1249,17.77,2019,27.67,0.0,8.112,35.73,1.79,28.48,False,0.0,1
16.805,-13.8496,2.71,2007,28.69,0.36,7.908,33.31,8.82,30.98,False,8.58,1
16.2735,-70.1049,23.63,1992,26.82,0.0,8.132,35.27,6.88,76.63,False,0.0,0
-16.314,-99.9654,3.14,2017,29.84,2.37,8.134,34.67,3.36,67.68,False,15.05,0
25.3334,-103.3467,16.66,2019,26.72,0.0,8.153,33.8,10.8,47.82,False,0.0,0
5.5541,-32.6918,9.05,2010,29.72,4.6,8.069,36.3,4.76,26.01,True,65.69,0
-7.2045,177.0431,27.54,2009,28.61,0.0,8.086,36.0,11.32,59.42,False,0.0,0
0.1161,-179.6927,14.09,2011,30.48,5.41,8.014,34.2,6.21,51.1,True,100.0,1
6.3043,-109.0059,27.06,2010,29.57,1.12,7.884,34.55,1.12,36.66,False,18.19,1
3.5934,-112.1785,9.67,2013,28.67,0.0,7.985,34.01,6.75,45.22,False,2.45,0
-0.8157,78.163,12.23,2010,26.86,0.0,7.931,33.84,9.96,79.36,False,1.94,0
0.296,-53.1055,28.47,1996,29.2,0.35,8.186,33.89,2.27,54.85,False,6.0,0
-19.4153,-15.3861,6.84,1997,27.38,0.0,7.991,33.54,12.45,67.95,False,0.0,0
18.764,-126.4953,17.78,2011,30.78,4.01,7.867,34.36,9.24,41.95,True,86.63,1
2.5056,-34.2011,12.27,2011,27.19,0.0,8.039,35.77,13.62,27.27,False,0.0,0
-22.1352,-142.8481,23.45,2019,27.6,0.0,7.856,34.05,13.83,46.08,False,0.0,0
15.9694,11.8956,4.75,2023,26.54,0.0,8.105,35.81,14.5,63.08,False,0.0,0
25.9466,-144.7422,13.68,2018,27.18,0.0,8.001,36.06,6.75,66.73,False,0.0,0
26.8384,104.583,21.27,1999,28.63,0.0,8.035,34.35,5.35,41.49,False,0.0,0
-7.8589,23.9766,12.8,1994,29.19,0.0,7.913,33.23,12.81,49.66,False,10.73,1
-21.869,80.6284,2.7,2023,30.08,2.19,8.105,35.87,10.15,77.64,False,51.16,1
1.104,-29.3341,21.45,1999,29.66,0.78,7.96,33.56,5.73,61.29,False,25.6,0
-23.2434,-42.6631,15.59,1998,26.93,0.0,7.99,34.1,13.48,66.58,False,0.0,0
26.0392,-144.6448,1.33,2021,28.85,0.0,8.131,35.37,4.23,55.49,False,0.0,0
-18.9852,8.588,18.77,1994,26.99,0.0,7.943,36.68,13.69,46.06,False,0.0,0
-14.834,5.2208,27.68,2000,26.5,0.0,7.973,36.02,12.13,53.57,False,0.0,0
-5.6018,-11.4833,4.22,2005,28.1,0.0,8.134,34.08,6.48,72.41,False,0.0,0
-7.0101,86.5866,18.13,2016,30.13,4.11,8.096,36.25,5.69,59.28,True,50.87,1
17.6798,119.7016,22.13,2009,29.05,0.3,7.909,34.64,13.3,44.62,False,14.27,0
-2.621,90.2843,3.05,1990,27.72,0.0,8.138,33.58,7.54,56.72,False,1.76,0
-19.7539,-128.2083,1.66,2015,28.21,0.0,7.865,34.24,11.63,79.19,False,0.0,0
-13.9674,43.9414,14.46,2000,27.74,0.0,7.829,36.29,9.85,43.89,False,0.0,0
0.5468,-151.0837,23.94,2004,28.34,0.0,8.137,34.48,3.07,54.55,False,0.0,0
-21.1528,70.064,5.66,2007,26.5,0.0,8.161,34.52,13.58,46.07,False,0.0,0
6.6993,-42.5379,25.26,2013,28.53,0.0,8.104,36.91,9.48,60.9,False,0.0,0
3.9448,-132.3004,20.04,2017,28.2,0.0,7.992,35.07,5.23,68.79,False,0.0,0
12.8821,130.3383,10.63,2014,29.18,0.29,7.863,34.99,5.74,59.16,False,15.64,0
26.2623,41.043,15.96,2012,26.39,0.0,8.106,35.92,3.93,54.56,False,0.0,0
24.7353,-52.299,29.0,2000,28.17,0.0,8.151,36.85,9.03,42.29,False,0.0,0
26.7645,-168.9382,7.28,2022,28.96,0.0,8.16,36.96,3.21,56.01,False,55.26,1
-15.3171,13.4317,15.49,2005,28.67,0.0,8.014,36.12,5.73,66.71,False,0.0,0
-22.1061,152.3613,19.11,2012,28.97,0.0,8.037,36.49,14.12,43.46,False,0.0,0
-11.8634,34.6967,5.0,1995,28.21,0.0,8.113,36.63,1.14,43.58,False,38.83,1
23.7051,169.7942,2.26,2013,28.39,0.0,8.16,35.98,10.95,68.9,False,15.01,0
28.3232,-130.8776,1.39,1995,27.04,0.0,8.196,35.26,2.45,50.35,False,0.0,0
21.5595,24.5898,10.42,1999,29.25,0.0,7.944,34.0,5.75,64.25,False,12.9,0
-23.3989,107.325,3.14,2011,30.21,4.47,8.131,35.91,8.82,25.88,False,35.91,1
26.8457,9.1947,24.31,2012,27.24,0.0,7.984,35.01,14.75,36.54,False,0.0,0
-4.5985,-147.2161,29.92,1994,28.98,0.0,7.986,36.67,5.14,60.86,False,0.0,0
-29.4414,29.839,2.78,2017,29.55,2.06,8.047,33.01,3.27,33.17,False,40.79,1
-3.4564,40.2256,13.55,1998,27.74,0.0,7.917,36.68,9.57,54.68,False,0.0,0
-27.2358,82.3353,1.75,2017,30.55,4.36,7.981,36.8,7.4,47.49,True,96.68,1
2.6327,94.0361,4.89,2014,26.35,0.0,8.218,33.88,4.28,87.7,False,0.0,0
-9.6868,97.4782,10.36,2016,28.75,0.0,8.106,36.52,11.11,65.17,False,0.0,0
-1.5939,58.84,12.42,2013,27.29,0.0,8.116,35.36,11.76,29.53,False,1.47,0
6.7902,-102.308,28.25,2005,27.95,0.0,7.869,34.17,11.13,76.07,False,0.0,0
22.1281,-34.4751,12.48,1991,29.54,0.8,8.148,35.7,12.59,64.2,False,15.3,0
9.7141,99.4068,15.39,1991,26.97,0.0,8.06,36.19,10.35,36.8,False,0.0,0
-3.9571,163.2337,8.12,1994,26.33,0.0,8.051,34.69,10.41,48.2,False,0.0,0
19.1657,-151.5791,1.0,2010,28.72,0.0,8.12,35.48,6.94,67.42,False,0.0,0
24.3349,12.7932,27.08,1999,30.55,2.11,8.166,33.81,8.9,57.52,False,38.29,1
-22.8144,-67.492,3.37,2007,26.05,0.0,8.011,33.13,10.39,43.13,False,0.0,0
1.916,-98.8582,28.96,2015,27.18,0.0,7.926,36.74,8.04,39.89,False,0.0,0
-12.9293,2.0918,4.79,2009,28.38,0.0,7.907,33.62,10.48,78.12,False,4.75,0
-27.1763,38.1922,18.54,2010,29.45,0.88,7.966,35.06,13.31,71.37,False,25.01,1
10.1128,-176.482,29.98,1991,27.17,0.0,8.102,33.34,6.7,69.08,False,0.0,0
21.7662,100.8744,5.02,2022,28.14,0.0,8.093,36.42,6.9,62.22,False,31.18,0
-20.2258,115.1576,13.29,2012,27.53,0.0,8.067,36.09,11.77,81.89,False,0.0,0
18.7448,167.5839,23.63,2020,28.26,0.0,8.161,33.77,5.08,37.12,False,0.0,0
21.2037,-114.9683,1.93,1993,26.6,0.0,8.012,36.26,1.62,55.91,False,0.0,0
24.8604,34.0389,21.0,1992,28.91,0.0,8.098,34.37,6.05,49.71,False,0.0,0
-14.0829,-26.4149,3.33,1999,29.35,0.0,8.03,36.36,7.95,57.0,False,0.0,0
24.2372,-59.462,7.86,2021,30.32,2.89,7.951,34.0,4.54,79.69,False,30.01,1
-10.7602,23.628,5.64,2016,27.69,0.0,8.065,34.89,10.27,64.99,False,0.0,0
3.1403,101.6579,27.31,2008,26.6,0.0,8.103,34.05,8.29,26.83,False,0.0,0
-26.9696,-171.701,6.23,1990,26.71,0.0,7.991,35.68,4.85,50.88,False,0.0,0
-27.3671,168.984,2.17,2015,27.65,0.0,7.94,33.22,2.98,43.85,False,0.0,0
13.2224,111.5574,18.04,2002,30.31,3.31,8.126,35.32,11.12,51.94,True,77.85,1
-3.3312,90.4153,11.04,1991,29.47,0.32,8.037,35.95,0.52,40.16,False,0.0,0
-14.6225,93.7395,12.77,2011,29.43,0.0,8.151,33.78,5.81,51.86,False,0.0,0
-18.5752,-39.9381,4.45,2017,28.24,0.0,8.0,33.95,5.05,36.09,False,0.0,0
10.1972,90.5834,22.7,1991,28.27,0.0,7.956,35.9,2.27,36.57,False,19.33,1
-29.9759,-40.7627,18.45,2000,28.58,0.0,8.155,34.66,14.45,47.5,False,9.75,1
18.3535,143.5345,11.56,2015,29.41,3.01,8.056,35.49,5.27,54.62,False,45.5,1
-25.245,-116.1999,5.98,2017,29.3,1.21,8.15,34.71,12.83,64.39,False,34.2,1
-18.5106,-74.7549,18.21,2015,27.35,0.0,8.078,34.68,7.17,71.65,False,0.0,0
-6.8258,18.4815,23.58,2006,27.24,0.0,8.044,34.2,8.94,49.07,False,0.0,0
-0.9085,-65.084,10.06,1992,29.76,2.42,8.189,35.34,9.11,73.02,False,26.87,1
-8.7003,-27.2746,1.75,2003,28.59,0.0,8.181,35.4,8.61,78.63,False,0.0,0
-10.7573,-2.7278,7.22,2005,28.87,0.0,8.054,36.01,14.12,57.25,False,9.12,1
27.835,128.2872,20.79,2017,31.35,6.25,7.973,35.01,8.94,28.75,True,100.0,1
8.4948,8.3492,29.68,2017,28.22,0.0,7.847,35.25,14.88,66.06,False,0.0,0
-28.594,-49.5145,1.39,2014,27.83,0.0,8.016,36.39,5.55,31.86,False,0.0,0
-4.1894,-90.815,9.88,1998,27.52,0.0,7.789,33.16,9.49,70.25,False,0.0,0
22.5005,-32.8766,2.8,2000,25.86,0.0,7.937,35.08,14.21,54.16,False,0.0,0
-11.9126,5.665,10.17,2010,26.69,0.0,7.878,33.51,10.26,29.23,False,0.0,0
-24.3266,88.6013,12.77,1991,26.34,0.0,8.099,35.74,4.15,67.76,False,0.0,0
15.5031,-136.4224,27.71,2023,28.76,0.0,8.123,36.58,12.64,45.79,False,4.69,1
6.3608,-100.2207,3.34,2002,25.96,0.0,7.905,34.7,8.11,51.72,False,0.0,0
4.2188,-43.3246,23.54,1994,27.4,0.0,7.91,35.54,11.05,25.48,False,0.0,0
-26.7854,-50.2566,12.47,2000,26.52,0.0,8.031,34.48,0.88,53.4,False,0.0,0
-21.5701,-38.9707,24.53,2018,30.52,3.59,7.918,36.02,6.28,28.87,False,33.91,0
7.353,105.6677,15.89,2017,30.58,4.68,7.886,35.36,9.78,42.22,True,86.21,1
-17.5306,-63.3044,2.14,2017,28.29,0.0,8.061,35.43,10.31,34.32,False,3.64,0
0.2442,0.6833,28.44,1994,29.39,2.34,7.969,33.69,8.29,31.74,False,36.67,0
2.6929,44.6065,3.4,2009,28.05,0.0,8.091,33.03,1.09,40.21,False,26.82,0
-12.9896,-96.4157,18.33,1999,29.99,0.0,7.916,35.5,12.11,44.31,False,9.63,0
26.9055,78.7303,26.45,2021,28.32,0.0,7.903,33.45,9.65,48.33,False,0.0,0
20.5478,16.9601,3.31,2018,27.82,0.0,8.143,33.53,1.89,81.42,False,0.0,0
13.3424,-19.1588,17.06,1991,29.73,3.98,7.984,33.65,13.04,52.04,False,57.43,1
-25.3204,111.5222,24.9,1990,27.42,0.0,7.844,34.6,9.54,73.94,False,0.0,0
-23.6322,-92.3417,29.6,2009,28.15,0.0,8.071,33.98,12.79,48.74,False,0.0,0
-0.4331,137.9433,22.01,1990,29.4,0.51,8.169,36.81,12.59,31.93,False,20.95,0
-20.3572,21.9775,9.07,1993,30.35,2.31,7.999,35.71,10.54,25.2,False,36.27,1
28.6959,39.303,21.29,2004,27.81,0.0,7.911,33.78,4.65,44.96,False,0.0,0
-20.4888,135.0212,21.47,2019,28.77,0.0,7.925,36.22,11.7,75.05,False,0.0,0
-0.7519,114.3298,21.3,1995,27.47,0.0,7.948,34.12,5.27,65.4,False,0.0,0
-8.1527,36.5623,25.77,1990,30.16,3.27,8.154,36.2,5.45,28.97,False,47.23,1
8.3632,91.1476,3.53,1996,29.08,0.23,8.017,34.88,10.17,41.73,False,22.41,0
-22.2578,-24.005,4.14,1994,27.34,0.0,7.86,34.92,13.63,51.27,False,0.0,0
-4.181,17.056,19.58,1996,28.71,0.05,7.874,34.53,6.97,78.68,False,18.41,0
-13.5177,-157.6548,28.66,1992,25.89,0.0,8.099,33.99,8.65,55.56,False,0.0,0
23.2651,-147.6511,14.51,2001,27.77,0.0,8.152,35.75,3.77,71.92,False,0.0,0
-27.5649,118.5931,28.86,2004,29.87,1.92,7.966,35.01,10.22,35.27,False,38.21,1
24.8236,-158.5182,28.2,2009,28.99,0.07,8.047,33.04,4.97,32.48,False,0.0,0
19.9796,-119.0163,27.18,2010,27.8,0.0,8.155,34.29,13.37,43.38,False,0.0,0
-12.1458,106.4998,27.39,2021,28.6,0.0,7.957,36.07,0.53,50.63,False,0.0,0
17.3574,-179.5875,27.05,2001,29.24,0.49,7.916,34.18,7.44,66.2,False,0.0,0
-28.1272,-78.3344,24.78,1996,27.2,0.0,7.989,35.74,12.56,38.88,False,0.0,0
28.0119,30.2539,21.15,2020,28.25,0.0,8.104,33.81,4.76,71.27,False,0.0,0
1.5957,34.362,1.71,1990,27.63,0.0,8.02,36.03,7.53,46.72,False,3.7,0
-11.8031,99.775,4.84,2000,28.24,0.0,7.975,34.71,2.03,25.74,False,4.06,1
-8.245,2.1335,4.89,2023,29.77,1.35,8.128,33.03,2.18,61.5,False,46.23,1
-26.0157,3.3847,1.68,2008,30.77,5.83,8.271,35.6,9.74,34.66,False,65.22,1
29.361,81.1118,4.38,2000,27.36,0.0,8.256,35.31,12.22,45.26,False,0.0,0
-27.6425,-0.4952,27.67,2022,29.58,0.8,7.924,35.28,1.38,39.52,False,0.0,0
9.2944,39.0568,20.25,2022,29.77,2.25,8.109,36.81,3.59,28.75,False,38.82,1
-3.4358,143.1987,10.05,1997,28.65,0.0,8.117,34.5,6.74,49.97,False,0.0,0
26.935,-35.4776,24.01,1997,29.71,4.99,8.071,36.6,14.4,66.28,False,64.05,1
-15.24,-41.355,15.16,2023,29.11,0.0,8.082,33.01,1.89,74.19,False,25.65,1
1.9252,-178.7224,5.12,2016,26.84,0.0,8.032,36.85,11.57,61.06,False,0.0,0
-1.0586,40.8335,26.65,2018,29.1,1.85,7.827,35.21,9.37,49.4,False,26.02,1
12.172,-169.2821,10.82,2003,25.88,0.0,7.946,35.04,6.59,59.63,False,0.0,0
-25.9194,1.4935,21.27,2023,30.53,2.49,8.02,36.57,4.75,31.2,False,41.17,1
-18.3727,109.5242,9.43,1990,28.98,0.0,8.181,35.54,5.94,68.7,False,20.31,0
-17.1261,17.9716,15.5,1998,26.34,0.0,8.092,35.09,6.63,88.29,False,0.0,0
14.289,-82.931,24.67,1999,26.8,0.0,7.995,34.54,13.19,52.62,False,0.0,0
-18.6517,103.0206,5.55,2019,26.92,0.0,8.01,35.64,14.8,73.16,False,0.0,0
4.4095,-82.9019,29.34,2007,29.64,3.05,8.052,33.21,14.37,58.43,False,41.08,1
-17.0854,83.8914,3.04,2006,26.32,0.0,8.164,33.99,2.62,34.99,False,0.0,0
21.6975,39.693,16.49,1995,29.32,0.0,8.146,33.4,0.92,52.37,False,7.87,0
26.5311,-118.8013,27.56,2000,26.81,0.0,8.099,35.02,3.59,52.62,False,0.0,0
1.1096,145.8482,28.43,2013,29.4,0.93,7.913,33.39,4.9,60.99,False,0.0,1
-8.8615,-107.7683,7.73,2022,30.1,3.76,8.037,36.25,7.16,63.08,False,84.24,1
-15.9565,176.2513,5.18,2022,28.76,0.0,7.937,34.17,7.93,24.05,False,15.87,0
-27.0131,-177.3682,22.01,2007,30.1,6.74,7.803,35.49,5.88,25.41,True,100.0,1
-13.89,-85.146,2.22,1994,27.3,0.0,8.078,34.34,13.9,23.08,False,0.0,0
9.2541,-108.0503,15.07,2020,28.63,0.0,8.068,35.8,11.01,50.89,False,0.0,0
2.017,-174.9624,24.09,2005,27.3,0.0,8.058,34.41,10.57,54.42,False,0.0,0
26.6425,83.6524,17.25,1991,28.39,0.0,8.147,34.52,8.87,49.48,False,2.17,0
-6.2234,69.6333,6.45,1998,26.76,0.0,7.905,34.92,8.59,82.31,False,0.0,0
11.6318,105.2463,15.12,1991,29.67,3.29,7.965,34.29,6.76,22.29,True,58.11,1
-0.6406,-87.5885,27.72,2009,29.36,0.0,8.032,33.68,6.87,79.63,False,0.0,0
0.7546,-20.0393,18.9,2006,29.14,1.38,7.88,34.75,14.12,75.78,False,6.54,0
-13.9335,57.2809,21.92,2014,29.41,1.49,7.965,35.65,9.03,41.75,False,32.35,1
-2.703,-21.6833,10.75,2008,26.23,0.0,7.936,34.3,6.52,70.21,False,0.0,0
-1.7529,71.0373,6.47,1997,25.62,0.0,7.941,36.24,7.6,54.83,False,0.0,0
12.3986,48.2304,8.41,2000,28.25,0.0,8.224,36.28,13.98,76.88,False,0.0,0
26.4384,-138.7268,16.46,2002,28.07,0.0,8.09,33.83,5.51,33.31,False,0.0,0
-10.2407,101.1755,9.13,2002,28.69,0.0,8.248,34.08,14.96,87.1,False,0.0,0
-27.468,79.4435,16.72,1998,25.93,0.0,7.894,33.01,6.12,60.83,False,0.0,0
-0.2223,56.1004,21.53,1994,27.62,0.0,7.933,34.41,11.99,40.63,False,0.0,0
2.6677,-124.1663,22.3,2007,30.66,1.94,7.962,36.65,1.49,70.52,False,27.15,0
-19.8936,-83.5213,5.78,2003,28.45,0.0,7.992,36.13,6.43,28.04,False,33.9,1
15.6279,-38.4563,22.76,2023,27.93,0.0,7.91,36.84,2.63,26.86,False,0.0,0
29.0957,-79.2253,20.51,2011,27.22,0.0,8.067,33.86,4.73,74.76,False,7.3,0
26.7465,-97.9883,1.35,2022,27.17,0.0,8.004,35.29,6.37,56.56,False,0.0,0
-18.1736,109.9288,2.71,2013,29.1,1.31,8.051,34.46,8.62,23.79,False,12.06,0
22.5218,49.7636,19.74,2018,27.34,0.0,7.911,35.46,2.52,25.28,False,0.0,0
12.2696,23.57,12.13,2002,28.99,0.52,8.073,35.98,6.93,57.85,False,5.23,1
-2.7692,-98.657,5.24,2016,26.75,0.0,7.975,33.38,14.0,59.79,False,0.0,0
2.4367,150.5076,2.29,1990,27.73,0.0,8.058,33.35,7.86,63.59,False,0.0,0
20.976,-111.1741,5.62,1996,27.54,0.0,7.911,33.44,1.48,56.5,False,0.0,0
-1.1919,106.1823,28.77,1993,26.84,0.0,8.209,34.12,3.35,64.33,False,0.0,0
-7.6076,168.0022,22.1,1999,30.45,2.77,8.072,35.98,12.12,33.27,False,12.3,0
-0.4052,81.7534,16.3,2005,28.93,1.83,7.911,35.55,4.93,76.37,False,37.63,1
4.7478,177.4292,28.3,2016,27.93,0.0,8.06,34.2,12.81,35.84,False,0.0,0
-18.6553,54.3784,18.95,2009,29.19,2.08,7.933,36.42,4.86,56.41,False,16.69,0
24.0545,-101.7143,22.04,1999,28.79,1.07,7.931,35.91,8.61,45.07,False,10.22,0
10.4512,-106.625,9.2,2022,29.64,3.15,8.036,36.89,9.0,72.18,False,16.63,0
7.9961,-63.1569,18.08,1996,28.63,0.0,8.082,35.74,9.98,44.56,False,0.0,0
-24.0302,-177.4332,5.16,2011,30.2,4.27,7.943,35.87,11.26,69.72,True,96.15,1
6.2504,65.4114,12.73,2006,29.41,1.48,8.021,36.29,14.94,57.21,False,28.93,1
-22.7424,-83.2796,1.96,1998,27.95,0.0,7.899,36.7,0.6,38.83,False,0.0,0
-25.2781,113.466,7.28,1999,25.46,0.0,7.825,34.11,11.74,37.08,False,0.0,0
1.6387,-50.6978,3.17,2020,27.09,0.0,8.118,35.58,12.08,34.08,False,0.0,0
-5.8329,-7.2157,12.25,2020,29.0,1.29,8.047,34.65,3.6,38.72,False,9.86,0
5.3286,167.648,25.45,1994,29.18,0.0,8.125,33.92,4.49,79.44,False,0.0,0
-24.6467,-92.818,11.96,2007,29.47,0.59,7.989,33.77,9.19,58.15,False,18.24,1
-4.141,79.6515,25.12,1995,27.58,0.0,8.061,33.39,3.55,45.38,False,0.0,0
-19.5128,91.8424,20.04,2017,26.16,0.0,8.035,36.39,9.24,26.38,False,0.0,0
29.226,-100.4407,15.78,2013,28.96,0.03,7.999,33.05,3.13,46.94,False,0.0,0
3.669,0.3589,7.87,1994,27.05,0.0,8.069,36.98,8.54,66.89,False,0.0,0
11.2462,-53.9273,27.74,2017,29.12,2.27,8.195,36.86,11.94,72.6,False,16.55,1
-10.4749,97.8862,2.57,1992,28.7,0.0,7.979,35.12,14.62,57.87,False,14.78,0
-24.3157,44.094,20.98,2007,28.54,0.0,8.058,35.97,6.9,79.1,False,0.0,0
28.5523,-8.6461,19.02,1993,29.25,0.42,7.832,34.83,5.73,50.85,False,0.0,0
-12.8245,100.5708,13.79,2021,28.37,0.0,8.044,33.88,12.11,25.0,False,16.38,0
-4.5715,-95.344,7.97,2021,30.63,5.15,7.968,35.96,4.35,28.7,True,100.0,1
8.9918,91.3039,13.49,2008,29.64,0.46,8.11,34.79,7.03,71.23,False,0.0,0
-28.5182,131.5348,26.31,2018,29.41,2.2,8.112,36.46,3.22,58.81,False,0.0,0
18.6155,136.3038,25.27,2022,30.16,3.85,7.835,36.44,11.83,44.38,False,37.38,0
2.1947,102.1225,28.3,1991,29.09,0.0,7.997,36.83,6.56,71.21,False,0.0,0
-13.307,-33.1149,9.93,2000,26.93,0.0,8.076,35.79,9.26,49.93,False,0.0,0
-26.3035,173.4509,12.23,2022,29.14,0.0,7.914,34.97,2.84,34.82,False,6.46,0
-20.2501,-43.3463,1.54,1990,25.63,0.0,8.127,35.24,14.09,46.3,False,0.0,0
23.702,49.9051,28.35,2006,26.88,0.0,7.904,34.44,14.84,63.12,False,0.0,0
11.1615,-122.0133,10.55,2005,29.01,1.17,8.114,35.64,6.16,55.16,False,4.27,0
-15.0059,172.9616,12.72,1991,27.0,0.0,8.159,33.37,12.71,66.54,False,0.0,0
-26.064,73.4349,27.33,1993,28.31,0.0,8.051,36.97,2.61,68.72,False,0.0,0
11.4369,91.2159,16.27,2021,28.71,0.0,7.924,33.25,11.46,59.4,False,0.0,0
4.3445,-156.3204,17.42,1996,26.74,0.0,8.011,35.41,12.37,41.24,False,0.0,0
-5.7288,94.8304,6.11,2018,28.59,0.28,7.95,34.16,8.46,84.14,False,9.08,0
-8.1833,98.9004,15.46,1998,30.89,6.87,8.004,36.29,8.79,71.2,True,100.0,1
-16.9911,61.8382,27.63,1994,28.52,0.0,8.136,35.52,11.86,54.47,False,0.0,0
10.1767,-74.9125,17.2,2010,27.09,0.0,7.913,35.43,4.1,49.75,False,0.0,0
28.2401,-3.7116,8.4,2006,29.65,0.76,7.803,35.99,3.08,26.2,False,30.3,1
-19.4571,-140.2436,1.9,2003,26.36,0.0,7.937,33.47,11.25,50.45,False,0.0,0
5.827,-10.2287,10.75,2021,28.45,0.0,7.866,34.25,7.62,42.07,False,0.0,0
-4.5489,-92.2234,17.61,2004,28.57,0.0,7.838,35.02,13.36,74.46,False,1.9,0
-3.1987,-54.3251,2.24,2010,29.65,0.8,7.868,34.28,14.9,45.88,False,10.75,1
-14.7512,-121.4639,18.68,2003,28.3,0.07,8.117,33.44,12.88,70.6,False,0.0,0
19.5081,-97.1804,16.18,2005,29.24,1.4,8.103,34.24,3.23,38.07,False,0.34,0
-0.8847,-152.4353,23.72,1990,28.19,0.0,8.216,34.83,6.94,58.89,False,0.0,0
2.6044,151.1645,1.84,2007,28.55,0.0,8.129,33.59,9.93,59.28,False,14.5,0
-11.7143,10.9478,23.64,2023,29.36,2.95,8.068,35.65,4.77,73.81,True,47.06,1
-19.0915,-37.1729,16.11,2015,25.91,0.0,8.06,33.29,12.66,57.35,False,0.0,0
-24.8454,12.6105,11.75,2010,27.67,0.0,7.957,36.57,6.98,44.94,False,0.0,0
12.8471,46.1856,29.0,1990,26.45,0.0,8.146,34.45,2.08,57.92,False,0.0,0
-18.2259,151.8764,5.64,2016,28.23,0.0,8.072,34.44,3.96,24.46,False,8.12,0
11.4045,-115.6705,16.7,2000,28.21,0.0,8.139,33.84,9.14,39.14,False,3.98,0
-6.5774,-73.6011,10.31,2003,28.22,0.0,7.981,34.93,10.42,67.45,False,0.0,0
-5.0535,171.2842,16.3,2017,30.96,4.41,8.022,36.33,10.62,67.99,True,85.19,1
-1.8494,-46.3705,17.02,2016,29.55,0.0,7.958,35.35,2.88,57.48,False,0.88,0
-7.9375,-171.8778,3.59,2011,29.28,0.68,8.147,36.24,11.59,46.79,False,47.76,1
-23.9628,-126.8483,20.17,2010,29.53,1.36,8.071,36.88,1.9,71.6,False,32.96,1
-11.4221,-170.5181,19.4,2013,30.27,3.87,8.139,35.5,14.35,29.55,False,55.3,1
9.8241,176.3723,23.31,2008,30.03,2.24,8.133,33.67,11.66,66.0,False,30.85,0
9.9471,-79.6065,3.63,2013,26.35,0.0,7.901,34.21,10.67,38.2,False,0.0,0
-12.8265,152.4754,9.62,2015,27.76,0.0,7.928,35.65,3.65,79.47,False,3.86,0
-2.3938,178.5191,19.85,2014,29.74,5.65,8.093,36.13,2.55,30.12,True,90.8,1
-18.3932,35.9428,4.97,2018,28.98,0.0,8.199,35.62,2.62,48.29,False,3.87,1
-17.3777,-168.0493,20.65,1999,26.57,0.0,7.842,35.32,3.85,70.35,False,0.0,0
-28.6172,-150.627,2.71,2000,28.26,0.0,8.058,36.71,12.61,42.7,False,8.63,0
23.8048,-6.6279,10.71,2013,30.69,5.09,8.057,34.99,10.07,36.26,False,82.81,1
-17.3576,-33.7781,25.55,2013,30.07,2.29,8.175,35.67,14.54,58.79,True,23.47,0
-16.348,38.2238,23.45,2001,27.98,0.0,8.011,34.25,1.84,61.64,False,0.0,0
-13.2239,-22.0148,19.7,1996,29.44,0.82,8.117,34.56,10.73,37.86,False,0.0,0
-22.3555,156.2677,26.24,2006,29.61,1.51,8.164,33.94,12.87,37.75,False,0.61,0
8.3558,12.5063,21.57,1995,27.38,0.0,8.028,36.2,7.47,33.94,False,0.0,0
-25.4914,69.7414,16.06,2001,28.93,1.94,8.202,33.8,1.35,73.68,False,28.03,0
-21.9479,142.7347,29.41,2004,30.19,3.16,7.993,33.93,9.9,31.07,False,46.87,1
8.6854,-127.1261,21.15,2021,27.76,0.0,8.116,33.43,9.51,26.39,False,0.0,0
-9.6204,-97.2955,18.44,2012,27.53,0.0,8.228,35.94,14.18,35.98,False,12.12,0
12.4769,-141.3653,12.86,1996,28.21,0.76,8.079,33.3,12.46,52.95,False,0.0,0
3.4455,-129.7302,27.17,2020,28.35,0.0,7.967,33.24,8.39,60.65,False,8.32,0
-14.6387,4.5302,9.58,2018,27.56,0.0,7.825,35.5,2.14,25.4,False,0.0,0
9.0497,-64.3755,1.27,2017,27.21,0.0,7.892,34.5,1.3,30.15,False,0.0,0
-23.0236,-27.6578,6.71,2001,28.81,0.0,8.0,36.71,13.59,53.68,False,17.35,0
2.1846,173.6963,4.18,2016,26.03,0.0,8.207,36.51,7.38,57.97,False,0.0,1
-3.7711,-123.5864,10.25,1993,30.02,2.59,8.132,34.99,9.81,38.18,True,98.54,1
-13.9276,14.6923,24.95,2010,27.93,0.0,8.179,33.33,10.89,46.84,False,0.0,0
6.2403,-144.4064,19.89,1998,29.66,0.0,7.904,35.2,8.55,57.56,False,0.0,0
22.28,-65.3413,5.9,2023,29.03,0.0,8.03,36.98,12.99,49.54,False,0.0,0
29.9343,9.9093,23.88,2010,27.61,0.0,8.04,35.64,1.37,40.07,False,0.0,0
6.4658,160.7874,15.62,2012,27.75,0.0,7.858,36.18,11.58,46.94,False,0.0,0
-5.7176,-39.1578,15.87,2013,28.68,0.0,8.101,34.61,11.55,39.25,False,14.32,1
-16.4876,-156.6336,11.5,1999,29.15,0.74,7.921,33.3,3.86,30.65,False,5.29,0
-14.5742,-40.2619,26.07,1995,26.43,0.0,8.042,36.76,2.25,61.26,False,0.0,0
-1.2327,-127.5332,10.23,2010,27.52,0.0,7.941,34.32,9.76,67.6,False,0.0,0
-7.9633,-97.2037,3.73,2018,29.79,1.49,8.161,33.61,5.32,38.98,False,46.15,1
24.8289,42.5126,9.78,2010,28.55,0.0,8.006,33.62,0.72,40.93,False,2.3,0
-7.9023,-155.7274,21.75,2011,27.86,0.0,7.943,33.54,6.87,36.52,False,0.0,0
-7.5933,-12.6994,20.07,1994,29.25,0.6,8.147,34.72,9.76,77.25,False,3.48,0
-6.9879,39.4062,6.45,2004,27.18,0.0,7.917,36.44,13.81,39.28,False,0.0,0
20.1972,-28.131,4.24,2008,28.45,0.0,7.877,33.59,6.78,34.43,False,13.94,1
9.0473,-173.1145,20.17,2005,28.21,0.0,8.034,36.02,2.59,42.96,False,2.1,1
6.8501,174.787,20.61,2012,27.72,0.0,7.843,33.29,6.74,67.56,False,0.0,0
-9.9514,-47.8383,11.62,1993,29.34,3.73,8.249,33.48,11.58,25.72,False,46.23,1
19.0743,100.2878,25.44,2010,27.05,0.0,7.992,33.46,1.91,71.38,False,0.0,0
-27.6982,-62.7673,29.37,2013,26.83,0.0,7.867,35.07,3.19,54.95,False,0.0,0
22.2478,-8.994,6.96,2015,29.29,0.61,7.972,36.52,4.47,48.86,False,0.0,0
0.765,-40.1531,17.73,1991,25.91,0.0,8.018,35.98,7.12,28.92,False,0.0,0
-6.105,-56.6859,1.16,1997,29.04,0.48,8.111,36.46,13.79,48.32,False,26.29,0
-0.17,-172.1335,21.68,1998,27.5,0.0,8.011,36.46,11.59,47.24,False,0.0,0
10.0449,-50.3925,13.01,1991,26.47,0.0,7.989,33.46,9.54,39.02,False,0.0,0
-29.2341,140.2164,6.6,2003,28.51,1.55,8.123,35.2,12.21,46.61,False,59.42,1
22.2931,68.5416,22.81,2009,26.38,0.0,7.857,36.16,13.3,38.36,False,0.0,0
-3.1956,-127.6478,24.51,1991,27.41,0.0,8.112,36.8,7.21,59.13,False,0.0,0
-9.422,32.8158,4.22,1993,26.68,0.0,8.097,35.74,11.26,69.35,False,0.0,0
-21.7053,141.2031,2.19,2003,28.09,0.0,8.077,36.43,13.91,71.42,False,0.0,0
-3.6321,72.0123,10.69,2010,26.38,0.0,7.938,34.49,8.21,59.99,False,0.0,0
-0.2206,-126.4736,19.15,2004,26.78,0.0,7.927,35.82,11.57,44.02,False,0.0,0
-5.7812,132.4197,24.01,2009,28.2,0.0,7.942,34.48,14.74,63.63,False,0.0,0
10.7196,-71.4442,16.84,1995,29.45,2.62,8.043,33.78,7.35,23.28,True,50.08,1
-4.7462,-16.5326,17.84,2017,27.27,0.0,7.933,33.26,10.25,74.67,False,0.0,0
27.6851,9.4114,24.2,1991,27.62,0.0,8.118,36.54,6.98,67.43,False,0.0,0
5.9567,126.1824,16.34,2017,26.7,0.0,8.073,33.26,10.88,57.79,False,0.0,0
18.4487,155.3787,18.72,2023,30.14,1.52,7.968,37.0,6.13,43.12,False,8.73,0
-23.4386,154.675,15.97,2003,29.58,2.01,7.948,35.04,2.35,24.1,True,32.87,0
-6.1625,-177.1365,26.53,1998,26.59,0.0,8.288,35.02,13.38,43.91,False,0.0,0
-9.7891,151.8799,7.83,2012,30.9,3.83,8.096,33.29,10.81,67.29,True,67.65,1
4.1689,-160.4207,8.66,2011,30.44,3.53,8.124,33.3,14.93,43.52,False,96.07,1
21.6668,-84.3215,4.71,1994,27.48,0.0,7.952,35.87,11.04,67.22,False,2.44,0
-25.2997,5.3956,24.76,2018,27.22,0.0,7.935,34.77,12.75,37.69,False,0.0,0
-25.6455,-7.2268,12.94,2023,26.82,0.0,7.929,33.71,14.37,33.5,False,0.0,0
21.0191,37.6955,11.09,1993,29.81,3.11,8.01,33.81,1.36,37.43,False,77.08,1
-17.229,-7.3994,29.46,1998,27.88,0.0,8.131,33.93,12.92,63.08,False,0.0,0
10.1252,156.3752,27.88,2003,26.44,0.0,8.048,36.24,2.11,67.84,False,0.0,0
2.5727,-93.4024,29.19,1994,29.63,1.18,8.052,35.45,13.24,67.33,False,0.0,0
19.9736,-81.3511,5.13,2016,29.11,0.31,8.154,33.29,11.71,57.63,False,0.0,0
-22.4947,151.4657,26.85,2000,29.07,0.69,7.797,35.76,7.26,61.08,False,11.82,1
-22.213,-152.3738,10.53,2019,30.36,4.45,8.183,35.08,12.29,57.31,True,100.0,1
3.4091,39.4419,1.37,2023,29.65,1.84,8.131,35.32,6.33,68.97,False,21.33,0
26.7827,65.4249,12.35,2013,26.46,0.0,7.984,34.21,11.06,49.98,False,0.0,0
-5.1001,1.995,15.77,2005,28.94,0.0,8.069,33.07,3.37,54.55,False,0.0,0
-10.3835,69.9235,4.14,2019,30.2,3.6,8.064,35.03,1.53,16.78,False,65.93,1
6.4014,-117.8083,16.59,2013,26.66,0.0,7.955,35.38,10.15,41.62,False,0.0,0
25.8269,126.9476,24.76,1992,27.23,0.0,8.083,35.58,6.49,35.62,False,0.0,0
20.2157,-129.5908,11.95,2018,27.7,0.0,8.013,34.77,3.7,54.99,False,0.0,0
29.729,-35.7075,11.23,2001,29.52,1.92,8.08,35.24,2.85,27.76,False,1.4,0
-28.6459,-152.9073,10.83,2016,29.94,1.87,7.856,35.18,13.18,53.27,False,0.0,0
-23.2285,16.276,27.77,2018,29.84,2.21,7.92,34.48,5.55,49.92,False,20.37,0
6.5681,61.1085,2.41,1991,30.1,3.41,8.127,36.23,12.49,56.46,False,50.02,1
19.2346,158.8398,13.91,2018,27.41,0.0,8.034,34.73,3.01,42.63,False,0.0,0
-12.8853,86.161,8.67,1998,27.3,0.0,8.002,33.95,7.18,35.13,False,20.02,1
-15.6473,14.797,26.92,2017,27.68,0.0,8.038,33.04,6.84,28.74,False,0.0,0
17.2185,155.7421,3.79,2012,29.81,4.55,8.029,34.15,3.84,35.06,False,56.31,1
-26.6171,-7.7627,12.93,2002,29.44,0.0,8.124,33.41,3.35,70.17,False,0.0,0
-7.837,22.034,12.8,1994,28.03,0.0,8.005,35.0,7.68,48.87,False,0.0,0
0.3486,34.5955,26.76,2021,28.68,0.0,8.148,34.53,7.1,62.42,False,0.0,0
3.6209,-32.4073,7.25,2017,30.13,4.75,7.959,34.0,11.87,40.65,True,66.01,1
13.7169,121.8538,19.7,2004,29.11,0.0,8.139,33.52,7.37,57.08,False,0.0,0
-8.7093,-113.3367,4.9,2013,27.77,0.0,8.205,36.22,5.31,74.39,False,0.0,0
6.7611,19.7432,28.67,2021,29.98,2.99,7.979,36.94,7.47,42.53,True,62.25,1
5.1225,80.004,18.2,2010,26.51,0.0,8.132,36.45,13.81,64.41,False,0.0,0
2.857,145.4314,19.16,1994,26.41,0.0,8.096,36.15,2.66,56.58,False,0.0,0
8.429,138.2106,13.58,2017,28.29,0.0,7.85,35.12,13.79,40.98,False,0.0,0
-14.433,3.1465,10.93,2021,29.62,1.54,7.909,36.34,10.62,58.99,False,28.06,0
-24.9211,51.5381,7.17,2012,30.37,2.67,8.169,35.14,10.15,77.87,True,75.33,0
-22.8437,-38.0744,18.52,2005,29.99,2.1,7.953,34.29,6.78,37.64,True,61.92,1
-16.5251,-11.456,28.68,1999,29.57,0.0,8.158,33.9,5.73,58.01,False,5.2,0
0.0119,146.2557,11.43,2018,29.05,0.0,7.866,33.86,11.33,44.98,False,8.68,0
20.4266,155.0534,26.61,2016,28.85,0.0,8.052,34.82,9.35,31.63,False,0.0,0
12.0776,142.3491,5.31,2013,30.31,4.84,7.99,35.55,9.96,66.27,True,100.0,1
17.3424,-130.1865,28.15,2012,27.36,0.0,8.03,33.61,9.48,40.23,False,0.0,0
-8.9415,126.0302,11.16,1992,27.71,0.0,7.942,33.05,1.36,52.94,False,0.0,0
-5.7208,161.4109,12.01,2003,29.41,1.73,8.004,33.09,7.98,45.46,False,21.51,0
-6.3791,-49.9501,14.42,1993,26.02,0.0,7.978,34.23,5.74,67.92,False,0.0,0
-18.4876,6.7127,21.83,2021,28.25,0.0,8.033,35.88,12.13,64.19,False,8.92,0
-26.327,100.4743,21.87,2009,28.86,0.26,8.192,33.02,9.04,63.33,False,0.0,0
5.455,22.3481,14.91,2006,28.35,0.0,8.219,34.87,6.81,38.85,False,0.0,0
29.353,177.6541,16.17,2018,30.21,3.69,7.847,34.19,14.9,74.72,False,54.73,0
-19.9902,-15.9432,1.87,2021,28.89,0.0,8.118,36.66,10.26,38.89,False,12.4,0
-27.1989,77.0194,9.82,1993,30.21,2.5,8.057,36.83,13.29,30.17,False,65.98,1
16.7719,105.3328,11.03,2013,27.63,0.0,7.998,34.59,13.86,46.85,False,0.0,0
-14.8448,-2.1239,17.2,1991,28.83,0.0,7.931,36.91,11.27,62.27,False,0.0,0
19.7786,128.5142,17.19,2003,27.12,0.0,7.954,36.88,6.58,70.69,False,0.0,0
12.2362,16.6157,21.59,2023,29.94,2.75,7.823,35.3,7.64,37.36,False,13.49,0
26.7404,-31.8057,21.79,1991,29.43,1.24,8.191,34.54,2.79,45.77,False,35.99,1
-5.4644,-141.1835,7.82,1995,27.31,0.0,8.023,33.42,9.44,73.59,False,0.0,0
9.7182,-38.3711,23.34,2011,30.78,3.11,7.914,35.21,7.93,46.82,False,46.27,1
-2.1087,84.2171,1.57,1994,25.71,0.0,8.04,36.34,3.6,56.28,False,0.0,0
7.8353,151.6631,21.77,2011,29.11,0.0,7.983,34.58,1.09,36.9,False,0.0,0
-3.0241,-89.3954,3.96,2000,27.22,0.0,8.12,35.02,13.1,53.7,False,0.0,0
-18.6821,-52.1152,22.16,2020,30.1,1.83,7.886,34.59,0.94,27.46,False,18.15,1
0.4738,-124.574,16.29,2018,27.67,0.0,8.246,35.81,6.02,55.41,False,0.0,0
1.7151,68.6602,13.68,2022,28.25,0.0,8.081,35.2,8.62,54.97,False,5.35,1
18.6362,165.6678,21.03,2011,31.05,4.32,7.945,35.06,8.17,43.38,True,100.0,1
14.1312,50.7428,2.05,2016,29.76,2.24,7.851,33.87,8.24,59.05,False,52.6,1
9.8275,42.1476,7.48,1997,29.69,0.91,8.045,35.37,3.79,31.6,False,33.95,0
-23.1968,19.2564,18.88,1995,28.43,0.0,8.098,34.98,5.3,38.65,False,0.0,0
13.237,-148.1559,25.57,2014,28.15,0.0,7.899,35.81,0.59,53.03,False,0.0,0
0.0183,82.6214,12.05,2023,31.5,4.57,8.019,35.53,13.91,55.48,False,84.09,1
23.646,36.7378,8.5,1998,28.91,0.5,7.904,34.18,9.28,34.54,False,0.0,0
25.1923,58.1316,16.04,2020,28.67,0.0,8.081,35.52,12.37,52.36,False,0.0,0
-26.6906,143.572,19.05,2008,29.79,2.67,7.939,36.06,10.97,52.07,False,57.09,1
19.2385,102.2259,13.18,1990,30.14,3.53,7.949,35.6,8.67,48.68,True,82.93,1
-27.7382,101.1295,26.42,2013,30.43,6.19,8.086,35.0,7.95,56.8,True,100.0,1
-7.9698,153.7862,16.18,2023,25.75,0.0,8.057,35.64,6.97,55.43,False,0.0,0
2.538,176.3766,2.04,2006,29.88,3.0,7.942,34.89,8.52,36.01,False,41.4,1
-21.114,29.2618,7.47,2023,29.07,0.0,8.023,34.36,3.43,49.88,False,8.07,0
14.7788,-140.8026,14.07,2002,27.98,0.0,8.184,35.49,6.24,80.93,False,0.0,0
-29.4987,-14.7132,21.23,2014,31.74,8.88,8.17,33.08,8.49,39.13,True,100.0,1
-19.8841,103.5364,7.37,2001,28.46,0.0,8.079,33.37,11.14,47.44,False,10.59,0
4.8478,-170.0189,29.31,2010,28.13,0.0,7.976,33.73,11.9,59.51,False,0.0,0
12.8633,-159.5205,10.24,1990,26.53,0.0,8.135,36.92,13.0,48.99,False,0.0,0
24.9986,-155.8232,16.44,1995,26.48,0.0,8.174,34.15,5.57,77.88,False,0.0,0
12.3298,83.1729,1.55,2000,27.81,0.0,8.037,35.0,9.05,44.58,False,6.03,0
10.3068,0.42,26.66,2005,28.62,0.0,7.86,35.28,8.29,52.09,False,0.0,1
-6.3395,-47.1967,23.88,2011,27.15,0.0,8.029,33.05,6.33,77.72,False,0.0,0
-29.9229,-141.9779,6.67,2000,28.19,0.29,8.049,33.31,5.37,27.98,False,0.0,0
-22.7904,83.6065,28.06,2015,28.53,0.0,8.184,33.62,0.64,34.55,False,0.0,0
2.0733,-64.4329,10.16,2015,30.38,2.4,7.882,33.87,3.07,50.89,False,36.33,1
10.5078,-84.4833,21.07,2010,30.42,5.63,8.065,33.29,2.49,71.99,True,100.0,1
-4.9531,54.8349,24.75,2015,28.96,0.0,7.83,35.6,4.86,41.59,False,0.0,0
13.8407,21.2439,22.49,2004,28.78,0.0,7.972,33.48,5.72,64.08,False,0.0,0
1.3117,-49.5322,27.61,2000,29.42,1.15,8.015,36.58,4.56,52.48,False,19.59,0
-25.5494,50.9355,26.06,1998,28.98,0.0,7.937,35.01,11.99,57.55,False,0.0,0
-18.479,-82.3603,29.84,2012,26.41,0.0,8.158,33.75,3.37,42.17,False,0.0,0
20.3999,106.1389,6.3,1993,25.98,0.0,7.941,33.93,4.32,77.4,False,0.0,0
13.4948,-97.4452,9.84,2019,30.74,5.49,7.843,35.59,7.79,20.32,True,100.0,1
23.6857,-122.8184,19.45,2017,27.76,0.0,7.852,33.45,4.62,60.2,False,0.0,0
-22.9466,101.6782,22.26,2014,26.89,0.0,8.066,33.18,13.49,33.6,False,0.0,0
29.4134,74.8411,16.5,2011,27.77,0.0,7.932,36.2,9.37,70.2,False,0.0,0
-17.4356,-114.25,3.14,2014,29.08,0.0,8.164,34.97,5.39,36.81,False,16.27,1
-29.2932,-138.1515,25.41,2015,29.14,0.0,8.087,36.4,7.06,51.89,False,9.88,0
29.8454,121.8237,28.87,2018,28.63,0.0,7.788,36.8,6.63,41.67,False,0.0,0
-13.1356,99.5755,12.76,2021,28.46,0.0,8.106,34.82,13.41,86.52,False,0.0,0
10.0812,-62.1873,7.52,2015,27.72,0.0,7.959,34.21,8.97,17.38,False,9.27,0
-19.3991,56.9511,1.56,2017,28.36,1.4,7.903,34.48,5.89,35.96,False,25.8,1
4.8137,-135.3023,7.88,2009,28.95,1.56,7.978,36.57,7.68,56.07,False,9.17,0
24.2421,2.5372,21.3,1991,28.44,0.0,7.892,36.99,5.76,58.45,False,0.0,1
-10.7891,-173.2571,27.44,2012,27.58,0.0,7.874,34.53,11.65,41.41,False,0.0,0
10.2152,-39.0233,3.71,1994,27.49,0.0,7.965,36.86,0.77,46.56,False,0.0,0
-18.7258,-153.0566,17.04,2010,29.89,2.97,7.89,35.02,7.72,20.43,True,76.34,1
7.4877,-8.947,21.17,2011,29.44,0.0,8.081,33.15,4.09,68.33,False,5.36,0
-9.813,-28.1946,9.02,2000,26.86,0.0,8.068,33.81,3.87,35.03,False,0.0,0
-17.3275,-20.0214,17.53,2019,29.37,1.0,8.041,34.55,3.18,35.54,False,27.44,1
-11.2091,-163.6807,21.74,2017,29.36,0.39,7.906,34.42,7.76,49.43,False,0.0,0
-19.2695,-49.8181,25.29,2006,27.16,0.0,7.862,36.25,2.05,67.86,False,0.0,0
24.115,92.3342,14.12,2010,31.27,6.95,7.921,36.15,8.03,37.84,True,100.0,1
-6.1688,-47.1908,22.69,2014,25.53,0.0,8.042,33.51,9.25,53.82,False,0.0,0
-15.2832,77.4619,9.75,2013,26.59,0.0,7.899,33.23,13.53,31.98,False,0.0,0
-3.0955,-46.9877,7.18,2019,27.71,0.0,7.94,35.84,11.6,46.6,False,0.0,0
-10.7678,-27.6338,6.43,2010,28.83,0.0,8.203,34.7,9.92,71.5,False,8.6,0
14.6652,23.0012,11.41,1995,29.15,0.1,8.117,33.69,12.2,34.76,False,5.27,0
28.2732,162.2455,2.04,2010,29.31,1.41,8.087,33.35,5.6,37.93,False,9.83,0
-3.718,-140.8102,9.21,1997,27.9,0.0,8.059,33.86,8.22,62.24,False,0.0,0
21.662,-168.151,19.91,1994,27.91,0.0,8.048,36.83,1.74,66.65,False,0.0,0
3.9518,38.8646,19.79,1999,29.33,1.06,8.161,33.35,8.08,65.21,False,0.0,0
-20.5659,161.675,3.13,2020,26.3,0.0,7.935,35.2,6.14,30.81,False,0.0,0
11.4374,176.3003,9.34,2019,26.92,0.0,7.883,33.1,13.74,75.51,False,0.0,0
0.8061,-5.7009,17.52,2010,30.07,1.87,7.909,36.61,4.87,56.96,False,46.28,1
9.0364,-11.4906,10.24,2016,30.8,4.47,7.936,35.05,10.46,24.22,True,100.0,1
23.3812,52.187,13.12,2021,28.48,1.53,8.077,36.75,10.47,60.94,False,24.21,0
-3.5739,20.0285,21.67,2015,29.15,1.29,8.067,34.3,10.84,62.26,False,0.0,0
24.0707,48.2717,1.27,1993,30.2,2.36,8.048,34.62,10.37,35.07,False,23.61,0
15.0401,134.6398,9.02,2016,29.99,3.32,8.031,36.0,13.3,59.59,False,82.82,1
-0.6837,88.6702,5.13,2016,31.06,6.13,7.975,36.77,9.14,50.73,True,100.0,1
6.1933,-1.1241,4.7,1995,27.28,0.0,8.244,33.56,12.9,45.65,False,0.0,0
-10.4651,-13.7288,28.81,2007,29.26,3.67,8.128,34.59,10.27,51.89,False,38.98,1
29.0158,50.2566,11.92,2015,26.39,0.0,8.083,36.88,13.28,55.73,False,0.0,0
10.0411,-15.9457,16.29,2013,29.52,0.83,7.864,34.3,11.07,66.93,False,38.89,1
-27.3692,-15.1994,22.28,1996,27.49,0.0,8.253,36.75,7.14,69.08,False,0.0,0
-10.4027,-174.1299,2.38,2003,27.0,0.0,8.116,35.48,4.42,55.4,False,0.0,1
7.3989,-117.3369,7.99,2002,29.06,0.0,7.951,34.92,13.68,60.15,False,20.39,0
-26.62,-4.1351,25.13,2015,26.76,0.0,7.983,34.33,2.42,62.9,False,0.0,0
-28.5669,116.1552,26.0,1991,26.58,0.0,7.943,35.04,13.11,39.52,False,0.0,0
-2.9985,-79.6583,11.82,2012,26.27,0.0,7.901,35.62,9.96,64.45,False,0.0,0
-10.0386,8.1516,11.87,2017,31.48,10.05,7.78,35.84,9.35,16.99,True,100.0,1
-3.7021,-55.8136,22.95,1990,26.11,0.0,7.946,33.31,8.28,31.53,False,0.0,0
-14.2384,-142.2706,9.56,2021,27.27,0.0,8.175,35.56,4.74,67.84,False,0.0,0
-20.1169,164.9875,4.4,2001,28.1,0.0,8.168,36.57,9.31,53.65,False,19.23,0
11.3486,127.6826,8.47,2015,30.66,4.2,7.946,34.71,7.41,24.09,True,84.76,1
0.8743,-151.7427,12.23,2020,29.56,1.18,7.884,34.0,6.29,36.43,False,17.68,0
-17.9907,79.1234,2.51,2001,30.38,0.91,7.999,35.8,9.8,78.03,False,36.71,1
-10.8246,-54.8712,14.88,2018,26.98,0.0,8.045,33.46,1.69,78.6,False,0.0,0
5.5085,178.1459,22.46,1994,28.17,0.0,7.933,36.73,9.27,58.05,False,0.0,0
-25.6662,-71.1365,15.9,1996,29.27,0.0,8.034,35.05,14.97,45.21,False,6.32,0
-21.1528,-94.0542,3.08,2005,28.77,0.12,8.133,35.65,1.12,48.18,False,7.64,0
-25.6053,24.4406,13.76,2021,28.18,0.0,8.0,34.41,7.38,51.74,False,0.0,0
18.739,120.6454,21.56,2006,27.64,0.0,7.925,34.72,7.08,85.88,False,0.0,0
15.1446,-110.6932,2.68,2010,29.58,0.0,7.939,35.31,1.57,64.71,False,21.89,0
15.1988,75.385,2.74,2016,29.14,0.07,7.965,36.95,7.65,51.8,False,27.51,0
12.9795,-157.8936,11.75,2004,26.59,0.0,8.022,35.81,2.68,35.67,False,0.0,0
10.1631,150.8165,6.65,2012,26.46,0.0,8.018,36.74,12.42,43.63,False,0.0,0
-1.3805,-150.813,28.11,1997,29.91,1.21,8.005,36.82,13.55,31.97,False,5.81,0
8.5367,149.1233,17.86,2014,26.82,0.0,7.873,36.12,12.45,33.3,False,0.0,0
-27.6983,-3.3094,9.33,2000,28.11,0.0,8.183,33.16,13.96,84.7,False,0.0,0
7.2879,-18.6872,21.44,2010,26.8,0.0,8.154,34.08,9.89,47.48,False,0.0,0
16.6727,170.3905,11.87,1999,26.73,0.0,7.937,36.23,12.73,35.48,False,0.0,0
0.0215,176.5383,4.83,1998,30.02,2.22,7.989,33.05,7.74,69.78,False,66.6,1
-8.5492,54.0641,7.88,1990,29.14,2.07,8.098,34.94,11.96,71.73,True,60.04,1
-13.3544,-134.2371,19.64,2011,29.1,1.24,8.134,36.07,14.23,51.91,False,7.93,0
8.5681,2.2212,2.5,1995,26.46,0.0,8.031,36.72,6.02,72.02,False,0.0,0
11.5681,10.4987,8.91,2019,29.63,0.9,8.142,34.76,12.6,71.44,False,29.84,1
22.2581,5.2007,7.04,2023,28.18,0.0,8.035,36.32,7.37,77.9,False,0.0,0
-9.46,25.0171,6.83,2002,29.2,1.87,7.965,34.83,9.39,31.57,False,22.22,0
16.1863,-173.2591,20.8,2011,26.73,0.0,8.16,33.57,13.3,46.77,False,0.0,0
3.6813,76.0418,24.95,1995,28.4,0.0,7.959,34.83,13.27,44.85,False,0.0,0
22.9702,76.4619,21.76,2013,28.3,0.0,7.862,34.77,11.26,29.31,False,0.0,1
1.6687,-138.4309,19.73,2010,29.77,1.62,8.108,35.1,5.03,39.58,False,24.02,1
1.0578,25.2862,27.58,2012,29.38,1.24,7.969,36.72,1.76,59.35,False,0.0,0
4.6726,24.61,2.69,1994,28.52,0.0,7.978,35.47,14.81,56.78,False,10.63,0
14.9589,65.6822,5.86,1996,27.57,0.0,8.084,33.36,8.74,81.56,False,0.0,0
27.8814,-149.2568,13.02,1992,27.17,0.0,8.022,34.72,2.1,55.16,False,0.0,1
-25.5862,45.5412,11.8,2002,27.82,0.0,8.08,34.82,14.41,65.29,False,0.0,0
-26.7939,-78.9293,13.12,2001,29.33,2.23,8.132,36.3,7.13,82.0,False,18.14,0
26.253,2.5211,6.99,1995,26.35,0.0,8.113,35.07,14.45,54.18,False,0.0,0
1.7925,98.3965,5.34,2023,26.88,0.0,8.13,34.73,5.8,56.35,False,0.0,0
6.8942,74.0325,15.77,2004,29.11,5.87,7.98,33.54,13.69,53.37,True,67.69,1
-1.0546,-137.1949,27.91,2007,26.87,0.0,7.933,36.12,12.87,63.23,False,0.0,0
-24.3806,32.8265,12.37,1992,29.21,0.0,8.002,36.09,7.33,42.86,False,0.0,0
16.0854,168.882,2.26,2011,30.67,6.23,7.902,33.8,5.03,49.93,True,100.0,1
14.8335,-123.563,21.48,2017,28.1,0.0,8.13,35.64,11.24,43.33,False,0.0,0
-11.2978,127.0466,9.44,2001,27.72,0.0,7.891,33.34,12.83,76.72,False,0.0,0
-11.6256,72.9173,8.11,1990,28.66,0.0,8.049,35.31,1.12,53.88,False,18.47,0
20.2705,98.6412,10.4,2019,29.72,1.63,8.112,35.17,3.76,45.5,False,28.89,0
-25.6586,-78.495,21.99,2012,29.87,2.07,8.035,33.5,6.73,26.61,False,39.15,1
22.8663,-76.36,24.75,2017,27.61,0.0,8.032,35.65,3.51,41.21,False,0.0,0
-14.6003,146.167,18.05,1994,26.63,0.0,8.101,33.35,4.43,54.52,False,0.0,0
5.5791,-50.4605,10.35,1999,29.4,0.0,8.118,36.25,7.96,72.08,False,0.0,0
26.1597,-157.3145,10.0,1994,28.86,0.0,8.21,33.61,6.05,47.36,False,5.01,0
10.6874,36.2148,4.6,2003,28.12,0.0,7.989,34.71,14.05,49.22,False,0.0,0
-5.1342,-135.0656,28.07,2013,31.21,6.77,7.96,36.4,12.71,66.98,True,100.0,1
11.3721,106.7746,19.51,2017,29.52,2.85,7.949,33.26,3.52,60.25,False,18.12,0
-9.3612,51.0287,1.78,2010,29.24,1.09,8.059,36.2,14.25,50.99,False,21.9,0
-13.3645,134.9015,20.21,2001,26.26,0.0,7.969,35.99,3.65,29.29,False,0.0,0
29.801,102.5414,13.97,2009,27.81,0.0,8.089,34.17,9.15,54.99,False,3.4,1
15.0474,-139.6391,29.2,2021,29.16,0.01,8.043,36.58,4.95,45.04,False,8.57,0
8.6832,-42.8146,24.75,2010,30.58,3.61,8.047,36.66,4.63,48.54,False,37.81,1
-8.6826,98.8417,5.97,2006,29.87,0.0,7.897,35.93,8.33,21.47,False,46.17,1
-27.0504,-29.7571,21.88,1990,28.28,0.0,8.03,36.31,14.23,34.91,False,0.0,0
-28.1366,170.0516,15.08,2017,27.49,0.0,7.915,33.58,6.57,31.68,False,0.0,0
3.2509,84.8666,6.42,1991,29.48,0.0,8.006,34.77,4.58,59.46,False,16.1,0
15.722,-174.42,21.26,2006,26.69,0.0,7.947,36.88,4.13,57.66,False,0.0,0
2.2428,136.7948,16.87,2003,28.51,0.0,7.927,33.38,4.98,72.11,False,13.53,0
20.4471,-143.7103,1.88,2003,29.96,2.78,7.995,34.66,6.95,68.12,False,60.82,1
-27.9944,-129.4115,19.75,2007,28.25,0.0,8.151,36.85,13.16,59.5,False,0.0,0
-7.9949,84.4173,19.41,2023,26.03,0.0,7.93,35.34,5.06,67.1,False,0.0,0
-15.7758,131.3887,5.18,1990,29.64,0.0,8.041,33.12,4.45,63.71,False,3.45,0
-3.1636,13.0859,11.12,2007,29.34,0.6,8.005,36.41,8.83,41.35,False,22.16,0
-25.6574,-75.9421,17.99,2023,29.03,0.07,8.067,34.29,9.07,65.22,False,0.0,0
27.2479,-53.5264,5.02,2012,29.71,1.67,8.028,33.14,6.96,48.25,False,29.16,1
-16.6047,-56.5598,25.73,2005,26.79,0.0,8.014,36.32,3.26,69.21,False,0.0,0
25.3385,-62.3959,1.8,2008,27.68,0.0,8.047,35.98,3.27,30.52,False,0.0,0
-4.4464,-92.5525,3.98,1995,28.81,0.0,8.132,35.12,8.04,70.36,False,5.39,0
29.1314,39.1922,4.37,2013,29.44,2.98,7.889,34.45,4.63,79.95,False,25.74,1
3.2435,144.1459,16.32,2006,30.54,3.63,7.846,36.03,2.72,39.6,False,53.07,1
25.85,-69.4503,18.98,2005,26.31,0.0,7.853,35.39,0.88,33.45,False,0.0,0
-29.6791,-112.7901,12.71,1995,27.45,0.0,8.044,33.94,2.45,34.6,False,0.0,0
14.8943,121.888,9.37,2005,26.69,0.0,8.197,36.52,12.55,38.72,False,6.45,0
24.183,87.042,24.47,1998,30.58,6.04,8.19,35.14,2.76,38.95,True,93.49,1
-21.6168,155.1013,2.98,2018,29.62,2.61,7.994,36.43,0.54,56.78,False,24.05,0
-24.2324,-120.4129,9.13,1993,26.67,0.0,8.124,33.33,6.17,67.99,False,0.0,0
-4.5256,-128.0695,2.13,2015,27.58,0.0,8.208,33.92,13.96,63.69,False,0.0,0
26.0207,14.9146,1.4,2015,27.45,0.0,7.78,34.26,8.06,59.95,False,1.94,0
2.5432,41.1961,11.25,2003,29.51,0.94,8.061,36.38,0.65,35.19,False,15.28,1
1.6474,-7.1376,6.65,2013,28.15,0.0,7.837,36.49,10.78,52.58,False,7.83,0
-21.5324,35.628,8.78,1997,27.13,0.0,8.183,36.08,6.31,45.7,False,0.0,0
-29.9526,-115.0633,24.81,2014,28.33,0.0,7.981,35.33,11.65,65.79,False,0.0,1
18.6084,-7.339,5.73,1993,29.35,0.09,8.139,34.82,9.15,53.43,False,28.86,1
-24.7455,56.9133,23.63,2004,27.55,0.0,8.138,33.38,2.52,33.02,False,0.0,0
8.031,-24.2257,20.58,2005,29.77,0.17,8.073,35.62,7.34,40.14,False,7.7,0
24.877,64.601,10.47,2000,27.89,0.0,7.999,36.34,8.55,63.56,False,0.0,0
-17.4809,-17.5711,16.85,2017,27.45,0.0,7.963,36.44,7.76,66.3,False,0.0,0
9.9164,-59.9042,13.89,1996,28.03,0.0,8.093,33.96,11.92,58.24,False,1.75,0
-25.2781,-70.7022,4.72,2013,29.39,0.58,7.969,35.35,12.82,74.3,False,27.65,0
6.2253,-32.0753,27.31,2020,28.42,0.0,8.166,36.77,10.17,63.72,False,9.94,0
-20.1641,-171.6877,17.52,1993,28.06,0.0,8.005,36.41,1.04,38.76,False,0.0,0
14.1572,60.669,26.53,1995,27.27,0.0,8.006,33.63,5.61,63.93,False,0.0,0
-11.9261,124.238,24.89,2022,30.86,4.43,8.147,34.57,5.85,26.27,False,57.7,1
-2.1965,-52.3342,3.31,2021,27.5,0.0,7.93,33.39,3.73,55.92,False,0.0,0
5.9658,-163.4281,7.01,2006,28.54,0.0,7.933,36.33,6.7,77.58,False,0.0,0
-19.7236,175.2392,5.21,2021,28.03,0.0,8.028,35.43,3.22,64.58,False,16.65,0
14.4983,-85.0686,25.09,2003,29.61,2.46,8.149,35.8,11.46,54.9,False,7.65,0
-11.8416,-134.4164,26.01,2008,29.42,0.86,8.075,33.66,12.6,63.98,False,24.28,1
9.7423,-46.8891,16.31,2013,29.53,0.0,8.031,35.9,14.05,50.68,False,17.8,0
-20.503,85.8805,4.02,2000,27.72,0.0,7.873,33.9,0.7,68.09,False,9.3,0
11.2871,-74.19,4.93,1996,28.78,0.45,7.955,36.89,8.31,32.46,False,7.79,0
-22.3087,26.8932,24.59,2013,27.21,0.0,7.933,36.5,3.53,30.98,False,0.0,0
-4.4786,-30.3984,27.95,2013,26.13,0.0,8.021,33.06,8.2,37.6,False,0.0,0
-15.1676,-137.605,6.78,2003,26.3,0.0,8.192,35.69,1.53,81.54,False,0.0,0
14.9025,-61.0967,1.32,2013,28.62,0.0,8.063,34.35,11.6,19.57,False,0.0,0
-14.2779,80.9534,10.6,2000,29.9,2.97,8.125,35.74,4.78,39.16,False,30.01,1
22.903,40.3214,1.88,1997,27.54,0.0,8.096,33.71,8.72,76.25,False,0.0,0
23.5092,-136.8798,25.01,2004,28.24,0.0,8.131,34.09,12.05,85.02,False,0.0,0
-18.2135,-121.2039,15.25,1991,28.74,0.99,7.953,33.19,6.8,38.1,False,8.66,0
6.8308,50.664,19.61,2013,27.55,0.0,8.07,34.47,14.9,65.89,False,0.0,0
-24.7369,112.8295,12.93,1999,26.41,0.0,8.125,35.41,12.18,66.59,False,0.0,0
-6.5078,-54.1892,11.02,2021,27.0,0.0,8.125,36.47,6.64,67.07,False,0.0,0
12.7993,34.3119,7.44,2006,29.48,0.76,8.096,33.84,10.72,68.56,False,28.63,0
9.5654,-118.5683,23.35,1999,30.54,4.99,7.917,36.51,10.21,55.7,False,76.45,1
7.482,-67.9045,21.17,2011,27.21,0.0,7.935,36.21,1.13,77.9,False,0.0,0
-13.0475,-172.7027,11.46,1995,29.95,2.84,7.965,35.59,5.88,67.69,False,23.84,1
-7.3185,96.5793,10.31,2016,29.08,0.0,8.195,36.44,8.12,44.75,False,0.0,0
-23.8232,-35.6365,1.04,2009,28.38,0.0,7.832,34.3,6.52,36.46,False,14.8,1
13.1414,113.8052,2.84,1990,25.87,0.0,8.152,36.77,3.14,80.23,False,0.0,0
0.2333,75.0143,19.07,2006,29.54,2.57,7.8,33.72,10.09,34.47,False,30.37,0
12.5259,118.3479,15.92,1990,26.98,0.0,7.963,35.31,14.83,31.96,False,0.0,0
-15.0634,-77.1629,13.61,2004,29.45,0.92,7.984,34.87,5.44,29.0,False,6.55,0
-10.5337,-113.3609,25.0,1990,28.07,0.0,8.072,36.0,14.42,60.65,False,0.0,0
-9.9471,169.886,15.61,2006,27.27,0.0,8.022,34.4,11.47,45.71,False,0.0,1
-28.4555,78.238,12.15,1991,28.0,0.0,7.993,36.68,5.26,63.07,False,0.0,0
-9.5371,120.2552,5.68,2007,29.19,0.84,7.848,33.38,6.59,64.77,False,15.83,1
18.1983,-175.272,24.8,2001,28.26,0.0,7.978,35.45,9.59,35.43,False,0.0,0
23.8379,-52.3938,17.71,2018,29.46,1.68,8.017,33.3,11.34,34.94,False,13.19,0
1.0931,87.414,3.68,2012,28.23,0.0,8.099,36.89,11.33,72.74,False,0.0,0
-2.6699,-151.9262,19.82,1998,30.39,2.8,7.942,33.81,9.8,52.03,False,28.99,1
-28.1505,24.2424,13.33,1997,27.41,0.0,7.934,36.09,2.13,42.9,False,0.0,0
22.7523,-25.5338,24.53,2005,29.75,1.41,7.888,35.92,12.89,44.24,False,29.82,1
-29.2194,-173.6581,27.65,2012,28.43,0.0,7.992,36.9,4.38,38.91,False,0.0,0
26.685,-95.0488,18.41,2018,28.09,0.0,8.022,36.74,3.04,34.16,False,0.0,0
-0.647,-77.4749,22.22,1999,28.49,1.79,7.998,36.49,3.58,74.78,False,0.0,1
-9.4839,-139.7304,2.64,2001,28.49,0.0,8.087,35.57,1.09,52.07,False,14.39,0
25.4531,47.3533,17.25,2001,28.54,0.0,8.064,35.09,11.17,76.01,False,0.0,1
-28.5365,-92.7368,22.9,2019,29.0,2.44,7.838,33.81,1.25,58.35,False,19.91,1
4.8855,-80.057,15.41,1999,28.93,0.0,8.039,35.53,1.11,48.61,False,3.32,1
2.936,143.3659,18.21,2003,28.03,0.0,8.126,35.87,0.52,40.82,False,0.0,0
-16.8408,-11.8357,27.07,1993,26.01,0.0,8.118,36.77,0.57,67.05,False,0.0,0
-4.2668,-38.8339,6.74,2009,28.6,0.0,7.967,34.13,10.36,47.3,False,0.0,0
9.1358,80.5936,3.85,1996,27.06,0.0,7.957,34.43,7.68,71.24,False,0.0,0
13.6279,147.461,21.03,2019,29.42,1.88,8.092,34.8,10.25,37.79,False,4.72,0
-29.957,-170.9869,24.86,2013,29.71,4.54,8.007,35.77,3.86,28.97,True,79.7,1
26.2112,-18.634,25.66,1999,29.33,1.95,7.987,36.37,10.93,56.8,False,0.0,0
-20.1285,39.8813,19.61,2006,27.68,0.0,8.141,34.03,5.02,46.1,False,0.0,0
-15.9852,-65.3173,25.16,2010,28.22,0.0,8.08,35.16,7.71,48.57,False,0.0,0
-14.1916,98.0668,21.32,1992,26.47,0.0,8.025,34.01,13.01,62.3,False,0.0,0
-27.7308,169.7317,3.53,1990,25.29,0.0,7.87,34.86,1.44,30.99,False,0.0,0
-22.6169,159.6339,23.1,2007,28.52,0.0,7.964,36.74,12.9,77.71,False,0.0,0
29.181,-84.2463,6.2,1991,29.91,0.0,8.118,36.53,5.31,67.91,False,6.44,0
-11.087,-98.5182,7.86,1993,28.24,0.04,7.963,34.84,4.06,57.57,False,0.0,0
-23.0819,164.6966,12.44,2021,29.27,0.0,8.286,34.47,12.81,64.32,False,11.99,0
-23.5805,-14.8937,10.12,2008,29.54,0.0,8.031,35.18,10.58,32.35,False,29.4,0
13.1676,-105.0128,10.33,2009,28.14,0.0,8.104,35.93,4.79,71.02,False,0.0,0
21.2741,74.5189,5.91,1996,25.87,0.0,8.028,33.47,10.6,43.61,False,0.0,0
-14.5829,-77.6087,9.52,1998,27.74,0.0,8.21,33.91,13.6,33.79,False,4.8,0
-28.7454,-83.7911,1.57,1996,26.67,0.0,8.046,33.48,13.12,68.14,False,0.0,0
-16.6146,136.5297,14.71,2016,28.44,0.0,8.012,33.07,12.19,68.3,False,0.0,0
-26.6091,-121.5075,23.29,2010,29.07,1.04,7.988,36.14,14.95,46.62,False,20.47,0
-23.7963,-156.8185,26.01,2013,25.66,0.0,7.912,34.5,2.95,65.03,False,0.0,0
-4.1095,-83.0929,24.79,2021,28.15,0.0,7.909,36.06,11.37,58.14,False,0.0,0
-16.2049,38.5003,13.08,2001,28.79,0.6,8.142,34.99,4.77,78.03,False,0.0,0
0.9568,-135.6884,22.18,2012,28.19,0.0,7.923,35.74,14.01,73.39,False,0.0,0
-14.7904,-10.2259,9.35,2018,28.37,0.0,8.047,34.99,1.67,37.32,False,0.0,0
26.4322,45.8414,2.61,1992,28.82,0.0,7.974,34.95,10.18,58.79,False,10.41,0
24.3566,125.5453,20.6,1997,29.19,0.2,7.875,36.55,3.43,28.27,False,0.0,0
4.0084,-97.2469,19.82,2023,28.51,0.0,7.982,35.55,14.86,62.12,False,0.0,0
-8.7346,114.2447,24.25,2003,27.21,0.0,7.952,33.44,8.03,71.98,False,0.0,0
-7.1312,-95.4337,18.87,2021,29.04,1.98,8.043,35.27,8.23,53.96,False,28.29,0
-5.2889,63.636,5.55,1996,27.92,0.0,7.98,33.56,8.15,37.83,False,0.0,0
13.6548,-24.9575,25.74,1999,29.04,0.3,8.035,35.33,11.5,38.1,False,7.2,0
-2.9017,-138.7148,19.19,2001,29.21,0.0,7.947,35.64,14.59,34.37,False,18.98,0
21.4038,77.1348,24.42,2012,26.95,0.0,8.107,33.77,14.43,74.45,False,0.0,0
26.6457,-101.6055,23.45,2000,27.47,0.0,7.939,33.64,3.88,79.81,False,0.0,0
-9.8432,-116.4156,9.64,2002,29.43,0.16,8.024,33.73,8.6,77.45,False,34.23,0
3.6417,-51.0037,3.16,2001,26.98,0.0,7.926,36.29,8.42,34.01,False,0.0,0
-24.2966,55.1845,6.12,1996,28.6,0.26,7.984,33.63,2.31,31.86,False,0.0,0
-17.9719,-95.7613,3.69,1999,27.51,0.0,8.167,36.12,10.61,44.26,False,0.0,0
-5.1921,-113.8818,8.06,1996,26.46,0.0,8.155,33.08,11.51,63.66,False,0.0,0
-17.6278,-176.4167,14.33,2016,26.84,0.0,8.101,36.3,13.1,51.7,False,0.0,0
22.5936,-10.2085,27.3,1996,27.6,0.0,8.098,33.97,11.17,81.26,False,0.0,0
-20.5028,-25.6876,26.29,2013,29.5,1.88,8.114,33.75,2.22,48.23,False,0.0,1
-2.6604,-95.8076,21.84,2012,29.26,0.0,7.95,35.52,13.82,66.76,False,1.8,0
6.342,-160.6852,1.7,2014,27.96,0.0,8.103,36.49,3.56,44.13,False,0.0,0
11.5118,-25.4679,10.9,2022,28.43,0.0,8.032,35.87,9.34,76.69,False,4.45,1
-7.0158,103.7538,20.79,1996,28.52,0.85,8.143,35.24,9.85,51.59,False,12.17,0
22.1459,77.5016,4.74,2019,27.5,0.0,8.151,33.96,2.7,72.45,False,2.0,0
4.0991,129.8862,24.23,2020,26.78,0.0,7.931,34.63,5.48,34.76,False,0.0,0
-3.6295,-176.5502,27.52,2010,30.97,6.73,8.155,36.43,4.85,53.26,False,72.98,1
-25.9656,167.911,11.27,2023,29.72,2.3,8.181,36.19,10.79,77.91,False,27.48,0
-2.1186,-57.0916,21.47,2010,29.86,2.28,7.893,33.89,9.56,26.32,False,8.66,0
19.2442,176.5432,5.3,2009,27.69,0.0,7.956,36.51,6.63,24.98,False,0.0,0
6.8725,-89.057,21.03,2023,29.26,1.16,7.832,33.96,2.9,65.41,False,18.25,0
19.9297,-10.2469,1.62,1997,28.52,0.0,8.041,36.93,11.22,50.99,False,0.9,1
-0.3593,-52.586,5.37,2021,30.27,6.56,8.18,35.97,14.11,32.05,True,96.13,1
-22.8923,-51.9261,21.59,2019,25.86,0.0,8.1,35.83,8.87,80.06,False,0.0,0
-29.1816,123.2216,21.64,2018,31.25,6.68,7.888,35.33,13.72,26.21,True,100.0,1
-11.8068,88.7108,19.59,1994,26.88,0.0,8.112,36.42,12.26,54.1,False,0.0,0
11.8794,177.1745,14.84,2019,30.71,3.17,7.967,36.53,14.28,29.06,True,83.52,1
17.4156,40.8653,20.57,2001,26.97,0.0,8.142,34.02,5.42,32.45,False,0.0,0
-12.2548,-13.2276,23.44,2016,27.68,0.0,8.159,36.17,9.67,45.89,False,0.0,0
-0.2608,-147.5734,29.03,2002,25.48,0.0,8.237,33.66,3.81,79.18,False,0.0,0
-4.7329,178.7621,26.77,1999,28.22,0.0,8.084,34.58,11.2,72.07,False,0.0,0
-5.3686,18.551,24.04,2020,27.78,0.53,8.121,36.66,14.77,46.5,False,11.27,0
-16.1191,72.1719,21.15,2005,28.36,0.0,8.063,34.22,5.16,57.01,False,0.0,0
-21.8177,-33.5727,17.65,2015,28.53,0.06,8.027,34.73,1.45,71.63,False,0.0,0
-18.1987,17.1777,4.5,2009,28.04,0.0,8.151,34.68,14.61,86.91,False,0.0,0
-26.6801,159.328,5.8,2023,26.62,0.0,7.972,35.28,0.95,71.71,False,0.0,0
-18.1122,-120.089,24.79,1997,29.37,0.27,8.209,36.34,5.78,32.46,False,0.0,0
-29.4479,-74.7459,24.3,1993,25.91,0.0,8.182,35.19,8.62,50.17,False,0.0,0
7.6355,-125.2585,18.82,2018,29.86,0.4,8.196,36.76,11.84,59.34,False,0.0,0
-11.0175,105.1977,13.73,2020,30.25,3.12,8.165,36.5,3.64,67.48,True,73.28,1
28.3887,-157.6637,1.75,1991,28.57,0.0,7.976,35.45,1.28,52.96,False,9.48,0
-18.377,-150.6126,10.49,2014,25.98,0.0,7.918,34.73,10.61,60.48,False,0.0,0
-9.2503,-72.5421,13.2,1992,26.28,0.0,7.975,34.3,1.91,46.51,False,0.0,0
-8.5295,5.1077,15.09,1994,28.65,0.0,7.938,35.45,4.04,55.72,False,0.0,0
-29.4929,-33.7411,27.95,2011,27.45,0.0,7.882,36.23,4.38,29.33,False,0.0,0
20.3525,-163.8661,4.15,2005,29.48,0.81,8.131,35.02,12.65,45.21,False,11.19,0
-28.0803,164.697,16.05,1998,29.84,3.02,7.948,36.52,8.9,72.02,True,65.51,1
26.4108,163.033,11.67,1998,29.94,1.58,8.135,34.15,7.05,41.56,False,22.42,0
23.5245,-79.4317,29.71,2001,27.88,0.0,8.065,36.44,0.87,73.36,False,0.0,0
2.1313,83.3492,25.99,1993,29.1,1.1,8.112,35.66,7.87,76.53,False,8.59,0
2.6157,28.2871,13.72,2007,26.88,0.0,8.084,34.17,10.83,64.77,False,0.0,0
9.2267,-94.5084,29.99,2007,28.9,0.0,8.107,34.66,14.66,41.43,False,0.0,0
-6.777,-85.6182,15.91,2022,27.73,0.0,8.019,33.15,7.5,73.97,False,0.0,0
8.8333,-3.1849,5.85,1992,26.8,0.0,8.043,36.66,8.58,65.8,False,0.0,0
-27.3139,-29.0747,17.12,2006,28.07,0.0,8.169,36.07,5.16,84.83,False,0.0,0
-26.7571,-75.1574,7.56,2001,26.27,0.0,8.033,35.44,12.33,49.71,False,0.0,0
-2.5662,110.7042,19.45,2000,27.54,0.0,8.041,36.88,8.33,32.22,False,0.0,0
2.9773,-6.6733,28.19,2006,30.54,4.73,8.043,36.69,5.95,29.42,True,95.09,1
23.2691,55.7453,23.8,1995,27.99,0.0,8.034,36.67,2.19,57.72,False,0.0,0
-23.7204,-111.8615,8.92,1995,27.58,0.0,8.107,34.22,13.43,69.35,False,0.0,0
19.3589,12.0628,9.61,2021,28.3,0.0,8.103,33.91,12.12,39.46,False,2.59,0
-17.3972,-65.5286,3.01,2000,27.41,0.0,7.909,35.97,3.51,49.03,False,1.96,0
-6.355,9.5089,9.29,2002,27.04,0.0,8.014,34.31,13.19,45.25,False,0.0,0
-11.0039,101.0973,3.69,2002,30.09,2.36,8.238,34.09,8.58,55.37,True,67.15,1
-5.9907,96.8088,15.48,2023,28.04,0.0,7.895,34.01,11.67,24.85,False,0.0,1
-20.9703,-52.4806,21.54,1992,28.54,0.33,7.943,33.28,9.94,45.82,False,0.0,0
0.2142,69.9398,22.78,2021,28.61,0.0,7.96,35.9,1.52,32.65,False,9.39,0
18.0986,158.8644,2.73,1993,29.67,4.84,8.022,33.03,4.11,51.53,False,68.32,1
-3.508,45.241,10.86,1990,28.41,0.0,7.959,35.26,6.63,34.0,False,0.0,0
-0.5632,-126.5724,9.36,1998,29.6,2.27,8.197,34.07,2.12,52.54,False,13.76,0
20.9261,64.6951,4.02,1996,28.51,0.0,8.17,35.67,5.9,43.5,False,20.6,1
12.3635,-142.2344,11.51,2016,27.86,0.0,7.986,36.78,1.02,63.62,False,0.0,0
-0.5727,133.9597,9.68,1992,27.26,0.0,7.927,35.76,13.31,38.63,False,8.72,0
-14.5383,5.9978,19.4,2011,27.49,0.0,8.063,34.51,1.13,64.05,False,0.0,0
23.0956,-41.3493,26.62,2005,29.72,4.69,8.046,33.71,8.45,52.77,True,79.36,1
4.6212,-159.4776,14.19,1997,26.37,0.0,8.001,34.36,10.5,53.69,False,0.0,0
-16.7311,-42.9179,22.65,1994,28.11,0.0,7.918,34.84,4.75,45.98,False,0.0,0
-13.8528,145.1544,5.23,2019,28.21,0.0,8.091,36.52,0.53,64.33,False,0.0,0
18.188,-172.4461,26.95,2017,29.9,0.0,7.893,36.91,8.53,37.75,False,0.0,1
-27.3513,-9.1267,5.43,2016,27.38,0.0,7.901,36.71,7.24,52.39,False,0.0,0
29.5255,155.2169,6.57,2011,29.82,2.16,7.969,35.0,3.21,63.05,False,46.23,1
-22.1789,-37.8572,4.09,2019,29.01,2.43,7.911,34.89,1.84,31.05,False,25.51,0
17.7641,-25.8568,9.98,1996,29.09,0.15,7.843,34.09,12.07,51.67,False,0.0,0
-6.3135,28.2816,17.02,2019,28.24,0.0,8.052,34.52,3.33,62.56,False,0.0,0
-0.467,-13.3426,29.65,2002,28.54,0.0,8.097,36.67,6.66,55.49,False,0.0,0
22.839,-119.3034,24.01,2011,30.43,6.69,7.894,36.45,11.92,34.38,True,91.43,1
-5.2253,-173.32,12.03,2000,27.19,0.0,8.0,33.59,13.77,62.65,False,0.0,1
2.2496,39.5322,17.7,1994,27.53,0.0,7.926,34.42,6.28,33.95,False,0.0,0
-27.042,151.4904,19.08,2011,29.2,2.03,8.089,35.32,7.25,34.27,False,31.78,0
-29.8592,-141.7089,24.86,2004,26.93,0.0,7.861,33.45,10.8,47.32,False,0.0,0
-15.312,-104.057,22.36,2020,29.41,1.34,8.108,34.41,2.72,59.59,False,12.59,0
10.835,-46.7174,17.51,2018,28.32,0.0,7.929,35.34,12.68,30.89,False,0.0,0
-22.7241,111.1472,20.41,2006,26.25,0.0,8.152,34.81,4.44,61.6,False,0.0,0
-23.1743,-83.0663,22.63,1995,27.09,0.0,8.036,36.46,6.53,38.45,False,0.0,0
-5.3424,137.5396,4.86,2006,28.35,0.0,8.192,35.38,14.11,77.77,False,0.0,0
8.8702,-160.2152,6.81,2023,27.21,0.0,7.926,35.68,14.57,33.84,False,0.0,0
12.7243,158.7444,20.97,2012,28.32,0.0,7.868,35.11,6.79,38.26,False,0.0,0
-19.293,21.8689,25.66,2019,29.48,1.85,7.883,34.23,4.4,35.78,False,8.65,0
-25.2247,57.16,12.87,2002,29.6,3.1,7.91,35.37,2.49,64.74,True,50.53,1
26.4238,-47.6318,29.42,2019,27.56,0.0,7.991,36.99,2.76,66.57,False,0.0,0
-14.36,101.5179,7.27,2009,27.02,0.0,8.103,33.8,7.9,71.54,False,0.0,0
21.2008,-120.0361,13.08,1995,28.99,0.0,8.136,35.89,10.44,76.77,False,0.0,0
21.8095,-162.3917,11.98,2020,28.2,0.0,7.979,35.85,5.76,53.27,False,0.0,0
16.3514,-37.6139,27.98,2008,29.22,0.11,8.178,36.12,3.97,57.77,False,0.0,0
-19.87,127.3305,9.28,1995,28.1,0.0,7.875,34.75,0.55,70.01,False,22.22,0
19.3081,91.7737,14.65,2023,28.47,0.0,8.067,33.04,4.71,37.41,False,0.0,0
16.155,6.1761,6.43,2017,28.59,0.8,8.013,36.62,9.63,28.86,False,0.0,0
5.8034,25.9696,16.12,2002,28.8,0.0,8.134,34.03,11.24,55.08,False,0.0,0
-9.7679,-133.2386,25.86,1999,26.75,0.0,8.001,34.6,12.31,62.18,False,0.0,0
-14.2495,122.6453,9.82,1996,26.91,0.0,8.12,36.32,8.07,65.97,False,0.0,0
-22.6866,103.3055,24.51,2007,29.43,0.0,7.939,36.49,13.87,54.15,False,31.75,0
0.5854,56.3293,27.43,2011,27.7,0.0,7.896,35.75,11.94,76.25,False,0.0,0
5.1157,-12.1712,3.12,2003,28.23,0.0,8.01,34.76,11.9,66.06,False,11.62,0
-8.4397,167.2053,22.94,1997,27.87,0.0,8.174,35.58,0.75,29.44,False,0.0,0
-1.4785,136.4515,8.4,2001,29.11,0.0,8.015,34.73,1.21,62.23,False,19.82,1
-8.1891,51.995,6.08,2022,29.15,0.0,7.934,33.82,11.6,49.88,False,7.91,0
8.4604,-46.1516,18.43,2013,27.1,0.0,7.989,34.35,4.9,64.14,False,0.0,1
24.0756,42.488,21.46,2003,28.62,0.0,8.015,35.42,4.6,74.01,False,7.29,0
-20.1648,27.1587,12.45,1994,26.09,0.0,8.079,33.34,4.79,46.54,False,0.0,0
-7.1155,-38.0729,2.14,2008,28.38,0.0,8.139,33.08,11.4,41.98,False,5.65,1
-21.5479,-69.5974,27.35,1992,29.15,1.13,8.017,33.02,10.33,51.4,False,15.71,0
7.4966,-33.4761,22.19,1990,29.19,0.0,8.186,33.45,1.22,52.4,False,12.47,1
13.7322,26.6081,8.88,2022,29.12,0.08,7.936,33.55,11.97,52.7,False,0.0,0
25.9148,-25.8715,15.41,2006,30.84,6.1,8.075,35.7,6.85,55.78,True,90.75,1
-13.2677,-85.1132,1.81,1998,29.24,1.74,8.002,34.62,11.24,36.98,False,29.5,1
27.0127,93.9468,10.84,2020,26.58,0.0,8.009,33.18,14.23,55.09,False,0.0,0
-26.2042,11.3283,16.15,1992,27.28,0.0,7.961,33.75,9.73,58.2,False,0.0,0
6.1808,-155.6369,16.0,2002,29.48,0.81,8.073,35.05,10.4,81.92,False,1.84,0
-26.572,-47.4061,7.04,2003,26.99,0.0,8.182,35.48,5.42,47.89,False,0.0,0
23.6265,138.5688,23.53,1995,28.57,0.0,8.12,36.94,9.52,38.73,False,0.0,0
1.7885,91.8852,9.67,2018,29.83,5.35,7.965,35.08,10.89,27.46,True,100.0,1
10.1609,-63.6312,17.83,1998,30.08,1.21,8.086,33.48,4.28,56.51,False,30.43,1
19.8944,157.7459,8.87,2012,28.47,0.0,7.901,35.59,5.3,49.27,False,0.0,0
-20.9814,-152.423,13.33,2004,28.17,0.48,7.951,35.43,1.8,36.76,False,0.0,0
-27.6845,166.0445,7.02,1996,29.13,0.47,7.962,34.37,11.61,58.1,False,23.73,0
22.7329,-91.5462,19.36,2014,29.36,0.0,7.947,35.64,9.61,67.69,False,0.0,0
-11.104,-176.7261,13.34,2012,28.75,0.0,7.874,36.72,6.07,41.24,False,16.14,1
-22.2613,-23.8291,1.47,2000,26.16,0.0,7.992,33.08,8.23,54.03,False,0.0,0
-1.8923,-50.7706,1.82,1997,29.5,3.92,7.977,33.83,10.32,49.42,True,95.56,1
5.8984,14.072,14.66,1990,27.29,0.0,7.978,33.47,3.16,36.05,False,0.0,0
-28.1418,106.8382,6.31,2002,29.03,0.66,8.15,35.82,10.32,80.85,False,0.0,0
-13.5063,123.2751,17.97,2005,27.52,0.0,8.206,35.64,9.61,49.67,False,0.0,0
-28.032,-35.5572,12.84,2002,29.11,0.07,8.105,33.37,9.89,41.9,False,0.0,0
-4.7799,-25.2555,19.98,2003,28.34,0.87,8.006,33.54,5.21,52.9,False,0.0,0
23.706,-126.656,28.62,2002,30.22,3.79,8.011,36.41,2.69,34.99,True,74.81,1
28.9591,-162.8829,16.33,2001,26.66,0.0,7.954,35.37,6.17,40.39,False,0.0,0
8.2229,50.8374,23.83,2017,28.63,0.87,7.951,35.04,1.86,57.96,False,0.0,0
-20.3017,-156.8025,22.84,2011,27.22,0.0,8.055,35.11,2.87,70.25,False,0.0,0
24.351,84.1788,27.73,2009,28.51,0.0,8.006,33.66,8.53,60.25,False,6.99,0
0.9749,14.0725,7.21,2008,28.56,0.0,7.994,34.59,13.92,70.03,False,21.0,0
-20.775,-108.5101,24.99,2000,29.95,2.35,7.946,35.33,3.73,43.44,True,50.42,1
25.3036,14.2283,27.26,2019,28.37,0.07,7.872,34.96,8.28,53.39,False,0.0,0
15.4481,-114.1208,12.39,2015,29.32,0.92,7.784,34.71,2.79,71.07,False,22.04,0
13.9023,-22.0546,10.1,2004,26.99,0.0,8.004,34.14,8.28,46.17,False,0.0,0
12.5508,107.8417,28.61,2019,28.97,0.0,8.127,34.48,11.44,68.42,False,17.64,0
-17.9796,-13.7091,19.2,2018,29.05,0.0,7.946,35.71,12.29,35.47,False,3.71,0
-17.3396,-126.4682,12.04,2021,28.7,0.0,8.093,36.89,10.65,57.93,False,0.0,0
11.2976,80.5783,23.96,2019,27.91,0.0,8.021,36.58,3.44,57.12,False,0.0,0
-16.8166,-112.7634,9.83,2005,25.94,0.0,7.995,36.19,7.02,59.93,False,0.0,0
-3.6797,85.878,6.12,2007,28.72,0.0,8.16,35.85,12.35,63.67,False,4.97,0
16.9201,-7.4332,16.78,2017,28.07,0.0,8.023,34.77,11.16,82.6,False,9.4,0
17.0372,-16.653,17.42,2008,29.82,1.44,8.131,34.58,12.14,56.11,False,52.87,1
-2.8043,126.5166,24.95,2000,28.13,0.1,7.929,35.63,1.88,31.34,False,0.0,0
17.5314,75.0973,14.25,2006,30.38,2.77,8.045,33.74,11.05,53.75,False,32.32,1
20.3173,-168.1521,24.62,2010,27.27,0.0,8.111,36.72,6.92,42.68,False,0.0,0
9.2865,-73.3772,10.03,2023,28.16,0.0,8.103,33.47,5.68,44.26,False,4.8,1
-16.2944,133.5314,17.69,2022,28.3,0.0,8.213,33.46,2.84,32.66,False,0.0,0
-13.5593,-173.4026,7.05,2018,27.18,0.0,8.113,33.73,3.95,46.0,False,0.0,0
-11.1095,16.2912,12.18,1993,29.82,1.79,8.071,33.28,9.2,52.03,False,43.65,1
-22.9918,82.0172,25.87,2021,29.01,1.86,7.934,33.21,10.68,57.04,False,2.6,0
-13.6104,43.8682,7.26,2000,26.11,0.0,8.164,33.61,8.4,47.45,False,0.0,0
-17.4288,93.7916,24.5,2015,29.24,5.41,8.074,34.31,14.49,40.01,True,100.0,1
-2.6803,81.2491,9.2,2007,30.13,2.79,8.017,35.27,3.21,45.22,False,57.12,1
24.5063,69.1311,2.0,2021,27.22,0.0,7.98,35.16,8.83,34.06,False,0.0,0
-23.7312,115.7543,4.19,2016,28.99,0.0,8.134,33.3,11.27,29.51,False,0.0,0
13.2161,52.4486,22.63,2005,27.84,0.0,8.118,35.8,3.99,82.77,False,0.0,1
11.237,-35.1293,8.6,1999,28.63,0.0,8.025,34.17,1.13,46.52,False,10.01,0
-24.2547,-10.1127,19.97,2023,27.8,0.0,8.043,34.65,3.96,36.49,False,0.0,1
25.3543,78.0209,21.28,2022,29.01,0.0,8.061,34.47,0.6,75.56,False,0.0,0
4.1083,135.4702,11.01,1999,28.51,0.0,8.048,34.98,7.14,42.28,False,14.02,0
-8.1765,-82.0012,14.77,2015,28.7,1.13,7.919,33.13,1.13,70.57,False,2.72,0
15.3923,-56.8524,12.71,2014,29.75,0.0,8.093,33.77,11.4,64.38,False,0.0,0
-14.5581,155.0662,28.47,1991,29.26,1.44,8.046,33.61,13.56,69.89,False,27.86,1
11.6106,28.2642,10.28,2015,26.35,0.0,8.061,36.21,5.15,56.13,False,0.0,0
-27.6173,-115.5737,6.32,2009,28.13,0.0,8.037,35.22,9.02,21.64,False,0.0,0
20.3645,58.9303,11.6,1992,28.25,0.0,7.933,36.04,12.48,67.3,False,1.47,0
-3.1097,176.6744,20.42,2021,26.84,0.0,8.164,35.83,4.31,47.94,False,0.0,0
8.2016,116.4433,21.22,1990,28.13,0.0,7.969,34.07,10.75,68.5,False,3.87,0
-16.7257,88.4668,27.8,2013,26.92,0.0,7.916,35.04,13.48,37.11,False,0.0,0
10.6244,-105.1032,26.57,2022,28.91,0.0,7.975,33.58,10.46,61.07,False,0.0,0
16.3344,135.4103,9.36,2006,26.39,0.0,8.195,36.12,10.36,44.67,False,0.0,0
-1.6072,9.284,14.2,2022,27.76,0.0,7.944,33.82,2.05,40.16,False,0.0,0
7.0636,140.1444,22.67,2000,29.5,1.27,8.084,36.94,2.8,44.89,False,2.7,0
-2.6204,-61.262,27.58,2012,27.4,0.0,7.865,36.89,9.0,74.79,False,0.0,0
23.6455,-157.6616,10.78,2021,26.9,0.0,8.02,33.66,3.26,52.36,False,0.0,0
-0.1278,-8.6487,13.89,2008,27.84,0.0,7.872,33.03,7.27,33.95,False,0.0,0
20.5085,-82.8585,27.08,2001,26.64,0.0,8.094,33.47,13.12,48.55,False,0.0,0
18.0811,77.4825,11.4,2017,29.7,2.2,8.024,34.63,14.29,59.17,True,69.31,1
-5.3697,164.5584,14.93,1991,26.97,0.0,8.046,36.12,6.49,69.18,False,0.0,0
-16.1949,68.7507,27.23,1999,28.68,0.07,8.235,36.38,2.69,49.65,False,0.0,0
-5.6351,139.2962,24.27,2008,28.89,0.0,8.052,34.93,13.74,64.16,False,0.0,0
19.573,-16.9114,8.06,2017,30.01,1.41,8.04,36.49,7.28,72.45,False,17.29,0
-16.342,97.7907,10.42,1997,26.7,0.0,8.063,36.54,4.7,50.73,False,0.0,1
1.4662,123.4956,11.24,2012,27.63,0.0,8.035,35.41,14.91,70.23,False,0.0,0
18.3658,75.9152,27.47,2019,27.39,0.0,8.1,34.37,13.54,72.34,False,0.0,0
-8.7914,2.7998,29.97,2017,26.49,0.0,8.045,35.98,6.76,73.7,False,0.0,0
8.5326,45.3118,23.45,2002,28.09,0.0,8.167,35.68,1.23,41.81,False,0.0,0
-15.2621,72.1825,15.05,2001,27.59,0.0,8.043,34.87,8.97,33.32,False,0.0,0
-23.4432,-88.8896,1.3,1999,26.54,0.0,8.06,36.08,10.89,74.91,False,0.0,0
17.6631,111.4485,21.23,2006,27.83,0.33,7.875,36.27,0.58,70.9,False,0.0,0
-24.0619,162.1168,12.29,1990,28.78,1.9,7.991,35.6,5.3,61.91,False,44.57,1
-13.7171,-12.5138,19.36,2011,29.73,0.67,7.995,33.06,1.87,37.38,False,22.89,1
21.3066,72.3842,18.59,2004,26.33,0.0,8.033,34.86,13.25,54.29,False,0.0,0
-9.2118,85.3293,14.94,2005,28.51,0.0,7.862,34.75,1.11,64.11,False,0.0,0
28.3827,58.4091,28.39,2009,27.51,0.0,8.037,36.58,14.28,37.4,False,0.0,0
28.7841,16.9614,1.67,1999,30.45,4.64,8.158,35.04,1.01,66.28,True,93.89,1
-13.9034,137.3933,21.65,2015,27.55,0.0,8.009,34.5,0.99,70.62,False,0.0,0
-27.5413,-18.3864,12.89,2012,28.45,0.0,8.179,34.25,6.79,67.95,False,0.0,0
12.3038,-158.0029,21.7,2006,30.65,5.25,8.032,35.39,5.62,67.79,True,99.01,1
-2.9408,124.0403,20.58,2023,28.32,0.0,7.989,33.28,1.21,47.99,False,0.0,0
-23.9548,62.6333,1.3,2011,29.88,0.0,8.144,36.5,11.98,36.71,False,2.83,0
12.4514,125.7331,9.27,1993,27.0,0.0,8.149,35.48,1.45,39.87,False,0.0,0
-28.1295,-130.1229,6.48,1996,25.64,0.0,8.204,33.97,1.38,60.8,False,0.0,0
22.2118,-168.9289,5.84,1994,25.6,0.0,8.185,34.14,7.54,71.49,False,0.0,0
-21.6808,156.3748,22.13,2020,30.58,3.28,7.975,36.61,5.56,25.94,False,37.25,1
-22.3613,-126.8178,7.95,2008,27.08,0.0,7.944,33.13,2.55,66.4,False,0.0,0
-19.4597,111.4748,14.77,1993,26.98,0.0,8.146,34.21,2.28,72.93,False,0.0,0
27.616,116.3556,8.16,2011,30.57,7.11,7.948,34.18,14.56,59.72,True,100.0,1
11.5902,75.1339,17.83,1992,29.03,2.49,8.21,35.98,9.83,80.78,False,12.0,0
18.0823,-132.7456,21.9,2012,28.56,0.0,7.952,33.81,3.53,38.01,False,0.0,0
-6.1419,60.2635,10.6,1993,27.61,0.0,8.132,33.26,5.16,30.49,False,0.0,0
-9.8212,140.0712,18.49,2013,27.64,0.0,8.061,34.56,10.1,37.29,False,0.0,0
-15.931,-26.8086,24.92,2003,29.58,3.21,8.131,35.88,1.77,61.32,False,20.95,1
-1.1611,-31.1339,3.73,1992,29.55,0.46,8.275,33.24,5.68,53.47,False,0.0,0
3.1097,-20.571,21.61,2010,26.65,0.0,7.984,33.69,0.91,37.69,False,0.0,0
7.9065,-150.3821,10.37,2015,27.39,0.0,8.013,35.53,9.28,28.52,False,0.0,0
-14.5729,141.1292,4.56,1990,29.58,1.61,8.179,35.83,12.89,47.08,False,57.06,0
26.9192,132.9058,16.82,2019,28.77,0.0,7.771,33.01,13.58,57.94,False,15.01,0
-19.8145,179.2474,7.56,1993,28.99,0.0,8.068,36.75,9.85,41.82,False,14.62,0
27.9392,30.6659,24.82,2003,28.16,0.0,7.982,34.52,12.23,45.93,False,0.0,0
-29.1086,90.429,2.24,2007,29.9,3.75,7.945,34.45,11.54,15.87,False,89.77,1
-1.1325,-107.0381,3.86,2001,26.21,0.0,7.951,36.35,0.8,49.95,False,0.0,0
-9.9979,60.3104,16.11,2005,29.91,4.63,8.024,33.44,2.98,47.82,True,65.46,1
-3.0526,53.9038,18.08,1990,27.51,0.0,8.103,33.93,1.45,63.5,False,0.0,1
4.2399,144.4351,22.17,1992,25.84,0.0,8.152,36.42,4.56,62.53,False,0.0,0
-3.8647,119.0854,8.52,2004,28.8,0.0,8.117,35.25,1.72,47.46,False,6.85,0
-5.1092,157.8479,25.41,2005,27.53,0.0,7.938,35.46,7.88,67.62,False,0.0,0
13.9634,132.7801,28.64,2006,28.97,0.0,8.014,34.22,3.28,50.68,False,0.0,0
11.1526,132.7298,15.47,2023,28.33,0.0,8.068,35.14,2.97,62.97,False,0.0,0
19.9963,-157.0596,23.06,1999,28.69,0.0,7.99,36.36,14.77,60.41,False,0.0,0
-15.0025,124.5463,16.22,2000,28.64,3.19,8.038,36.93,13.76,25.85,False,25.02,1
6.5717,38.6922,3.01,2017,30.76,3.78,7.966,34.55,3.39,43.74,False,67.08,1
5.1117,-43.04,10.46,2016,29.73,1.46,8.112,33.64,3.5,54.61,False,2.61,1
-7.8157,-159.6547,3.54,2007,28.26,0.0,7.879,34.45,11.13,67.55,False,0.0,0
-0.8365,63.9626,29.68,2019,27.87,0.0,7.957,34.39,10.01,56.03,False,0.0,0
-11.1731,-61.8474,7.64,2002,28.45,0.0,7.891,34.42,4.89,18.14,False,2.15,0
-21.4893,-11.6005,19.44,2005,28.99,0.0,8.21,34.02,13.06,78.1,False,21.39,1
-17.1719,65.4222,9.25,1991,26.47,0.0,8.238,35.18,2.26,76.7,False,0.0,1
-23.6692,148.2388,19.94,2009,26.0,0.0,7.983,36.88,11.74,74.48,False,0.0,1
10.9842,117.1573,7.1,2001,28.46,0.0,7.914,33.21,13.65,58.02,False,9.38,0
9.6436,-17.785,23.77,2018,27.68,0.0,8.149,35.29,2.69,78.23,False,0.0,0
27.0364,-40.3981,4.21,1997,27.16,0.0,8.153,36.82,8.58,40.29,False,0.0,0
13.7807,-93.6793,26.96,2009,28.27,0.0,7.889,34.68,1.33,66.83,False,0.0,0
-26.8772,-45.9264,25.37,2020,26.79,0.0,8.014,35.18,12.24,26.13,False,0.0,0
23.0547,-140.0233,20.69,2005,26.52,0.0,8.139,33.43,11.05,70.17,False,0.0,0
21.7605,169.598,2.96,2012,28.71,0.0,8.119,35.38,7.3,45.11,False,0.0,0
-3.4008,26.6103,7.05,2023,27.75,0.0,8.006,34.55,4.73,72.63,False,0.0,0
5.1518,-133.9899,25.92,2021,26.8,0.0,7.999,35.91,3.1,32.93,False,0.0,0
28.5647,-52.9898,4.54,2006,28.24,0.0,8.175,35.0,10.99,65.52,False,7.76,0
1.9383,16.9341,5.52,2013,29.56,2.01,8.172,33.43,10.55,29.32,False,24.65,0
24.3193,11.8388,16.78,2012,27.48,0.0,8.008,33.63,8.05,45.97,False,0.0,0
-25.0177,-167.2188,8.95,1997,26.86,0.0,8.06,36.53,2.56,75.57,False,0.0,0
-18.5369,162.3028,7.44,2012,30.19,2.0,7.933,35.39,1.25,60.48,False,33.94,0
-3.5547,-80.8648,17.7,2010,28.96,0.0,8.109,33.28,0.98,76.3,False,8.69,1
5.0854,-174.1735,11.8,2008,26.84,0.0,8.025,34.22,13.3,58.63,False,0.0,0
18.9737,-152.4802,5.08,2020,29.1,3.74,8.067,36.03,2.29,54.7,False,56.44,0
29.2957,28.8702,16.51,1996,25.79,0.0,7.979,35.32,7.55,50.28,False,0.0,0
-6.6689,-130.3972,12.22,2013,27.39,0.0,7.872,36.51,12.47,42.11,False,0.0,0
-27.1551,-164.9791,22.3,1997,29.19,0.01,8.1,34.15,7.18,49.89,False,0.0,0
18.0703,-43.3345,3.98,2002,28.2,0.0,8.058,36.49,0.66,66.78,False,0.0,0
6.2628,44.194,19.0,1992,29.08,0.0,7.957,34.7,12.22,70.85,False,1.67,0
-18.0874,-139.7377,13.66,2023,26.4,0.0,8.137,36.88,1.87,29.12,False,0.0,1
-0.3103,-67.202,12.78,2002,26.66,0.0,7.985,36.39,7.88,42.12,False,0.0,1
14.5386,-29.6062,7.74,2021,30.86,1.71,7.954,36.69,12.38,61.96,False,45.81,1
16.2247,-122.5944,1.88,2010,29.34,1.05,8.022,36.34,8.77,38.47,False,49.48,1
-0.0229,2.1866,25.58,1990,28.39,1.25,7.919,35.98,3.39,46.3,False,13.06,0
-11.6871,-149.3229,10.47,1991,27.12,0.0,8.116,36.19,2.31,83.55,False,9.64,0
28.4246,-163.2533,20.75,2015,28.45,0.0,7.802,35.23,14.8,68.82,False,0.0,0
9.8018,7.1407,28.48,1992,28.41,0.0,7.956,34.57,4.1,49.77,False,0.0,0
-5.5057,-90.7571,17.38,2013,30.32,5.32,7.961,34.63,0.7,55.01,False,64.06,1
-13.1722,-145.6654,12.52,2015,27.1,0.0,8.023,34.71,5.9,62.22,False,0.0,0
13.8662,-27.3915,8.78,1997,30.42,6.78,7.932,35.02,11.14,24.55,True,100.0,1
-15.469,149.4507,28.09,1997,28.97,0.99,8.054,35.71,6.52,36.42,False,0.0,0
-19.6974,80.7093,20.78,2007,27.31,0.0,7.983,34.46,2.8,52.48,False,0.0,0
1.79,113.6217,20.29,2007,27.08,0.0,8.007,35.73,3.31,71.98,False,0.0,0
-12.6008,133.889,13.36,2001,29.0,0.0,7.906,34.35,10.91,61.26,False,4.99,0
7.7343,170.146,25.51,1991,30.3,2.31,8.053,35.29,14.04,30.67,False,14.88,0
-22.9237,94.7688,21.7,2009,27.72,0.0,8.118,35.64,4.39,63.44,False,0.0,0
9.2965,39.0269,9.21,1992,26.09,0.0,7.951,34.57,13.97,59.79,False,0.0,1
-13.0022,-48.4467,18.39,2023,28.56,0.0,7.908,35.18,2.36,57.81,False,0.0,0
-29.9854,-114.6084,13.48,1995,28.32,0.0,7.909,33.07,1.85,58.2,False,0.0,0
-22.3838,67.1976,1.19,1999,29.05,2.65,7.953,34.9,2.97,56.21,False,55.33,1
26.0169,178.182,24.42,2013,30.9,5.4,7.958,36.29,6.19,42.59,True,88.48,1
22.0413,-11.7509,4.56,2007,28.85,0.7,8.069,34.2,8.26,50.06,False,1.19,1
-15.9835,80.5246,15.79,2022,29.91,4.51,8.1,34.06,3.83,40.7,True,78.45,1
16.7023,-1.7667,10.75,1996,27.86,0.0,8.034,36.09,1.69,60.1,False,0.0,0
6.5143,-24.504,10.92,2018,29.6,1.75,7.978,34.28,11.17,38.96,False,27.75,0
28.2543,-32.29,14.84,2008,27.36,0.0,8.065,34.56,4.75,85.67,False,0.0,0
-7.5837,1.6649,29.91,2014,29.19,2.26,8.138,36.29,8.42,70.55,False,12.66,1
10.8876,-47.9176,12.84,2006,27.16,0.0,7.973,33.26,11.59,48.56,False,0.0,0
-26.1879,89.5584,6.29,1992,26.66,0.0,7.925,36.74,2.03,66.36,False,0.0,0
-6.2252,134.7379,18.79,2013,29.98,0.0,7.927,33.79,7.94,74.99,False,37.5,1
27.8291,137.8387,7.85,2007,29.39,2.82,7.902,33.86,12.6,35.84,False,43.05,1
2.3389,-98.0285,4.06,2015,27.73,0.0,7.933,36.09,5.71,68.57,False,0.0,0
-12.7272,142.5273,2.46,2010,27.64,0.0,7.851,33.49,8.2,35.02,False,0.0,0
-22.7837,-57.0416,1.66,2000,30.31,4.99,8.14,33.56,14.13,38.31,False,94.04,1
12.2117,-68.6492,13.5,2006,29.81,2.69,8.129,33.37,11.29,36.43,False,1.15,0
8.6914,81.6322,13.38,2010,30.04,4.1,7.82,35.42,6.17,32.5,True,90.13,1
-7.5637,-70.3093,6.38,1993,28.75,0.11,7.925,36.37,2.6,62.27,False,26.4,1
27.0565,-160.9321,23.74,2021,27.85,0.0,7.966,33.72,4.45,42.42,False,0.0,1
-28.6678,-45.4976,4.75,2007,27.68,0.0,7.932,34.58,8.52,57.64,False,0.0,0
-11.7766,79.7276,27.54,2017,27.95,0.0,8.209,35.72,2.91,72.99,False,0.0,0
25.2642,-62.295,18.04,2015,30.12,2.54,8.042,34.22,5.67,47.7,False,40.81,1
-10.7439,46.6413,1.8,2013,28.29,0.0,8.145,33.78,9.97,68.72,False,1.31,0
-14.8648,57.643,28.93,1999,26.15,0.0,8.145,36.62,14.01,68.53,False,0.0,0
2.0532,84.145,9.93,1997,27.88,0.0,8.069,35.81,3.76,59.61,False,0.63,0
19.4281,142.967,14.05,1991,27.96,0.0,8.114,36.7,4.18,67.34,False,0.0,0
-23.8112,-24.2768,9.24,2010,28.75,0.0,8.078,36.12,10.44,33.08,False,0.0,0
26.5812,-120.0845,22.12,2016,30.09,4.15,7.996,34.39,2.25,23.83,False,30.89,1
17.7044,-65.1867,15.08,2012,27.78,0.0,7.999,33.1,2.89,35.12,False,0.0,0
-19.125,-24.4198,4.84,2021,27.33,0.0,7.98,34.87,3.03,76.4,False,10.87,0
12.7205,77.0009,4.02,2015,28.79,2.77,8.08,34.47,9.94,48.21,False,33.36,0
-6.9025,-175.276,22.04,1996,27.76,0.0,7.947,35.02,7.27,48.19,False,0.0,0
-5.8623,-66.3173,7.88,2022,27.2,0.0,8.138,33.05,2.27,72.19,False,0.0,0
16.9974,100.7433,5.0,2006,28.31,0.0,8.024,35.13,4.46,64.73,False,14.76,1
27.7671,61.5088,15.48,1997,29.25,0.0,8.032,34.65,7.18,52.6,False,0.0,0
-22.4006,83.4264,24.28,2006,26.98,0.0,7.947,35.72,4.99,56.37,False,0.0,0
-4.7622,112.2519,9.08,2007,26.42,0.0,7.946,34.08,6.54,55.0,False,0.0,0
-1.1435,101.9649,9.02,2012,28.5,0.0,7.948,36.28,13.8,44.87,False,10.4,0
-7.4213,65.5859,25.18,2001,27.74,0.0,8.144,36.72,14.5,50.64,False,0.0,0
-8.2087,-21.7218,5.29,2012,30.16,3.76,7.9,33.66,14.89,66.43,False,61.94,1
-26.8639,174.0954,18.89,2022,30.36,5.93,7.931,35.59,0.88,35.91,True,100.0,1
11.1323,24.8664,28.7,2017,30.32,2.0,8.009,35.53,10.86,35.88,False,28.11,0
-3.8271,-107.0031,25.4,2012,26.66,0.0,7.832,34.36,14.06,35.19,False,0.0,0
-18.3124,-74.5874,2.79,1996,28.48,0.0,8.109,33.45,13.61,77.94,False,8.37,0
18.962,69.6825,10.28,1991,28.89,0.97,7.909,35.67,0.86,58.03,False,0.0,0
18.1536,152.9062,5.13,1990,26.86,0.0,8.098,34.82,12.2,48.33,False,0.0,1
-0.8165,-115.6608,28.53,1993,26.2,0.0,8.089,33.76,7.15,55.82,False,0.0,0
-12.093,-150.3553,29.59,1997,28.52,0.86,7.879,33.23,12.83,65.59,False,0.0,0
8.2856,137.3512,7.81,2018,29.93,0.0,8.001,36.78,10.88,46.54,False,17.71,0
-12.7109,149.5001,20.42,2007,27.85,0.0,8.16,34.64,6.88,38.66,False,0.0,0
-15.8395,-80.5034,25.41,2020,26.24,0.0,7.996,35.99,4.78,41.09,False,0.0,0
13.8309,-44.1771,7.78,1995,27.97,0.0,7.905,33.55,0.51,57.37,False,0.0,0
-27.5805,57.6677,6.44,2013,28.58,0.0,8.198,35.5,8.33,42.89,False,2.23,0
-24.3139,-61.2252,1.33,2004,28.7,0.0,8.232,33.1,6.29,37.87,False,3.66,0
-29.5927,135.7771,12.95,2001,28.18,0.0,7.904,34.69,5.42,81.8,False,0.0,0
-20.8234,-141.2717,27.08,2003,29.47,0.0,7.988,33.98,7.29,53.67,False,3.24,0
-25.8606,-166.3264,27.19,2016,29.05,0.29,8.019,34.34,7.41,30.7,False,0.0,0
29.7481,-104.945,4.7,2002,28.35,0.0,7.896,35.5,8.86,65.24,False,8.98,0
-12.6714,-77.0084,6.93,1992,26.98,0.0,8.163,34.42,10.05,45.58,False,0.0,0
-21.0439,-139.3464,12.83,2005,27.28,0.0,7.931,33.99,2.87,55.21,False,0.0,0
-15.5402,-156.3514,23.64,2001,29.93,3.03,8.157,35.86,3.72,22.55,False,50.41,1
26.1675,92.0188,18.74,2003,28.59,0.0,7.874,35.17,7.12,73.14,False,0.0,0
1.2096,-120.8604,15.9,2023,29.17,1.72,8.02,35.51,4.35,72.58,False,27.74,1
-8.1109,149.012,18.17,2020,28.35,0.0,7.853,34.53,12.02,72.49,False,0.0,0
22.4035,-47.5201,3.79,1994,30.12,1.77,7.888,34.02,7.48,48.11,False,33.24,1
-6.3006,61.4181,14.85,2001,29.09,0.0,7.971,34.0,8.26,69.44,False,0.0,0
-9.8995,-98.8552,29.77,2015,30.5,6.41,8.056,36.97,8.63,23.18,False,78.38,1
-17.563,-93.4838,3.56,2006,27.73,0.0,8.003,35.66,11.03,38.53,False,0.0,1
-7.3322,26.8953,16.06,2000,27.31,0.0,8.009,33.4,10.74,52.19,False,0.0,0
-10.9989,21.8315,9.57,2022,27.78,0.0,7.93,35.57,10.47,23.7,False,0.0,0
10.6382,96.7425,16.66,1993,29.65,3.84,8.1,33.41,1.68,46.73,False,57.6,1
-12.625,92.8128,17.64,2021,30.4,4.96,8.014,34.2,11.4,52.27,True,80.15,1
4.632,61.4476,17.75,2020,27.74,0.0,7.947,36.38,11.97,43.97,False,0.0,0
-26.0465,-18.313,25.71,2000,28.29,0.0,7.898,36.66,9.81,36.3,False,0.0,0
-18.5227,140.6305,12.3,2006,28.38,0.0,7.882,36.44,12.86,38.57,False,0.0,0
-5.5557,44.1283,15.97,2016,28.09,0.0,8.096,35.22,4.93,77.96,False,6.36,1
26.217,176.4715,1.32,1997,26.62,0.0,7.931,34.81,1.64,70.56,False,0.0,0
-7.3649,114.9731,23.9,2010,27.78,0.0,7.947,33.98,4.93,33.12,False,0.0,0
9.8444,-164.0485,8.53,2022,29.38,0.66,8.13,36.19,10.94,71.12,False,19.49,1
-14.6948,-64.5862,24.68,1994,27.11,0.0,8.215,35.49,11.71,64.04,False,0.0,0
-22.378,25.8753,8.7,2021,28.99,1.54,7.978,35.12,9.48,42.47,False,32.16,0
-26.4878,79.729,1.31,2014,27.16,0.0,8.08,34.04,2.95,33.75,False,0.0,0
-11.6752,18.1211,5.49,1997,29.38,0.54,7.948,34.24,11.15,48.61,False,32.47,0
-20.5403,103.007,29.58,2016,27.56,0.0,8.096,33.98,0.66,58.64,False,0.0,0
-19.5594,-78.244,10.27,2015,27.03,0.0,8.182,35.55,1.35,62.86,False,0.0,0
15.6456,-113.7917,4.16,2018,28.63,0.0,7.876,35.45,1.85,66.65,False,7.01,0
-29.0497,-160.59,4.44,1998,29.55,1.78,8.007,33.69,4.09,26.37,False,40.37,1
3.4686,26.3929,10.0,2007,29.89,4.24,7.921,34.33,6.95,28.51,True,83.09,1
-7.2323,67.8958,2.09,1996,28.97,0.0,8.041,33.07,8.34,57.42,False,24.77,1
0.393,-62.5861,15.83,2010,28.53,0.0,7.949,33.71,7.96,58.27,False,0.0,0
3.7698,40.8903,7.2,2005,26.35,0.0,7.813,35.11,11.04,49.13,False,0.0,0
-11.1979,-161.2234,16.06,1992,28.19,0.0,7.937,34.51,2.38,40.18,False,0.0,0
-12.2935,-144.2544,5.08,2021,30.12,5.23,8.046,35.35,9.25,49.06,True,92.97,1
14.0041,72.6317,13.47,1999,27.28,0.0,8.175,34.68,7.35,40.54,False,0.0,0
22.2766,-47.4949,18.34,2021,27.31,0.0,8.101,33.37,10.33,75.38,False,0.0,1
-18.4451,61.6803,2.8,1997,27.55,0.0,8.043,35.67,14.64,30.22,False,0.0,0
-24.1429,119.4196,12.56,2021,29.94,2.88,7.84,36.78,5.89,33.14,False,44.43,1
23.8677,126.9441,9.77,1993,26.82,0.0,7.901,34.09,4.07,21.68,False,0.0,0
-9.0063,-118.0196,7.97,2018,29.45,0.3,8.086,33.83,12.94,46.54,False,21.99,0
3.079,-4.9372,18.53,2001,25.62,0.0,7.926,36.35,4.73,61.56,False,0.0,0
-8.4274,84.2136,18.07,2008,26.05,0.0,8.031,34.08,12.98,32.17,False,0.0,0
-22.4519,98.633,19.29,2020,29.85,2.54,7.933,34.51,1.32,60.64,False,37.47,0
5.3599,102.4834,5.61,2015,28.95,0.1,7.976,33.89,1.41,47.04,False,0.0,0
1.5085,-97.8598,9.29,1995,28.45,0.0,8.055,35.51,9.59,66.21,False,0.4,0
-17.8204,-110.6875,7.08,2018,27.62,0.0,8.177,34.8,4.61,65.12,False,0.0,0
-2.8879,32.4045,16.67,2006,28.35,0.0,7.928,34.48,6.18,73.08,False,0.0,0
17.8169,86.7909,14.37,2009,26.26,0.0,8.221,34.04,0.76,42.23,False,0.0,1
5.4256,-65.1098,10.58,1999,28.45,0.0,7.889,36.82,8.04,71.02,False,0.0,0
-24.185,-142.3061,23.79,1995,29.31,2.83,7.973,33.34,0.71,36.23,False,8.51,0
2.8813,78.0287,3.73,2021,27.6,0.0,8.055,34.1,12.91,41.84,False,0.0,0
12.1643,-72.1088,29.27,1991,27.93,0.0,8.116,34.38,10.29,46.46,False,0.0,0
17.5622,-120.1094,4.38,1999,28.71,0.69,8.01,36.27,6.86,60.21,False,14.68,1
7.7471,-126.8195,23.42,2016,30.14,1.43,7.889,36.81,9.79,28.8,False,28.45,0
-20.8405,-66.6326,11.68,2008,27.83,0.0,7.982,33.03,7.33,45.73,False,0.0,0
12.6104,33.3641,26.09,2005,29.15,0.0,7.97,36.84,2.85,74.3,False,5.23,0
10.6405,-50.9752,3.15,2009,29.14,0.0,8.089,36.85,8.27,54.05,False,0.0,0
-28.5344,-172.5617,11.87,1994,26.81,0.0,7.907,36.65,13.81,22.73,False,0.0,0
-5.2951,-145.113,10.73,2007,30.73,4.68,7.943,36.68,9.7,29.37,True,100.0,1
-10.023,-75.4188,29.8,1997,29.92,3.58,8.03,36.21,12.38,51.32,False,76.43,1
10.1647,57.4936,29.58,2002,29.05,2.18,7.899,34.2,4.14,20.34,False,36.98,0
-17.0319,-144.5346,6.5,1999,26.88,0.0,8.054,36.21,6.51,55.24,False,0.0,0
5.4523,21.8365,19.27,2008,29.97,4.0,8.103,34.96,4.51,73.84,False,32.35,0
24.7924,-136.8411,16.53,2020,29.37,3.02,7.9,35.16,11.42,49.72,False,15.81,0
17.8681,-103.8185,5.48,2018,28.47,0.0,8.131,33.09,9.75,41.09,False,3.11,0
25.2875,-118.0121,5.87,2012,29.71,3.34,8.231,34.9,8.8,35.93,False,52.57,1
28.7104,-155.7977,29.69,2021,28.32,0.0,8.004,34.08,0.61,30.23,False,0.0,1
-29.3598,61.6787,14.13,2000,27.33,0.0,8.057,34.35,12.94,68.67,False,0.0,0
7.3645,-13.1747,4.65,1991,26.99,0.0,8.039,34.9,13.73,41.97,False,0.0,0
-5.2296,119.1792,7.23,2021,28.89,0.11,8.147,35.75,10.68,42.34,False,17.45,0
21.5913,-144.3993,8.78,1994,28.52,0.0,7.96,33.3,13.32,49.19,False,20.09,0
-14.8911,-127.8961,15.82,2020,29.58,0.83,7.787,35.42,12.66,36.64,False,0.0,1
28.8618,-69.6752,10.73,2002,27.66,0.0,8.125,34.2,12.38,30.28,False,0.0,0
6.8225,95.7118,14.2,2011,29.28,0.0,8.004,36.31,11.19,46.74,False,0.9,0
17.6122,-69.9268,5.83,2008,26.59,0.0,7.937,36.58,1.42,31.64,False,0.0,0
-24.864,-32.9693,10.48,2018,30.6,3.61,8.036,33.4,2.37,32.85,True,86.94,1
-18.9925,-71.4227,3.04,2012,27.91,0.0,8.042,36.5,12.72,42.42,False,0.0,0
15.5042,-151.1193,26.8,2008,28.73,2.43,7.932,35.16,6.27,28.7,False,11.8,1
-28.6808,158.1961,6.76,2005,29.03,2.47,7.938,33.66,11.45,43.97,False,16.25,0
19.0127,17.474,22.95,2020,27.16,0.0,7.987,33.04,3.38,70.47,False,0.0,0
-29.1631,103.6199,11.14,2005,30.24,2.94,8.25,35.42,9.92,31.25,False,62.24,1
9.4271,57.0086,14.76,2015,27.26,0.0,7.878,35.13,4.0,53.08,False,0.0,0
-8.0944,5.1315,9.45,1992,28.29,0.0,7.923,35.86,6.81,39.78,False,0.0,0
6.6897,-147.7158,21.2,2012,28.92,0.0,8.144,35.03,4.66,73.9,False,3.73,0
11.7619,51.3841,25.49,1998,26.92,0.0,7.999,33.09,6.99,29.95,False,0.0,0
-9.4515,-124.0667,9.3,2013,28.14,0.0,7.884,34.73,14.74,71.72,False,0.0,0
-23.5223,-30.8221,8.02,2022,27.63,0.0,8.152,36.36,10.17,45.71,False,0.0,1
-25.8212,46.4807,20.76,2003,26.76,0.0,7.842,34.53,13.01,58.01,False,0.0,0
5.3362,101.6024,6.66,2017,28.84,0.0,8.073,34.05,7.48,43.42,False,17.54,0
1.2393,66.6163,19.56,2013,28.91,0.0,8.032,34.16,0.74,44.07,False,9.62,1
14.5321,61.7521,3.74,1996,27.53,0.0,8.147,33.42,10.86,52.56,False,0.0,0
0.5841,-126.3448,18.98,2014,27.33,0.0,8.05,34.53,14.53,51.15,False,0.0,0
-4.6533,-55.3937,15.89,1991,28.56,0.0,7.96,36.11,4.65,32.88,False,0.0,0
-6.1148,-164.5516,4.3,1990,27.79,0.0,7.929,33.24,10.05,25.37,False,0.0,0
-28.4132,79.0117,19.82,2012,30.77,4.48,8.056,36.67,6.81,65.99,True,100.0,1
-9.8666,162.931,13.95,2007,28.82,0.59,8.174,34.8,8.34,56.49,False,9.17,0
28.5612,-84.9203,7.3,1997,27.24,0.0,7.828,35.63,1.5,27.21,False,0.0,1
22.4133,-148.4292,11.25,2023,29.34,2.37,7.907,34.49,11.43,34.42,False,39.38,0
-10.2373,-8.7948,15.27,1997,29.19,0.0,8.12,34.07,12.93,33.01,False,5.18,0
5.2677,128.4114,3.66,2018,29.34,1.71,7.894,33.38,1.52,33.32,False,18.69,0
20.8378,18.7107,28.77,2002,30.42,3.2,8.033,34.89,8.44,43.14,False,52.64,1
-3.5235,-163.1602,20.3,1990,29.74,4.17,8.161,34.68,11.56,45.49,True,77.8,1
-28.9225,170.738,3.97,2018,29.26,0.0,8.177,35.29,14.75,54.06,False,30.04,0
-25.5294,118.314,24.86,1990,28.49,0.11,8.069,34.61,5.23,54.87,False,0.0,0
0.6236,-132.6261,10.35,1994,27.39,0.0,7.99,34.79,5.44,32.46,False,0.0,0
28.1664,151.8472,18.31,1991,27.93,0.0,8.123,36.15,13.21,54.05,False,0.0,0
11.5926,-17.7522,9.04,2011,28.46,0.0,8.001,33.51,10.68,58.21,False,16.11,0
-25.745,-46.1167,22.27,2019,27.19,0.0,8.073,34.63,14.36,54.58,False,0.0,0
-18.6383,-14.0208,21.97,2000,26.59,0.0,7.861,33.56,7.49,59.15,False,0.0,0
16.2794,120.4459,17.01,2018,30.56,4.4,7.834,36.75,9.5,60.6,True,97.1,1
20.4864,57.4127,7.99,1992,29.75,4.24,8.214,36.32,1.62,41.2,False,41.33,0
7.0617,-158.6706,8.36,2002,28.75,0.11,7.943,36.39,14.55,44.17,False,0.0,0
8.6654,164.7376,12.1,1992,26.65,0.0,7.93,33.55,5.79,47.86,False,0.0,0
-28.2998,-126.7977,5.21,1999,28.78,0.0,8.1,36.5,8.68,58.66,False,11.32,0
19.7118,88.4045,10.79,1993,27.24,0.0,8.15,33.57,8.93,74.6,False,0.0,0
17.2965,49.0092,20.85,2003,27.88,0.0,8.142,34.86,7.07,73.01,False,0.0,0
-14.4579,-112.4899,25.09,2012,27.29,0.0,8.135,33.4,11.97,44.82,False,0.0,0
12.5206,-118.5365,10.64,2006,27.88,0.0,8.136,36.72,8.93,34.94,False,0.0,0
-17.1087,133.3179,7.77,1990,28.52,0.36,8.085,36.94,3.82,62.89,False,9.33,0
-27.5802,-28.9098,25.15,2004,26.58,0.0,7.942,34.69,5.5,25.07,False,0.0,0
-17.9318,55.6475,26.83,1991,26.98,0.0,8.051,36.8,14.34,50.84,False,0.0,0
-19.2823,1.4656,12.89,2007,28.93,0.0,7.899,33.37,12.67,52.9,False,0.0,0
-9.7351,81.8473,1.78,2011,28.42,0.0,7.86,36.64,14.52,42.14,False,0.0,0
-4.893,-7.4727,21.15,2017,29.41,0.9,8.089,34.38,4.11,48.25,False,0.97,0
0.5123,-76.5432,23.74,2019,29.49,0.4,7.9,35.67,6.91,76.49,False,0.11,0
-1.3948,-49.182,1.52,2002,28.55,0.0,8.032,34.43,1.55,39.36,False,14.14,0
-13.7595,129.268,18.26,1992,28.38,0.0,8.191,35.4,7.2,26.17,False,0.0,0
-28.2498,-11.5075,18.06,1992,28.62,0.0,7.986,33.92,3.91,37.44,False,0.0,0
6.3061,-103.1582,11.98,2015,27.65,0.0,8.066,35.5,6.53,32.2,False,11.27,0
-6.2553,156.4579,22.74,1993,29.24,0.68,8.111,35.04,4.94,50.19,False,0.0,0
-12.0797,106.7762,13.42,2005,29.5,1.69,8.076,34.45,1.17,71.73,False,15.81,0
22.0165,-159.9602,20.63,2017,28.12,0.0,7.989,34.76,4.38,56.24,False,0.0,0
14.8046,179.6195,16.0,1997,28.95,0.0,8.13,35.0,8.11,63.99,False,16.81,0
21.4659,70.1736,8.21,2005,30.32,6.06,7.942,34.66,1.75,54.16,True,100.0,1
-0.301,-122.304,18.59,2020,29.46,0.0,7.95,33.28,9.56,27.35,False,0.0,0
-22.1441,-94.6196,22.37,2012,28.67,0.0,7.811,36.15,10.52,40.73,False,16.46,0
11.7733,69.2804,29.24,1991,29.12,2.9,8.114,35.66,6.07,47.57,False,10.08,0
-17.6356,100.714,12.02,1998,28.54,0.0,8.165,35.72,13.68,59.06,False,0.0,0
-3.5262,-93.9471,2.87,2016,27.22,0.0,8.119,33.21,1.73,69.75,False,0.0,0
-26.1,-87.4912,29.65,2011,29.57,0.0,8.141,36.09,9.58,48.3,False,0.0,0
19.5185,-69.4365,19.09,2023,27.82,0.0,7.957,36.1,11.17,30.38,False,0.0,0
-22.4436,35.2866,28.45,1998,27.87,0.0,8.041,36.18,11.89,58.44,False,0.0,0
24.1859,-118.1462,4.01,2022,29.85,1.23,8.182,35.46,7.04,56.81,False,41.75,1
21.8538,-142.4724,10.92,2023,29.9,3.64,7.945,35.06,4.38,56.18,False,45.55,1
-2.125,64.3911,4.88,2015,29.46,1.91,7.909,36.49,14.46,52.79,False,47.83,1
14.6621,100.4753,25.23,1996,30.07,5.92,8.14,35.33,13.94,66.82,True,98.18,1
7.1667,0.3346,26.53,2016,28.65,0.0,7.95,33.37,14.79,72.31,False,0.0,0
18.1845,-49.0202,15.54,2001,29.46,1.14,7.948,34.39,11.0,61.52,False,15.52,1
-4.0917,-24.4646,6.41,2006,28.59,0.0,8.082,35.85,11.84,77.93,False,0.0,0
17.1485,-40.1732,4.69,2010,27.33,0.0,7.904,34.64,13.99,35.75,False,0.0,0
-2.2526,165.5946,18.06,2011,29.05,0.0,8.172,36.2,6.93,52.25,False,0.0,0
26.4579,96.5124,15.68,2015,28.24,0.0,8.109,34.87,2.86,52.58,False,0.0,0
-0.8177,-105.0886,21.15,2002,30.15,4.27,8.121,34.54,8.62,70.99,True,55.66,1
-2.2428,-41.6919,9.85,2012,29.33,0.0,7.843,34.4,7.42,35.37,False,0.0,1
17.1043,15.8444,12.67,2019,28.64,1.26,7.911,34.26,11.81,32.2,False,15.34,0
19.2947,40.6749,1.62,2006,29.21,0.0,8.086,34.92,11.22,26.5,False,0.0,0
3.2693,-11.4538,18.69,2016,28.88,2.37,8.026,35.4,4.5,28.46,True,21.92,0
-19.2121,111.6456,13.27,2009,26.66,0.0,8.098,36.7,1.98,47.13,False,0.0,0
-1.9345,96.3382,27.67,1996,25.96,0.0,8.147,35.93,8.83,58.42,False,0.0,0
28.0844,1.8569,19.61,1993,28.76,2.09,7.911,33.85,10.32,25.83,True,43.76,1
15.1792,127.5946,12.56,2020,27.61,0.0,8.119,34.82,7.86,69.41,False,0.0,0
18.6698,90.3922,8.64,2019,30.88,7.08,8.131,34.23,10.18,35.9,False,100.0,1
-28.0305,100.2895,27.25,2020,28.29,0.0,8.158,33.97,11.4,69.13,False,0.0,1
-1.9284,164.3043,1.47,1993,29.06,0.0,7.888,35.63,6.94,64.9,False,0.0,0
8.7973,-84.0719,10.48,2007,27.55,0.0,8.074,33.45,7.79,70.34,False,0.0,0
19.802,-83.6467,28.36,2009,26.88,0.0,8.172,33.1,9.71,46.46,False,0.0,0
-27.0436,140.0228,19.97,2012,27.12,0.0,7.887,34.65,9.44,48.21,False,0.0,0
21.1463,98.0015,16.45,1998,27.79,0.0,8.098,33.55,7.54,54.45,False,0.0,0
2.9041,153.5564,6.9,2005,28.59,0.0,8.159,35.04,4.17,43.08,False,0.0,0
-18.1612,-157.2731,25.17,2010,28.57,0.0,7.913,35.2,10.38,58.39,False,0.0,0
-10.9647,45.9925,6.92,1998,29.4,0.46,8.074,33.66,6.13,79.13,False,4.72,0
-13.0842,-127.9338,8.2,2014,29.08,3.05,8.069,35.79,7.15,55.86,False,38.38,1
1.8515,1.403,6.56,2003,28.35,0.0,7.834,33.46,8.11,62.21,False,0.0,0
-26.8989,-123.9311,5.59,2006,27.36,0.0,8.078,35.47,7.28,32.72,False,0.0,0
-20.4878,-133.8917,28.65,2017,28.86,0.0,8.024,35.58,10.1,54.97,False,0.0,0
18.7616,-175.6194,18.46,1997,26.72,0.0,7.879,36.24,7.96,40.48,False,0.0,1
-22.0438,46.886,19.5,2003,26.57,0.0,7.975,36.55,4.83,51.16,False,0.0,0
-15.9962,-50.7519,28.68,2004,26.99,0.0,8.05,35.68,14.39,59.88,False,0.0,0
-2.7978,-142.1322,7.69,2014,27.17,0.0,7.864,35.48,14.81,29.13,False,0.0,0
1.0273,-63.7784,1.17,2000,29.18,0.92,8.158,35.71,1.56,45.61,False,22.95,1
15.8166,-119.1801,18.37,2018,29.35,0.0,7.979,35.11,10.29,53.41,False,0.0,0
-3.1601,159.0101,15.73,1992,30.0,1.45,7.894,35.47,13.36,70.32,False,30.66,1
17.3919,-64.7982,14.85,2011,30.22,5.96,7.974,36.62,14.29,24.01,True,91.75,1
7.1008,-59.7767,2.79,2009,29.59,2.01,8.113,35.78,12.28,39.61,True,62.58,1
-23.214,122.3489,14.18,2008,26.88,0.0,7.953,34.2,13.44,51.3,False,0.0,0
-20.6201,53.1921,9.34,2002,27.96,0.0,7.787,35.86,5.67,27.4,False,0.0,0
-3.778,75.6618,8.96,2016,27.49,0.0,8.084,33.36,12.55,35.68,False,0.0,0
-6.1866,48.9606,7.45,2008,30.31,5.4,8.059,34.81,9.36,46.14,True,93.47,1
14.6127,160.6307,10.64,2005,27.94,0.0,7.93,34.57,6.67,61.81,False,0.0,0
4.8442,-105.4797,11.24,1991,25.86,0.0,7.824,34.34,12.22,62.08,False,0.0,0
-6.712,176.0541,9.95,1990,27.14,0.0,7.978,35.49,3.7,42.31,False,0.0,0
-19.7544,119.1442,29.38,1992,28.09,0.0,7.98,33.68,14.24,53.65,False,0.0,0
-16.3898,32.0301,28.05,2013,29.68,0.0,8.09,36.77,7.2,68.04,False,0.0,0
4.5301,58.4538,17.66,1991,27.93,0.0,7.891,34.03,12.81,45.57,False,0.0,0
-4.5937,53.5773,29.45,2005,29.23,0.48,8.104,35.77,4.06,45.11,False,0.0,0
0.8957,-158.9774,29.74,2018,28.85,1.21,7.973,34.75,13.46,55.74,False,0.0,0
-19.7594,-101.5141,11.32,1993,28.97,0.0,8.007,33.82,8.4,63.41,False,0.0,0
9.7744,166.1295,13.91,2003,25.5,0.0,8.115,34.7,4.46,43.17,False,0.0,0
21.1523,12.3712,28.81,2006,29.47,3.27,7.979,34.45,9.22,40.85,False,15.97,0
-14.5236,-43.7927,18.65,2006,26.46,0.0,7.967,36.12,1.57,58.02,False,0.0,0
-0.5091,94.3338,7.17,2009,27.75,0.0,7.922,35.63,5.72,38.09,False,21.7,0
28.5316,8.8268,20.99,2018,30.05,4.17,7.997,36.33,8.18,47.68,True,83.9,1
-10.0055,-175.2614,6.97,2015,28.99,0.88,8.142,33.17,8.13,45.36,False,6.71,0
5.7028,85.0455,10.84,2006,26.18,0.0,8.105,36.33,9.4,64.64,False,0.0,0
-24.5883,83.5983,7.6,2001,29.32,0.87,8.004,34.65,1.13,71.63,False,21.71,0
6.3609,-120.5465,8.1,2017,27.58,0.0,7.971,34.03,11.61,55.84,False,0.0,1
-24.6221,164.3976,1.14,1998,27.67,0.0,7.874,33.82,1.85,51.82,False,0.0,0
27.5541,-99.3931,26.54,2021,29.58,4.39,8.08,34.39,14.14,33.41,True,76.59,1
12.9398,-15.2102,9.58,2023,29.08,1.14,8.064,34.38,8.45,53.66,False,6.32,1
17.2896,-138.6951,3.5,2005,27.19,0.0,8.095,33.57,14.72,67.71,False,0.0,0
12.2463,37.1816,3.52,2020,29.73,3.64,7.867,35.4,3.14,71.17,False,35.1,0
5.3837,-44.8376,17.12,2016,25.9,0.0,8.177,33.33,11.75,24.93,False,0.0,0
-3.0052,-52.8576,29.79,2018,27.69,0.0,8.134,35.0,8.95,72.45,False,0.0,0
21.5024,117.7117,5.21,1990,27.2,0.0,8.162,34.57,12.62,47.35,False,0.0,0
27.4101,-176.5578,3.89,2016,27.71,0.02,7.935,36.26,1.25,45.23,False,0.0,0
-0.0578,107.2608,13.71,2021,26.48,0.0,8.116,33.88,5.8,52.46,False,0.0,0
25.8921,25.7215,17.34,2000,26.59,0.0,7.998,35.24,10.06,55.74,False,0.0,0
5.0,174.9955,9.54,1991,27.86,0.0,8.12,33.47,4.67,59.42,False,0.0,0
2.3031,32.1996,9.77,1990,29.9,0.77,8.04,35.87,13.68,65.86,False,1.21,0
-2.731,-160.0635,13.31,1995,25.58,0.0,8.099,34.3,11.7,59.76,False,0.0,0
-17.4427,-161.7677,10.11,1996,26.44,0.0,8.069,36.84,5.89,61.96,False,0.0,0
-29.7768,137.9351,27.54,1991,29.76,0.45,8.072,36.63,2.67,54.73,False,0.0,0
-15.5096,122.8371,2.22,1991,28.01,0.0,8.05,34.91,10.22,71.11,False,0.0,0
0.5834,-55.4796,7.8,1994,27.67,0.0,8.116,36.16,10.93,49.95,False,0.0,0
-7.2024,42.4917,24.45,2002,28.61,0.0,7.956,33.3,4.46,59.62,False,0.0,0
-3.0909,-3.7471,25.18,2008,27.24,0.0,7.99,36.13,1.79,19.91,False,0.0,0
28.8389,168.1791,4.24,2008,29.57,2.33,8.071,34.79,2.43,42.91,False,49.0,0
-8.9837,161.9859,29.24,1990,26.45,0.0,8.0,33.38,13.23,30.16,False,0.0,0
-2.869,174.182,21.11,2007,28.3,0.0,8.038,34.11,5.98,59.66,False,0.0,0
-21.9891,131.9216,8.91,2021,26.96,0.0,8.121,34.2,12.09,83.88,False,0.0,0
-27.1225,147.4386,14.23,2021,26.96,0.0,7.941,35.87,6.29,61.08,False,0.0,0
16.5246,-101.7796,9.62,1997,26.73,0.0,8.066,36.15,11.59,86.5,False,0.0,0
4.241,119.1624,5.35,2000,27.62,0.0,7.972,35.13,12.68,72.08,False,0.0,0
15.6423,75.1886,9.44,2009,29.25,0.0,8.013,34.32,5.26,72.03,False,30.07,0
-21.0082,166.6031,17.82,1997,28.39,0.0,8.13,34.63,14.94,71.66,False,3.65,1
4.3097,25.6543,24.95,2017,30.42,3.2,8.12,35.5,3.05,33.66,False,21.4,0
-14.7815,-149.3398,11.54,2010,30.18,2.3,8.114,35.53,8.66,54.63,False,38.12,1
-16.3163,35.0636,11.09,1995,27.86,0.0,7.87,33.72,10.15,60.24,False,0.0,0
-29.3084,67.1691,14.57,1991,28.26,1.02,7.873,35.0,2.73,60.28,False,1.25,0
-22.1796,-100.6844,19.69,1999,25.72,0.0,7.931,35.27,0.99,60.43,False,0.0,0
-11.4439,-38.1192,22.8,1998,26.61,0.0,7.937,36.0,2.23,27.72,False,0.0,0
-22.9873,35.4612,10.48,1992,26.37,0.0,7.882,34.87,2.61,68.65,False,0.0,0
29.1515,-45.3219,18.0,1991,29.89,3.18,8.105,36.75,9.74,30.12,True,54.96,1
-11.482,-45.0188,12.29,1997,29.83,1.95,8.183,35.66,14.58,82.48,False,37.48,1
-22.1806,-132.0888,21.78,1998,27.96,0.0,8.008,35.89,7.68,44.29,False,0.0,0
-18.0551,158.6688,5.78,2015,27.74,0.0,7.983,35.35,12.01,48.82,False,0.0,0
5.2622,90.178,8.45,2023,29.35,2.91,7.913,36.38,2.03,40.4,False,72.43,1
-26.1574,-179.5524,13.36,2019,28.88,0.0,7.982,34.44,5.61,30.44,False,3.05,1
21.746,95.6208,26.79,1997,28.12,0.05,8.067,33.13,2.78,71.51,False,0.0,0
27.69,86.3262,17.63,1992,27.86,0.0,7.942,33.46,10.46,38.72,False,0.0,0
-15.1952,-176.4969,29.0,2000,26.93,0.0,8.196,34.71,14.4,32.92,False,0.0,0
-2.9943,-46.9425,4.0,2014,29.84,1.93,7.938,34.57,5.25,34.5,False,41.97,1
-28.6719,38.4292,14.35,1994,28.74,0.0,8.125,34.79,4.96,51.73,False,0.0,0
8.4426,-17.0098,13.15,2001,29.68,2.69,8.047,35.16,6.84,50.49,False,43.81,1
-5.1644,100.075,18.41,2019,28.78,0.1,7.96,34.63,2.02,67.9,False,0.0,0
-13.7965,-26.835,24.55,2016,29.55,1.05,7.89,33.18,11.53,54.55,False,12.91,0
-17.5898,-124.6093,25.4,1994,26.84,0.0,7.928,36.2,13.76,45.67,False,15.45,1
9.2414,171.5096,20.44,2009,29.22,0.0,8.108,36.74,1.81,43.82,False,0.0,0
-5.027,-92.8656,19.6,2010,29.27,2.53,7.861,35.32,5.72,34.05,False,35.1,0
-19.2204,78.3692,28.52,1992,26.27,0.0,8.081,34.87,13.14,54.79,False,0.0,1
11.3465,-128.4637,12.13,1993,26.98,0.0,8.048,33.46,2.74,81.08,False,0.0,0
3.9043,-61.5555,25.15,2013,29.76,2.44,8.03,36.69,10.47,48.96,False,37.47,1
21.5203,-20.8701,27.72,1996,26.5,0.0,8.055,34.45,3.32,43.29,False,0.0,0
-22.9514,-110.7965,15.25,2013,28.73,0.0,7.888,36.1,11.06,63.6,False,16.96,0
17.14,-18.0146,22.14,2000,29.32,0.0,7.963,33.77,9.98,61.23,False,0.0,0
10.411,-123.4214,11.93,1991,26.95,0.0,7.96,36.64,14.33,73.91,False,0.0,0
-23.0993,21.2424,5.61,1995,29.44,0.22,7.864,35.85,8.56,61.0,False,34.33,1
11.6892,58.9368,18.01,1996,27.91,0.0,8.01,34.25,7.12,52.51,False,0.0,1
-3.5072,-157.5237,6.7,2007,27.94,0.0,8.047,36.03,8.0,45.92,False,15.25,0
26.6991,133.6076,14.27,1998,29.27,0.0,7.965,34.22,9.2,68.71,False,0.0,0
-21.5033,-113.3493,26.31,2017,29.66,1.6,8.101,33.86,14.48,66.33,False,9.65,0
8.57,-98.8695,3.49,2008,27.8,0.0,7.875,36.23,1.35,21.54,False,0.0,0
-7.0812,58.0859,1.88,1993,30.12,1.19,7.967,36.72,8.99,46.94,False,39.2,1
27.4089,-11.2496,18.59,1993,25.56,0.0,8.068,33.21,7.87,54.2,False,0.0,1
-10.2015,-0.2176,10.6,2002,28.61,0.0,7.97,33.35,14.54,86.98,False,0.0,0
27.7312,-133.8642,13.12,2017,27.08,0.0,8.003,36.54,11.88,37.01,False,0.0,0
24.0892,110.0649,12.77,2000,27.05,0.0,8.071,36.79,13.17,45.97,False,0.0,0
-13.777,42.1395,3.51,1991,27.72,0.0,8.144,35.83,1.6,65.41,False,0.0,0
18.2125,-131.2625,1.1,1995,27.15,0.0,7.862,34.72,12.91,56.31,False,0.0,0
29.7363,-45.3602,27.05,2001,26.75,0.0,8.031,35.07,11.45,57.26,False,0.0,0
-14.8402,111.7476,7.32,2013,30.24,3.35,8.118,34.48,7.76,52.25,False,60.67,1
-3.7934,24.6078,13.36,1998,29.79,3.74,8.264,36.78,5.12,67.95,False,59.15,1
1.2108,-140.8864,29.19,2015,26.81,0.0,8.115,35.73,5.63,53.1,False,0.0,0
-12.3041,-45.8003,24.98,1993,27.98,0.0,7.943,36.79,9.94,49.42,False,0.0,0
-29.0841,-92.63,4.13,1993,27.04,0.0,8.076,36.62,1.91,27.21,False,0.0,0
-16.7922,6.2876,15.75,2023,29.91,0.2,7.853,35.74,4.02,32.96,False,21.99,1
-13.0838,123.61,22.17,2011,28.21,0.0,7.99,33.94,10.1,85.12,False,0.0,0
-3.384,-22.9438,21.25,2002,27.73,0.0,8.171,34.8,4.79,31.04,False,0.0,0
-19.7339,-23.9969,23.06,2004,28.35,0.0,8.046,35.7,11.95,68.95,False,0.0,0
22.3953,145.9263,14.27,1991,26.27,0.0,8.216,34.88,11.18,26.03,False,0.0,0
12.2947,27.4267,6.1,1991,27.44,0.0,7.948,34.77,7.8,62.43,False,0.0,0
-24.888,23.8288,14.48,1997,28.35,0.0,7.989,34.69,11.95,43.37,False,0.0,0
9.0055,-85.7124,19.79,2007,29.96,3.19,7.897,33.71,2.83,59.94,False,56.57,1
9.2194,38.7802,18.65,2018,29.2,1.8,8.02,34.54,12.31,40.4,False,24.19,1
27.3733,27.3278,3.05,2000,30.11,3.01,7.932,36.95,3.44,73.09,False,36.92,1
-29.8187,-37.1335,2.88,1995,27.22,0.0,7.901,34.03,10.47,46.83,False,0.0,0
-15.1241,176.6504,28.99,1998,30.25,4.02,8.069,34.24,10.58,67.93,True,61.08,1
25.6675,137.4807,5.4,2011,29.57,1.11,8.016,36.85,9.34,31.96,False,47.24,1
25.928,89.8511,9.54,2014,27.08,0.0,7.918,35.05,8.4,48.35,False,0.0,0
13.2352,13.4444,23.26,2020,30.12,1.77,7.985,36.09,13.29,33.68,False,29.3,0
15.9458,-13.6585,12.88,2010,29.09,0.0,7.892,33.99,10.18,36.79,False,0.0,0
-24.511,-113.4369,6.26,2008,29.61,1.78,8.11,34.61,5.62,44.43,False,23.15,0
0.8326,-69.9345,14.55,1999,28.58,0.0,8.157,35.49,11.89,38.11,False,0.0,0
-16.105,98.6259,17.5,2001,29.39,0.0,7.997,34.0,3.61,51.25,False,0.0,0
-19.1269,-16.6504,14.13,2008,30.53,6.17,8.021,34.54,5.49,59.32,True,100.0,1
18.6182,137.617,27.65,1991,26.21,0.0,8.089,34.9,11.8,36.03,False,0.0,0
-21.8977,-126.752,9.26,2004,30.09,2.97,8.161,36.37,14.55,65.45,False,55.01,0
-1.8809,3.005,20.18,1997,30.06,4.51,8.143,35.77,13.7,56.85,True,83.15,1
26.3147,52.9076,4.26,2019,29.23,0.02,7.857,36.67,4.95,72.72,False,14.48,0
-18.8501,6.0654,12.38,1998,27.15,0.0,8.033,36.87,12.8,85.4,False,0.0,0
28.6796,140.1217,22.49,2019,28.43,0.0,7.977,34.89,8.4,54.3,False,0.0,0
29.6573,176.2428,7.52,2008,29.17,0.0,7.865,34.68,6.88,29.1,False,6.72,0
3.337,-138.2995,18.1,2018,28.86,0.0,8.052,35.24,7.93,68.77,False,9.17,0
-19.7914,-133.2162,5.45,1991,27.47,0.0,7.905,36.59,10.68,74.18,False,2.48,0
-11.0337,-133.0833,3.98,2017,27.91,0.0,8.019,33.08,7.34,77.83,False,0.0,0
-4.5304,65.2238,16.17,1997,29.73,0.7,8.203,33.93,1.41,75.41,False,40.94,0
-11.4405,-45.8366,20.58,2014,29.05,3.13,8.021,36.35,1.15,31.08,False,18.51,1
-13.1619,83.9933,4.29,1999,27.69,0.0,8.073,35.09,7.41,45.25,False,0.0,0
28.3338,-34.0303,27.62,2011,29.09,0.26,7.901,36.33,6.92,58.1,False,0.0,0
-20.7981,45.9384,7.55,2013,29.99,3.57,8.041,35.61,12.16,84.68,False,68.26,1
13.9997,97.1489,4.48,2015,27.32,0.0,8.049,36.25,3.73,42.04,False,0.0,0
-29.9754,17.3577,6.88,2020,26.97,0.0,8.067,34.67,8.97,81.75,False,6.05,0
5.771,14.2213,5.92,2012,28.85,0.0,8.13,33.04,9.54,59.27,False,0.67,0
24.9566,-148.2356,3.63,1991,28.05,0.0,7.921,35.7,3.09,22.99,False,0.0,1
-12.724,-32.1186,24.14,2022,26.32,0.0,8.041,34.99,3.11,38.23,False,0.0,0
-18.8684,16.4798,15.37,2013,30.61,3.37,7.898,36.93,11.07,42.67,False,81.05,1
9.1008,-13.6869,12.27,2001,29.62,2.52,7.882,33.48,3.8,75.19,False,42.52,1
12.7561,144.2815,28.57,1998,28.12,0.0,8.039,35.48,4.06,46.71,False,0.0,0
11.2818,146.351,11.76,1992,27.52,0.0,8.021,34.2,4.12,69.62,False,3.35,0
-10.841,115.8903,5.84,2012,29.16,0.38,8.108,35.01,10.38,50.42,False,32.73,0
-14.8679,-44.8927,8.95,2013,29.14,0.0,8.114,33.29,10.1,62.25,False,0.0,0
27.3551,78.2277,7.93,2022,29.65,2.63,7.858,36.44,14.37,61.05,False,74.43,1
25.398,-37.6962,15.46,2019,28.62,0.0,7.974,36.57,7.3,61.05,False,8.5,0
-2.561,-96.2663,9.45,1991,27.68,0.0,7.873,34.97,3.62,50.28,False,0.0,0
20.7716,-56.555,15.97,2011,29.76,0.64,8.018,33.33,6.67,52.19,False,0.0,1
-2.8606,-154.4527,20.41,2000,29.1,2.63,7.979,35.32,8.08,44.63,False,27.98,0
-4.5367,-60.5601,23.54,2001,30.31,4.82,7.918,34.15,3.33,65.22,True,77.98,1
-20.5942,-14.1328,21.59,2008,26.68,0.0,8.148,33.1,11.64,46.4,False,0.0,0
-4.4156,163.9731,6.96,2009,26.21,0.0,8.143,36.32,1.9,74.3,False,0.0,0
2.245,-67.1722,4.36,1998,29.79,2.47,8.08,33.52,0.88,68.99,False,51.82,1
-28.6497,144.8833,16.73,2007,26.55,0.0,8.093,36.7,2.91,54.71,False,0.0,0
-3.3532,-97.611,6.77,2007,26.79,0.0,8.106,35.65,1.0,42.67,False,0.0,0
16.8814,-111.2512,3.46,2016,28.07,0.0,8.061,33.57,2.17,46.14,False,0.0,1
10.8028,6.8384,16.29,2002,30.58,5.23,8.007,34.07,1.65,68.61,True,90.19,1
8.1094,62.1041,10.48,1997,29.68,2.89,7.835,36.91,10.52,33.4,False,44.09,1
24.5733,-164.0404,22.93,2012,29.0,0.0,7.932,35.59,11.03,49.13,False,0.0,0
-28.9181,-100.4163,10.11,2002,30.16,2.63,8.223,34.93,5.24,41.02,False,49.06,1
3.4229,-15.9539,29.38,1996,28.12,0.0,8.214,36.82,3.37,29.2,False,2.67,0
17.2409,-60.8384,23.0,1991,28.56,0.0,7.975,33.12,11.64,73.69,False,0.0,0
2.4801,76.5436,2.67,1992,26.26,0.0,7.895,34.53,2.8,46.17,False,0.0,0
-10.5663,4.0178,15.76,2012,27.84,0.0,8.157,36.27,6.16,51.08,False,0.0,0
-21.825,-122.2707,17.32,1996,29.44,1.71,7.981,36.82,8.77,14.36,False,28.11,1
23.2538,142.0075,21.16,1993,26.13,0.0,8.167,36.14,8.5,71.17,False,0.0,0
-1.7543,-74.554,15.44,1997,27.58,0.0,8.263,35.55,6.72,33.26,False,0.0,1
22.6869,83.2072,15.02,2021,30.97,6.37,8.015,33.51,8.52,22.53,True,100.0,1
5.1511,100.7697,11.67,2008,27.39,0.0,8.049,35.15,10.17,51.95,False,0.0,0
10.4515,166.7368,8.87,2001,26.23,0.0,8.074,35.3,4.05,42.69,False,0.0,0
18.2557,-0.5373,28.44,1999,29.92,3.02,7.988,36.31,6.17,52.5,True,29.46,0
9.5493,41.7008,10.21,2003,27.04,0.0,8.196,35.68,10.46,53.57,False,0.0,0
-6.1167,-59.4445,2.84,2016,28.42,0.0,7.968,36.38,2.34,41.81,False,6.96,0
0.818,64.1445,5.85,2010,27.91,0.0,8.118,35.32,5.49,73.6,False,0.0,0
18.1827,-13.1819,25.86,2009,29.01,0.0,7.911,33.54,0.96,49.3,False,0.0,0
-7.581,-22.4451,18.01,1993,25.32,0.0,7.999,36.0,3.55,53.46,False,0.0,0
-6.7127,127.9683,23.58,2008,27.02,0.0,7.887,35.54,6.43,67.47,False,0.0,0
-24.2586,-161.9392,24.45,2018,26.81,0.0,8.088,34.39,4.38,71.94,False,0.0,0
24.8751,137.5065,24.87,1996,26.6,0.0,8.008,36.28,11.89,70.69,False,0.0,0
-24.5378,126.7451,16.97,2022,29.12,0.63,7.86,36.53,6.45,54.28,False,0.0,0
8.8926,2.2919,6.14,1997,26.94,0.0,7.899,35.94,5.14,34.65,False,0.0,0
-5.2083,-3.527,5.3,2000,29.66,1.61,8.009,34.94,14.19,38.77,False,31.75,1
-5.6628,-49.7493,17.65,2022,26.31,0.0,8.07,34.24,9.71,36.87,False,0.0,0
10.7731,177.9026,11.63,2014,30.31,6.47,8.122,33.91,10.79,57.62,True,100.0,1
-25.9744,-139.979,17.18,2022,30.86,7.33,7.865,36.32,13.07,22.99,True,100.0,1
5.6223,32.4775,15.46,2015,27.96,0.0,7.898,35.6,4.93,36.87,False,0.0,0
16.3219,65.4054,18.46,2000,29.04,2.04,8.168,35.56,8.51,49.08,False,14.42,1
19.6928,156.3588,1.93,2019,28.47,1.1,7.982,33.8,6.48,46.48,False,13.6,1
-19.7682,100.8733,1.95,2022,30.57,3.23,8.18,35.22,4.65,38.18,False,38.17,1
23.8451,51.785,21.93,1999,29.74,3.89,8.068,36.95,0.65,42.44,False,21.83,0
9.3688,-137.9476,6.6,2018,29.59,0.63,8.063,34.79,2.52,38.09,False,50.98,1
22.9113,-45.4559,19.91,2014,27.29,0.0,8.135,35.21,12.26,55.46,False,0.0,0
-0.8832,-130.017,16.85,2021,28.76,0.0,8.188,36.5,2.5,33.14,False,0.0,0
2.522,137.2366,29.47,1993,28.08,0.0,7.894,36.5,13.63,22.08,False,0.0,0
25.1423,89.8636,25.23,2023,27.61,0.0,8.097,33.26,4.44,56.61,False,0.0,0
23.9946,92.7132,12.98,2011,27.29,0.0,8.066,36.61,7.21,54.38,False,0.0,0
-3.1103,54.8123,18.88,2002,29.01,0.0,8.039,35.62,13.05,62.56,False,0.0,0
-13.5352,2.5357,4.4,1995,28.91,0.0,7.912,34.37,5.53,23.74,False,11.96,0
-6.4098,-126.0104,12.21,2006,28.85,1.69,8.117,36.07,3.83,42.55,False,24.13,1
-6.7341,-61.3098,22.28,2015,28.65,0.0,7.878,34.95,0.96,72.84,False,0.0,0
-12.788,-130.7103,19.06,2013,30.33,5.68,7.884,35.19,14.29,59.13,True,62.72,1
-13.8852,80.9687,15.05,1998,28.98,0.0,8.027,35.55,6.37,64.28,False,0.0,0
21.6638,-122.3176,6.12,1991,27.97,0.0,8.143,36.23,13.4,34.79,False,0.0,1
-25.8083,72.7609,24.29,2009,29.98,3.38,7.964,34.89,6.82,42.55,True,64.22,0
10.6567,69.2119,8.92,2016,27.91,0.0,7.971,34.04,13.3,68.9,False,0.0,0
-19.6308,-14.6504,24.79,1995,27.38,0.0,7.851,35.45,2.01,37.13,False,0.0,0
-9.3296,-131.3177,18.74,2016,30.37,3.64,7.962,36.89,6.89,65.49,True,69.19,0
-26.3074,-66.6717,11.81,2013,29.9,4.38,8.112,33.39,6.92,25.39,False,55.81,1
-13.8016,-64.7665,2.18,2004,29.17,0.0,8.059,33.03,14.62,41.2,False,7.13,0
16.1053,72.1386,7.74,2022,27.34,0.0,7.945,34.55,7.65,35.66,False,0.0,0
23.1009,-139.0525,26.78,1999,28.59,0.0,8.073,35.18,2.02,30.87,False,2.65,0
-16.7084,118.4647,24.72,2010,28.98,0.0,8.026,35.04,13.67,63.13,False,0.0,0
-2.1871,93.9626,17.67,1995,26.77,0.0,7.995,34.26,14.27,68.55,False,0.0,0
-1.7806,-112.9295,14.52,2019,27.78,0.0,8.013,36.73,6.42,44.86,False,0.0,0
22.4145,78.8992,19.77,2012,27.62,0.0,7.949,33.98,12.05,48.01,False,0.0,0
15.7679,60.6647,14.52,1992,27.11,0.0,7.89,33.49,1.51,41.01,False,0.0,0
0.7846,89.3235,19.68,2015,30.72,6.09,7.829,33.89,6.38,22.19,True,100.0,1
10.2448,-111.9857,9.91,2023,27.97,0.0,7.806,33.39,7.91,48.13,False,22.42,1
20.8413,-123.2675,25.32,2019,29.26,2.73,8.036,36.38,13.13,29.67,False,31.19,0
-29.4277,-94.8658,21.36,2007,28.16,0.0,7.999,34.61,1.96,75.3,False,0.0,0
-5.8266,-48.2862,10.57,2006,29.51,1.26,8.008,36.32,6.4,39.13,False,11.81,0
24.4346,105.7194,25.09,2010,29.05,0.0,7.995,35.55,7.94,32.16,False,0.0,0
14.4188,85.6526,15.13,2013,28.38,0.2,8.143,34.9,10.16,67.31,False,16.83,0
2.5705,153.1626,6.06,1993,26.95,0.0,8.228,33.41,2.0,71.16,False,0.0,0
1.7787,-158.8934,3.25,2014,29.09,0.91,8.158,33.15,4.58,65.1,False,41.93,0
-9.1338,-175.8397,21.29,2013,28.58,0.0,8.139,35.23,1.15,39.28,False,0.0,1
1.2312,71.69,26.09,2016,29.06,0.06,7.918,33.8,2.65,66.53,False,0.0,0
9.323,-79.4565,24.42,2020,27.86,0.0,8.061,34.77,7.68,37.84,False,0.0,0
-4.8982,-59.7316,20.01,2009,29.16,0.0,8.206,36.79,3.91,34.36,False,26.43,1
12.8492,16.8487,5.1,2005,28.08,0.0,8.12,33.53,7.45,41.86,False,0.0,0
21.6739,-143.1313,3.73,2020,29.14,0.84,7.92,35.83,11.95,68.68,False,10.43,0
-20.7189,51.37,11.01,1996,25.04,0.0,7.933,33.85,5.99,35.62,False,0.0,0
-2.9072,-62.9469,25.79,2007,29.0,0.0,7.832,33.96,10.99,55.58,False,0.0,0
-5.5188,47.7774,28.89,1997,30.15,2.73,8.093,35.55,11.61,30.08,True,54.11,1
11.2479,120.2425,8.0,2016,27.85,0.0,7.946,33.52,8.3,48.9,False,16.52,0
-15.008,-118.3999,23.1,2003,26.18,0.0,8.148,34.55,4.47,42.35,False,0.0,0
8.4151,155.1143,17.64,2007,26.7,0.0,8.24,34.52,12.06,42.02,False,0.0,0
22.6494,11.0477,1.92,1990,25.69,0.0,8.104,34.82,5.99,70.18,False,0.0,0
-4.9121,152.254,16.74,2020,29.62,0.0,7.935,34.27,9.05,69.56,False,14.77,0
24.6609,-105.2172,24.37,2009,29.86,3.25,7.884,34.09,7.64,71.75,True,94.75,1
29.5898,37.6426,9.01,1995,26.95,0.0,8.098,36.13,9.58,39.4,False,0.0,0
-23.6345,-34.6006,27.02,1990,29.8,1.93,8.05,33.32,12.86,43.66,False,16.87,0
-16.0168,98.72,7.85,2008,27.33,0.0,8.019,36.4,5.64,56.94,False,0.0,0
27.0228,38.1272,3.22,2016,28.55,0.0,7.996,36.35,13.79,73.95,False,24.54,0
27.4997,-1.9744,5.64,2005,28.02,0.0,8.021,36.73,2.08,63.89,False,15.78,0
-24.1376,148.6747,25.27,2003,25.73,0.0,7.875,33.96,4.28,50.56,False,0.0,0
-29.1001,-44.2379,13.1,2023,27.9,0.0,7.908,36.67,13.83,51.8,False,0.0,0
-20.334,-100.8071,24.11,1996,26.84,0.0,8.139,34.8,1.43,39.11,False,0.0,0
29.7608,38.9164,16.41,2009,28.76,0.0,8.067,35.74,7.21,37.32,False,0.0,0
-19.2,44.6502,14.94,2020,26.54,0.0,8.201,36.41,4.27,37.15,False,0.0,0
0.1529,-21.9259,24.4,2011,26.28,0.0,7.962,33.25,11.93,41.97,False,0.0,0
20.9051,-4.8204,13.28,2009,29.43,3.14,8.198,33.14,1.76,53.34,False,43.34,1
-28.7759,165.4392,24.26,2004,29.08,0.0,8.025,33.81,2.34,55.47,False,0.0,0
6.2693,83.7668,3.92,2014,28.48,0.0,8.025,35.24,2.78,43.14,False,23.02,1
-13.3785,-140.1834,19.45,1990,26.7,0.0,7.934,36.11,5.08,23.41,False,0.0,0
21.7401,-103.6332,21.38,2006,27.5,0.0,8.123,36.1,12.93,58.2,False,0.0,0
-12.9923,171.2076,27.07,2005,26.98,0.0,7.992,36.57,13.19,48.78,False,0.0,0
11.2053,81.5276,7.51,2010,30.02,3.49,7.928,35.23,3.42,39.68,False,47.55,1
10.4532,149.4162,18.52,2016,27.98,0.0,8.083,35.24,8.03,36.72,False,0.0,0
-16.7104,-70.6099,13.56,2013,28.08,0.0,7.904,33.31,10.14,51.37,False,0.0,0
-27.912,87.0721,12.1,1991,29.79,5.92,8.014,36.06,6.48,61.06,True,86.81,1
-5.445,77.041,4.09,2014,26.08,0.0,7.977,34.92,14.26,37.73,False,0.0,0
-12.6484,-73.9116,4.89,2008,30.41,3.83,7.977,33.83,8.44,38.63,False,30.47,0
18.5387,18.2939,25.27,2002,27.6,0.0,7.932,33.5,6.81,41.13,False,0.0,0
18.0219,45.8694,22.74,2018,26.76,0.0,8.018,36.56,9.56,19.19,False,0.0,0
-2.5786,-6.7925,12.09,2021,29.56,2.78,7.963,35.31,12.41,42.41,False,41.74,1
6.3907,117.7843,25.03,1995,26.92,0.0,8.156,35.47,4.27,34.22,False,0.0,0
6.2556,119.8329,3.34,1998,26.59,0.0,8.088,33.96,13.86,41.87,False,0.0,0
19.6295,126.2162,19.12,1990,29.66,3.15,7.943,35.2,5.12,51.98,False,57.66,1
-4.4999,109.2325,26.18,2013,30.35,3.31,8.144,33.64,9.7,44.12,True,86.65,1
-13.4732,-4.2899,25.33,1999,28.31,0.0,8.13,34.68,10.91,70.87,False,0.0,0
-14.0979,-42.6822,11.81,1995,27.69,0.0,8.054,33.98,13.59,30.34,False,9.78,1
2.1715,119.2955,22.61,2009,28.19,0.0,7.986,33.67,9.59,71.71,False,0.0,0
-3.0511,-3.5275,13.4,2001,28.04,0.0,7.966,36.2,14.13,62.81,False,0.0,0
-3.5928,-91.3063,25.36,1992,28.14,0.0,8.135,35.65,10.84,60.91,False,0.0,0
-24.5318,2.6437,16.39,2007,25.97,0.0,8.131,36.2,12.0,45.28,False,0.0,0
13.1162,-128.9341,23.18,2010,28.64,0.0,7.837,36.34,11.79,27.3,False,0.0,0
-17.1758,68.9866,3.28,2008,30.24,6.46,8.06,34.56,9.22,28.64,True,100.0,1
-18.1828,-59.0683,18.11,2014,28.25,0.12,8.076,36.02,13.43,47.47,False,0.0,0
-5.2345,-86.1628,16.96,2007,29.31,0.85,8.064,35.94,5.38,48.89,False,4.17,0
-16.3333,164.3431,18.69,2019,27.04,0.0,8.005,33.99,3.57,69.25,False,0.0,0
5.0315,99.6772,21.17,2023,28.5,0.0,8.061,35.76,2.93,66.5,False,0.0,0
-7.7122,103.345,27.63,1999,30.01,2.83,7.991,36.71,8.14,71.97,True,60.48,0
-3.0653,44.5399,23.78,2011,29.34,0.0,8.145,35.74,13.9,38.58,False,0.0,1
2.2302,122.1022,7.37,1993,25.65,0.0,8.077,34.31,8.85,56.85,False,0.0,0
-17.7879,93.2985,24.95,1992,30.27,1.69,8.096,35.81,13.21,34.16,False,47.26,0
-20.6549,35.5585,4.54,2017,29.79,2.18,8.082,35.32,2.58,73.67,False,32.1,1
22.8253,166.0048,19.04,2011,27.32,0.0,8.113,36.22,10.96,47.22,False,0.0,0
-3.9766,-111.0258,26.6,2001,27.49,0.0,7.8,34.09,14.76,30.61,False,0.0,0
-5.2744,159.6167,3.93,2002,26.88,0.0,8.144,33.65,8.41,56.15,False,0.0,0
-27.8633,-35.4823,25.64,2022,30.42,5.56,7.87,34.73,12.04,52.6,True,97.28,1
-0.1214,10.2236,24.16,2008,25.78,0.0,8.102,35.51,8.13,74.33,False,0.0,0
3.2502,-135.8138,15.61,2006,27.67,0.0,8.109,33.39,13.07,76.03,False,0.0,0
3.5305,14.4387,9.96,2023,31.21,3.97,8.023,34.05,9.05,54.37,False,80.07,1
12.4219,40.0344,12.76,1993,29.73,1.46,8.096,33.67,3.36,61.93,False,17.02,0
-19.3511,179.1726,29.09,1997,28.2,0.0,8.146,36.08,3.87,48.1,False,0.0,0
-14.8666,171.0693,6.85,2022,29.64,2.95,7.877,35.82,5.67,28.38,False,43.58,1
18.6438,167.903,17.81,1990,27.85,0.0,8.066,35.5,14.55,58.76,False,0.0,0
26.8302,-54.5803,3.41,1994,29.53,0.68,8.003,34.85,9.58,48.34,False,30.93,1
-21.844,176.8559,7.32,2021,29.82,3.18,7.952,34.79,7.51,35.1,False,35.94,0
-0.141,-16.0279,23.14,1990,29.83,5.31,8.019,35.07,5.82,70.01,True,64.78,1
-17.1494,126.6611,9.78,2011,27.31,0.0,8.044,36.27,13.25,50.7,False,0.0,0
-26.3956,-102.1248,29.59,2018,28.06,0.0,8.095,35.38,4.89,46.45,False,0.0,0
-10.4698,2.0999,15.52,2006,29.32,0.0,8.017,35.99,7.34,28.65,False,0.0,0
-21.3787,167.7644,15.98,2019,30.03,3.11,7.972,34.04,2.48,54.0,True,48.53,0
12.596,160.9313,2.05,1990,28.94,2.26,7.973,34.91,6.01,29.97,True,73.1,1
2.0235,66.1446,28.74,1993,28.78,0.0,8.066,35.52,13.22,45.9,False,0.0,0
-21.3699,107.2132,6.05,1998,27.84,0.0,8.02,34.26,1.55,60.71,False,0.0,0
-29.4455,-116.4864,16.61,2021,28.03,0.0,7.957,35.08,1.09,26.88,False,0.0,0
18.4894,79.7971,12.47,1994,28.49,0.0,8.015,36.36,6.78,51.44,False,0.0,0
-19.4283,42.4983,13.05,2003,30.37,3.41,8.176,33.31,10.19,28.38,False,76.41,1
6.373,-147.0414,19.66,2015,28.52,0.0,7.938,36.24,1.03,40.15,False,0.0,1
-9.7847,-139.2628,20.2,2012,27.73,0.0,8.192,35.41,7.37,21.58,False,0.0,0
5.1292,-140.9603,5.47,2011,29.02,0.0,8.002,34.65,1.07,29.99,False,34.2,0
-11.0608,80.7685,15.49,2016,27.59,0.65,8.051,35.24,10.15,44.59,False,0.0,0
-24.7836,-128.9825,23.92,2014,27.28,0.0,7.869,35.42,10.75,53.81,False,0.0,0
-16.623,-11.6164,13.86,1993,26.67,0.0,8.213,36.12,13.55,72.7,False,0.0,0
-18.7165,-51.4865,5.81,2021,29.98,4.32,7.849,36.21,14.19,52.22,False,64.18,1
-4.3188,18.1815,10.08,1998,29.81,2.01,7.973,35.96,11.93,31.31,False,27.96,1
9.497,74.3315,7.16,1991,28.06,0.0,8.002,33.07,8.0,35.48,False,0.0,0
-14.1716,66.5001,4.65,2014,29.08,0.0,7.882,35.23,3.57,74.83,False,0.0,0
-29.2758,5.5872,11.95,1999,29.74,2.8,8.05,34.73,10.47,75.98,False,58.71,1
1.1362,-12.8394,16.69,2014,29.35,0.0,7.886,35.31,14.67,69.35,False,19.06,1
6.3456,-36.7864,3.11,2018,29.29,1.81,8.077,35.42,13.1,55.83,False,52.32,1
27.7722,130.2876,18.51,1994,29.82,3.24,7.971,35.46,9.05,40.19,False,57.16,1
5.3682,-60.8934,29.8,2003,28.92,0.72,8.08,34.4,13.76,70.67,False,0.0,0
-1.7296,-86.6283,28.96,2022,30.69,5.37,8.132,34.79,5.9,67.16,True,95.05,1
4.4041,87.5936,25.05,2016,29.21,0.0,7.994,33.06,8.81,49.83,False,12.41,0
25.674,-50.4852,8.72,1994,28.29,0.0,8.148,36.74,7.68,46.77,False,8.55,0
19.7027,124.9195,1.65,2004,27.15,0.0,8.027,36.95,8.0,50.36,False,0.0,0
-10.6213,-61.9601,25.17,1992,29.99,2.43,7.932,34.6,14.63,26.71,True,42.86,1
-15.7647,72.7001,2.62,1990,26.05,0.0,8.277,34.68,3.99,60.23,False,0.0,1
-14.242,-163.7608,6.96,2013,30.24,5.44,7.889,34.84,1.14,33.03,True,100.0,1
0.2653,-41.1974,16.79,2001,29.93,2.01,8.184,34.17,0.62,83.13,False,15.87,0
14.643,-56.4371,6.17,2003,29.74,1.53,8.039,34.74,3.49,40.94,False,16.97,0
0.1932,114.0043,25.18,2009,29.78,2.09,8.162,34.43,8.73,40.29,True,57.53,1
-25.9322,168.1399,23.54,2003,28.41,0.0,7.981,33.08,11.83,65.73,False,0.0,0
13.4148,-14.0827,22.92,2003,30.49,4.65,8.117,33.51,4.07,66.07,False,72.73,1
18.3582,116.9411,24.67,2008,29.75,4.17,7.925,33.31,3.14,55.34,True,62.95,1
-12.6301,71.8901,7.37,2009,29.1,0.8,8.088,33.96,6.23,48.13,False,16.95,0
9.8475,168.259,22.14,2012,25.85,0.0,7.943,33.4,10.73,44.69,False,0.0,0
-4.4045,111.9991,11.3,2023,28.69,0.0,7.987,33.92,3.66,42.73,False,0.0,0
23.3472,-152.1079,20.34,1990,29.94,0.66,8.058,33.02,9.74,59.52,False,34.11,1
20.7135,76.7814,4.54,1993,27.52,0.0,8.1,36.96,7.45,39.05,False,0.0,0
1.5259,12.7799,21.46,2006,26.89,0.0,8.027,33.44,2.22,48.79,False,0.0,0
11.4903,-174.083,29.19,2015,27.67,0.0,7.9,36.36,6.72,58.83,False,0.0,0
23.001,-89.5273,2.26,2003,26.48,0.0,8.022,33.41,4.63,62.69,False,0.0,0
-0.257,151.8319,3.72,2021,30.24,3.92,8.184,34.25,8.61,72.62,False,33.23,1
-11.205,153.3821,4.59,2009,29.26,2.21,8.05,36.77,10.46,29.31,True,48.61,1
15.22,107.5862,13.49,2005,27.52,0.0,7.993,34.24,14.27,45.72,False,0.0,0
-16.796,173.4407,9.43,2008,29.07,0.0,7.993,35.62,10.07,64.97,False,0.8,0
-6.6881,110.3563,24.4,2013,29.86,2.05,8.02,34.27,1.96,34.7,False,32.91,1
21.9436,-176.3265,14.74,2003,27.19,0.0,8.037,36.77,9.15,56.79,False,0.0,0
13.4653,-76.3796,15.05,2018,28.11,0.0,8.057,33.04,11.45,54.9,False,0.0,0
-5.7713,-168.9753,21.79,2003,29.06,0.0,8.183,34.0,7.11,54.83,False,24.92,0
-17.1153,-146.1211,11.5,2000,28.64,0.0,7.956,34.65,9.19,57.19,False,9.02,0
-8.6419,-101.2173,11.24,2000,30.51,3.41,8.205,36.3,6.45,53.62,False,52.08,1
-12.9538,1.2811,22.95,2013,26.13,0.0,7.966,35.29,2.6,40.28,False,0.0,0
-19.4346,125.1115,23.62,2011,26.93,0.0,8.015,36.58,3.95,63.41,False,0.0,1
14.6,130.308,1.42,2010,27.94,0.0,7.988,36.53,7.95,71.3,False,0.0,0
-14.8758,41.8327,5.17,1995,29.4,2.88,7.923,36.82,10.98,63.23,False,24.94,0
-2.75,154.1433,7.18,2003,30.07,0.33,7.988,33.73,8.34,37.66,False,61.71,0
-6.8484,0.0224,11.2,1998,26.65,0.0,7.979,34.69,8.57,76.28,False,0.0,0
28.9246,140.053,9.45,2014,30.0,3.94,8.071,34.71,6.56,32.57,False,64.48,1
-6.5345,-16.5365,20.39,2004,29.62,2.93,8.025,33.49,3.61,71.28,False,46.15,0
-25.2011,-80.199,25.02,2017,26.84,0.0,8.04,36.78,5.62,60.28,False,0.0,0
-24.6105,149.9087,6.57,2003,28.95,3.01,8.211,34.45,3.07,36.46,False,9.28,0
5.4452,-40.3434,17.33,2002,27.28,0.0,8.08,35.56,10.28,62.05,False,0.0,0
5.9618,1.2255,11.67,2020,27.8,0.0,7.988,35.42,10.03,34.27,False,0.0,0
-4.8745,-61.6102,15.67,1994,26.04,0.0,8.057,33.95,10.82,56.13,False,0.0,0
-4.0894,58.6215,19.0,2008,29.51,3.04,8.145,35.29,2.09,48.77,True,50.49,0
-26.764,178.2112,26.91,1997,27.54,0.0,8.001,34.03,5.82,33.65,False,0.0,0
0.9928,-170.8151,6.58,2002,28.87,0.0,8.248,34.14,10.95,68.78,False,0.0,0
0.2844,143.9453,3.52,2006,27.8,0.0,7.985,35.2,12.38,59.01,False,0.0,0
-21.027,-178.5866,19.19,2021,29.21,0.9,7.97,34.83,14.85,31.18,False,23.85,0
-23.7696,-48.878,12.43,1994,30.22,5.97,8.111,34.69,14.2,36.09,True,84.38,1
-22.5857,-119.3015,5.72,1998,27.86,0.0,7.863,34.57,2.33,42.43,False,0.0,0
-23.9383,92.643,4.4,2023,28.77,0.0,7.999,36.02,11.89,47.64,False,0.0,0
6.5825,-161.7801,17.21,1990,27.24,0.0,8.088,34.12,10.1,51.9,False,0.0,1
-18.211,19.2546,9.71,2004,27.88,0.0,7.976,34.25,0.84,66.86,False,0.0,0
-14.9142,-73.8266,29.93,2021,28.73,0.0,8.09,35.32,13.62,63.97,False,0.0,0
-19.5857,-131.8787,12.77,2023,26.99,0.0,7.937,36.86,7.68,68.0,False,0.0,0
27.4701,97.8546,7.16,2017,27.66,0.0,7.907,34.16,11.7,61.85,False,0.0,0
21.277,-101.7299,19.24,2006,27.35,0.0,7.948,34.66,8.49,38.72,False,6.83,0
-16.1703,-99.4769,8.08,2000,29.71,2.08,8.097,33.51,5.26,40.68,False,38.47,1
-10.346,-80.9724,15.33,2012,28.65,0.74,7.987,35.56,7.57,61.21,False,2.74,0
-17.4064,31.236,14.99,2015,27.87,0.0,8.109,34.0,12.55,57.14,False,10.3,0
-0.4874,57.4797,14.15,1994,28.74,1.02,8.193,35.1,3.52,34.25,False,12.73,0
-28.8234,-173.6631,24.09,2015,29.86,4.77,8.062,34.68,8.5,20.41,True,85.63,1
10.2821,-92.9269,7.28,1995,27.08,0.0,7.988,36.1,9.57,42.77,False,0.0,0
1.3895,-24.8505,27.22,2023,29.93,0.38,7.975,36.33,9.0,64.37,False,0.0,0
23.9183,-60.4883,23.95,2002,26.91,0.0,7.93,35.95,6.22,59.68,False,0.0,0
-20.1364,138.3014,10.66,2014,29.37,0.0,7.812,34.8,2.89,74.77,False,24.96,1
18.2466,103.5751,6.24,1991,26.06,0.0,8.079,34.66,4.29,59.03,False,0.0,0
17.5177,45.3205,9.11,2003,26.5,0.0,8.013,34.65,7.13,48.57,False,12.03,1
-22.3691,-58.3047,10.65,2006,29.23,1.35,8.087,35.01,3.49,66.7,False,20.83,1
-6.0864,72.242,17.15,2014,27.48,0.0,7.971,35.48,11.07,55.49,False,0.0,0
-19.7908,123.7097,2.34,2016,28.37,0.0,8.133,34.3,4.53,41.35,False,4.44,0
-14.7168,34.1389,27.52,2013,28.12,0.0,8.119,35.93,3.37,80.23,False,0.0,0
-14.2052,102.4061,3.86,2022,31.9,9.66,7.843,36.63,5.66,12.41,True,100.0,1
3.3742,89.6778,9.1,2016,27.83,0.0,8.155,33.27,3.77,71.43,False,0.0,0
-5.3153,25.8254,4.17,2020,27.2,0.0,7.864,33.09,10.73,31.5,False,0.0,0
26.864,-67.614,8.44,2004,29.01,2.37,8.147,35.7,12.08,72.95,False,33.61,0
-22.4178,88.4816,25.29,1990,28.73,0.51,8.038,35.58,6.58,75.46,False,0.0,0
28.4215,-105.5533,18.84,2000,28.96,0.0,8.144,34.83,10.11,64.03,False,0.0,0
-16.1617,100.6158,7.59,2004,28.43,0.0,8.055,36.31,3.36,78.52,False,0.0,0
16.3724,109.6368,26.28,2022,29.45,0.58,7.833,36.0,5.37,55.49,False,15.72,0
-9.6618,115.9722,24.22,2021,26.82,0.0,7.891,36.87,2.73,44.09,False,0.0,0
-21.4151,-9.7503,22.86,2014,30.38,4.33,8.097,36.34,3.56,66.97,True,87.81,1
21.4734,-110.7069,25.58,2022,27.46,0.0,7.917,33.33,7.36,23.16,False,0.0,0
-11.4683,-144.0995,18.97,2018,27.8,0.64,7.88,34.66,9.88,32.16,False,0.0,0
9.5313,87.6101,15.54,2023,27.95,0.0,7.881,34.43,2.58,71.11,False,0.0,0
3.9866,139.0541,11.84,1997,26.92,0.0,8.113,36.34,8.17,63.62,False,0.0,0
-1.6946,54.3018,7.49,2000,26.51,0.0,7.848,33.94,7.19,60.56,False,0.0,0
-0.2508,-128.1024,17.16,2002,29.72,4.06,7.963,33.44,0.67,47.89,True,72.18,1
13.9343,156.5627,26.8,1994,27.83,0.0,7.873,33.31,13.18,69.0,False,9.58,0
-24.7336,176.0767,18.23,2008,29.92,5.84,8.11,35.25,8.89,37.23,True,99.84,1
10.0908,-23.9837,27.67,2010,29.51,0.0,7.991,34.22,4.27,39.9,False,7.16,0
23.7487,34.1371,11.35,1992,27.44,0.0,8.088,33.76,9.16,66.34,False,0.26,0
-26.5327,99.8023,21.16,2015,28.46,0.0,7.976,36.64,13.97,45.88,False,5.54,1
-21.5608,85.1003,19.81,2022,27.95,0.0,7.985,33.06,0.79,42.06,False,0.0,0
12.9979,168.4034,20.44,2019,27.87,0.0,8.113,34.76,14.31,25.13,False,0.0,0
-3.7631,-138.6421,19.71,2011,30.26,5.89,7.996,34.94,10.01,41.88,True,100.0,1
-5.7871,29.061,7.43,1994,27.61,0.0,7.98,35.16,8.31,53.44,False,8.43,0
-21.782,69.0953,5.16,2008,29.14,0.59,8.019,36.04,6.26,69.09,False,16.5,0
0.4062,140.4354,29.38,1998,29.25,0.93,7.988,33.03,2.42,26.47,False,0.0,0
-22.4073,134.6795,2.31,2013,28.28,0.0,7.997,33.95,0.76,39.83,False,0.0,0
-1.4028,172.0799,14.56,2001,28.93,0.0,8.078,36.13,6.8,65.26,False,0.0,0
15.8169,4.3482,13.33,2016,29.32,0.0,7.818,34.36,8.49,38.63,False,17.69,0
-14.5041,119.0739,11.44,2010,30.2,3.54,7.957,35.3,14.85,36.9,False,70.34,1
-1.1528,-26.1786,23.68,2021,27.39,0.0,7.967,34.13,8.12,45.57,False,0.0,0
29.521,-27.967,22.62,2022,30.71,4.83,7.988,33.34,10.72,27.7,False,66.86,1
11.199,-88.7946,27.25,2006,27.76,0.0,7.92,34.01,9.66,75.36,False,11.8,0
20.4814,114.5654,12.47,1994,28.84,0.0,7.976,36.3,13.25,63.3,False,16.45,0
-5.1091,174.8934,17.36,2009,26.79,0.0,8.047,34.36,7.56,37.22,False,0.0,0
16.0717,-87.717,26.88,2012,30.87,4.91,7.989,35.2,3.06,17.55,False,71.22,1
-27.5694,-159.7926,29.82,1993,28.1,0.0,7.99,33.05,3.93,32.96,False,0.0,1
-22.6253,113.5953,29.11,2015,29.0,1.54,8.02,35.09,5.7,67.62,False,5.94,0
-17.8158,43.2828,21.82,2019,30.12,1.78,8.127,35.9,3.25,61.91,False,14.64,0
-5.8829,165.4916,5.15,2018,27.6,0.0,8.076,35.33,11.98,68.99,False,0.0,0
20.7447,-89.1939,1.67,2023,28.65,0.0,8.028,33.09,5.86,48.2,False,0.0,1
-9.224,-154.43,24.93,1999,27.52,0.0,7.926,33.08,6.02,66.07,False,1.86,0
9.2773,-2.7208,25.39,2009,27.46,0.0,8.049,36.55,7.76,28.32,False,0.0,0
12.5589,-149.2322,22.64,2013,27.96,0.0,8.149,33.86,4.67,37.69,False,0.0,0
5.1709,-85.7556,9.12,2023,29.17,3.13,8.035,35.73,2.32,68.03,True,50.45,1
-8.5655,-134.648,19.55,2002,26.38,0.0,7.956,33.13,11.15,35.78,False,0.0,0
4.6232,-99.3124,10.17,2012,29.62,1.74,7.981,34.22,9.07,26.05,False,16.99,0
-9.4641,-141.7879,14.07,1999,26.98,0.0,8.07,34.3,3.27,51.01,False,0.0,0
-24.9676,163.4062,12.09,2011,29.72,0.0,8.044,36.41,1.4,71.93,False,31.91,0
29.5682,-79.7174,27.5,2003,30.11,3.02,8.117,36.22,8.3,44.15,False,28.65,1
-22.3691,-20.1969,7.79,2014,29.36,0.51,7.923,36.33,10.16,53.7,False,27.17,1
-25.6591,143.5003,17.75,2007,29.45,3.17,7.921,36.77,3.89,66.49,False,26.46,1
22.7118,63.8358,11.47,2009,30.64,5.07,7.981,34.49,6.18,31.63,True,100.0,1
-11.8899,42.4935,20.23,2017,29.33,0.0,8.132,33.87,13.26,51.1,False,25.5,0
9.0178,74.0027,17.37,1997,29.64,2.03,7.963,35.95,7.83,45.42,False,19.93,0
-10.2597,118.376,27.8,1994,29.83,2.44,7.92,33.33,12.95,45.47,False,0.0,0
-6.5127,135.9609,3.95,2010,26.36,0.0,8.017,36.91,8.42,43.87,False,0.0,0
-14.2732,51.3503,7.4,2009,28.35,0.0,7.885,35.98,9.35,40.31,False,2.83,0
-9.4174,140.4026,23.22,2005,26.66,0.0,7.934,34.14,8.94,70.7,False,0.0,0
-5.358,12.7431,11.69,2009,28.89,0.52,7.92,36.16,2.48,43.69,False,2.17,0
13.225,-80.1753,5.81,2014,29.9,4.83,8.039,36.65,1.22,62.27,True,92.01,1
0.6922,136.8276,15.6,1996,30.02,3.71,7.998,33.61,10.91,34.52,False,47.31,0
26.6139,14.9302,19.91,2014,29.66,2.42,8.087,35.64,9.29,46.81,True,73.72,1
-27.4872,146.2095,2.3,1999,28.19,0.0,8.065,33.57,5.55,47.58,False,30.77,0
0.1841,-165.5396,9.46,2005,26.11,0.0,7.978,35.27,9.02,41.99,False,0.0,0
5.0535,-36.8943,24.47,1993,26.56,0.0,7.947,33.73,8.41,49.28,False,0.0,0
25.2118,161.2098,16.09,1999,28.51,0.88,7.956,35.04,11.17,45.75,False,22.13,1
-27.0505,-90.126,2.03,2020,29.99,3.03,8.055,34.99,8.9,45.82,False,21.68,0
4.41,158.953,9.18,2001,29.65,2.45,7.992,34.19,10.06,55.76,False,52.48,1
21.2178,163.4049,19.54,2009,30.46,3.9,8.142,33.22,8.43,15.03,False,28.19,1
-15.4843,137.5712,6.78,2021,29.15,0.0,7.956,36.15,2.8,70.27,False,25.36,0
22.5775,22.9205,24.99,1991,27.18,0.0,8.029,34.9,12.92,67.57,False,0.0,0
-28.8574,52.8982,20.62,2000,27.2,0.0,7.972,35.72,6.32,48.93,False,0.0,0
13.9473,133.0621,14.67,2009,29.04,0.0,7.94,36.49,3.5,50.09,False,20.01,0
25.9868,99.3229,27.55,2012,26.9,0.0,8.125,34.02,14.52,71.42,False,0.0,0
9.4319,46.8338,12.36,2002,27.58,0.0,8.149,35.31,9.97,65.81,False,0.0,0
-3.6582,173.6134,7.82,2006,27.35,0.0,8.103,36.28,13.85,33.54,False,0.0,0
-27.3071,66.8436,20.18,1999,26.37,0.0,8.031,36.73,4.06,40.34,False,0.0,0
25.2068,171.1735,17.63,2003,28.56,0.0,8.114,33.27,9.91,72.29,False,0.0,0
-1.7822,-159.3401,10.72,2008,28.81,0.0,7.947,33.6,6.77,61.15,False,0.0,0
-28.2602,-129.9743,10.97,2021,27.12,0.0,7.983,33.49,1.12,79.72,False,0.0,0
11.3893,-17.4748,12.55,2022,27.31,0.0,7.822,33.43,7.38,50.92,False,0.0,0
-1.0898,-41.4434,9.44,2014,28.88,0.0,8.096,36.69,5.5,48.99,False,22.52,0
-22.5393,101.7845,21.6,2014,29.9,3.5,8.049,35.56,1.77,19.26,False,52.1,1
-17.1437,-122.179,19.89,2003,29.66,3.68,8.024,36.5,11.37,80.58,False,70.73,1
-26.1306,171.3943,13.78,2013,27.98,0.0,8.025,34.72,8.46,63.25,False,0.0,0
4.4576,-66.5763,12.54,2002,26.21,0.0,8.038,36.57,0.98,46.44,False,0.0,0
7.3218,-25.5875,11.59,1991,29.43,4.01,8.082,35.55,4.03,54.88,True,71.58,1
0.3445,-81.0918,9.22,2023,27.27,0.0,8.019,36.19,14.53,47.79,False,0.0,0
19.0261,28.5709,3.49,2004,28.86,0.0,8.126,35.31,10.94,28.25,False,6.83,0
21.6605,-158.8937,8.78,1991,29.09,1.43,8.148,34.19,13.9,58.95,False,50.97,1
6.9375,-126.1161,10.31,2014,27.11,0.0,7.945,35.26,8.59,56.27,False,0.0,0
-29.2346,88.4872,16.88,1994,26.62,0.0,7.961,35.91,12.52,51.79,False,0.0,0
11.7138,-112.8598,23.44,2023,26.37,0.0,8.067,35.67,7.88,81.83,False,0.0,0
-4.92,-95.2148,12.48,1994,27.14,0.0,7.849,34.86,7.55,77.91,False,0.0,0
3.9334,105.4736,28.4,1997,26.31,0.0,8.159,33.09,3.38,63.89,False,0.0,0
8.9448,-146.4116,24.99,2003,27.36,0.0,8.182,35.32,11.93,45.96,False,0.0,0
-8.9858,-22.5094,29.56,2018,30.9,4.68,8.074,36.7,7.91,26.7,True,89.38,1
25.0259,-171.6972,26.41,2019,26.91,0.0,8.049,36.7,3.17,68.69,False,0.0,0
-21.9615,-55.1493,18.89,1993,26.39,0.0,7.983,36.44,6.9,34.01,False,0.0,0
10.2907,71.6333,18.36,1996,27.75,0.0,7.978,35.48,7.34,25.28,False,0.0,0
-29.7384,-147.5628,4.76,2015,27.64,0.0,7.928,35.04,1.02,55.05,False,16.44,0
25.4791,139.8005,21.95,2021,28.11,0.0,7.934,33.09,11.18,42.46,False,0.6,0
-23.2498,147.4197,18.41,2022,28.41,0.0,8.018,34.4,0.79,77.96,False,0.0,0
-24.3069,-142.2035,15.7,2013,28.96,0.0,8.015,36.41,8.58,76.97,False,0.0,0
-10.0195,176.6637,21.11,1990,27.96,0.0,8.042,33.63,9.86,64.11,False,0.0,0
-7.586,-72.8894,13.88,2018,27.64,0.0,8.101,36.23,1.14,61.38,False,0.0,0
-17.142,-149.7234,16.19,2010,26.54,0.0,7.962,34.09,5.21,37.74,False,0.0,1
5.1073,-178.1758,12.55,2012,29.42,4.05,8.09,35.19,11.67,57.23,True,88.67,1
-3.4252,-32.9318,21.8,1994,27.11,0.0,8.072,34.17,2.58,62.48,False,0.0,0
-27.9495,46.7316,26.42,2019,29.54,0.71,8.051,34.09,7.66,37.83,False,13.49,0
-10.8209,-60.4155,25.38,2007,27.75,0.0,8.032,36.49,2.15,80.29,False,0.87,0
18.626,121.2183,23.79,1995,29.02,0.0,7.926,35.76,14.42,66.53,False,14.2,0
11.3821,77.9783,1.4,1994,27.34,0.0,8.196,33.86,3.86,70.1,False,16.56,1
13.4923,-53.9418,27.44,2007,27.14,0.0,8.171,34.91,6.88,65.44,False,0.0,0
11.887,84.3515,8.97,2002,28.82,0.0,8.114,35.05,6.62,80.33,False,0.0,0
-11.3416,158.5756,26.75,2009,28.04,0.0,8.017,35.92,9.19,60.87,False,0.0,0
-24.0202,-146.4854,6.71,2010,26.97,0.0,8.109,35.72,5.26,58.86,False,0.0,1
-13.652,-69.8026,13.75,1993,27.14,0.0,8.139,35.7,7.46,80.39,False,0.0,0
19.9071,-13.2027,22.73,2002,26.97,0.0,7.845,34.52,13.87,77.25,False,0.0,0
28.8282,-0.7236,19.57,2007,27.97,0.0,8.022,33.93,1.34,57.4,False,0.0,0
-0.3692,15.1904,13.06,2002,27.1,0.0,7.987,35.01,0.71,29.1,False,0.0,1
-29.418,-71.7743,20.68,2002,29.6,1.49,8.103,36.02,14.96,68.04,False,19.36,1
-21.5973,60.2135,16.92,2016,27.87,0.0,7.951,36.59,7.28,41.76,False,0.0,0
-10.6752,52.2304,9.0,2015,29.6,3.04,8.141,35.93,5.32,75.58,False,57.59,1
4.7151,28.0157,19.74,2001,29.21,0.0,7.902,34.58,3.63,65.68,False,0.0,0
-25.4944,-139.0458,6.92,1991,30.53,4.79,8.063,36.83,10.36,51.13,True,100.0,1
26.6014,-8.2916,21.13,2009,29.64,5.44,7.841,36.47,9.58,61.48,True,71.24,1
-8.095,-51.7583,1.09,1999,28.47,0.0,7.988,36.62,4.3,64.74,False,0.0,0
24.7551,-3.2262,16.91,1997,26.67,0.0,8.016,34.13,4.03,32.44,False,0.0,0
16.8313,151.8719,12.63,2020,29.58,1.15,8.136,36.93,12.58,36.1,False,39.36,0
15.3262,-7.0087,9.79,2004,28.85,0.0,7.859,34.08,11.22,36.98,False,17.49,0
6.4032,-174.9669,15.96,2007,26.05,0.0,7.908,33.65,11.58,77.47,False,0.0,1
7.607,-22.0188,19.71,2004,28.94,0.0,7.97,33.85,7.11,47.22,False,1.8,0
8.2802,115.4333,28.99,2008,26.84,0.0,8.003,35.6,5.0,84.48,False,0.0,0
7.7233,100.8219,25.16,2013,27.45,0.0,8.021,34.6,7.72,42.69,False,0.0,0
3.2237,4.8204,21.8,1991,27.58,0.0,8.021,33.64,9.11,76.95,False,0.0,0
29.1848,-90.0832,14.89,2002,28.13,0.0,8.029,35.99,10.98,49.15,False,0.0,0
13.9374,-12.5681,12.37,1998,29.04,0.0,8.146,33.56,7.16,81.66,False,0.82,0
16.6168,22.9328,1.94,1991,27.43,0.0,8.167,33.29,10.58,80.79,False,4.8,0
22.3478,179.9537,11.41,2005,27.82,0.0,8.148,36.43,8.05,73.5,False,0.0,0
-17.0616,51.9041,25.6,1991,28.75,0.0,8.082,35.17,2.84,68.75,False,0.0,0
-24.9718,69.9354,12.14,2005,29.31,0.48,8.161,35.55,1.6,64.02,False,11.47,0
-1.0263,-3.0765,14.39,1997,30.31,6.12,8.173,37.0,8.63,64.25,True,99.9,1
0.8448,-52.3838,8.88,1990,27.2,0.0,8.143,36.82,7.22,38.42,False,0.0,1
19.7509,112.6631,8.95,2007,27.27,0.0,7.939,34.66,6.02,46.64,False,0.0,0
-3.373,-1.8244,2.79,2015,26.68,0.0,8.154,34.97,8.77,60.63,False,0.0,0
4.2512,178.0884,18.8,1994,28.46,0.0,7.955,33.24,10.66,65.51,False,0.0,0
1.6243,-15.4366,13.99,2010,26.83,0.0,7.995,34.95,3.86,45.84,False,0.0,0
-27.7078,-155.5199,18.57,2017,29.58,0.89,7.947,34.12,8.41,55.57,False,0.0,0
6.9129,65.7281,16.86,2015,29.71,0.0,7.905,36.03,3.68,37.28,False,31.44,1
19.6826,-163.2091,24.17,2021,27.39,0.0,7.897,34.45,9.78,50.54,False,0.0,0
-20.55,-89.8194,22.78,2010,29.39,1.67,8.119,33.05,8.56,70.72,False,8.21,0
5.6599,-52.6542,23.37,1993,28.49,0.0,7.902,35.85,10.65,71.17,False,0.0,0
5.6166,86.2141,15.48,2013,27.48,0.0,8.012,33.82,12.62,68.08,False,0.0,0
-20.1489,-2.0751,11.26,2022,29.73,2.84,8.247,34.1,5.23,63.14,True,75.29,1
-22.5922,-169.6875,28.07,1994,26.71,0.0,8.048,33.31,13.45,50.34,False,0.0,0
28.8031,42.0659,2.57,1992,28.44,0.0,8.17,36.12,1.61,70.24,False,0.0,0
-6.3768,-31.883,5.43,2000,29.54,4.42,8.15,33.98,9.72,34.62,False,50.05,1
-16.3547,151.8604,13.17,2021,29.86,3.21,8.094,36.05,4.94,70.25,True,72.62,1
-19.7205,-0.1576,18.8,2011,26.97,0.0,7.935,33.1,11.34,73.13,False,0.0,1
10.0561,75.2311,1.24,2000,27.56,0.0,7.962,35.58,0.61,51.0,False,0.0,1
6.5667,-101.2073,21.86,2011,30.06,1.32,8.099,33.48,12.54,68.85,False,36.15,1
8.6131,93.9505,17.2,1993,28.96,0.0,8.133,34.69,12.58,75.05,False,1.77,0
-24.7196,79.5439,15.06,1992,27.96,0.0,8.098,34.24,7.51,59.51,False,0.0,0
23.6121,145.4694,13.28,1999,28.83,0.65,8.061,36.12,13.98,56.84,False,0.0,0
-6.644,-167.8242,16.07,2008,29.61,3.21,7.856,36.17,6.54,50.07,False,55.56,1
-11.1978,-18.8997,5.69,2007,28.95,0.73,7.956,36.41,13.62,60.99,False,34.77,0
-2.2583,64.4959,4.15,2017,30.26,4.12,8.074,33.06,0.51,70.99,True,92.73,1
-6.596,-145.741,9.4,2020,27.6,0.0,7.821,36.4,6.4,52.28,False,0.0,0
21.8146,-32.1825,21.58,2006,29.08,2.5,8.066,33.97,1.35,46.77,False,16.77,0
25.7557,159.1728,18.06,2013,28.32,0.0,7.941,36.34,3.27,57.19,False,0.0,0
-11.7928,-23.0636,14.92,1990,30.0,3.1,7.889,36.35,6.86,38.42,False,38.43,0
21.8361,174.7457,17.57,1994,29.87,1.69,8.15,33.89,10.39,34.13,False,29.19,1
16.8914,-159.5379,17.22,2021,27.06,0.0,8.088,33.98,5.0,78.0,False,0.0,0
25.8485,78.4187,9.9,2006,28.84,0.0,7.998,33.65,3.86,45.31,False,0.0,0
-15.255,29.1658,3.83,2010,30.66,5.02,8.085,33.71,12.83,46.49,True,100.0,1
4.6175,0.1943,27.01,2011,27.58,0.0,7.795,36.82,1.29,51.97,False,0.0,0
-13.5273,169.5051,18.4,2023,29.42,1.3,7.956,34.54,12.76,52.78,False,11.55,0
19.4457,-133.3259,21.23,2003,28.69,0.0,7.996,33.16,0.88,64.53,False,0.0,0
-29.6805,142.5596,14.46,2005,27.32,0.0,8.044,34.32,0.64,56.36,False,0.0,0
3.8891,68.8465,22.94,1994,29.71,1.04,8.034,33.19,14.07,73.32,False,10.68,0
-9.6478,-86.7614,17.95,2007,30.3,4.77,8.031,36.93,5.44,29.8,True,55.12,1
-10.639,144.6009,2.56,1993,27.68,0.0,8.048,35.66,2.89,64.66,False,0.0,0
8.6944,-25.4538,26.81,2017,29.89,3.6,8.081,35.05,3.18,25.13,False,64.21,1
21.0891,113.1218,9.86,2016,26.84,0.0,7.898,33.45,9.88,65.91,False,0.0,0
6.5517,-40.0189,5.0,1995,27.7,0.0,8.142,34.07,12.48,29.0,False,11.89,0
21.1904,126.3351,3.55,2000,26.05,0.0,8.163,36.08,7.02,80.4,False,0.0,0
-14.1242,49.1865,21.89,2010,28.17,0.0,7.977,36.61,3.77,63.39,False,17.63,0
1.1701,-129.2232,21.42,2006,30.45,4.29,7.922,36.28,5.03,64.23,True,85.13,1
-2.9678,53.8787,21.3,2020,29.13,1.01,7.897,35.67,3.39,54.58,False,0.9,0
-29.3013,-111.1159,27.56,2023,28.89,0.52,8.08,35.17,3.26,74.15,False,0.0,1
3.4087,-31.7079,11.12,2002,26.51,0.0,8.012,34.86,8.6,53.84,False,0.0,0
9.6915,-118.6936,17.27,2012,29.42,3.8,8.004,33.63,8.13,36.73,True,60.98,1
5.5149,-172.0742,18.97,1990,27.8,0.0,7.959,33.47,10.28,63.76,False,0.0,0
14.1768,-103.7208,29.4,1993,29.11,0.0,8.083,36.23,3.04,43.5,False,0.0,0
4.2804,13.0939,10.06,2019,27.87,0.0,8.074,36.16,1.09,44.94,False,0.0,1
-25.995,-6.6381,28.73,2020,26.7,0.0,8.03,33.07,8.72,57.08,False,0.0,1
-23.0133,0.539,5.31,2005,29.85,0.57,8.014,35.08,13.25,50.34,False,43.19,0
5.7885,-90.8327,23.16,1992,27.33,0.0,7.968,33.61,10.82,46.81,False,0.0,0
-13.5012,66.658,19.35,2001,28.25,0.0,7.932,36.07,3.7,72.42,False,0.0,0
-25.2213,73.5348,24.69,2001,27.04,0.0,7.839,33.73,6.64,33.99,False,0.0,1
-4.2238,-51.1316,1.83,2000,26.42,0.0,8.08,35.05,3.63,40.23,False,0.0,0
3.2594,137.2212,3.27,2005,26.93,0.0,8.098,35.69,2.95,56.83,False,0.0,0
-10.2752,51.8484,3.02,2018,29.85,1.81,8.232,34.56,13.22,35.96,False,57.71,1
13.226,76.6941,18.2,2010,30.12,5.06,7.968,35.68,2.71,25.98,False,62.08,1
8.6262,-80.1576,18.49,1994,27.48,0.0,8.033,36.66,10.6,63.04,False,0.0,0
-10.0309,-179.7798,27.28,2002,28.56,0.0,8.001,35.88,5.6,58.71,False,0.0,0
15.2924,131.5352,14.56,2006,27.99,0.0,7.981,34.29,4.25,56.17,False,0.0,0
8.9217,116.0728,2.97,2001,27.24,0.0,7.873,34.41,14.03,30.46,False,0.0,0
8.2467,-135.6509,7.08,2006,27.8,0.0,8.082,34.34,13.31,47.6,False,0.0,0
3.2057,-45.3222,1.23,1990,28.16,0.0,7.966,34.92,3.78,69.78,False,0.0,0
-29.3166,58.0822,23.52,1997,28.62,1.5,8.066,33.36,6.47,66.96,False,0.0,0
11.7904,54.7599,24.65,2005,27.32,0.0,7.967,33.08,10.73,64.1,False,0.0,0
-7.4375,129.7261,29.94,2004,28.88,0.0,8.093,34.24,12.28,32.18,False,0.0,0
26.5566,-129.5035,12.95,2008,30.0,3.27,8.104,36.27,6.86,67.99,False,42.79,1
19.0791,-25.2217,1.56,2014,26.02,0.0,7.886,36.47,13.75,61.77,False,0.0,0
5.2617,-144.9992,7.81,2020,26.77,0.0,7.856,35.99,6.55,28.85,False,0.0,0
-14.8691,-39.7457,18.05,1991,29.94,1.77,7.911,33.74,2.05,41.9,False,18.04,0
-17.777,-174.5613,28.9,2014,25.59,0.0,8.052,34.97,14.75,57.62,False,0.0,0
-9.5769,143.3783,4.0,2020,29.95,1.4,8.016,35.03,13.99,47.03,False,61.54,1
-1.4059,9.7358,4.53,1993,28.73,0.0,7.876,33.77,11.71,64.22,False,2.52,0
-12.2361,125.9288,21.35,1993,26.69,0.0,8.144,34.47,13.44,57.26,False,0.0,0
0.8958,-158.4343,20.35,2001,26.18,0.0,7.887,34.18,9.88,48.32,False,0.0,0
-20.0778,-98.1151,8.26,2006,28.91,0.0,8.159,34.01,6.33,34.26,False,0.0,0
28.6628,-86.6232,24.58,2010,27.32,0.0,7.937,34.62,5.93,60.96,False,0.0,0
-23.5245,-40.7911,4.73,2018,31.25,5.06,8.152,34.27,4.94,31.46,True,100.0,1
25.9166,109.0319,27.85,2011,29.49,1.88,8.069,36.71,10.43,50.08,False,11.91,0
24.8147,-40.8392,6.83,2005,26.84,0.0,8.03,35.52,4.81,30.8,False,0.0,0
1.5216,-106.3247,3.36,2004,28.55,0.0,8.09,35.32,5.46,63.03,False,10.89,0
13.4946,-156.6035,10.85,2019,30.68,3.34,7.898,34.67,7.74,61.62,False,39.74,1
-3.8371,-151.383,6.45,2000,28.96,0.0,8.016,34.82,6.97,67.46,False,0.0,0
7.8021,93.617,16.28,2002,28.47,0.0,7.966,34.8,1.21,56.78,False,0.0,0
-9.5654,-19.8709,20.92,2012,26.54,0.0,8.205,33.07,6.74,54.23,False,0.0,0
-11.9305,81.4252,15.24,2023,28.96,0.37,8.069,36.83,7.59,65.47,False,0.0,0
4.6938,65.6234,20.16,2009,30.14,4.61,8.025,35.86,8.58,56.53,True,100.0,1
-0.1122,-131.2695,11.58,1991,28.63,0.0,7.99,35.19,13.11,49.54,False,0.0,0
4.7722,-128.5603,1.81,1997,26.59,0.0,7.986,33.95,5.55,27.89,False,0.0,0
-12.8004,91.9231,29.25,2007,30.48,3.65,8.067,33.02,10.66,60.17,False,43.43,1
-7.9825,79.6566,24.76,1996,25.91,0.0,7.986,34.11,13.8,64.84,False,0.0,0
-24.9661,-43.9089,3.13,2020,28.76,0.04,8.086,36.13,14.0,61.55,False,4.59,0
-26.8634,-152.128,14.03,2011,29.8,1.67,7.956,36.88,14.12,58.28,False,27.83,0
-14.7926,-175.6447,19.42,2017,30.72,7.45,8.03,36.04,12.67,50.35,True,100.0,1
-25.5452,-76.2635,6.53,2014,28.85,0.0,7.875,34.73,8.56,58.57,False,0.0,0
-23.7735,-176.68,17.76,1990,29.58,2.7,8.073,36.39,10.75,64.78,False,24.97,1
18.7757,-97.1739,16.48,2021,28.76,0.0,8.051,36.98,1.5,45.98,False,0.0,0
-27.6676,-28.9797,7.04,2014,26.28,0.0,8.002,34.23,3.21,65.61,False,0.0,0
9.5366,-136.2903,5.1,2005,27.51,0.0,8.235,34.64,14.86,48.99,False,0.0,0
-13.6465,-142.46,23.01,2018,27.63,0.0,7.917,34.73,0.86,41.52,False,0.0,0
22.2927,142.7175,10.36,2013,28.72,2.18,7.986,34.53,0.93,60.32,False,22.31,0
-0.9005,30.7692,8.08,2006,26.48,0.0,8.011,35.58,3.96,56.91,False,0.0,0
-11.6654,156.404,22.4,1995,29.65,1.45,8.036,36.49,8.68,43.43,False,18.82,0
1.0583,-55.5026,22.35,2003,27.21,0.0,8.106,36.46,3.38,65.91,False,0.0,0
-7.0825,63.7722,9.02,2015,29.2,2.05,8.135,33.41,1.98,34.79,False,16.46,1
3.8581,-106.311,26.3,2017,30.45,2.19,7.956,33.12,2.62,42.22,False,65.36,1
-23.128,42.6025,20.96,2020,30.04,4.3,7.996,34.74,7.21,20.5,True,67.93,1
29.8194,-133.3491,11.03,2016,26.63,0.0,8.033,33.57,8.18,45.28,False,0.0,0
-4.4666,-179.251,13.4,1991,30.02,2.63,7.848,33.28,4.14,34.58,False,35.12,0
-9.1062,155.3514,22.07,2008,26.73,0.0,7.926,33.43,14.33,50.41,False,0.0,0
12.6126,19.762,7.14,2017,27.82,0.0,7.924,35.54,12.24,29.47,False,0.0,0
-8.166,153.6986,14.59,2010,26.7,0.0,7.951,34.4,7.32,60.62,False,0.0,0
19.9965,-59.8207,19.95,2004,28.09,0.0,7.965,35.53,2.91,56.33,False,0.0,0
-2.7438,-61.997,16.65,2023,29.79,2.8,8.128,33.19,13.42,28.14,False,24.94,0
13.1735,-35.7642,18.64,1992,26.97,0.0,8.063,36.73,2.74,59.56,False,0.0,0
-23.5528,74.1748,16.84,1990,30.5,5.59,8.162,36.87,10.41,65.77,True,100.0,1
20.7672,23.6911,6.78,2013,27.45,0.0,8.165,36.74,9.57,73.47,False,0.0,0
14.1431,153.1278,12.9,2016,27.16,0.0,8.039,33.95,13.28,42.01,False,0.0,0
-17.297,-170.8413,16.43,1998,28.7,1.22,7.879,36.44,5.11,22.47,False,0.0,0
-21.2828,74.9505,23.62,2013,29.23,2.19,8.159,34.55,4.09,57.35,False,16.03,0
-11.0225,-61.082,19.96,2006,27.4,0.0,7.99,35.79,6.65,62.53,False,0.0,0
28.5642,-115.1159,13.37,2017,27.33,0.0,7.998,33.76,13.29,71.98,False,0.0,0
-14.5901,3.7424,29.26,1993,28.01,0.0,8.102,34.69,2.47,24.62,False,0.0,0
-2.6324,1.823,4.13,2018,28.39,0.0,7.987,36.58,14.24,53.09,False,0.0,0
-28.1988,-130.676,7.0,2017,26.53,0.0,8.02,34.83,10.09,37.07,False,0.0,0
-6.1663,-107.3174,10.9,2018,26.0,0.0,7.879,36.72,1.59,42.98,False,0.0,0
4.2792,-33.0607,7.63,2018,27.62,0.0,8.106,34.43,9.27,45.46,False,0.0,0
27.1875,-32.8279,19.14,1994,29.65,0.58,8.151,35.38,8.19,25.68,False,24.19,0
1.0042,-65.6791,2.15,2000,27.62,0.0,7.86,34.77,9.63,65.17,False,0.0,0
19.1464,-126.5237,6.15,1991,27.76,0.0,8.077,33.52,7.67,69.92,False,0.0,0
2.8277,-178.4255,9.51,1993,26.51,0.0,7.971,34.92,12.07,36.34,False,0.0,0
-27.5529,169.2846,20.82,1999,26.88,0.0,8.066,34.44,12.66,38.48,False,0.0,0
-11.0995,159.6597,26.4,1997,27.62,0.0,8.123,33.79,8.6,52.3,False,0.0,0
4.533,-5.8859,24.16,2012,27.36,0.0,7.968,34.69,1.85,34.6,False,0.0,0
27.0356,178.2186,6.28,2016,26.72,0.0,8.072,34.13,7.77,47.14,False,0.0,0
21.5478,62.5156,17.4,2012,26.25,0.0,8.11,34.03,1.88,54.19,False,0.0,0
-16.2987,-155.2113,1.87,2023,29.68,1.54,8.043,36.44,0.83,40.53,False,25.83,0
-16.7934,-137.6214,10.01,2006,28.45,0.0,7.988,36.07,6.75,59.4,False,0.0,0
-17.9296,149.7999,24.37,1999,27.31,0.0,7.949,35.71,14.56,34.57,False,0.0,0
25.3499,46.8188,14.24,1991,25.98,0.0,8.093,34.46,2.97,42.06,False,0.0,0
21.16,123.5461,5.35,2006,28.74,0.0,7.993,33.92,12.16,70.41,False,12.06,1
16.493,143.3771,13.72,2020,27.18,0.0,7.877,35.53,0.65,27.19,False,0.0,0
-6.4359,-18.7409,6.74,2005,26.17,0.0,8.028,34.12,1.83,62.46,False,0.0,0
0.2628,-162.5307,12.4,2013,28.86,1.08,8.034,36.0,12.66,25.61,False,20.41,1
-2.1401,-112.2191,15.15,1996,27.37,0.0,8.019,34.93,6.02,62.24,False,0.0,0
-14.7961,-156.0341,11.14,2008,29.85,1.24,7.828,36.64,14.54,58.2,False,39.11,1
0.3017,-112.0537,28.17,2005,29.3,0.0,8.236,36.59,1.4,55.23,False,20.3,0
-28.1702,-32.2081,17.31,2022,31.4,7.71,8.005,34.77,5.36,55.71,True,100.0,1
-22.0914,-137.4491,25.44,1999,28.15,0.0,7.982,36.82,8.95,47.11,False,0.0,0
23.1954,-119.976,23.06,2004,26.68,0.0,8.128,35.64,10.45,52.89,False,0.0,0
15.1008,-19.5042,20.17,1992,28.39,0.0,8.167,35.42,7.84,80.08,False,0.0,0
-4.6279,-57.5385,15.41,1991,28.05,0.0,8.099,33.37,12.72,67.15,False,0.0,0
1.029,-11.6431,1.06,2016,27.33,0.0,8.012,36.93,10.11,74.46,False,0.0,0
-7.8001,-25.4981,18.79,1994,26.67,0.0,7.977,33.37,14.09,46.29,False,0.0,0
14.4468,52.0121,11.32,2004,28.48,0.0,7.911,34.08,11.82,80.29,False,17.03,0
17.0512,157.3882,4.42,2022,27.11,0.0,8.092,33.68,14.5,61.88,False,0.0,0
15.7971,-141.1688,13.89,1990,26.26,0.0,7.96,33.23,11.19,31.01,False,0.0,0
13.3567,-144.2663,22.33,2001,29.17,0.37,8.06,37.0,3.97,35.84,False,15.09,0
-17.7297,127.0102,28.89,1998,30.3,3.73,7.926,34.28,8.02,59.17,False,25.14,1
-9.7218,2.3028,11.85,2009,26.85,0.0,7.985,33.18,5.53,81.87,False,0.0,0
-1.8093,95.9058,16.74,2019,25.85,0.0,8.152,33.5,7.23,56.7,False,0.0,0
-10.1524,-102.4481,25.69,2003,30.17,2.73,7.834,33.95,7.54,45.14,False,44.26,1
15.2964,118.3905,10.69,2012,27.05,0.0,8.015,33.15,14.29,39.41,False,0.0,0
-10.2388,152.5848,5.13,2018,28.35,0.0,7.997,33.59,11.24,61.78,False,8.96,1
-21.7061,48.7739,9.17,2016,28.61,0.59,8.131,33.13,11.57,57.36,False,20.1,1
-6.0576,-141.8836,27.07,2016,27.29,0.0,8.035,33.67,13.6,40.33,False,0.0,0
28.7949,142.3061,5.62,2019,28.84,0.36,8.01,34.78,0.63,39.88,False,0.0,0
-16.4471,105.2956,10.55,1992,29.7,1.28,8.147,36.9,11.22,43.17,False,36.3,1
6.7295,90.316,14.47,2001,29.26,0.32,7.838,35.71,11.29,35.49,False,0.0,0
-4.0216,-166.7779,25.57,2020,30.66,5.36,7.791,35.15,7.57,40.0,True,100.0,1
-25.7385,107.6265,28.19,2016,27.67,0.0,8.08,36.96,4.9,52.59,False,0.0,0
-0.7274,-130.3376,13.35,2013,29.45,0.0,8.134,35.81,1.24,72.49,False,0.0,0
12.1299,-99.941,28.03,2000,27.65,0.0,8.087,34.48,14.55,44.9,False,2.1,0
0.7932,27.7685,5.68,2016,27.32,0.0,7.884,36.17,7.65,28.53,False,0.0,0
22.3264,-84.6069,5.55,1998,25.76,0.0,8.136,34.93,2.19,32.99,False,0.0,0
-12.6638,58.0854,28.53,2005,29.86,4.31,8.138,33.16,10.19,63.19,True,74.83,1
-24.825,38.9054,15.78,2003,29.22,0.0,7.932,35.54,11.83,57.72,False,0.0,0
26.1939,-141.0661,6.39,2019,28.13,0.0,7.929,35.92,13.85,52.3,False,0.0,0
-7.3082,56.1652,15.15,2013,27.73,0.0,7.943,36.92,7.56,47.02,False,13.07,1
4.5843,152.6238,23.71,2002,30.14,5.52,7.901,33.39,12.23,54.2,True,96.77,1
17.5202,-122.0004,24.98,2022,30.5,7.52,8.028,34.29,12.91,46.9,True,93.68,1
-10.5412,34.9423,26.06,1998,28.4,0.0,8.068,35.89,3.59,60.66,False,0.0,0
12.9699,-56.9285,17.52,2015,28.66,0.0,8.115,35.58,6.59,46.62,False,0.0,0
-21.8749,-14.5398,26.14,2002,26.64,0.0,7.839,35.06,9.26,80.8,False,0.0,0
-12.5224,-76.6799,15.79,2010,26.98,0.0,7.822,33.76,8.3,72.88,False,0.0,0
-21.3174,-52.513,18.6,2018,26.89,0.0,8.087,33.84,14.92,51.7,False,0.0,0
18.6738,-169.5917,23.0,2017,28.64,0.0,8.009,36.87,5.9,24.15,False,0.0,1
-16.641,173.3586,13.34,2013,26.99,0.0,7.929,33.42,13.07,53.37,False,0.0,0
13.0442,44.928,3.13,2002,28.23,0.0,8.047,35.92,3.32,84.33,False,0.0,0
26.5979,0.254,11.15,2009,29.98,1.97,8.139,33.01,13.67,29.48,False,38.72,1
1.6663,-41.8625,19.09,1996,29.47,0.0,7.988,33.5,0.69,54.15,False,0.0,0
2.4018,14.1748,6.58,2004,28.62,0.0,7.871,36.42,11.08,29.92,False,5.74,0
-2.338,-43.1618,5.3,2014,26.76,0.0,7.922,34.24,7.27,25.75,False,0.0,0
-10.4466,-50.4331,9.5,2002,26.79,0.0,7.968,36.98,0.62,52.72,False,6.92,1
-1.4607,-12.9792,1.93,1997,29.54,2.07,8.061,35.93,13.47,67.86,False,34.84,0
6.1685,-80.6461,22.56,2010,28.11,0.0,7.85,34.47,10.15,19.29,False,0.0,0
29.1595,-115.182,8.5,1995,26.99,0.0,8.005,34.71,11.03,54.13,False,0.0,0
26.2659,20.3781,4.6,1999,26.32,0.0,8.113,33.96,9.37,56.66,False,0.0,0
21.7292,123.3956,21.27,2010,26.68,0.0,7.954,36.27,13.8,37.16,False,0.0,0
23.3478,-124.9819,25.44,2003,27.03,0.0,8.105,33.03,12.35,54.03,False,0.0,0
-1.929,-168.2156,1.58,2022,28.34,0.0,7.987,33.96,4.79,73.88,False,0.0,0
9.4467,-91.1478,7.77,2014,28.69,0.0,8.137,36.48,5.43,82.78,False,0.0,0
23.704,172.6994,28.41,2008,27.52,0.0,8.199,36.9,2.35,67.63,False,0.0,0
-6.423,118.3529,12.17,1998,28.51,0.0,7.975,34.76,1.19,38.4,False,0.0,0
27.7057,34.5118,28.22,2004,26.66,0.0,8.067,36.31,11.81,34.31,False,0.0,0
-5.0528,154.5296,8.95,1994,26.15,0.0,8.017,36.26,5.29,38.25,False,0.0,0
6.065,-19.6995,7.32,2006,27.9,0.0,8.082,36.09,8.34,68.76,False,0.0,0
12.5883,173.981,7.21,2019,26.0,0.0,8.004,36.37,10.73,65.32,False,0.0,0
27.0355,-73.3313,3.47,1996,26.72,0.0,7.991,36.78,10.89,36.25,False,0.0,0
-15.323,-93.4899,27.0,1995,29.83,5.53,8.129,33.21,13.06,48.35,True,89.4,1
14.7679,49.6974,29.42,2004,26.82,0.0,7.945,34.44,12.28,35.79,False,0.0,0
1.2489,-43.8646,28.68,1999,26.21,0.0,8.246,35.8,10.54,86.61,False,0.0,0
-13.8866,45.4916,25.71,1995,28.88,0.0,7.919,33.78,3.47,75.08,False,0.0,0
16.5964,-70.2016,25.56,2002,28.62,0.0,8.197,35.12,12.59,66.6,False,0.0,0
3.1333,42.4506,20.17,2003,29.57,0.69,8.141,35.49,2.09,41.34,False,10.89,0
9.6584,-80.7313,24.96,1990,26.78,0.0,8.154,33.67,3.86,55.35,False,0.0,0
-10.6259,-161.6501,7.04,2022,28.02,0.0,7.818,35.74,5.34,60.38,False,0.0,0
-1.1236,148.3689,12.25,2008,27.45,0.0,7.985,33.15,8.69,46.06,False,0.0,0
7.0413,137.9539,19.58,1998,29.52,2.0,8.101,33.11,14.19,54.69,False,61.03,1
-5.7054,169.4873,26.37,2001,27.0,0.0,8.141,35.97,8.83,44.61,False,0.0,0
-18.0976,77.9498,20.15,1994,27.58,0.0,8.033,35.61,9.98,55.22,False,0.0,0
27.6984,65.7796,25.33,1995,28.67,0.58,7.892,36.06,9.02,48.31,False,0.74,0
0.6881,21.2411,14.74,2000,29.11,0.86,8.04,33.06,1.73,62.11,False,25.95,0
14.0352,-134.6607,21.8,1999,29.9,0.0,7.988,33.31,4.87,34.82,False,16.48,0
-5.3372,-111.8753,29.42,2004,29.7,1.71,7.972,34.23,13.92,40.89,False,6.51,0
-8.6921,-75.7909,5.45,2017,29.11,0.45,8.109,33.41,3.94,58.44,False,8.91,0
-5.5701,140.4563,27.88,1992,27.64,0.0,7.966,34.33,6.49,65.39,False,0.0,0
-5.4482,-117.731,16.15,2005,28.55,0.65,7.988,35.24,8.94,55.48,False,0.0,0
2.6508,152.2343,19.65,2006,27.64,0.0,8.1,35.21,11.44,26.25,False,0.0,0
2.6082,8.2029,26.46,2008,28.45,0.0,8.053,33.37,8.69,49.24,False,0.0,0
-0.1708,77.6051,12.88,1993,27.22,0.0,7.987,33.29,6.94,43.65,False,0.0,0
-21.9129,-140.312,13.14,2014,27.77,0.0,7.93,33.18,10.63,44.7,False,11.54,0
-0.2355,-83.1479,16.29,2016,27.97,0.0,7.915,36.52,9.35,36.96,False,0.0,0
-19.8538,165.0667,1.55,2001,30.24,3.72,8.031,36.05,7.88,62.01,True,97.09,1
-22.4319,-84.186,15.4,2016,29.86,1.39,8.184,36.29,9.04,58.59,False,46.63,1
25.9587,-73.2522,9.44,1993,29.31,0.83,8.182,33.07,6.4,72.53,False,29.17,0
6.297,-108.8649,27.91,2013,26.78,0.0,7.942,35.87,7.93,47.94,False,0.0,0
9.5694,-133.5335,3.54,2006,30.35,4.0,8.086,35.53,7.01,45.16,False,77.94,1
-5.8924,-96.0272,14.32,2015,27.19,0.0,7.952,33.39,14.97,48.33,False,0.0,0
24.5389,51.2377,28.48,2007,28.18,0.0,8.03,35.33,1.31,71.96,False,0.0,0
8.2758,-16.0676,27.13,2011,30.91,6.42,8.023,33.26,10.05,31.25,True,100.0,1
16.1502,19.3521,21.34,1995,27.75,0.0,7.979,34.81,4.01,47.72,False,0.0,0
-7.8863,-135.9487,18.09,2008,30.15,2.59,8.069,35.73,5.91,31.8,True,59.5,1
27.6007,108.7619,9.14,2023,27.7,0.0,7.847,33.25,3.25,44.84,False,0.0,0
19.2277,102.2741,11.64,2000,30.47,5.17,8.124,35.04,11.4,50.31,True,100.0,1
21.2369,-172.2276,3.61,2013,28.08,0.0,7.978,35.76,4.67,60.67,False,0.0,0
-19.6683,-41.9346,23.8,2012,27.96,0.0,7.822,33.2,9.99,35.57,False,0.0,0
-13.7422,-155.2426,10.39,1993,28.5,0.0,8.123,36.48,8.74,47.28,False,0.0,1
-12.8624,105.1581,20.37,2007,27.63,0.0,8.058,34.42,6.71,68.75,False,0.0,0
-13.7454,85.4171,11.37,2019,28.18,0.0,8.123,34.26,5.44,66.8,False,0.0,0
21.3245,144.7157,14.47,2004,27.93,0.0,7.929,33.49,10.64,55.05,False,2.18,0
-28.0869,-94.8946,17.1,2012,27.88,0.0,7.995,36.94,8.29,51.85,False,0.0,0
-25.434,-15.7335,24.25,2001,30.29,5.25,7.91,35.31,1.18,70.62,True,80.91,1
-13.5651,-113.5844,7.12,1993,27.11,0.0,7.983,35.33,11.22,48.07,False,0.0,0
-18.0076,-46.3554,12.56,1993,26.38,0.0,8.045,35.44,11.47,75.89,False,0.0,0
-16.0884,8.0076,4.77,2003,29.41,1.22,7.895,34.67,6.57,62.18,False,32.45,1
17.8766,-160.8009,3.2,1997,27.85,0.0,7.952,34.53,0.78,33.14,False,6.31,1
3.7876,77.3533,18.54,2012,26.39,0.0,7.918,35.2,3.27,67.25,False,0.0,0
-29.6538,15.5856,6.48,1990,28.07,0.0,7.993,33.66,8.82,31.6,False,3.34,0
-4.2406,118.4252,2.73,2000,27.28,0.0,8.212,35.36,11.47,31.09,False,0.0,0
-5.5269,-82.159,27.02,2016,29.77,0.0,7.903,34.99,1.73,50.27,False,0.0,0
-23.1633,145.1956,16.5,1993,27.14,0.0,8.122,33.59,10.26,56.34,False,0.0,0
10.5685,179.5299,4.9,2018,29.49,2.06,8.044,36.12,7.77,33.75,False,43.39,1
12.1258,150.9474,2.55,2006,27.55,0.0,7.819,33.3,3.9,79.83,False,0.0,0
13.2536,100.0413,4.48,2008,29.36,1.94,8.12,33.96,7.55,33.86,False,36.13,1
13.7083,112.4528,14.67,2013,29.48,0.67,8.097,33.68,1.42,62.69,False,19.84,0
-29.9968,26.5479,20.39,2021,26.88,0.0,7.956,34.83,10.06,55.27,False,0.0,0
27.2352,-111.5446,19.6,2020,29.47,2.78,7.919,35.83,2.32,26.72,False,13.54,0
18.8525,63.7346,5.19,2005,29.18,1.04,8.104,33.97,0.83,65.2,False,33.73,1
24.2389,76.5911,19.37,2021,27.12,0.0,7.83,33.61,0.89,70.37,False,0.0,1
-29.0614,174.7387,12.74,2023,30.13,5.32,7.951,35.26,10.81,60.77,True,100.0,1
26.0315,14.8685,14.48,2005,30.48,2.86,8.145,35.66,4.04,64.9,False,57.83,1
18.5873,-82.3072,24.24,2010,29.44,0.0,7.938,36.8,8.19,49.19,False,1.92,0
20.2331,66.1221,10.64,2002,27.48,0.0,8.024,35.43,1.17,30.94,False,0.0,0
-24.4028,172.5753,5.26,2007,27.47,0.0,7.905,35.27,1.15,68.34,False,0.0,0
14.3267,-116.203,26.33,1991,27.92,0.0,8.09,34.89,12.8,35.63,False,0.0,0
27.595,-62.6407,7.15,2022,28.95,0.0,7.944,34.12,10.76,71.25,False,1.16,0
10.7128,15.0771,9.53,2007,29.71,2.31,7.804,36.8,2.1,21.81,False,25.27,0
4.2337,-118.7227,21.49,2017,28.54,0.0,7.949,35.84,8.44,39.21,False,0.0,0
26.7378,-172.0006,20.82,2001,27.86,0.0,8.025,34.89,2.72,48.66,False,0.0,0
-3.4238,-58.6861,24.21,1997,29.28,2.57,8.101,35.13,11.8,50.87,False,17.54,0
5.9576,131.5335,6.33,2014,29.23,1.6,8.018,36.83,10.19,69.92,False,35.36,1
-1.4197,-164.3514,11.22,1996,29.45,1.27,8.243,34.94,14.22,75.62,False,18.81,0
25.9708,-25.5855,4.65,1991,29.83,1.59,8.203,36.97,8.68,71.74,False,25.47,1
-25.4349,94.3923,16.69,2022,28.15,0.0,8.051,35.29,6.19,76.68,False,0.0,0
0.0672,163.1457,9.48,2022,27.28,0.0,8.127,36.67,10.59,37.66,False,0.0,0
11.2171,174.7711,20.98,2012,28.18,0.0,8.13,35.9,9.12,53.68,False,0.0,0
17.5144,-28.091,1.01,1994,30.05,3.96,8.029,33.44,6.43,62.18,True,100.0,1
4.9811,162.1383,2.73,2003,28.77,0.0,8.128,35.46,6.59,28.86,False,0.0,0
24.5351,-167.2492,13.54,1997,27.95,0.0,8.042,36.81,2.67,57.88,False,0.0,0
26.5195,88.5301,28.79,2009,29.18,1.96,8.17,34.33,7.42,81.35,False,20.88,0
-26.1408,51.3886,26.83,2007,29.95,2.6,8.113,34.43,2.74,57.59,False,15.75,1
-5.8578,-90.1721,29.83,2012,28.85,0.49,8.044,33.46,3.0,58.45,False,0.0,0
-28.5925,2.6347,13.09,2018,27.15,0.0,7.968,35.05,2.76,68.47,False,0.0,0
-10.235,-133.3607,2.35,1996,28.0,0.0,8.042,34.19,7.47,75.96,False,0.0,0
2.2121,133.775,9.87,2013,26.86,0.0,7.843,36.09,7.57,48.77,False,0.0,0
24.6477,-51.1567,20.6,2014,29.48,4.36,7.909,33.82,1.42,34.19,True,61.29,1
20.7933,45.376,4.92,2003,28.55,1.3,8.236,35.95,9.93,54.15,False,0.0,0
-22.35,-122.8405,9.7,1992,29.02,0.61,8.246,34.64,2.86,47.44,False,0.0,0
-24.4182,-105.7807,2.63,2003,27.86,0.0,7.973,36.76,7.21,51.14,False,18.27,0
5.356,177.1043,14.77,1992,26.88,0.0,8.043,35.29,9.32,42.13,False,8.08,0
1.9271,91.1111,7.06,1998,27.62,0.0,7.938,36.55,1.29,28.36,False,0.0,0
-14.0173,166.3099,3.65,1996,27.24,0.0,8.041,34.03,8.57,73.1,False,0.0,0
23.9672,-73.4936,12.93,2015,27.75,0.0,7.974,36.79,13.8,37.92,False,14.81,0
25.642,-120.7574,11.19,1996,27.07,0.0,8.194,33.87,2.46,89.07,False,0.0,0
-5.8433,1.1046,16.59,1996,30.02,4.55,7.938,36.78,13.81,37.52,True,66.18,1
23.4182,-1.9194,22.72,2002,29.82,1.48,7.906,36.5,12.35,64.01,False,0.0,0
-6.9631,-117.0193,4.26,1992,29.06,1.69,8.111,33.81,8.28,35.16,False,26.57,1
14.209,83.959,23.94,2009,27.78,0.0,8.006,35.63,2.32,47.81,False,0.0,0
-1.4435,-49.7601,1.76,1998,28.64,1.42,7.906,34.48,10.99,80.94,False,38.14,1
-22.645,-112.9085,13.85,2011,26.35,0.0,7.969,34.61,9.89,60.5,False,0.0,0
25.6761,-60.486,18.04,2022,27.0,0.0,7.928,33.16,10.16,34.25,False,0.0,0
-2.7542,22.9171,28.75,2012,29.74,2.08,8.122,36.31,2.38,61.92,False,0.0,0
14.0692,81.5295,17.64,2012,28.88,0.0,8.065,34.04,7.6,38.83,False,0.0,0
-7.9696,-6.5193,5.6,2015,28.28,0.0,7.852,36.08,9.98,26.95,False,7.52,0
-28.8671,9.2142,16.01,2021,29.91,1.6,7.857,35.36,7.25,44.39,False,47.91,1
-23.9682,-129.9795,12.48,2017,27.55,0.0,7.948,36.88,9.06,74.51,False,0.0,0
-0.2268,149.2887,14.9,2019,28.9,0.0,8.045,33.8,8.68,67.79,False,0.0,0
11.3979,154.3407,6.72,2006,29.69,2.74,7.969,34.28,6.69,60.33,False,60.77,1
-9.9159,66.0336,15.52,2007,27.15,0.0,8.072,33.67,2.69,50.14,False,0.0,0
11.7293,-173.6527,5.35,2014,29.11,1.77,8.091,36.33,12.28,62.86,False,3.42,1
11.9181,13.3467,22.58,1993,27.69,0.0,7.861,34.32,9.8,64.99,False,0.0,0
12.2362,46.5188,18.22,2015,27.86,0.0,8.12,33.78,9.8,79.65,False,0.0,0
-0.4487,178.0755,3.28,2020,30.3,6.72,7.877,35.37,1.28,47.69,True,100.0,1
24.8932,178.5841,26.8,2001,28.76,0.0,8.042,34.51,11.44,65.13,False,0.0,0
-0.6482,128.74,18.88,2007,28.57,0.0,8.044,36.25,3.64,63.08,False,0.0,1
-2.9841,-157.0208,10.17,1999,27.06,0.0,7.821,36.05,10.43,63.88,False,11.15,0
-18.0372,163.1795,2.32,1991,27.3,0.0,7.955,33.48,10.39,32.2,False,0.0,0
-11.5407,40.558,19.33,2014,26.42,0.0,8.031,36.42,1.82,41.44,False,0.0,0
-27.4599,108.3192,11.83,1998,28.37,0.61,7.973,36.93,8.22,55.48,False,0.0,0
8.0121,-33.4106,27.32,2021,28.13,0.0,8.105,36.0,10.81,28.28,False,0.0,0
-15.0879,-64.919,2.01,1994,27.57,0.0,8.046,36.3,11.8,44.55,False,0.0,0
-11.7507,-13.2321,2.13,1992,28.61,0.0,7.925,36.67,6.48,40.54,False,0.0,0
16.2489,-127.1252,28.53,2006,28.64,0.0,8.082,36.14,0.86,40.52,False,0.0,0
-10.3667,-51.4562,28.98,2002,28.03,0.0,8.143,35.34,10.68,56.49,False,0.0,0
-15.4682,128.7423,1.8,1992,26.88,0.0,8.251,33.27,5.04,46.87,False,0.0,0
-19.8565,-166.3378,21.76,2017,31.24,7.44,7.967,34.94,3.95,28.93,True,100.0,1
16.4915,-125.6839,7.42,1993,25.88,0.0,8.012,36.13,12.05,39.2,False,0.0,0
-22.2176,-134.9582,21.34,2007,26.32,0.0,8.099,34.02,5.97,49.97,False,0.0,0
-2.7748,-34.8928,26.19,2003,26.81,0.0,8.129,35.61,7.63,69.8,False,0.0,0
0.4158,178.9153,3.92,2005,30.17,3.98,7.97,34.26,6.08,72.32,False,85.42,1
11.2434,-117.5911,7.92,2001,27.7,0.0,8.042,36.45,13.66,58.32,False,0.0,0
7.997,-127.6262,1.7,2000,27.89,0.0,7.828,34.45,6.66,75.95,False,0.0,0
18.6432,149.4201,2.27,1991,29.14,0.32,8.018,33.18,5.89,36.0,False,33.83,1
-27.3149,137.5382,1.86,2022,29.76,5.16,7.984,35.33,3.61,59.69,True,100.0,1
-12.2136,-168.3935,24.22,2002,28.02,0.0,7.887,33.18,6.93,34.03,False,0.0,1
-13.192,90.6141,9.65,2019,27.89,0.0,7.987,33.86,7.7,27.61,False,0.0,0
-21.239,55.9677,15.3,2015,30.87,4.32,7.99,35.01,10.12,24.4,True,86.57,1
-12.6493,96.3867,23.85,2007,26.09,0.0,8.122,36.17,11.08,32.62,False,0.0,0
-11.4141,-1.9791,15.35,2002,29.48,1.45,8.022,34.28,3.91,76.84,False,35.37,1
1.3131,176.8965,13.45,1993,26.7,0.0,8.06,34.16,14.19,50.34,False,0.0,0
9.8223,-164.2151,1.34,2022,29.37,0.0,8.0,33.45,9.66,68.99,False,0.0,0
-7.134,-95.6262,17.47,2004,27.15,0.0,8.132,35.34,1.98,70.61,False,0.0,0
13.1682,-37.2434,4.62,2006,27.42,0.0,8.119,35.13,11.59,30.64,False,0.0,0
-9.8301,-18.0799,23.17,1995,25.62,0.0,8.077,33.04,10.66,73.05,False,0.0,0
-12.583,151.6923,8.47,1994,26.15,0.0,7.976,35.81,10.54,51.63,False,0.0,0
2.4713,21.6016,20.55,2022,29.55,2.79,8.156,34.84,11.85,73.83,False,25.89,0
-28.577,-163.76,19.74,2005,28.51,0.0,8.182,34.16,9.77,50.14,False,0.0,0
-25.2127,-33.1693,18.88,2013,30.67,3.94,8.133,35.84,0.74,29.54,True,84.41,1
-4.9218,-30.0635,8.74,1994,26.88,0.0,8.217,36.25,10.06,45.94,False,0.0,0
26.5748,167.5767,8.75,1992,26.38,0.0,8.255,35.39,12.11,45.41,False,0.0,0
13.2907,35.711,26.03,2016,30.64,6.59,7.931,33.38,8.44,73.09,False,75.73,1
-24.7124,48.8344,1.37,2001,29.18,0.0,8.1,36.62,3.16,63.7,False,16.59,0
20.7791,76.7711,6.26,2014,28.85,0.0,8.086,33.07,10.25,60.29,False,30.42,1
13.938,97.2142,18.69,2006,27.29,0.0,8.243,33.84,1.18,40.09,False,0.0,0
6.6568,48.6184,24.69,2009,27.08,0.0,8.155,34.06,7.17,71.28,False,0.0,0
19.2176,-94.61,11.39,2017,27.88,0.0,7.986,34.48,7.44,57.2,False,0.0,0
-5.7534,134.6565,19.95,2004,27.52,0.0,8.032,34.42,14.74,72.12,False,0.0,0
-16.7099,83.5631,17.16,2022,29.68,2.68,7.856,36.6,3.12,56.61,False,42.55,1
0.7214,87.0734,2.87,1992,29.49,0.0,7.926,36.18,8.32,28.53,False,8.0,0
2.9305,178.7604,19.03,1996,27.01,0.0,7.97,33.81,10.56,28.43,False,0.0,0
2.2996,108.9096,24.6,1999,30.16,1.96,8.027,36.82,0.71,33.42,False,35.05,1
3.9044,118.4945,29.78,2015,29.84,1.11,7.839,34.45,13.6,60.46,False,5.54,0
26.9223,162.506,1.86,1995,29.55,0.49,8.106,33.87,10.61,47.39,False,10.47,0
24.1347,-125.5918,20.14,2022,27.16,0.0,7.858,36.78,9.56,37.49,False,0.0,0
22.543,-0.8181,13.02,2005,26.75,0.0,8.054,35.29,9.81,56.63,False,0.0,1
18.085,29.0041,1.28,2013,30.44,4.57,8.037,35.36,2.17,39.45,True,93.82,1
26.6057,-61.4607,18.82,2019,27.34,0.0,8.093,35.62,14.39,63.94,False,4.29,0
-24.0903,122.1852,4.55,1999,29.54,2.1,7.92,35.5,6.9,51.84,False,52.3,1
-14.0926,94.4711,11.98,2000,26.71,0.0,7.932,35.52,8.8,42.43,False,0.0,0
-0.2966,79.5179,8.58,2011,29.7,3.07,8.101,33.01,4.18,45.61,False,47.64,0
20.7921,178.9738,11.47,1992,28.14,0.0,8.004,35.74,2.12,68.28,False,0.0,0
0.3099,-86.6227,15.29,2012,26.82,0.0,7.833,35.97,11.92,54.43,False,3.44,0
14.8821,84.7646,11.42,2008,28.75,0.0,7.927,33.11,9.01,40.37,False,0.0,0
-21.6624,18.5056,17.03,2002,28.65,0.0,7.984,35.5,6.16,46.53,False,0.0,0
-14.8552,-67.3239,7.92,1992,28.18,0.0,8.137,34.06,2.8,29.43,False,1.95,0
13.9066,-122.1887,19.43,2011,27.33,0.0,8.108,35.51,6.4,57.18,False,0.0,0
-20.116,142.5182,25.76,2014,29.41,0.0,7.887,34.06,0.54,35.07,False,18.69,1
-8.9186,34.364,7.5,2009,27.84,0.0,8.147,33.38,14.63,28.84,False,0.0,0
-14.108,116.9762,15.73,2017,30.65,5.7,8.125,33.71,9.68,56.48,True,100.0,1
-9.0083,16.3242,19.81,1992,29.51,2.42,7.984,36.67,4.68,56.19,False,65.54,1
12.4994,-100.8083,17.37,2011,28.0,0.0,8.096,34.76,13.03,72.2,False,0.0,0
-7.9292,-58.4824,11.6,2007,28.53,0.0,8.048,36.67,1.86,61.75,False,0.0,0
3.3158,-42.646,19.62,2009,26.14,0.0,8.117,34.94,3.72,73.62,False,0.0,0
-24.0041,170.2565,1.82,1994,28.84,0.0,8.019,36.59,5.17,72.26,False,14.57,1
18.3011,-177.972,11.73,1998,29.18,1.55,7.977,35.27,13.59,31.69,False,36.74,0
-7.8067,174.8398,16.45,2018,28.64,0.0,7.867,34.4,4.19,22.13,False,0.0,0
8.912,172.9662,1.6,2006,26.88,0.0,7.944,33.89,6.57,42.57,False,0.0,0
13.5234,178.6143,15.72,2001,27.48,0.0,7.992,34.48,9.44,41.43,False,0.0,0
-17.4203,-8.4283,19.97,2015,26.38,0.0,8.039,33.71,11.72,36.48,False,0.0,0
23.0805,166.9712,23.02,2022,29.01,0.0,8.145,36.93,10.12,42.18,False,0.0,0
6.9735,-37.5843,4.29,2022,30.62,6.34,7.962,34.39,10.39,20.81,False,100.0,1
-4.2765,-170.534,29.73,2018,28.99,4.05,7.96,35.23,11.27,60.75,True,53.63,0
-19.0599,-99.235,18.58,2011,28.93,0.0,7.992,36.99,9.01,54.72,False,0.0,0
26.5381,160.3066,11.53,2007,27.35,0.0,8.149,35.08,7.86,33.92,False,0.0,0
15.3041,-175.0447,8.22,2006,28.37,0.07,7.958,34.24,12.54,72.47,False,17.88,1
-17.5185,16.5579,17.61,2013,27.99,0.0,7.994,35.46,10.84,72.19,False,0.0,0
-9.7374,-152.7834,26.57,2011,29.6,2.03,7.902,36.27,7.43,39.1,False,42.15,0
18.5805,-76.8972,16.1,1994,27.38,0.0,8.041,35.47,12.8,64.96,False,0.0,0
11.7407,-148.2866,20.18,1990,28.42,0.0,8.126,33.88,3.05,60.68,False,0.0,0
15.9471,129.4303,11.37,2008,30.09,1.92,8.054,33.77,13.31,46.16,False,72.47,1
-3.5279,32.7855,12.26,2019,29.34,4.4,8.001,35.87,2.96,37.76,True,85.31,1
12.9886,144.7583,9.3,2004,26.57,0.0,8.119,36.4,4.09,65.93,False,0.0,0
-6.8104,67.8072,21.46,1994,27.71,0.0,8.099,35.8,4.34,35.91,False,0.0,0
-17.3242,169.5705,11.42,1995,29.02,0.0,7.977,33.37,1.43,70.06,False,60.56,1
7.9606,3.556,6.53,2014,29.68,2.77,8.107,34.29,4.83,30.04,False,49.55,1
28.5608,49.9358,11.71,2000,28.18,0.02,7.942,35.74,4.51,52.71,False,0.0,0
-11.3639,27.4712,25.76,2011,27.8,0.0,7.91,35.84,9.05,24.9,False,0.0,0
-2.3418,-5.6662,22.41,2023,28.39,0.0,7.951,34.86,9.17,74.75,False,0.0,0
10.4401,124.5454,10.7,2003,28.71,0.96,8.192,34.19,8.46,60.84,False,24.13,0
2.4904,52.029,27.3,1998,30.18,2.43,7.974,33.37,9.63,53.72,False,18.31,0
20.6057,108.4724,3.17,2009,28.39,0.0,7.901,33.21,1.08,55.15,False,0.0,1
15.7046,103.091,2.44,2005,26.78,0.0,7.999,33.46,10.63,51.86,False,0.0,0
-26.5022,-111.2237,4.7,2006,29.7,0.69,8.056,34.35,14.26,63.25,False,15.38,0
29.9053,54.0589,4.38,2006,27.27,0.0,7.978,35.44,9.66,58.92,False,0.0,0
15.1441,-108.1267,3.55,2023,26.45,0.0,8.032,36.39,4.53,55.3,False,0.0,0
21.8342,29.9954,20.18,2000,26.58,0.0,8.052,34.0,4.99,64.55,False,0.0,0
9.0719,63.8765,18.42,2023,30.76,4.38,8.041,33.3,11.61,39.94,True,89.43,1
21.3771,179.0046,19.78,1997,30.21,3.71,7.985,36.86,2.12,43.21,False,49.93,0
-23.257,-169.0049,20.96,2008,27.87,0.34,8.141,35.47,5.9,39.29,False,0.0,0
-9.1357,-147.1527,22.95,2022,28.6,0.0,8.111,33.57,3.26,34.47,False,0.0,1
22.5853,-152.2704,7.01,2012,28.92,0.0,7.919,34.0,3.4,54.21,False,20.17,0
-17.9007,-36.5899,19.05,1991,27.7,0.0,7.991,34.67,0.55,73.47,False,0.0,0
-25.3055,115.7718,17.82,1997,26.64,0.0,8.014,36.87,13.37,34.38,False,0.0,0
17.2871,123.8603,28.37,2018,26.17,0.0,7.955,33.47,5.1,68.27,False,0.0,0
20.1292,85.3127,7.74,1996,27.48,0.0,8.219,34.71,6.11,50.03,False,0.0,0
-20.2409,142.8762,2.7,2018,29.05,0.63,8.102,34.75,0.87,54.72,False,0.0,0
21.2608,-63.7704,19.95,2020,27.31,0.0,8.072,36.97,1.88,57.27,False,0.0,0
11.2061,-148.2643,22.47,2019,27.77,0.0,7.98,33.77,3.73,50.21,False,0.0,0
1.205,-159.0649,9.21,2014,27.23,0.0,8.02,34.87,2.98,83.85,False,0.0,0
19.815,126.7678,17.55,1993,27.94,0.0,8.198,36.95,12.67,74.7,False,0.0,1
-4.845,82.9571,2.73,2006,26.86,0.0,8.139,35.63,14.3,52.27,False,0.0,0
-18.3604,71.5015,28.84,1999,29.98,2.19,8.021,33.66,14.06,62.47,False,38.95,1
-12.9088,-57.7165,4.19,1990,28.7,0.0,7.912,36.74,3.6,39.13,False,0.0,0
0.3098,-43.2341,2.96,2007,27.87,0.0,7.887,35.17,2.34,63.71,False,0.0,0
1.8798,164.9209,2.28,2008,27.61,0.0,8.054,36.26,10.07,55.0,False,0.0,0
18.3348,-157.0303,13.39,2021,27.53,0.0,7.995,36.22,4.55,75.63,False,0.0,0
17.4812,98.5434,3.82,2020,28.34,0.0,8.043,35.21,1.32,50.31,False,0.0,1
4.882,-68.532,22.59,2022,30.78,6.03,8.101,36.26,8.66,14.42,True,68.92,1
16.8471,-165.9403,27.07,2011,26.74,0.0,7.935,36.54,4.36,63.68,False,0.0,0
-18.4936,87.3252,8.55,1990,26.35,0.0,7.959,36.25,5.12,37.61,False,0.0,0
-26.9961,-60.8717,19.23,2006,26.62,0.0,7.929,35.52,9.12,51.74,False,0.0,0
22.418,79.9731,2.23,2023,29.05,3.07,7.9,35.35,10.61,63.13,False,36.27,0
-25.4667,74.7556,12.21,2018,26.33,0.0,8.0,34.85,2.1,79.31,False,0.0,0
-15.1987,12.5233,9.5,1995,27.2,0.0,7.991,33.32,1.23,52.59,False,0.0,0
11.7191,99.8543,7.63,1990,27.98,0.0,7.972,34.91,12.46,57.08,False,0.61,0
-5.4331,29.1738,19.7,2016,27.5,0.0,8.104,35.52,4.39,32.11,False,0.0,0
22.5788,-76.8107,4.78,2001,26.52,0.0,7.905,34.81,8.12,72.85,False,0.0,0
-12.1212,84.2815,25.96,1993,28.3,0.0,8.003,34.67,11.88,45.05,False,0.0,0
-29.2877,32.0903,20.28,2005,26.85,0.0,7.847,33.94,1.3,67.18,False,0.0,0
-11.9607,-175.4182,21.61,2000,27.54,0.0,8.032,34.46,11.71,66.05,False,0.0,0
4.6845,144.5919,28.12,2009,28.64,0.0,8.05,33.82,8.6,46.97,False,0.0,0
-7.4437,16.4317,28.33,2015,29.6,3.13,7.935,33.31,2.03,62.04,False,47.19,1
2.0924,132.7058,17.0,2017,30.2,2.34,7.966,35.9,10.31,44.6,False,23.45,1
22.5959,137.7853,15.37,1997,28.88,1.41,8.169,35.8,1.56,76.03,False,6.5,1
24.7491,-19.812,10.73,1991,27.29,0.0,8.059,35.07,5.01,27.47,False,0.0,0
-14.0416,2.7576,21.75,2015,28.92,0.0,8.025,33.32,8.27,56.02,False,0.0,0
-2.2716,-30.3284,16.61,2016,29.63,1.5,8.008,35.47,10.28,48.62,False,29.27,0
2.9486,-18.2028,28.05,2022,28.03,0.0,8.065,34.12,4.3,65.18,False,0.0,0
26.9467,142.253,7.92,1996,26.66,0.0,8.102,36.8,3.12,45.1,False,0.0,0
29.917,103.7318,10.0,2010,27.12,0.0,8.012,33.19,11.23,71.83,False,0.0,0
-15.8756,-134.4508,10.17,2023,31.31,6.09,7.911,33.01,6.42,59.18,True,100.0,1
13.6188,39.7108,24.37,2012,29.02,1.24,7.816,36.33,3.45,25.44,False,22.08,1
-7.3181,178.5264,3.87,2023,28.01,0.0,8.201,33.93,9.12,56.65,False,1.95,1
-29.5135,34.3983,14.21,1996,28.85,0.0,7.925,35.68,6.22,70.62,False,0.0,0
-29.4448,102.9138,13.4,2015,29.66,1.47,8.054,34.4,9.49,64.73,False,0.0,0
-2.366,96.8621,3.12,2006,28.38,0.0,8.151,36.29,11.84,59.28,False,14.68,1
-0.6999,-53.8857,12.91,2020,28.89,0.0,8.134,36.41,0.79,48.45,False,0.0,0
-28.6458,-46.1343,15.89,2014,28.71,0.0,7.871,36.77,5.66,57.2,False,14.26,0
11.2156,80.6675,2.89,2004,30.84,2.96,8.027,34.54,5.59,40.95,False,47.15,0
-12.3598,-0.0059,15.79,1991,27.74,0.0,8.188,33.02,13.54,68.61,False,0.0,0
3.5936,25.4055,28.82,2000,28.9,0.3,8.128,33.58,14.96,70.7,False,0.0,0
-11.9449,76.6461,29.39,2021,28.12,0.0,8.005,34.23,9.97,53.25,False,0.0,0
-19.9719,99.927,16.42,2019,27.93,0.0,7.968,36.23,6.41,28.71,False,0.0,0
-5.5696,-82.254,15.94,2006,30.08,6.36,7.962,36.64,6.88,47.28,True,96.97,1
-16.0636,-127.1542,9.28,2013,27.39,0.0,7.929,33.84,10.12,44.38,False,0.0,0
2.0881,-74.9539,29.92,1993,27.9,0.0,8.185,34.56,9.12,86.84,False,0.0,0
-18.0703,2.7138,8.95,2021,28.83,0.0,8.135,35.26,12.96,57.09,False,0.0,0
0.5044,-56.8291,14.13,2008,27.5,0.0,7.969,34.11,10.85,59.79,False,0.0,0
-20.5573,24.6106,1.09,1992,29.12,2.85,8.068,34.37,2.44,56.36,False,28.2,1
10.2585,-160.7523,11.13,1993,27.31,0.0,8.116,36.15,12.66,84.79,False,0.0,0
15.2363,3.5101,3.07,2014,28.25,0.0,8.039,33.68,4.72,71.79,False,0.0,0
-23.3763,-47.5254,22.57,1998,29.9,2.37,8.267,35.16,11.55,67.19,False,31.86,1
-1.9319,12.48,17.27,2010,26.97,0.0,7.966,35.32,1.3,49.61,False,0.0,0
-25.7477,-27.888,17.59,2012,26.39,0.0,8.029,33.57,5.04,76.33,False,0.0,0
5.8909,-77.6787,9.31,2018,27.52,0.0,8.035,35.81,11.0,66.69,False,0.0,1
-14.1357,145.4788,24.63,2019,30.49,6.77,8.095,33.8,14.66,45.62,False,63.02,0
1.6575,-113.4846,1.09,2014,25.88,0.0,8.178,35.79,6.33,61.03,False,0.0,0
1.0477,65.2916,10.67,2018,26.97,0.0,7.97,34.6,4.03,60.43,False,0.0,0
25.4613,152.8721,20.13,2023,27.55,0.0,7.953,35.45,13.13,31.93,False,0.0,0
2.945,13.9212,27.33,2003,29.68,0.34,7.906,35.33,12.7,45.19,False,0.0,0
4.9799,135.5071,7.8,2011,30.02,5.15,8.087,36.94,8.39,57.45,True,100.0,1
-5.9008,-135.0535,16.69,2005,26.64,0.0,8.083,33.25,4.37,48.17,False,0.0,0
26.9448,-2.236,16.6,2000,29.85,2.09,7.979,34.11,4.97,31.75,False,31.08,0
16.6312,-15.4709,26.35,2003,27.47,0.0,7.999,35.36,7.59,35.57,False,0.0,0
-12.8757,-177.0772,2.46,1996,27.31,0.0,8.185,36.03,14.74,55.02,False,0.0,0
20.6526,-20.4274,13.31,1994,27.55,0.0,8.058,36.58,2.11,42.54,False,0.0,0
-4.0562,-47.1493,6.29,2018,29.22,1.42,8.127,33.39,5.78,68.08,False,15.61,0
19.72,61.1275,1.62,2006,28.24,0.0,8.101,34.12,12.98,64.53,False,42.38,1
19.3733,157.7987,5.26,2019,30.65,5.37,7.979,33.45,14.45,62.78,True,100.0,1
-18.6678,-149.1152,29.32,2014,29.61,4.55,7.871,33.29,1.23,22.87,True,76.41,1
12.0685,-62.1085,7.23,2003,29.6,1.45,8.068,33.08,9.04,68.19,False,51.73,1
-12.5614,-20.1367,28.12,2011,26.95,0.0,7.967,36.22,9.26,62.83,False,0.0,1
-12.1504,-16.1333,6.95,1994,28.52,0.0,8.195,33.63,7.82,36.23,False,15.31,1
-12.2191,98.9315,28.01,2017,26.46,0.0,8.082,34.55,1.13,49.76,False,0.0,0
13.5341,-20.3776,19.98,2001,27.78,0.0,8.108,33.05,5.11,60.55,False,0.0,0
-16.2104,-170.2219,4.28,2002,27.33,0.0,8.006,36.32,6.88,35.21,False,0.0,0
-29.9456,75.6375,17.88,2010,27.39,0.0,8.093,33.43,7.57,40.8,False,0.0,0
12.9142,138.5387,10.24,2021,30.52,4.71,7.911,34.78,14.5,65.14,True,100.0,1
-19.7289,5.0057,12.11,2010,28.02,0.0,7.829,34.44,4.92,65.45,False,0.0,0
-23.7311,29.1991,13.76,1998,27.45,0.0,8.007,34.02,1.36,44.45,False,10.25,0
-15.749,-121.3429,13.26,1991,27.26,0.0,7.936,34.85,2.24,61.62,False,0.0,0
-7.206,-100.5675,20.26,1992,29.63,0.15,8.052,33.16,5.61,64.82,False,12.62,0
-1.4456,-95.3387,23.28,1999,28.27,0.0,7.949,34.46,11.79,25.91,False,0.0,0
-27.3258,-24.9329,10.55,1998,27.95,0.0,7.956,35.15,9.3,71.64,False,0.0,0
28.2344,154.1323,27.81,2021,30.18,4.8,7.956,35.43,11.84,55.65,True,84.76,1
12.9638,7.8425,28.22,2010,29.89,3.29,8.182,35.19,13.82,24.51,False,32.33,1
-10.6084,-110.8448,2.18,2023,29.91,3.29,7.951,34.82,2.25,67.23,False,53.89,1
-10.8782,-84.2084,1.43,2014,28.08,0.0,8.027,35.34,8.15,68.57,False,0.0,0
-3.0874,-41.7546,13.33,2021,27.61,0.0,8.022,33.36,9.56,50.38,False,0.0,0
7.5747,44.3732,18.13,2011,28.76,0.0,8.179,34.24,6.54,48.98,False,8.17,0
-21.2176,-21.5881,9.06,2014,29.58,3.3,8.141,36.87,7.07,58.27,False,43.08,1
-18.6642,-38.7199,8.52,1990,29.2,0.32,8.025,36.83,1.72,68.82,False,35.75,0
21.5661,23.3023,20.67,2010,29.01,2.8,8.008,35.52,1.35,31.86,True,58.46,0
-14.6247,-92.9394,18.45,2005,29.38,2.72,7.935,35.0,1.12,37.55,False,11.99,1
-7.1883,-151.5948,5.85,2021,29.61,4.57,7.921,33.92,10.01,54.3,True,76.5,1
22.2763,-171.2108,26.65,2010,30.67,5.04,8.156,34.44,1.96,51.25,True,77.68,1
9.7889,-89.5467,20.72,2017,26.37,0.0,8.155,35.59,5.84,50.4,False,0.0,0
-9.4973,-147.0269,11.51,2008,28.48,0.0,7.891,36.25,13.8,38.13,False,21.84,0
11.022,-58.9174,20.83,2003,27.04,0.0,8.047,36.31,2.93,58.27,False,0.0,0
-28.819,98.2561,4.27,2012,29.22,1.93,8.08,33.55,7.36,42.86,False,39.8,1
14.1386,77.866,14.58,2013,27.46,0.0,7.822,35.02,11.08,47.41,False,0.0,0
-0.779,39.9339,5.9,2009,29.92,1.88,8.159,35.86,4.09,68.35,False,24.58,1
18.7909,126.9001,2.2,2021,26.88,0.0,7.894,35.79,0.82,47.03,False,0.0,0
27.2783,-78.4557,10.81,1999,26.09,0.0,8.039,36.89,11.78,74.18,False,0.0,0
25.5473,138.6194,5.37,1990,27.73,0.0,8.118,33.51,11.07,68.84,False,0.0,0
24.5559,-36.2739,19.37,2020,30.37,3.44,8.0,34.85,14.71,57.65,False,46.17,1
0.7302,-35.6784,20.55,2004,28.24,0.62,7.885,33.31,9.29,50.16,False,2.97,0
-8.3915,-34.0734,5.31,2020,26.72,0.0,8.159,35.28,4.98,64.0,False,0.0,0
-2.0979,-144.686,1.71,2017,27.79,0.0,7.893,35.74,2.38,45.8,False,0.0,0
11.3938,171.1766,23.99,1999,26.69,0.0,8.072,33.3,1.93,61.35,False,0.0,0
23.0399,-130.1376,1.06,1995,25.84,0.0,7.892,35.13,9.75,45.35,False,0.0,0
-17.5808,-57.2811,10.97,2004,28.37,0.0,8.068,36.89,5.57,70.51,False,17.51,0
25.0916,-65.0519,15.34,2016,27.36,0.0,7.809,33.14,12.56,68.15,False,0.0,0
18.9108,-153.1154,24.74,1999,28.96,0.18,7.891,33.71,2.31,32.64,False,3.99,0
28.7314,-125.1864,25.32,2010,27.45,0.0,8.001,35.18,14.48,57.76,False,0.0,0
22.8151,-163.851,22.02,2008,30.19,2.97,8.092,35.85,1.37,40.78,True,71.89,1
-13.2038,-74.7344,8.17,1993,27.17,0.0,7.979,36.3,11.84,20.02,False,0.0,0
-23.6426,131.9965,21.89,2011,27.56,0.0,8.141,34.19,11.78,31.34,False,0.0,0
-23.2655,-57.8008,8.15,2004,28.47,0.0,8.142,34.34,9.39,43.97,False,0.0,0
-12.5266,-135.4709,7.22,1995,26.26,0.0,8.059,36.16,14.89,48.44,False,0.0,0
6.851,52.4498,16.87,2000,26.65,0.0,8.138,34.68,0.57,37.71,False,0.0,0
18.2592,178.7763,20.69,2019,27.46,0.0,8.187,36.5,7.25,72.85,False,0.0,0
23.955,-96.3634,2.54,2013,29.29,2.42,8.107,36.68,2.03,26.48,False,26.12,1
7.4252,-79.3544,2.74,2011,26.69,0.0,7.891,36.4,7.97,27.62,False,0.0,0
-29.6621,169.8649,23.74,2019,28.23,0.0,7.897,33.34,3.34,32.89,False,0.0,0
-18.821,-115.6405,25.93,1993,28.97,0.0,7.978,35.16,6.97,46.87,False,0.0,0
-24.0164,4.0371,18.53,1995,28.46,0.0,8.121,36.78,1.05,64.94,False,0.0,0
-8.2005,-93.7252,13.44,2015,29.31,1.29,8.107,36.85,7.07,26.39,False,27.64,1
0.0811,155.6467,25.51,2008,27.06,0.0,8.006,35.1,10.17,87.85,False,0.0,0
-27.3962,173.3476,22.14,1991,29.17,0.0,8.145,34.73,13.25,42.68,False,22.84,0
-9.0913,113.2912,17.81,1993,28.33,0.0,7.966,33.75,13.95,32.63,False,0.0,0
-19.2492,-66.6778,10.27,1994,29.35,2.55,8.068,36.99,5.62,69.89,False,45.77,1
8.8242,-34.7445,6.74,2018,29.15,2.08,8.034,35.48,12.21,72.16,False,24.37,0
-2.1437,-92.77,13.14,2005,28.53,0.73,7.866,33.32,13.25,22.69,False,24.51,1
-0.2809,140.6729,9.32,2001,27.67,0.0,7.97,36.51,14.56,48.3,False,0.0,0
-4.3385,149.241,10.84,2010,29.64,1.15,8.054,35.63,6.87,71.64,False,1.26,0
27.3612,-29.2066,15.95,1998,30.45,4.22,7.885,34.33,12.38,52.57,True,65.34,1
-17.1159,56.3519,5.9,2000,28.11,0.0,7.892,33.74,4.28,80.15,False,0.0,0
0.9999,-120.4009,24.38,1997,28.61,0.0,8.044,35.66,11.63,72.76,False,0.0,0
14.161,-23.4231,5.22,2015,28.17,0.0,8.138,33.04,12.09,61.31,False,0.0,0
3.4107,47.3397,14.95,2021,29.26,0.13,7.893,36.46,12.88,20.31,False,10.13,0
25.7413,-41.2549,22.63,1993,26.38,0.0,7.989,35.52,12.29,41.92,False,0.0,0
-7.3219,-51.2642,15.07,2023,28.24,0.0,7.863,33.85,11.9,68.76,False,0.0,0
-2.1795,-179.6404,11.47,2017,27.45,0.0,7.932,35.78,10.4,48.22,False,0.0,0
-24.6887,109.5456,14.77,2014,28.47,0.0,7.995,34.05,2.11,37.48,False,0.0,0
6.5399,140.1615,25.61,2008,26.57,0.0,8.054,36.54,5.89,70.71,False,0.0,0
-12.7073,169.0069,29.72,2018,28.89,0.0,8.093,35.65,4.08,43.95,False,0.0,0
-20.3815,78.9377,19.3,2003,27.53,0.0,7.918,36.55,6.78,41.74,False,0.0,0
2.6719,17.5652,24.01,2010,30.17,3.73,7.969,35.92,13.79,18.11,True,76.88,1
1.9386,-83.0576,1.42,2003,28.18,0.0,8.052,34.58,9.4,47.8,False,0.0,0
-25.4477,179.7478,26.53,2004,29.68,3.48,7.96,36.26,1.72,55.24,False,54.16,0
11.8929,32.311,28.67,2019,28.41,0.0,8.072,36.27,4.83,54.72,False,0.0,0
7.4263,65.2155,17.68,2001,29.31,1.12,7.956,36.88,12.85,35.54,False,31.73,1
-18.659,65.6662,22.86,1994,27.47,0.0,7.999,35.48,5.94,50.75,False,0.0,0
-1.8339,124.2906,15.87,2016,27.82,0.0,8.207,35.75,0.6,30.56,False,0.0,0
13.2194,-176.5179,9.3,2004,28.24,0.0,8.01,34.93,11.74,58.13,False,36.47,0
1.7661,-100.7111,25.72,2015,27.29,0.0,8.023,34.08,2.54,32.5,False,0.0,0
-6.2707,59.5922,18.31,1998,27.73,0.0,8.13,33.33,2.27,48.43,False,0.0,0
-10.6597,142.2525,17.8,2002,25.56,0.0,8.018,36.02,9.44,33.32,False,0.0,0
6.6236,66.722,20.11,2022,28.76,0.0,7.895,34.88,8.75,75.65,False,0.0,0
26.3465,-31.1431,25.82,2023,26.98,0.0,8.107,36.38,5.73,36.17,False,0.0,0
10.3047,-49.84,22.23,1993,25.87,0.0,8.076,34.73,3.51,55.29,False,0.0,1
-25.5152,85.6613,7.12,2002,27.05,0.0,8.101,36.77,2.0,47.1,False,0.0,0
-2.3589,86.8456,14.54,1999,30.13,3.47,8.099,34.49,2.26,61.83,False,34.6,0
23.4494,38.5409,29.43,1990,28.54,0.0,8.022,34.74,11.17,42.95,False,0.0,0
-24.3323,-75.0719,17.08,2000,30.38,4.48,7.954,35.63,13.55,19.53,True,100.0,1
29.3325,153.0557,28.21,1998,29.41,1.49,8.02,34.27,8.65,35.86,False,21.25,1
26.9442,18.6768,24.59,2012,28.0,0.0,8.178,35.51,9.86,84.15,False,0.0,0
-25.3035,104.5772,20.31,2002,27.92,0.0,7.966,33.05,14.61,64.05,False,0.86,0
26.0048,-102.849,11.13,1994,29.15,0.36,8.133,33.98,0.73,45.31,False,14.68,0
-8.212,-56.1453,9.83,2014,28.0,0.0,7.945,33.93,2.76,28.19,False,0.0,0
20.6826,134.8486,19.66,1999,29.5,2.58,8.146,33.44,7.32,56.05,False,0.71,0
-4.897,-161.9615,13.54,1994,27.67,0.0,8.026,36.7,1.78,74.55,False,0.0,0
-3.5487,4.4335,24.16,2011,28.19,0.0,7.979,36.94,4.3,61.07,False,0.0,0
8.0546,-6.586,23.05,2014,28.17,0.0,8.027,33.16,6.12,72.97,False,12.38,0
16.4686,90.4429,10.05,2009,27.44,0.0,8.028,34.78,10.74,51.01,False,0.0,0
-27.9727,-78.5182,21.38,2017,29.59,0.53,8.113,33.66,2.42,41.26,False,0.0,0
5.5894,-101.1359,15.34,2010,27.46,0.0,8.083,36.32,9.22,28.33,False,0.0,0
-18.796,153.4078,10.38,2000,26.91,0.0,8.099,33.59,1.25,35.09,False,0.0,0
-9.243,25.8155,12.98,2018,27.52,0.0,7.946,33.74,6.99,56.61,False,0.0,0
-9.1219,-142.3118,26.97,1994,28.3,0.0,7.999,35.94,1.93,51.14,False,0.0,0
-1.8564,-110.507,11.43,1994,28.82,0.0,8.18,33.36,7.72,61.21,False,8.45,0
-9.9518,179.5774,9.33,2022,30.3,6.31,8.153,36.8,6.52,62.7,True,100.0,1
-23.5583,-109.5808,11.2,1997,29.0,0.0,8.184,35.93,6.0,62.0,False,36.05,0
-21.2623,39.7712,7.22,1995,29.14,0.0,8.079,36.91,12.28,54.6,False,16.4,0
-27.9937,-28.7539,16.79,2004,28.83,0.0,8.022,34.79,7.99,72.75,False,1.74,0
-1.7851,138.8157,5.28,2004,28.72,0.0,8.155,33.93,4.44,66.78,False,0.0,0
27.2669,91.8607,24.71,1998,29.7,2.18,8.048,36.74,12.29,62.8,False,17.98,0
-23.0595,34.9025,7.54,1994,27.46,0.0,7.978,35.03,8.05,77.58,False,0.0,0
26.7759,-176.134,18.34,2015,27.12,0.0,7.892,36.8,14.65,58.89,False,0.0,0
14.0017,136.7263,4.63,2012,27.15,0.0,7.889,36.81,7.68,34.02,False,0.0,0
8.2499,-19.9197,29.38,2005,29.54,2.52,8.05,36.2,12.47,45.63,False,31.38,1
8.7167,155.368,14.18,1999,26.95,0.0,7.96,33.9,0.52,69.86,False,0.0,0
19.6037,-1.606,24.84,2016,27.87,0.0,7.854,33.94,4.14,76.79,False,0.0,0
-23.5848,69.9208,23.29,2005,29.15,0.53,8.11,35.59,0.93,48.71,False,0.0,0
0.2853,-155.0546,21.7,2010,27.6,0.0,8.069,34.91,8.45,31.25,False,0.0,0
11.8255,88.2546,24.99,2001,29.67,1.06,8.104,34.67,7.36,51.52,False,9.19,1
5.2092,-58.3214,3.91,1998,27.02,0.0,8.145,33.82,11.5,46.8,False,0.0,0
19.9667,-53.5108,20.68,2005,28.68,0.0,7.975,33.89,2.14,61.1,False,0.0,0
-25.6637,-137.2839,8.71,1998,28.06,0.0,8.082,34.46,12.54,39.31,False,0.0,0
11.4421,-127.1314,23.79,2018,27.46,0.0,7.983,35.53,1.55,26.02,False,0.0,0
2.0417,-113.1267,28.75,2012,26.93,0.0,8.05,33.17,12.75,77.14,False,0.0,0
-7.2503,-61.8458,27.14,2013,27.0,0.0,8.1,34.56,8.49,44.3,False,0.0,1
-9.5835,141.1092,4.33,2011,28.79,0.0,8.139,35.99,1.82,37.1,False,18.18,0
7.25,-47.4263,11.72,2020,27.54,0.0,8.028,34.68,0.95,56.85,False,0.0,0
23.4597,80.7706,11.57,1999,28.23,0.0,8.224,35.39,12.07,78.0,False,0.0,0
-0.2294,-150.2109,4.55,2016,29.68,0.0,7.983,33.4,5.1,49.65,False,32.5,1
19.4834,32.7956,3.85,2023,26.76,0.0,8.19,36.76,14.2,72.87,False,0.0,0
-5.8706,-6.5192,12.16,2013,29.64,2.76,7.809,33.56,14.82,37.28,False,53.58,1
-23.8563,172.0649,29.77,2010,26.68,0.0,7.933,35.6,12.13,53.0,False,0.0,0
-26.3097,124.6348,17.5,2004,29.45,1.65,7.908,33.67,11.55,43.2,False,8.62,0
-26.9199,-16.2613,19.03,2006,27.47,0.0,7.992,36.94,10.88,41.14,False,0.0,0
-7.191,99.0514,14.66,2008,27.7,0.0,8.078,35.53,3.38,60.16,False,4.79,0
-9.7657,-110.5061,20.21,2014,29.98,3.78,8.007,35.08,2.73,51.84,False,34.59,1
13.0762,22.4411,28.74,2011,30.53,3.87,7.954,36.38,6.36,48.95,False,71.17,1
14.5693,-153.1371,18.07,2003,28.97,0.0,7.978,33.68,14.21,50.82,False,5.12,0
-26.9488,-54.6879,2.89,2017,27.82,0.0,8.072,34.7,0.98,62.45,False,0.0,0
-16.7326,-98.6896,15.29,2001,29.09,1.73,7.987,36.91,12.4,37.89,False,22.71,1
-13.5443,78.8075,29.79,2016,28.15,0.0,8.235,35.03,6.47,45.0,False,0.0,0
2.8567,-3.5674,12.23,2013,27.21,0.0,8.079,35.52,0.97,35.46,False,0.0,0
-21.3291,90.3854,18.22,2011,29.52,2.23,8.17,33.27,3.09,82.31,False,26.04,0
-21.9635,5.5064,4.09,2012,29.45,0.0,7.883,33.29,14.73,74.43,False,11.8,0
26.6273,-148.8656,5.09,1997,27.02,0.0,7.993,33.25,12.32,68.34,False,0.0,0
18.2522,84.7324,26.37,2017,29.76,0.45,8.047,34.96,12.51,69.34,False,13.21,0
-19.1607,119.9625,9.71,2018,25.97,0.0,8.117,35.88,8.46,67.2,False,0.0,0
-5.6059,145.2712,9.86,2004,27.44,0.0,8.098,34.3,1.07,68.07,False,0.0,0
-8.6627,25.9171,12.23,1997,27.98,0.0,8.118,35.3,12.36,32.01,False,0.0,0
17.4602,91.2907,29.03,2017,27.3,0.0,7.933,35.31,7.37,48.18,False,0.0,0
0.6128,90.736,3.45,2022,31.04,7.53,8.036,33.63,10.86,43.18,False,99.62,1
-22.329,-123.9301,24.74,2000,29.21,1.59,7.865,36.0,11.31,71.74,False,1.06,0
14.3395,-120.8806,10.91,2014,28.96,0.0,7.937,35.19,1.08,39.66,False,12.41,0
-6.1867,-154.4812,25.63,2023,31.23,8.24,8.056,33.48,3.77,55.71,True,100.0,1
-14.2245,-64.8311,29.76,2011,27.69,0.0,8.065,36.79,12.58,42.13,False,0.0,0
-7.4701,-9.5369,11.11,1991,30.03,3.49,7.966,33.99,7.62,71.86,False,46.06,1
-0.1346,179.2432,4.75,2005,27.1,0.0,8.058,34.65,0.96,65.3,False,2.02,0
-9.4131,-24.8424,5.19,2000,28.15,0.0,8.031,36.78,14.41,44.85,False,0.0,0
-15.4857,81.4473,23.0,2003,28.27,0.0,8.253,34.33,9.46,75.85,False,0.0,0
-6.0899,69.6229,5.2,2021,28.39,0.0,7.954,33.74,6.29,49.62,False,13.57,0
-28.8496,-106.3865,8.55,2011,29.44,0.31,7.987,36.93,13.56,30.14,False,18.33,0
16.3499,-158.9374,6.93,1994,26.85,0.0,7.915,36.98,2.42,63.96,False,0.0,0
-19.7433,16.5624,11.31,2012,28.12,0.0,7.871,35.75,14.63,57.43,False,0.0,0
-27.3657,72.11,3.16,2008,26.35,0.0,8.181,36.58,4.27,48.5,False,0.0,0
9.2219,179.3706,25.85,2018,29.67,3.9,7.932,37.0,8.63,24.05,False,42.6,1
16.4362,-50.9,25.94,2012,28.86,0.0,8.014,33.59,12.36,73.69,False,0.0,0
18.8297,142.6912,12.98,1998,27.64,0.0,7.997,36.37,4.35,52.76,False,0.0,0
-0.3894,-42.5043,18.75,2007,26.68,0.0,8.101,33.19,4.72,72.87,False,0.0,0
-17.6779,68.1882,19.62,2020,28.11,0.0,7.919,35.58,9.07,68.79,False,0.0,0
14.2337,35.3711,22.73,2006,29.08,0.93,8.062,35.5,1.57,33.55,False,5.97,1
11.9828,-160.9276,16.1,2007,29.24,0.0,8.125,34.95,11.49,71.77,False,6.03,0
-15.2238,-151.7802,15.8,2016,28.91,0.71,7.991,35.3,4.97,36.53,False,7.54,0
24.2045,-172.5249,19.31,2010,29.47,0.1,7.928,34.11,14.37,45.03,False,8.71,0
-23.7377,-46.4997,21.39,1990,27.12,0.0,7.925,33.03,4.68,41.92,False,0.0,0
28.9613,88.4884,11.05,2021,30.57,4.55,8.141,33.75,14.15,25.77,True,100.0,1
21.6149,-117.8081,10.58,2003,29.39,0.96,8.103,36.74,2.14,66.62,False,12.15,1
11.2739,38.1071,8.82,2003,26.88,0.0,8.17,34.09,6.31,57.3,False,0.0,0
26.325,-76.022,16.92,2022,30.54,5.83,7.962,35.85,9.92,42.99,True,100.0,1
13.3387,106.9173,11.44,2001,28.93,0.0,8.054,34.82,4.29,46.54,False,18.69,1
-18.5726,107.4226,16.67,2014,28.95,0.0,8.166,36.92,11.33,90.0,False,0.0,0
-3.4706,99.1492,12.77,2004,28.0,0.0,8.044,36.91,14.9,63.71,False,0.0,0
-25.7098,8.9401,25.27,2009,28.58,0.61,7.969,35.12,14.16,77.91,False,0.0,0
-6.6206,-77.556,3.12,2023,29.74,2.46,7.934,34.38,14.69,43.84,False,50.24,1
14.4962,111.3999,17.59,2003,25.54,0.0,8.161,34.61,1.3,63.67,False,0.0,0
-6.8134,-113.0038,17.69,2019,26.6,0.0,8.146,34.43,9.27,47.51,False,0.0,0
-10.1823,-75.6865,12.13,2002,28.6,0.0,8.068,33.23,12.96,34.76,False,0.0,0
5.7213,-113.7788,13.21,2003,27.49,0.0,7.748,33.2,13.17,70.38,False,0.0,0
22.3323,62.7157,24.2,2018,28.56,0.0,8.123,35.25,7.56,49.37,False,0.0,0
-27.145,67.045,9.14,2015,30.52,6.17,8.075,35.3,0.67,69.28,True,100.0,1
-6.8718,54.9036,26.27,1992,29.36,0.0,7.997,33.29,11.64,53.63,False,0.0,0
-20.5056,-30.3835,26.99,2014,30.85,3.23,7.877,34.55,14.11,23.0,False,49.01,1
11.7213,-143.9384,19.87,2016,28.72,0.0,8.019,36.68,0.56,34.85,False,0.0,0
-23.6565,148.0211,23.41,2005,26.62,0.0,8.034,34.75,1.13,66.9,False,0.0,0
9.8885,2.7831,18.78,2000,29.84,3.1,8.007,34.42,11.72,64.87,False,55.85,1
-12.8291,-33.49,16.23,2018,26.81,0.0,7.948,33.29,11.79,80.27,False,0.0,1
-18.065,31.977,29.03,2013,29.52,0.63,8.051,36.31,3.55,50.29,False,0.0,1
26.1812,-110.5954,9.2,2018,29.07,0.0,7.86,35.36,10.9,71.76,False,6.07,0
-28.8885,-132.2824,5.47,2023,29.57,3.04,7.876,33.67,13.31,45.72,False,57.1,1
-3.7334,-34.0109,9.34,2000,26.45,0.0,7.893,34.66,4.24,47.97,False,0.0,0
-28.7024,-98.2006,18.82,2009,29.51,1.92,7.946,35.92,6.98,33.49,False,0.0,0
-0.9844,-92.0555,6.37,2009,29.17,0.0,8.079,34.06,7.55,54.77,False,18.89,0
0.0628,141.3041,27.36,1998,26.17,0.0,8.088,34.95,6.51,44.62,False,0.0,0
-10.7003,11.0733,12.92,2012,30.81,4.7,7.915,35.17,5.23,45.47,True,100.0,1
-22.0703,-5.9511,25.65,2016,30.67,7.58,7.969,35.86,14.85,36.28,True,100.0,1
-7.4167,68.2127,8.23,2013,28.59,0.0,7.91,35.29,8.77,67.58,False,0.0,0
10.3358,162.5573,10.08,2014,28.16,0.0,8.031,34.83,10.87,54.96,False,3.95,0
16.9437,-139.6085,2.72,2014,28.71,1.78,7.988,33.69,2.05,77.21,False,2.57,0
1.845,120.0724,8.48,2022,28.7,0.26,7.831,34.24,7.89,49.88,False,20.17,0
5.3901,30.2469,15.22,2020,30.09,4.47,8.146,34.55,13.49,31.84,True,95.94,1
-17.963,-127.3805,28.44,1999,28.91,1.69,8.026,36.66,10.84,56.7,False,20.86,1
-12.7602,-73.0262,12.28,2004,26.54,0.0,8.082,35.63,4.56,90.0,False,0.0,0
-20.2863,-6.3499,19.55,1990,27.18,0.0,8.038,35.16,12.72,58.59,False,0.0,0
-15.0423,68.8238,13.4,2005,28.34,0.0,8.08,35.04,1.26,46.9,False,0.0,0
-16.5068,-92.6615,2.36,2010,28.41,0.0,7.923,35.62,14.79,71.51,False,5.94,1
1.1669,12.5564,15.6,1991,28.85,0.0,7.846,33.92,11.49,63.41,False,11.35,0
3.7613,66.4818,2.91,1992,27.19,0.0,8.107,34.71,14.29,82.93,False,0.32,0
26.6968,-18.4533,26.63,2004,27.71,0.0,7.992,35.26,12.9,52.75,False,0.0,0
-18.2658,130.6893,22.84,2021,28.76,0.0,8.031,34.47,11.68,60.78,False,0.0,0
8.5005,133.0053,11.98,2016,28.16,0.0,7.955,33.21,6.91,45.29,False,0.0,0
19.0356,-10.5512,19.57,2013,27.46,0.0,8.078,34.71,12.21,73.51,False,0.0,0
3.6145,170.2533,4.25,1997,30.33,3.27,8.147,33.56,1.6,70.29,False,60.48,1
-14.6998,-152.7894,21.37,1996,27.49,0.0,8.068,36.14,3.81,60.06,False,0.0,0
-14.247,-178.7895,24.86,1993,27.48,0.0,8.184,35.02,13.37,39.81,False,0.0,0
-27.6448,-42.9594,24.83,2019,27.98,0.0,7.931,36.87,10.64,48.35,False,0.0,0
-11.6733,36.3949,9.24,1999,29.1,0.74,8.147,34.47,3.2,61.58,False,0.0,0
14.6762,46.5121,8.65,2014,27.27,0.0,8.036,34.06,6.53,65.48,False,0.0,0
-27.1489,-8.4795,16.12,2021,29.99,1.82,8.043,36.99,10.84,29.96,False,48.45,1
-16.8423,-135.042,29.07,2021,26.87,0.0,8.122,34.29,12.05,83.9,False,0.0,0
12.3739,-118.6209,27.7,2021,29.24,0.43,8.094,34.6,12.69,35.78,False,12.26,0
16.9591,126.7733,11.43,1999,29.11,1.33,8.005,33.04,2.65,17.95,False,15.2,0
-2.6809,132.448,23.62,1998,26.38,0.0,7.968,33.85,0.6,58.56,False,0.0,0
11.8845,62.6035,27.72,2014,31.28,8.71,8.031,36.1,2.45,60.55,True,100.0,1
-6.7229,59.1185,8.57,2014,26.47,0.0,8.11,35.82,7.64,38.4,False,0.0,0
-20.4052,35.1656,25.08,2005,27.62,0.0,7.926,34.6,13.87,36.8,False,0.0,0
-6.111,-106.9467,8.77,2005,28.35,0.0,8.116,36.67,3.31,63.41,False,5.3,1
4.7981,-25.8297,10.96,2019,30.06,3.08,7.924,35.17,11.68,49.2,False,71.4,1
26.8832,70.5221,6.77,1994,26.77,0.0,8.076,35.52,10.34,74.66,False,0.0,0
-25.8749,13.4108,15.71,1996,28.83,1.81,7.846,36.21,14.48,31.82,False,28.11,0
0.4436,-173.3111,25.46,2002,26.94,0.0,7.997,35.81,4.72,28.37,False,0.0,0
-10.2648,163.2805,16.31,1997,29.0,0.0,8.14,33.6,10.45,49.38,False,4.13,0
0.4987,124.1338,4.58,2022,29.02,0.0,8.113,34.91,0.93,31.68,False,1.89,0
-28.5615,-86.2038,8.3,1999,25.77,0.0,7.896,35.41,3.98,24.7,False,0.0,0
-11.2185,41.9252,17.32,2009,26.63,0.0,8.143,33.2,9.57,83.5,False,0.0,1
19.1921,152.3662,17.91,2021,27.15,0.0,7.966,33.98,14.57,80.75,False,0.0,0
3.2365,-145.436,17.73,2018,30.08,5.14,8.095,36.13,6.29,50.13,True,100.0,1
-2.9651,1.0906,3.23,1990,29.93,4.69,8.059,36.82,10.13,30.16,False,95.74,1
-12.8685,-15.7525,22.86,2016,27.88,0.0,7.913,36.92,1.57,64.57,False,0.0,1
-12.1174,-32.3262,27.37,2009,30.18,4.03,7.938,35.87,0.67,33.48,True,69.09,1
-7.0139,120.8119,15.81,2003,28.85,0.0,7.962,35.81,2.68,60.99,False,0.0,0
20.1342,-42.9674,21.85,2004,27.49,0.0,7.802,35.82,8.93,61.66,False,9.46,0
28.0328,-157.0812,27.51,1995,28.67,1.01,8.197,34.19,12.24,69.32,False,5.11,0
-3.6807,-156.2984,19.64,1991,29.37,0.0,8.005,34.64,5.76,73.19,False,20.22,0
-6.3988,-164.6119,20.56,2018,27.79,0.0,7.904,33.72,10.66,73.81,False,0.0,0
20.793,-32.7076,21.92,2021,27.43,0.0,8.105,34.88,7.41,67.66,False,0.11,0
-4.3857,78.6263,8.55,1994,29.54,0.38,8.048,33.16,12.36,46.79,False,2.31,0
3.1211,-106.6599,17.9,2011,30.1,4.25,7.897,36.32,2.01,67.1,False,28.55,0
-16.1435,52.7287,25.42,2017,27.02,0.0,7.955,36.79,8.97,41.65,False,0.0,0
14.6102,67.3518,9.59,2021,29.56,1.65,7.956,33.55,14.01,52.37,False,44.45,1
1.9193,-88.1272,27.02,2018,26.87,0.0,8.025,34.94,1.78,86.91,False,0.0,0
18.5421,36.2008,18.99,1992,27.73,0.0,8.14,34.76,4.32,86.12,False,0.0,0
16.844,66.5526,13.27,2020,27.38,0.0,8.113,35.98,4.46,58.41,False,0.0,0
-17.0997,-12.0191,19.07,2002,28.76,0.0,7.903,35.06,9.97,41.65,False,9.17,0
12.9381,-58.782,12.65,1995,28.14,0.0,8.051,34.79,11.83,64.78,False,0.0,0
18.0033,42.8946,25.3,2010,27.05,0.0,7.975,33.56,9.78,50.78,False,0.0,0
-9.2336,172.025,14.99,2003,25.82,0.0,8.059,34.14,6.99,54.99,False,0.0,0
-19.6435,-26.3371,27.14,2014,28.13,0.0,7.941,35.35,4.13,50.64,False,0.0,0
-29.8421,-38.9754,15.78,1996,27.52,0.0,7.971,33.16,13.97,41.77,False,0.0,0
-2.9458,-12.8639,20.15,2011,27.02,0.0,7.84,34.33,3.13,28.74,False,0.0,0
-8.854,-152.5614,29.93,2021,30.3,4.49,8.071,33.57,11.65,34.61,True,90.1,1
3.2946,19.1388,5.26,2021,28.17,0.0,7.954,33.3,2.78,71.92,False,0.0,0
-18.7175,-61.6689,22.37,2019,30.28,3.07,7.927,34.7,6.63,28.16,False,53.64,1
21.5799,-136.288,5.03,2006,28.16,0.0,7.946,34.22,4.87,57.32,False,0.0,1
-14.5347,-12.1476,25.33,2010,26.57,0.0,8.094,35.29,4.67,40.32,False,0.0,0
-16.4142,-178.7818,18.3,2015,27.21,0.0,8.176,33.82,4.94,40.78,False,0.0,0
-1.1572,-35.3573,28.21,1992,29.81,2.09,8.044,33.22,12.47,46.54,False,56.54,1
-0.0689,-141.9353,26.11,2006,25.77,0.0,7.867,33.14,3.86,46.06,False,0.0,0
-17.0949,-171.2546,3.17,1995,29.18,0.0,8.053,34.73,3.77,69.01,False,2.6,1
-13.6884,116.811,4.98,2010,29.25,3.83,7.91,33.03,5.32,63.06,False,42.5,1
-19.8177,149.8496,18.43,2002,30.46,3.95,7.93,33.22,9.92,66.13,False,62.1,1
13.1076,-105.2371,16.03,1998,29.27,2.46,8.031,34.37,8.53,79.55,True,29.14,1
16.2053,14.1474,5.89,1994,29.36,1.58,8.234,36.76,6.66,49.48,False,21.13,0
-2.2603,-79.9351,4.75,1996,26.24,0.0,7.987,35.86,14.13,47.52,False,0.0,0
12.8452,-2.3121,17.36,2020,28.13,0.58,7.874,35.96,2.99,44.89,False,2.34,1
14.1561,-22.8127,2.42,1993,27.27,0.0,8.043,33.68,2.25,68.54,False,0.0,0
-21.7035,-83.1416,26.34,2002,29.43,0.08,7.994,35.28,3.06,44.86,False,0.0,0
27.9707,72.1417,24.41,2004,28.45,0.0,7.992,33.92,9.29,55.48,False,0.0,0
19.2619,-134.4633,23.78,2002,26.29,0.0,8.073,35.07,11.94,46.47,False,0.0,0
-17.731,-160.8938,1.46,2015,29.99,4.8,7.918,36.25,11.31,37.93,True,100.0,1
-18.8301,96.3632,2.38,2008,27.7,0.0,7.869,34.73,13.7,66.91,False,0.0,0
-22.4603,59.7348,16.95,1990,28.41,0.06,8.052,33.91,11.12,44.63,False,12.82,0
-21.6973,-0.5306,29.84,2002,28.91,0.0,7.944,34.23,15.0,39.11,False,0.0,0
14.8897,-11.5957,10.93,2014,30.02,4.64,7.853,34.96,8.47,27.68,True,84.69,1
-1.8207,-0.9319,10.99,2009,29.19,1.36,8.072,36.24,14.93,36.86,False,15.83,1
16.9761,-22.6713,4.89,2012,30.52,3.34,7.92,35.54,8.29,54.23,False,52.29,1
14.7753,-38.5588,20.56,2013,31.33,6.38,8.156,36.82,1.67,45.53,True,100.0,1
6.2768,-0.1114,19.75,2019,28.26,0.55,8.166,36.91,12.16,44.41,False,0.29,0
11.182,10.2655,3.94,2023,26.58,0.0,8.054,34.25,13.35,45.11,False,0.0,1
-28.8987,69.0848,14.55,1999,25.85,0.0,8.127,35.64,7.0,44.36,False,0.0,0
-11.2933,76.0346,20.35,1990,30.1,1.75,8.037,35.83,2.66,51.94,False,58.52,1
8.2693,-44.0535,15.31,2001,28.22,0.0,7.913,35.24,14.08,30.67,False,0.0,0
-29.4393,-31.1254,20.56,2018,27.67,0.0,8.045,36.21,13.57,45.23,False,0.0,0
-28.0214,-45.469,24.67,2000,26.37,0.0,8.08,34.1,4.31,62.95,False,0.0,0
21.1133,13.1529,20.89,2006,27.04,0.0,8.043,36.05,2.97,40.2,False,0.0,0
11.0415,-16.7927,18.87,2009,26.79,0.0,7.89,34.0,1.86,71.1,False,0.0,0
-14.0778,140.2547,25.75,1995,26.44,0.0,8.051,35.17,3.71,33.09,False,0.0,0
11.2778,70.6901,27.12,2009,28.51,0.0,7.983,33.45,12.45,70.58,False,0.0,0
17.5474,143.5163,12.28,1999,27.74,0.0,7.912,35.74,8.95,48.64,False,0.0,0
-11.5923,75.2893,6.02,1999,29.87,4.15,8.035,36.43,7.51,51.69,True,73.22,1
-27.8378,169.5572,24.72,2020,28.68,0.41,7.903,35.96,13.54,53.1,False,0.0,0
25.9667,48.8652,7.2,2015,29.55,2.14,8.064,36.81,5.45,29.02,False,27.86,1
-9.2892,166.878,27.94,2006,26.65,0.0,7.877,36.96,7.26,60.45,False,0.0,0
-23.6111,-123.0588,1.66,2003,28.24,0.0,8.04,34.84,14.34,47.88,False,0.0,0
-0.4886,-161.108,27.72,1994,26.53,0.0,8.158,33.62,4.51,49.67,False,0.0,0
16.1081,28.4851,18.09,1992,29.56,0.0,8.091,35.85,10.54,46.91,False,0.13,0
-16.7012,174.0576,23.47,2009,27.61,0.0,7.888,34.68,2.94,52.91,False,0.0,0
-13.8306,-29.6621,12.56,2004,29.26,0.0,8.073,34.54,8.54,26.26,False,7.67,0
-15.4371,-103.6644,29.76,1992,29.21,0.07,8.183,33.73,12.85,56.03,False,0.0,0
29.5004,7.7549,7.6,1992,26.9,0.0,8.039,33.16,4.83,55.59,False,0.0,0
-18.1558,53.5675,8.67,2012,28.32,0.0,7.941,36.06,3.05,54.13,False,0.0,0
4.5312,-66.5357,2.49,1998,28.52,0.0,7.968,34.93,13.18,55.52,False,14.67,0
25.5159,77.317,28.27,2000,28.43,0.0,8.018,34.59,3.1,52.21,False,0.0,0
-21.1862,171.0412,14.22,2002,28.95,0.2,7.9,34.47,13.67,54.54,False,25.08,1
28.2513,142.9067,20.57,1997,26.59,0.0,8.015,35.02,10.99,33.5,False,0.0,0
26.8486,-75.0293,20.94,2011,29.69,3.31,7.991,35.97,2.98,52.28,False,23.9,0
23.0743,-62.3795,26.36,2016,26.79,0.0,7.877,34.74,13.5,74.59,False,0.0,0
-17.1266,-46.2452,20.28,2015,27.74,0.0,8.121,33.38,4.08,30.1,False,0.0,0
8.0433,-37.961,17.3,2012,27.69,0.0,8.019,34.03,4.21,36.07,False,0.0,0
15.6535,-143.885,21.6,2020,30.33,5.37,8.035,33.53,11.48,64.67,True,100.0,1
29.1617,94.3066,22.78,2018,29.78,1.39,8.02,33.76,9.44,73.04,False,1.7,1
-19.1746,-48.4779,6.39,1990,27.59,0.0,8.078,36.5,12.52,68.2,False,0.0,0
15.9616,136.7352,4.18,1999,26.68,0.0,8.025,33.69,6.22,26.45,False,0.0,0
-9.6719,153.6986,3.17,1993,29.38,1.48,8.006,35.9,11.04,30.79,False,52.21,1
-19.4624,-171.2047,11.85,2020,27.22,0.0,7.876,34.21,8.5,69.86,False,0.0,0
-4.7174,175.8611,15.44,1993,27.16,0.0,7.987,36.61,8.02,76.11,False,0.0,0
17.6302,75.6082,18.85,2018,31.01,5.1,7.853,35.49,9.63,60.12,True,100.0,1
-2.109,7.3412,28.78,1998,27.12,0.0,8.042,35.7,13.72,78.8,False,0.0,0
2.2514,-39.7701,10.59,2004,29.59,1.67,8.29,35.1,9.62,69.7,False,35.18,0
29.7096,6.6665,23.07,1992,26.86,0.0,8.213,36.71,8.41,48.14,False,0.0,0
-6.0534,-63.1351,16.41,2004,28.21,0.0,7.977,33.63,14.78,52.69,False,0.0,0
6.924,44.1676,7.38,2000,28.5,0.0,7.86,34.15,12.52,78.13,False,0.0,0
-8.0853,-146.5271,18.84,1995,28.68,0.82,7.892,36.62,0.69,55.8,False,0.98,0
-6.4329,43.6041,29.05,1996,26.42,0.0,7.928,36.96,3.95,50.38,False,0.0,0
11.7384,-80.8759,4.6,1993,27.98,0.0,7.931,36.08,6.84,33.17,False,0.0,1
26.2732,-173.6515,15.71,2010,30.15,3.95,7.945,33.85,6.91,41.53,False,57.06,1
2.5415,18.9741,2.5,1990,29.23,0.09,8.009,36.63,14.32,79.96,False,18.95,0
16.104,28.2412,10.32,2012,27.25,0.0,8.004,33.67,4.86,81.32,False,0.0,0
-24.6476,-26.4352,19.0,2002,27.36,0.0,7.895,36.5,14.57,70.35,False,0.0,0
-17.3305,-153.977,25.39,2017,28.41,0.69,8.031,34.53,0.98,61.35,False,0.0,0
0.1279,141.6035,22.18,2018,29.97,4.57,7.994,33.19,13.61,37.71,False,61.6,1
-28.7993,40.1151,14.42,2007,27.38,0.0,8.089,35.45,9.74,36.47,False,0.0,0
-14.8287,-138.3432,27.37,2012,29.32,0.0,8.03,34.48,6.44,55.63,False,9.55,0
1.0441,3.935,9.78,2017,27.81,0.0,7.966,33.08,14.86,66.95,False,0.0,0
-29.1023,-0.9884,22.87,1998,26.08,0.0,8.08,33.6,14.97,43.85,False,0.0,0
-14.1272,-158.2553,14.75,1995,28.27,0.0,8.01,34.82,6.59,57.74,False,3.02,0
0.8418,38.4695,27.06,2005,28.57,0.0,7.877,35.61,3.3,49.32,False,0.0,0
4.389,110.9975,24.13,1990,28.63,0.98,7.888,33.13,7.12,63.91,False,3.92,0
25.5451,89.6429,27.14,2011,29.29,0.0,8.106,35.08,12.58,55.84,False,40.34,1
8.7207,-106.931,7.21,2012,26.58,0.0,7.936,33.19,10.71,31.07,False,0.0,0
-5.1159,130.4253,20.38,2010,29.48,0.0,8.045,36.61,1.36,53.31,False,0.0,0
25.8211,-56.6848,22.42,2020,30.01,0.29,7.894,35.83,3.73,56.79,False,14.98,0
17.093,160.743,22.53,2017,28.34,0.0,8.207,33.34,7.26,41.63,False,0.0,0
-17.9995,-154.1707,15.62,2016,28.08,0.0,7.829,35.03,14.4,34.83,False,0.0,0
-22.1495,-4.9649,1.33,2002,29.57,3.52,8.076,35.94,9.44,53.47,True,47.44,1
10.5487,34.9648,8.58,2021,27.08,0.0,7.98,34.15,1.23,49.7,False,0.0,0
3.593,-90.846,10.38,1996,27.2,0.0,7.988,33.75,6.06,66.84,False,0.0,0
17.3804,97.6969,25.71,2022,29.48,0.49,8.161,35.7,13.65,31.93,False,34.39,1
14.3283,45.6824,25.39,2002,27.95,0.0,7.978,36.12,7.84,36.99,False,0.0,0
7.5127,-173.4806,4.04,2021,30.1,1.19,8.019,34.6,1.91,83.14,False,59.0,1
29.1829,39.0127,28.55,1996,27.42,0.0,7.961,33.96,9.18,60.21,False,0.0,0
2.0154,-3.0678,6.29,2001,28.22,0.0,7.878,36.77,10.32,57.62,False,0.0,0
-23.2137,-109.4295,13.02,2004,29.24,0.0,7.915,35.15,11.41,55.9,False,0.0,1
19.6964,178.4694,7.24,2010,26.32,0.0,8.105,34.96,5.37,52.31,False,0.0,0
-14.8888,142.9784,25.95,2001,30.07,0.23,7.879,35.92,10.66,63.46,False,27.18,1
16.6381,-74.6972,22.73,2002,27.55,0.0,8.0,36.58,5.14,43.38,False,0.0,0
27.4264,14.7855,11.25,1991,29.23,0.58,8.003,34.22,8.04,43.79,False,7.96,0
11.8077,-66.0592,20.77,2018,30.23,2.97,7.868,36.25,0.78,21.51,False,30.81,1
5.7618,99.1785,6.35,2018,26.97,0.0,8.122,36.73,10.27,39.75,False,0.0,0
-2.3768,154.9193,12.09,1996,28.6,0.0,8.141,36.85,5.99,27.98,False,0.0,0
-8.1354,-50.8217,11.94,2019,29.61,1.91,8.195,35.75,10.72,42.01,False,19.1,0
-8.8197,110.0103,7.9,2012,31.24,6.7,8.209,36.08,14.48,17.49,True,100.0,1
8.1824,-0.5733,26.41,2017,29.07,0.0,7.965,36.37,1.68,40.13,False,0.0,1
15.0764,-37.2317,20.69,2012,30.23,2.65,7.958,36.17,12.96,44.05,False,19.18,0
10.711,157.8319,9.12,2018,27.27,0.0,8.102,33.75,3.87,44.78,False,2.61,0
-18.0954,3.7457,8.02,1993,27.75,0.0,7.907,33.01,4.01,57.19,False,0.0,1
-0.3608,-11.7322,1.52,2009,27.14,0.0,8.021,35.3,3.78,33.9,False,0.0,0
17.4984,62.0764,11.05,1994,26.04,0.0,8.058,35.5,2.49,37.16,False,0.0,0
-1.4578,-85.9557,16.28,2000,28.39,0.0,8.197,33.9,3.34,70.08,False,0.0,0
2.1974,-63.0746,9.05,1991,27.88,0.0,7.95,33.75,11.26,57.83,False,0.0,0
16.2682,155.5365,21.31,2013,26.95,0.0,7.83,35.13,11.64,62.17,False,0.0,1
9.6759,64.2707,12.94,2022,28.75,0.0,8.03,36.57,14.44,48.82,False,0.0,0
-5.4393,117.5894,10.17,2011,29.95,0.0,7.865,33.75,2.0,65.94,False,14.62,0
23.7248,-82.3998,28.23,1995,27.95,0.0,8.201,36.5,2.68,35.5,False,0.0,0
-20.246,15.7645,8.62,2013,27.33,0.0,8.037,36.45,13.33,34.43,False,0.0,0
29.731,169.7027,12.55,2018,30.37,5.25,8.098,34.0,8.69,26.75,True,86.55,1
-22.8688,-65.2666,12.09,2021,28.59,0.0,8.11,36.19,8.41,40.27,False,0.0,0
-29.103,-122.2285,7.99,2019,27.91,0.0,8.061,36.83,11.69,50.07,False,0.0,0
23.4011,3.919,7.31,1992,28.62,0.0,8.0,33.63,8.52,60.53,False,0.0,0
-15.3028,-40.3844,9.77,2014,27.38,0.0,8.014,35.18,1.4,52.09,False,0.0,0
13.782,-122.5522,26.06,2017,27.53,0.0,7.88,36.23,13.54,39.68,False,0.0,0
18.6609,139.8785,23.25,2004,27.67,0.0,7.912,34.33,2.44,32.26,False,0.0,0
21.5392,176.6606,20.75,2006,27.43,0.0,7.873,33.3,7.46,46.82,False,0.0,0
29.4957,24.6896,14.26,1991,28.05,0.0,8.145,33.49,5.79,74.27,False,0.0,0
-12.3576,98.8836,15.72,2016,28.17,0.0,7.874,34.33,5.86,31.83,False,0.0,0
12.6146,129.2538,8.75,2003,30.21,1.85,7.992,33.17,4.62,59.24,False,32.99,1
-23.076,72.3535,3.16,2021,30.09,3.18,7.904,33.18,14.38,56.39,False,100.0,1
-5.5914,-164.1038,10.6,2001,26.37,0.0,8.26,36.9,1.72,85.43,False,0.0,0
20.8783,-123.2517,15.37,2012,27.2,0.0,8.003,33.49,12.14,58.1,False,0.0,0
-7.9405,-154.4439,2.66,2005,27.93,0.0,7.902,33.65,6.19,46.84,False,17.01,0
5.4657,-176.4433,3.56,1991,29.21,1.85,8.191,35.36,1.26,70.42,False,15.93,0
0.2264,-69.8413,8.63,1996,29.9,2.3,7.948,36.26,8.81,36.55,False,34.8,1
8.7571,-38.7519,11.65,2010,27.29,0.0,8.192,33.64,5.9,51.33,False,0.0,0
28.3737,-93.2293,12.41,2020,31.06,8.5,7.963,33.17,3.7,51.21,True,100.0,1
-26.6559,-156.7423,4.42,2012,27.25,0.0,7.928,33.88,5.87,70.9,False,0.0,0
4.4377,10.7507,7.55,2014,30.01,3.12,8.116,35.02,14.67,48.04,False,28.09,0
21.7817,-81.605,8.59,1996,29.66,2.41,8.037,36.97,11.61,69.1,False,50.21,1
-1.117,106.5734,2.96,1994,27.31,0.0,8.006,35.47,12.39,69.88,False,0.0,0
-25.2884,-177.1011,10.46,2021,26.68,0.0,8.208,33.89,8.12,78.47,False,0.0,0
3.6324,123.3097,3.09,1994,28.28,0.0,8.068,33.04,4.78,62.26,False,17.12,0
-10.0756,163.7113,21.4,2014,27.56,0.0,7.925,33.66,8.45,48.45,False,0.0,0
-20.7035,77.8086,12.2,2020,29.26,0.0,8.04,35.62,8.41,46.27,False,16.15,0
20.9421,84.1119,10.48,2009,27.76,0.0,8.005,34.27,2.65,66.85,False,0.0,0
1.296,156.0824,4.67,2011,29.7,0.0,7.96,35.22,10.1,43.39,False,20.52,1
25.9966,-104.7343,7.57,2002,28.5,0.0,8.123,35.34,11.83,63.2,False,7.36,0
18.361,178.0436,7.75,1991,27.23,0.0,7.925,33.64,8.46,62.91,False,0.0,0
11.5783,98.4532,29.57,2011,29.9,4.84,7.837,34.63,6.25,47.28,True,79.06,1
-29.6985,81.5655,25.23,1998,26.22,0.0,7.886,35.21,9.76,48.55,False,0.0,0
-4.3306,-50.0074,1.44,1991,30.04,4.23,7.901,36.47,8.29,68.17,True,82.98,1
-18.1508,16.4799,18.89,2021,28.68,0.0,7.963,36.2,1.7,48.18,False,0.0,0
24.6479,55.4104,8.42,1997,26.73,0.0,7.929,35.69,5.93,45.58,False,0.0,0
-19.525,43.3234,4.03,2005,26.46,0.0,8.009,36.11,13.93,66.99,False,0.0,0
-12.8364,73.7945,21.46,2022,27.51,0.0,7.876,36.83,1.39,27.99,False,0.0,0
1.0102,-150.3426,4.82,2000,26.68,0.0,8.002,36.05,4.62,56.88,False,0.0,0
-14.1982,-51.9666,13.87,2021,27.93,0.0,7.985,33.82,12.92,33.5,False,0.0,0
-17.4081,-23.76,19.33,1997,28.09,0.0,7.916,34.34,0.52,67.33,False,0.0,1
5.946,-86.1735,17.08,2021,27.92,0.0,8.054,34.47,14.15,47.02,False,0.0,0
-24.6642,-117.8542,29.35,2010,27.06,0.0,7.97,34.75,10.48,47.88,False,0.0,0
-26.5099,-129.9861,23.79,2014,29.52,0.92,7.936,35.53,6.0,38.28,False,22.9,0
-7.6653,-48.102,23.45,2009,29.6,1.86,8.161,34.68,0.91,64.65,False,23.62,0
13.2399,-2.361,11.31,1990,29.98,3.37,8.199,34.86,1.16,36.97,False,49.21,1
3.2884,-157.3285,1.24,2010,26.36,0.0,8.19,35.37,4.79,78.24,False,0.0,0
-4.6274,160.7249,22.3,1996,29.75,1.69,7.991,36.24,10.06,57.25,False,17.96,1
3.9451,95.4876,29.99,2014,26.7,0.0,8.067,34.79,1.48,64.07,False,0.0,0
-8.0729,83.1066,12.77,1998,26.19,0.0,7.958,35.52,13.28,36.1,False,0.0,0
26.1688,-117.7702,29.58,2011,29.2,0.0,7.977,34.86,12.94,33.25,False,0.0,0
-26.7057,37.3683,5.11,1991,27.32,0.0,8.199,36.99,4.63,35.94,False,0.0,0
10.4035,10.701,9.6,2008,26.51,0.0,7.861,36.77,3.32,32.77,False,0.0,0
23.477,173.6888,5.95,1995,26.18,0.0,8.082,35.16,6.73,58.14,False,0.0,0
18.2331,89.1618,14.78,1994,28.26,0.0,8.003,36.26,4.59,54.07,False,0.0,0
-18.9575,27.2743,24.11,1999,27.81,0.0,8.12,36.45,14.28,75.08,False,0.0,0
-12.2444,126.2926,10.88,1990,26.97,0.0,7.977,33.11,8.95,53.7,False,0.0,0
13.0229,-124.1661,27.28,2015,29.34,0.0,7.983,36.68,11.17,61.28,False,0.0,0
-24.9438,-174.522,16.8,2015,27.72,0.0,7.859,36.44,8.19,33.75,False,0.0,0
18.7117,68.484,14.5,2007,27.08,0.0,7.888,36.28,12.63,45.23,False,0.0,1
13.1344,-144.6079,23.82,2010,27.69,0.0,8.055,35.27,1.92,86.61,False,0.0,0
13.7764,-138.4439,3.94,2001,27.35,0.0,7.915,33.91,10.98,51.23,False,0.0,0
-23.9855,88.0851,23.44,2003,27.1,0.0,8.01,35.01,11.63,40.25,False,0.0,0
13.0656,-82.6075,8.05,2021,30.79,4.87,8.169,36.2,5.72,46.83,True,84.98,1
10.7891,46.3072,9.14,2006,27.57,0.0,7.894,34.81,1.74,42.17,False,0.0,1
19.8553,150.2665,18.38,1999,28.88,0.99,8.178,36.95,9.97,60.07,False,0.0,0
-27.5042,-66.0692,27.16,2005,25.49,0.0,8.158,33.91,4.91,52.04,False,0.0,0
-28.6134,-101.8281,17.77,1995,26.78,0.0,7.952,36.64,8.96,40.92,False,0.0,0
-7.6196,-141.6374,19.82,1993,26.23,0.0,7.965,34.29,13.27,48.39,False,0.0,0
-21.0727,-133.0335,23.52,1998,27.67,0.0,8.077,36.35,12.56,63.53,False,0.0,0
3.5031,-157.5998,8.52,2018,28.46,0.0,7.916,34.74,8.85,50.32,False,0.0,0
25.0409,-148.4487,24.99,1996,27.56,0.0,8.098,36.33,2.07,63.89,False,0.0,0
-6.5112,-24.4783,13.12,2005,29.12,0.0,7.947,35.36,6.99,28.52,False,0.0,1
20.697,-64.4886,6.09,1995,28.91,0.0,7.951,36.63,11.02,53.53,False,23.06,0
-29.9855,74.3619,11.15,1992,28.67,0.0,8.028,34.91,8.72,31.73,False,4.48,0
-19.8891,133.287,8.14,2003,27.92,0.0,8.16,36.73,5.27,73.48,False,0.0,0
-28.1746,102.5184,7.63,2003,26.9,0.0,8.129,33.51,4.97,40.56,False,0.0,0
-10.3112,11.0294,9.19,1998,29.29,1.85,8.102,36.24,10.34,52.18,False,13.46,1
24.4914,-143.1208,6.25,2012,28.41,0.0,8.003,33.88,9.66,63.62,False,0.0,0
-24.1829,75.5162,20.36,2004,27.28,0.0,8.143,33.92,9.09,69.35,False,0.0,0
6.3846,-49.3817,17.82,1996,27.48,0.0,8.024,33.26,14.3,84.98,False,0.0,0
-2.9102,-149.1659,19.8,2009,27.35,0.0,8.172,35.93,13.48,45.57,False,0.0,0
26.3081,123.2879,10.97,2008,27.46,0.0,8.214,35.58,5.05,52.79,False,0.0,0
-22.6489,-58.2421,23.32,1995,26.54,0.0,7.989,34.34,4.11,50.18,False,0.0,0
-17.2783,-101.4304,4.76,1990,27.75,0.0,8.022,36.9,13.88,42.52,False,0.0,0
-28.2275,133.7227,17.56,1996,28.79,1.04,8.096,33.23,3.52,44.68,False,4.39,0
-3.9639,144.7682,8.99,2014,27.33,0.0,8.128,36.08,14.67,31.13,False,0.0,0
-13.33,-57.9705,16.3,2012,31.03,6.93,8.172,34.06,3.62,24.66,True,94.77,1
22.1944,-52.2715,10.39,2014,28.54,0.0,7.983,33.27,2.07,65.75,False,0.0,0
6.2964,28.6663,23.92,2000,29.31,1.91,7.926,35.55,6.16,63.25,False,0.0,0
6.8454,84.0389,26.85,2023,27.6,0.19,8.146,34.32,13.56,35.14,False,0.0,0
1.9146,-157.2663,22.53,2020,31.6,10.13,8.016,34.8,11.1,37.23,True,100.0,1
-24.489,33.6037,6.09,2001,29.82,4.48,7.88,34.89,9.18,20.73,True,85.58,1
-3.2989,163.0152,8.97,1998,28.21,0.32,8.037,33.16,10.67,44.77,False,0.77,0
29.9703,-85.6462,27.66,2002,29.99,3.75,8.028,35.13,8.04,66.09,False,77.96,1
20.1138,147.1778,13.68,2009,28.67,0.69,7.926,33.16,5.11,65.76,False,0.0,0
23.6075,162.0606,28.29,2010,28.12,0.0,8.05,33.73,7.71,40.68,False,0.0,0
19.3936,-83.1047,12.38,2011,29.76,3.36,7.93,35.87,6.01,77.5,True,54.68,1
-23.8175,91.5127,28.6,1990,27.04,0.0,8.11,35.89,11.64,75.35,False,0.0,0
-16.3531,-94.041,27.85,2006,27.4,0.0,7.928,33.01,2.92,45.18,False,0.0,0
-29.8127,85.54,20.16,1993,29.73,0.83,8.134,36.4,7.02,38.28,False,26.97,1
-11.7894,107.0712,1.26,1995,28.42,0.0,8.069,33.03,2.05,77.95,False,0.0,0
-23.4836,-91.0059,12.61,2008,28.0,0.0,8.032,36.88,1.13,65.83,False,0.0,0
-1.6324,77.713,27.43,2019,27.46,0.0,8.004,35.24,3.87,55.25,False,0.0,0
10.6276,112.3576,26.67,2012,27.53,0.0,7.951,34.47,2.84,42.93,False,0.0,0
22.4703,-50.9116,6.43,2021,28.17,0.0,7.88,35.43,11.84,62.51,False,0.0,0
14.953,-119.627,12.58,2018,27.67,0.0,7.916,33.59,2.83,61.49,False,0.0,0
26.3151,-146.8928,25.23,1997,26.32,0.0,8.137,34.91,10.25,45.12,False,0.0,0
-26.7661,27.1374,17.76,2010,30.49,4.43,7.866,35.76,7.79,51.01,True,100.0,1
-29.2692,172.1153,25.57,2006,26.01,0.0,8.024,35.62,5.74,47.68,False,0.0,1
9.6803,116.2621,24.97,2006,27.9,0.0,8.028,36.63,1.39,47.66,False,0.0,0
-12.6389,-23.0977,27.32,2010,28.11,0.0,8.124,34.14,6.55,67.68,False,0.0,0
-14.7899,13.1835,4.4,2004,30.4,6.69,7.927,33.28,8.75,68.15,True,100.0,1
-10.1468,-79.37,5.21,2016,28.23,0.0,8.094,34.49,2.21,60.76,False,0.0,0
-13.8122,-121.2963,3.4,2014,27.09,0.0,8.089,33.53,13.69,55.95,False,0.0,0
0.6862,-6.4508,28.12,2022,27.99,0.0,7.843,36.57,2.11,51.8,False,0.0,0
-3.5911,-13.1394,14.78,1991,28.62,0.0,8.298,36.93,12.54,50.19,False,0.0,0
0.7457,7.8948,2.87,2005,26.38,0.0,7.96,35.54,11.86,54.89,False,0.0,0
10.3628,163.0097,10.32,1997,29.25,1.87,8.094,36.17,13.33,38.41,False,20.42,0
-6.7722,37.4023,11.19,2005,28.23,0.0,8.189,35.79,2.04,70.41,False,0.0,0
-14.9215,38.0779,24.48,1996,26.06,0.0,8.196,35.19,7.17,51.12,False,0.0,0
-20.028,-133.9111,22.33,1994,28.82,0.0,8.032,36.31,5.06,54.35,False,0.0,0
-9.0316,178.736,20.99,2012,28.09,0.0,7.999,36.57,10.44,59.82,False,0.0,0
14.5084,98.2242,1.63,1997,27.64,0.0,7.986,35.05,3.21,65.34,False,0.0,0
15.4023,135.7932,27.41,1992,26.78,0.0,8.024,36.24,1.8,29.41,False,0.0,0
10.0143,-30.8519,7.25,2004,29.6,2.43,7.885,34.56,3.67,62.57,False,49.39,1
-15.9583,0.7661,19.24,2019,29.16,2.18,8.024,33.93,14.88,50.11,False,29.23,1
5.2852,7.9502,2.79,2004,29.52,3.04,7.985,34.85,4.2,61.35,False,32.64,1
4.2414,-110.126,3.36,2018,30.21,3.25,8.1,33.99,4.66,62.37,False,51.25,1
-0.944,68.2161,1.28,1993,28.18,0.0,8.115,34.57,10.97,38.25,False,0.0,0
2.9987,145.0716,17.41,2023,28.25,0.0,7.888,35.56,5.02,29.98,False,4.54,1
-0.4926,-121.0659,19.25,2012,29.81,2.54,7.872,33.69,8.16,43.71,True,61.03,1
3.9274,-148.9254,2.46,2017,27.02,0.0,7.953,35.9,11.39,47.43,False,0.0,0
12.9304,85.7588,9.42,2020,28.82,1.09,7.809,36.58,5.36,51.81,False,0.0,0
-23.4223,-81.6473,25.69,2022,28.18,0.0,7.954,34.53,5.73,69.06,False,0.0,0
14.9775,44.5905,3.94,2007,26.25,0.0,7.815,36.9,3.74,47.25,False,0.0,0
-21.8468,70.473,7.28,1994,28.83,0.0,8.076,35.76,11.37,66.07,False,0.0,0
-26.0023,-64.1121,13.31,1998,28.55,0.0,7.976,35.3,14.9,50.51,False,10.08,0
28.5648,113.4521,25.43,2009,26.87,0.0,8.089,34.22,1.4,70.17,False,0.0,0
27.4195,17.996,8.39,1998,30.29,4.86,7.953,33.07,6.4,66.76,False,45.64,0
-26.3738,132.8398,29.92,2007,29.59,0.41,8.079,34.65,5.48,34.31,False,0.0,0
-3.4048,94.7857,11.3,2004,28.48,0.15,8.005,36.65,5.64,29.7,False,0.0,0
-18.8253,132.6872,12.21,2004,30.6,6.6,8.042,36.22,8.1,40.71,True,100.0,1
-0.8793,-172.7419,4.54,2003,29.91,2.57,8.092,36.93,10.05,42.6,False,12.76,0
19.8106,-92.3377,20.73,2009,30.11,4.66,8.133,36.23,7.62,33.24,True,83.04,1
27.0367,-147.5971,8.06,2000,26.49,0.0,7.874,35.92,11.54,57.62,False,0.0,0
8.0552,-20.8501,19.24,2006,27.35,0.0,7.971,33.35,1.42,29.76,False,0.0,0
-8.7657,140.3856,7.47,2014,28.52,0.0,8.115,36.92,12.11,57.58,False,20.27,0
6.1995,-11.6855,12.25,2018,29.52,2.26,8.183,34.17,13.3,27.45,False,66.46,1
-11.2799,125.8967,25.84,2012,29.38,2.0,8.042,33.98,9.16,64.37,False,31.02,0
24.5894,-62.2158,22.43,1998,29.02,0.0,8.138,33.12,5.14,61.58,False,24.14,0
22.224,-57.7548,5.48,2014,28.36,0.0,7.981,34.61,7.37,59.6,False,2.61,0
3.4939,142.4022,18.62,2012,26.6,0.0,7.946,36.58,9.13,69.57,False,0.0,0
-10.5121,-26.7058,19.23,1991,26.88,0.0,7.963,36.08,12.05,72.07,False,0.0,0
-12.3966,104.3156,3.63,1990,28.89,0.0,8.117,35.34,11.87,23.83,False,9.34,0
-27.9949,-94.8083,14.51,1995,29.67,0.0,8.071,35.99,5.54,78.38,False,0.0,0
18.9493,161.5683,8.56,2004,27.92,0.0,8.157,33.21,6.78,60.67,False,15.69,0
-2.977,26.8482,14.55,1996,28.87,0.0,8.16,33.75,11.6,67.14,False,13.42,0
-10.492,93.3565,23.54,1991,28.71,0.69,8.103,34.87,6.71,65.68,False,28.69,1
-1.7334,-147.7743,5.59,2019,27.57,0.0,8.071,35.68,9.71,31.35,False,10.71,0
19.1243,-2.6409,4.58,2018,29.62,1.64,7.915,35.28,14.81,30.94,False,33.94,1
-22.5231,144.3739,8.81,2001,28.96,0.0,7.91,33.61,12.69,37.74,False,2.81,0
21.4594,135.7339,28.62,2023,29.98,2.32,7.869,36.29,3.66,38.18,False,42.69,1
23.8505,-163.147,22.69,2019,29.25,0.05,8.188,33.54,6.47,54.99,False,0.0,0
26.8025,-70.6686,1.56,1991,27.12,0.0,8.1,34.0,8.41,66.67,False,0.0,0
-6.1507,-20.4048,12.63,1992,27.49,0.0,7.955,36.79,9.17,55.58,False,0.0,0
-16.9716,-117.9847,8.46,2001,28.17,0.0,8.065,36.75,4.82,78.71,False,0.0,0
