Latitude_Degrees,Longitude_Degrees,Depth_m,Date_Year,ClimSST,SSTA_DHW
-7.527592869158251,162.25715030756982,22.227824312530746,2020,297.8581025224334,297.85796986184914
-26.514983269908033,131.82341247897665,18.432335340553056,2023,300.5798866012187,297.31026368464904
13.319926336009487,157.87897524567006,1.0225842093894155,2020,300.39614830295244,300.36409238268556
-29.576021686816954,-171.69752698509032,16.218465147493283,2009,297.2566611476749,302.35565535362804
-16.033719574181745,-147.3816835681845,18.93319427065953,2011,299.82828941127485,300.25828012874126
-27.212975236800137,38.71614668451781,5.945199586931454,2006,297.0729572863793,302.1821096562667
3.7972930707323584,-41.2500590856302,1.4630213143862116,2001,300.76328164581685,299.4208387155678
-22.67770590931327,-1.7363123599427297,1.9972671123413335,2013,299.1508333416528,298.00229848283436
15.321684619059148,-26.943885183151906,7.030308223177476,2003,298.0166995053904,302.3327154527051
16.50796940166687,158.21961896310808,26.949993162401817,2013,300.9999959772103,298.7959742284321
4.226638464323962,7.5003336092965185,28.873988706131126,2020,299.13772509329215,298.49241967475643
19.72425054911576,-51.568802390307866,9.147100780934043,2012,297.7750832373612,301.4120833941472
-25.526961379213752,175.27929717618622,23.395098309603064,2011,298.6141849609492,297.07743902493297
-18.06945575467169,76.08310298951397,23.915090675404965,2004,302.0946548318234,300.5809236402607
24.897580532626847,126.01388800432773,14.034069550007898,2000,297.3495709265731,298.71040276943614
-10.489000678395179,82.65822420170309,19.48916666930118,2002,299.5971820883907,297.65776835266064
12.794687233379697,93.88261750208306,17.27703872951539,2013,299.7158757800041,299.87503056160097
-4.347538898487024,-170.84911437212574,4.128851382805829,2006,299.6145362275016,300.09801564587013
11.730965185567648,-129.84067641388475,18.5281039990567,2014,301.15553126198677,298.2583899102039
-25.381205410272422,-75.68947695104352,5.675417330366129,2001,300.4339472647359,298.6259852721074
-23.670344410183763,-15.647554626152328,7.334772679288174,2019,301.90907449169487,299.9663823305361
18.44640930984375,142.59286797245755,10.222100774184053,2000,298.4967273716155,300.5622956629775
-29.96877738028105,-53.075211719699155,9.838656486582842,2005,299.8091101641766,299.2957605173183
-16.673531371756184,-136.84846775987418,10.79083997070521,2014,297.92560073195114,298.2032032076519
3.4861201210404715,-34.618978419105304,2.8818751661604654,2019,298.3578183456123,300.8296735006188
12.736235395466522,-126.68870521677604,29.934474066419313,2016,302.3713822570796,299.2607035732503
-28.016956025967097,-55.77435071039413,19.39618899633955,2001,299.9201402082443,299.462807405152
3.1735853442796795,33.370820596581666,3.3447464636487423,2023,298.3070064919582,301.0051899173652
-7.933012036844808,47.63009901368861,19.372361612065948,2010,301.49037530270664,301.390898187415
-20.95694736207423,2.951559626658735,21.178571396935574,2002,300.2499111875353,300.72660399013256
-29.004730264328632,4.353500987741143,7.5683774807402004,2006,297.9590153595274,300.80015755956356
-6.7958792219677555,157.22279594522445,4.988107380233805,2024,297.62410436682325,302.0858149005321
22.640361202858863,-87.14101402254398,20.139537334991193,2015,300.05360446379706,299.91307818095805
-15.4888625459729,-146.4830035898763,27.019256980646475,2004,301.85449988754135,298.0378890958776
-13.267718844469087,72.12881879019767,25.55317312491087,2019,301.87897533345813,301.28931550221694
8.521898769257263,-149.70961260178242,5.6872327087437995,2005,300.67943540092824,300.1937764179005
-7.663034006295415,158.44803928480025,29.2362512659042,2017,297.88444428279627,300.0180358415162
11.513711861561596,54.7060534209362,7.503809974356233,2000,297.09941449988537,299.71641543350887
-19.270637446720272,-48.07123755017042,22.580945168640305,2002,300.6168709076519,300.1256973183451
-24.379513930314452,-47.62231089860393,8.690868662770038,2013,300.24428966158297,302.3839107205126
-0.7954708224326943,146.19556357867947,13.59743659980243,2020,299.76450401207853,300.172971365445
-0.44893837086816646,-109.71252439270398,21.951111342583655,2018,300.1460230956505,301.2270470786847
-27.383773694733975,178.03818388704275,14.628390905737346,2013,302.03175414621245,299.0358728514049
-29.072603008267954,154.19468253158112,13.417340301202115,2020,300.1476085804396,302.39182371043825
-25.479224639632307,-69.94907305661454,6.536419903360034,2000,298.7430710283595,297.9322101067735
3.408075747501009,157.01571869788114,21.184864103574217,2007,297.3872887196725,298.14905294688447
10.268611009443035,-50.887158733381,8.370745823022425,2009,301.8255518956038,301.07422739764814
11.820944459716081,72.89427023535933,11.4252433853729,2009,301.4514863551318,301.4556236707355
22.024339114806224,148.76659892032967,15.828929566967195,2024,300.4534192822175,298.0685067443162
-25.74354498000434,-37.157822203000194,2.4722874001425112,2018,298.85897336268346,299.06570623951967
-24.361083609547862,28.180850758622626,2.0423259401055205,2024,297.8527288920026,302.4001248857079
20.336010124161803,129.74566259220308,8.257289454960057,2009,301.5243030836281,298.98104852776197
-22.376369240886913,8.007573619729584,23.329813039859715,2011,302.3088850671492,299.5149583888755
20.52138450071888,-110.0231877618457,12.929263246643679,2002,300.5058644582401,300.99350233547466
28.55112476775208,5.868125388430315,10.365737715296133,2016,299.1935149579464,299.3843640566941
14.642558579946922,-89.69021015520197,6.345676555609732,2022,299.3557296121706,300.78674945420954
-26.508384269493384,149.47694194553299,13.82821466220203,2021,300.9302775748503,300.6310855719475
-13.20396618324343,163.7515010387499,22.399010584177287,2004,300.3644641042889,299.3078003433528
-15.136140629930551,-51.84983568554583,22.977537203466703,2024,298.8803381669402,297.5048948619739
-24.350580703886394,-67.89120861913409,29.40580533002375,2004,299.60795605998027,297.5380878835805
-0.5030474929900599,-9.550162518996359,6.02285422739044,2004,299.1917760391855,300.38717553928717
8.105619052058628,-163.69055648206398,11.863765824167665,2018,299.7672494221905,301.71069412653577
9.5216178971367,-121.34360625068531,3.0464936746124653,2022,302.1933837841884,301.7695941345525
8.18421584676068,108.34174608566389,20.63788192910647,2002,300.5380852014329,299.52039089770335
2.737007358956099,158.92733115954906,12.196976496222453,2000,300.58316624521785,298.1367639793221
-13.562332360731975,-102.74791690498532,11.9405134136113,2018,300.4003963638584,298.851048181888
9.343358122844528,-41.25721645239659,20.766796400210904,2001,298.43381990529747,299.72820599861376
11.573421521516366,-54.598822396848945,28.16279640381551,2023,301.0428907409214,301.41914511711667
-13.07792564572161,-116.12176423929978,22.767827797584893,2002,302.4477782810037,299.26939722301285
-7.67891485243301,99.50866586711885,10.883302667337517,2004,298.31228272884687,300.73914628945136
14.394525626842473,-94.2349851345674,11.95413769911255,2016,299.7788880484632,301.5455160635926
-10.797023938163296,142.38836225863218,12.28684868329073,2011,302.2719782328576,301.65928729252573
-8.705688572236763,164.4483186455243,20.626327228304795,2019,300.15390838467806,300.4751046669339
-3.0932686813008132,-74.44412218869677,10.531271815727562,2020,301.13805991190725,301.35368474049216
17.377088567673233,-147.16580290247146,15.338188836374863,2006,302.4776218311668,297.30729135072545
14.222133407460532,16.52967725939601,21.46911303248214,2014,297.7864542512906,301.1883084744461
7.0930837989756625,-143.5958365957955,3.4390973773349254,2012,298.2241702966407,299.1815838107484
23.513814526606595,-127.22226419087082,15.886458892079395,2005,302.4265176817565,299.05848937665866
-7.7614711759865465,112.60784421270091,28.470208744131902,2024,300.25538806351705,298.9262003568517
12.490871734991991,-6.599884332918492,11.96164011354538,2006,299.33322105085836,301.98494911802106
-23.32815106163092,-2.6549624552907005,1.329255698255153,2019,297.6534985394744,297.64639435727406
8.952618126963813,88.5761565355524,17.91769418781763,2024,299.0617881873804,298.57141647455023
22.115947691367616,-99.50549813299705,28.933453643777728,2011,302.3784536781485,300.0580277125342
-10.638816703344979,-164.3757180126578,27.814656576484285,2004,298.3914459239408,300.82476117708654
-25.473927174613845,-120.16244451266894,7.287464091008245,2014,299.49997585622276,300.4515694404623
5.058858715386016,144.41688377675604,2.3179450299022784,2011,302.27286324074316,297.3182514376674
-6.328692083512209,-141.56781626308162,10.734141879111933,2003,299.5503412271699,298.9434372541433
5.019366711052328,-152.01553069260547,29.257449422318828,2021,297.1777377311031,298.5386992894292
-5.327596747668824,37.001477528387454,8.857771632938768,2012,302.01009951471616,301.52395483607745
26.98799479751544,81.2590230198096,18.789040682137905,2001,297.45511631019417,301.82163817259186
3.0952723526442014,-120.65966599067966,12.926398380975703,2021,301.4580433193001,302.4300187112322
-20.97498653378831,33.88705752676864,12.045834842299623,2021,301.5604032138858,300.1299480804116
-26.18929022459992,-166.7441276510431,4.881711445218363,2020,297.3100652315801,301.7559730694028
18.774060547804652,179.898362383007,29.902468275143256,2020,300.2183224277901,300.9936646423952
15.424872122547356,-43.973802260716894,7.991460137559324,2008,297.71037678333323,302.24728064992297
6.370478067052801,-97.68859001875342,20.479319847769844,2001,298.9698949491806,297.62456675709797
10.294391735567977,7.310772325365576,23.39723336033354,2017,301.68699825175196,300.03548761325965
3.656278292123176,135.59529695700422,12.701003120159514,2015,299.6402528186016,299.3129467826579
17.080095836658572,50.170088510727254,24.346295358061493,2006,297.75004311572724,297.07999566117337
-8.96474647160418,32.370367267667916,12.375077307892237,2018,301.97287281971563,298.91540506862816
0.8393693495886474,102.11508458681152,12.499740687316834,2022,299.8798125180826,300.83703029321407
17.788306540432636,-14.635149139377916,25.42065103554258,2016,298.42034413564426,299.5252466593104
28.80195451712862,-2.657486162566954,10.533796698337738,2010,300.18807463959456,298.878597657511
2.2358050028442022,-14.357102765914078,17.958217072525457,2010,297.76354944957177,300.5248110964177
-19.08719493605131,-55.55977800340925,27.006863887274342,2002,299.8337983017532,302.3521069209856
6.116123732457609,-99.41433627372459,24.831928468489025,2017,298.53224686467576,297.9735576635221
-24.677847974576665,-136.5710864037837,14.362584272949046,2013,299.0034842357644,299.7687949897017
11.423689717761917,-165.84762965720438,24.182901568362237,2024,300.78281594402847,299.8141135745099
-20.58133903702838,-44.17705251285386,1.0752557071257502,2003,301.43410703886184,301.1154282971101
-18.92873883861736,-104.6342435987843,11.743690980950078,2021,298.2986409321457,301.1797547491567
1.8759452384120436,79.38578210092737,2.807899512826002,2023,297.73214310723114,300.7794102797183
20.666440358017724,89.86184352309147,1.8836924292742308,2017,299.460768017529,299.92939496550264
-15.45176978191622,-83.07243685822286,11.941240730034057,2009,300.1018080061036,301.6239049223286
-24.64774027727663,12.720803045588468,7.763275934944235,2012,300.26475849454727,300.7350627552947
17.3502743164403,-0.5608083855393886,3.520688354535287,2014,301.052523614672,300.0675824627274
5.192126079645547,23.205075308150867,11.984406152587392,2004,298.9969526301925,300.5525448273238
4.246698280134716,-51.80517867677534,29.60894221499641,2004,302.1353050306793,297.04143899723744
-16.48003213724831,-48.47154491733926,15.146484223453399,2010,297.4833819349708,301.43225687707627
-26.66079063858148,123.2330527073454,2.4974288583608724,2007,300.83328804301533,302.48490544122615
23.79661577844125,27.35943041003759,27.604472779480417,2014,301.49389639022104,298.4184655487472
-19.74674475659605,60.71155917279515,27.95190368469999,2014,299.942702026247,299.6214071626953
20.314953522157488,-106.17207834619472,29.071827928622792,2003,299.3399004123903,299.7918570827645
-15.455416055095185,-138.65874309388673,18.707981230807345,2005,300.19681021782435,297.8489949340081
-1.1315938887109525,11.732195718570921,2.5028825678503805,2017,299.49847384720505,300.01731714865986
2.935318793338638,-107.3770335611151,20.852574888515168,2019,298.4005236012007,300.7482649722316
15.613671593381191,34.42994661882395,14.675709467954594,2022,301.36859197481556,297.5868458756239
21.043647600987285,88.55082919753852,12.84703049514159,2020,301.01977111362004,302.1608725125157
-19.12601603006039,-156.0613437479601,22.492498829411712,2021,297.2645205418025,301.29832964963276
19.676453230649514,90.18069291551285,24.186576796665953,2002,297.9034618886205,301.4801609612726
9.911833241772008,8.30355291688295,11.406084039581572,2012,300.2356867168728,300.7564013487942
-2.8830839220576436,76.96168374791733,27.090355913473022,2005,299.9687958405305,299.41309571463586
4.649176254367539,-52.06951734537749,12.352981195843556,2001,299.9895407361269,301.985596610305
7.454279754839526,-137.91670534498894,28.255131584790778,2006,301.01802025245115,300.8154468407184
-19.99615440039701,136.30648153443775,15.367285165715003,2006,300.15232967091566,302.48730938758115
15.144187202329363,74.51296604764525,23.578586232471782,2000,297.18442839104677,300.13439326679224
15.747521144441436,135.63562923422978,10.920370712761317,2005,299.9506474331653,299.08351861056303
-2.5799868430992987,37.42483394610451,15.566362076413375,2007,297.82454585041825,298.2608826737795
13.335154103583974,79.21315315658677,19.59328135367362,2018,300.11029591027636,300.93898491103124
5.94176188663959,117.6475780112682,28.813169042356805,2007,300.20865487121364,299.2046827922
-2.2796517813520403,161.02200226025354,5.447190690366326,2012,297.76513906778683,297.5543703165874
-14.639068088780267,81.39441098246425,18.195924252505826,2011,300.1082325097407,300.8315795313229
25.34996287063774,74.60590835282349,5.423632244513579,2008,299.3327186921631,301.05044329593596
26.062020886140893,153.20466464643948,14.074341770719832,2013,298.29748319027294,297.9103628070201
-18.820747230352758,121.49668404089715,10.63224596699323,2021,299.8536093141934,300.25201489659713
-6.059837767792185,-160.28581002406872,10.720720007731126,2019,301.3328443879297,300.32046842451575
-23.143961996658735,-30.778349686694042,26.042026077775752,2005,298.90490296901277,298.9082426104292
14.250074886584905,-17.201541279669414,7.513539865259477,2011,302.0201220458352,298.36524543516435
4.657917245492833,-120.41520572592943,1.9824956471512545,2000,298.99316644514147,300.1932359265292
7.93585727517182,-175.28599562819988,20.24258378848461,2006,302.3654772362552,299.52443943409355
3.4383221334028704,129.8275264406642,16.5170218490761,2007,299.7620725568218,300.2746175952602
-25.97541135669435,89.98576934370402,7.087262199771987,2018,298.9216284947713,299.5752750564276
7.49855922306314,-44.01865892153904,25.260379585477654,2018,297.36139751685596,301.26540189182253
-2.8026699151183436,8.780496957928818,13.782119661208617,2017,299.73356571851684,301.2094595458643
-23.82111124012107,-59.62938792822642,3.1895975503127874,2002,299.0532012395386,298.48909570228955
8.639972594340946,-32.855698404685285,1.736204314150001,2017,301.7684656800634,299.2439147245066
3.103355715560383,-88.60011694441046,6.687279891110132,2007,297.57259720091514,301.39953846955257
-19.287320276739983,54.98859882667489,7.907300650355069,2001,301.4292323204685,302.4380083007549
6.191844130618776,110.46605362653094,28.916830238091364,2019,300.67446825113853,298.12741362478704
-12.411136184339206,142.68089466760313,1.377055781811345,2006,301.047475372578,301.66470452506786
-22.633386620237488,135.51986731510578,19.644841344813344,2017,301.90969441092335,301.49593958956143
-9.490958898127442,-86.60756396473471,12.01107983685074,2022,297.1882546095129,301.56859978610885
-9.288471307123466,98.5804283524825,11.519978945312417,2020,298.61956167748053,302.21649318829185
15.816347649585651,-129.55925672407707,26.18557130103947,2023,302.41952021732953,299.59085998981595
-19.073571670705007,-5.479787825875377,15.861272020575726,2008,299.97898818063476,300.4841302090438
-14.526738874007863,-129.83181333378332,25.212976867179673,2003,297.7275191611893,301.9531476568001
11.47331145657926,65.9461883203733,24.854932401438543,2020,301.4827993562135,299.7394991443105
-25.969476005057395,-34.11068831003206,15.426481925416827,2011,298.1353169946833,297.06047705762165
-21.786862195871564,144.00671106531786,26.342812249312942,2007,298.3790186330888,300.48203934846595
-0.3435689917037159,26.385976144584248,25.30510193217058,2020,299.10726190537224,299.8540473790556
-27.182041993496696,-120.13798724781141,22.40297487636474,2018,297.49685328317685,301.2404225904451
-25.905017678754504,121.34843665309057,13.678608494360063,2003,300.95475247851334,298.63416943592745
3.984278417813833,-8.62185520832412,20.246463795516796,2021,297.7425070258166,299.6606521806283
-13.805326656468306,14.343400406949627,5.698402458855954,2019,297.2828419741634,299.7300143596068
5.810570935013352,-59.67219930589411,23.356453908628836,2020,298.8941105262433,298.9334708862382
-5.2323869635948626,73.7731978880231,18.350295689776484,2024,298.3552111828151,301.5050627472081
17.964952738138756,70.09072950759364,8.892208979668919,2001,297.5670156030756,298.73028106245175
18.44581510900567,166.35556287508234,23.910393204963828,2024,299.4530317512688,298.0182311086124
2.5140568427014856,134.260500915507,22.234521705877274,2020,301.17469715046366,300.98256831100224
8.23389478736921,173.00764806479572,27.197550566444722,2011,298.2166519300078,302.43217404398155
26.643560381196792,-165.80634790733788,21.461680002954964,2006,302.4964442476121,300.05693619790446
-1.6073929151199948,-67.37225165798849,4.495154784807468,2006,298.63541954054904,302.0841790745709
28.263494709922064,159.9359360808362,14.752212283066449,2019,301.6450216919429,298.7550526028379
19.734928449040638,-166.67725150242265,18.291826475979537,2002,300.0837245670193,299.64584036114246
23.099901391396862,10.895447748564067,13.789932690696688,2022,297.3594598743942,298.73409685806837
2.3694775425202295,104.66033934202687,10.243822585030028,2017,299.86092460433304,299.34749381160174
22.599922671746967,-29.69780974995882,14.39634266669204,2001,297.1169817596771,301.8108591997631
1.736228041632721,158.06437146464265,24.164713837436295,2006,297.05216988495675,297.28976109787476
-24.68739536318291,-166.4651616457461,14.913658478838638,2015,301.80522412802486,302.41245908059614
16.09640483187109,-29.603958419759834,13.219353066035035,2004,301.0274949395155,297.01840499123637
-1.9613540077408445,-73.0789644762424,25.73183282906514,2017,298.2848426307745,297.231512543
-28.927563915995172,175.58006030497137,13.405420878340008,2016,299.15396577297196,297.6844065651327
27.3849418535655,107.27615597161798,8.510496896452597,2005,302.40281783294046,301.8630943797233
6.0479067865318825,145.34062818309735,29.686362384587408,2006,302.45142744375335,298.27419435760896
26.563906448107538,53.87279363725264,18.624367051486914,2012,297.6618631911925,297.25819946431295
-6.954563310525025,-166.7765025264191,28.760837626516444,2023,298.92568892541703,297.31813472109866
28.146157808448677,138.16291858683326,27.904816212661174,2016,297.95642387070717,299.1793311039646
15.494308542245477,70.5674224993652,5.462981283855797,2002,298.23442314510163,298.23099688152445
2.2184653736048148,33.458376543013145,17.822500027296524,2001,299.5158765377554,299.1514337134421
-13.622437508621104,-8.396341801067365,2.2869232424638666,2001,301.74170189496,301.45233841098684
9.3145188383413,18.308653419290152,3.522616037430894,2023,298.3895700167849,297.0279517689991
11.74285757098501,-162.4379105976577,16.4454730626221,2004,298.211007610724,300.7579232001278
-25.43214843058199,126.43448905755673,15.359249283405255,2018,301.53574531258835,298.91295064346207
10.680969153543813,23.663507038484795,8.743819834913218,2005,299.86693171699227,301.7748844222835
-15.282868064679926,-123.35736250709064,5.651603054572091,2012,301.6035733060002,300.83609303918104
10.808446305618027,42.70009615746636,22.828782547171595,2006,301.8490042302369,302.28723408501696
-2.0717994738009864,136.46573288212738,1.1492099518867283,2010,298.2574383883871,301.9978572009815
-29.932793311193432,20.225424614312516,22.942438309763105,2011,297.0351222944426,298.578709732462
7.01561510254453,173.22702408987243,19.322592283483385,2001,300.48703136704785,299.9699195884372
16.790723709068615,-141.48697002229497,23.069809172558813,2009,299.3773243114088,301.6206682650767
-6.470927313288204,-115.38096356741998,22.857266187465058,2021,302.15475667980047,300.7833714726545
-25.929776453689684,-71.65311589914614,21.536990570713165,2021,300.89714602531444,299.604656386393
-26.524772366472103,-153.11000960717254,25.720025116760784,2013,302.35418933047566,302.3288282040713
14.97910990457548,-133.16895355297248,22.989632681941654,2006,297.3609437951571,301.5183212107409
-7.689988245676524,114.76283160855371,8.322753740963083,2022,299.4524648850721,298.50494666454915
29.827470009462672,-26.574731195049736,14.09022370556059,2006,299.89863252916524,301.54256421189945
-12.097534140600445,122.38097928208987,23.41186062048733,2019,300.59981167854625,298.50292739849016
27.051813735024623,-125.61915895887591,13.537709230235455,2020,302.002384810213,301.71548050650875
27.87122833621251,93.63386823771498,13.826664109046398,2000,298.7640850724097,300.9843246993776
14.750220721857858,-107.87070832246344,26.1755615912254,2023,299.02689489048066,301.753970374118
-1.6074055985065705,168.5496340492998,6.380239955390513,2016,297.5014046972341,297.8451192098861
-2.778381923683039,10.927581742172208,1.5179948818712619,2011,297.1788939872019,302.0646631629863
6.999018871244282,106.7534247514235,14.964148193863952,2013,300.29079995817335,300.3401854654447
-15.14760266379749,21.02856212995127,7.540664130868327,2021,300.2008427105292,298.47946372439304
17.853546038231286,-68.26969478751344,14.201384323372235,2007,299.555292281497,300.7425114449763
-6.267294967201881,170.89194667344833,21.934741209881118,2010,300.822400373696,301.73067318454065
16.79105933360099,-165.73722287459142,14.934701470477039,2023,297.8025714071933,297.56535822470966
4.2542701106498555,-173.3876507014056,14.988335064996155,2019,298.9030911220466,301.2669260468613
26.47425025394319,-153.93014202731706,16.49302397331691,2008,298.9284481216505,297.1826170983525
-25.285290170698755,-37.107620567425414,4.84875686724875,2006,298.10472499424264,300.81256667452476
19.286443680591987,-165.1739416994622,20.441178292277954,2007,300.50036637249,300.88561649567794
-28.104831310461478,157.0364086477283,2.5071672258927,2008,300.89983285698,301.79033018060346
12.845215927945667,108.62210990512506,10.844055583741376,2006,300.6345106506459,300.04150798925576
5.848551757915807,102.17971923079028,14.94621111202056,2008,297.90199714544224,299.4123396906925
13.489593592443498,33.58031339166433,19.858531390330164,2024,301.7948096162571,298.2056769304692
28.551915349147876,-58.71751496240154,6.281419554972279,2022,299.38510433676015,297.24013911739047
-20.29964735119184,-172.48998985504628,19.944627557882573,2004,302.4798365383121,302.3613623918073
9.019541180816212,-108.16471766550775,20.726619030507447,2021,297.16858876213195,298.4172558868117
-2.2426225956410235,132.578101947017,22.087903023222932,2023,299.3402133394644,298.9026424590083
-7.737674220923839,175.55384294498083,2.163166550961992,2016,299.826977272948,300.23432107949543
-28.236333254609562,-37.61453885435452,18.579472693273974,2014,301.95386025206193,299.319465097804
-13.390332165896904,33.24611829361041,27.458537022884038,2011,299.1111593352729,299.56197043861135
20.159883826872566,-95.11484617468444,23.504006004027456,2003,301.999678863661,297.98825709878633
-15.747400504567342,169.70223385499025,6.248331628575203,2004,297.3802303240264,299.40440963849255
-24.15639644678687,-34.19251233108426,18.194633595121672,2006,298.9757835316987,300.2612296828921
-20.188567644898633,-39.21064680536614,29.112957347723338,2001,301.7189243965749,297.0496672227125
5.30475800043633,35.53703283603872,12.503133513963297,2022,299.49584247761004,298.29827754840557
-25.59019516019924,-118.88715416848532,16.07344450812451,2009,300.6816472080265,297.80166112534613
-3.0339698871757363,31.63837359973931,28.508917290691578,2024,297.9187304934552,297.92190568958574
-27.79971438398742,85.10472542363061,20.250331301032347,2004,301.29984681414766,300.8796207676171
-3.217881209244865,131.1178239627008,17.186067238222023,2019,298.48362286334344,297.3139777084912
1.8701716800619224,157.17804922618615,2.1409626793867798,2022,298.2358564733497,297.9900574061
-24.686664946605518,-142.80877543535436,17.955450312835072,2011,297.8158876052915,302.42646567627366
27.907121786162733,-178.22160686361255,28.60254177727393,2017,302.3520376143869,300.19061726332507
-14.746525206150405,7.822816789036722,10.936951155506545,2005,297.76808190115975,297.1648547442997
-11.524203504528543,73.68507458519281,6.853750111565502,2022,297.8931004206428,298.0359199607108
13.84976849225258,-123.78101587481738,7.802277506710031,2014,297.9743238419606,300.8094427372439
20.286917378886614,160.06111901064838,20.81419282039973,2017,298.3428100973231,301.5698245523794
21.8765301573022,96.66697122856482,4.280184753220618,2024,300.7923971306736,300.72082362177485
-17.059490856136968,57.198769283756604,12.422067763970595,2004,300.1745188019146,298.91715516983083
-20.442753285431692,37.78341216859471,10.225235054925465,2000,299.2379937839758,301.7891439768549
16.943129043496405,24.125853955200398,22.41502706828847,2003,300.57781406285443,301.2085497550568
25.540489852842704,-22.257955291684453,27.139893838064886,2012,301.3879750687225,299.39570823147113
19.070052970501294,-136.72474006658098,16.790183840864636,2024,298.80609675336797,300.4661481158103
6.58990832992167,22.838013845445175,12.032171422751134,2024,300.28067011241984,300.0012778867251
-3.3348328349279086,-174.71985946334502,18.02478952333338,2007,300.67517039205256,300.40719690305286
-2.1903573719656606,-43.27711913547728,26.036675837582933,2015,301.65942048754914,302.02830083773307
18.825977299175186,-140.78939693517668,5.320763823135646,2015,300.19094803075035,299.93481400699784
6.474305567606677,95.35797415516618,24.57658642276671,2017,300.935199989046,299.86678772866935
19.343605129023487,-24.889647046308,27.004714405363547,2020,301.93916801922495,298.33915263116967
25.6220726877784,-158.3037394957581,28.098644777359915,2021,298.07007077751916,297.9148238425873
7.041105444778452,8.31050084944249,20.43278500371731,2014,299.9274311733647,300.19512629294536
-24.622419650703474,78.34888292710662,12.597250997320529,2012,299.27452005838944,297.6703735133532
-19.13103902791918,65.20242742739381,6.261712083173181,2012,298.0152182124537,298.6240305907117
17.604435488870237,-113.31775924293252,27.614822185969942,2019,299.6595010569596,301.4329590237634
3.013592529375707,-164.3714881722651,19.361389892226647,2012,300.3088650108048,301.50553872684736
23.05238780090447,-97.89128209838431,7.149300357338573,2009,297.9612539355506,298.9842488551083
24.35346628726562,97.18009209060443,17.1424746801648,2004,298.6613327600914,301.02576937172097
21.07045565116625,61.7128810310212,24.476369297284812,2018,300.43122628572115,299.48472223305475
5.196507790528443,-119.51488521184916,22.36933860338128,2001,299.6009058109825,299.9444695601346
-19.293242086333674,-67.58215702243344,7.677138884408228,2006,300.00683576992736,298.2757090286379
-6.545640245669119,34.01148066702228,15.406238906915911,2001,298.5099713970007,300.2837580429263
10.550474705242557,-20.62189195937023,13.92793652273964,2008,300.808398832284,302.451907965362
-22.296342632752484,-142.52052622170012,22.005825696733492,2009,301.9803863578132,301.2494250009716
-14.106273165795995,52.30434150925808,18.276771117479743,2008,298.77854359163535,298.2466102122484
-8.700221650083762,-155.0074166114064,16.05273393633984,2001,300.6828143887368,297.3846238314019
8.410093429689965,-82.38692285993348,18.19154775794926,2002,299.93126782603235,298.7838356421346
-10.019885216508126,61.015303871348436,29.830041475413857,2001,298.99619349515297,302.4751426988734
-3.218858928141472,-59.914962190007856,17.833775194783563,2003,302.28916154775146,300.4922802507507
15.290269196450865,-118.62794225738969,12.874857737150913,2024,301.51993544145597,297.00680173867676
-11.948813498804697,173.2450947639494,14.77170976168034,2012,297.65905951109704,302.3579054574541
-28.798418644450532,85.38488100260753,23.289394338866746,2000,301.63118311907033,299.8652688749962
7.415141280165585,-147.915204438234,22.90284219440743,2000,300.34667526962886,299.78761137501266
-20.441758762861184,-157.28074809150593,4.411821825733201,2022,298.44711913450965,298.98075024109335
-24.74143519416969,157.3048162911826,17.06026498065891,2010,301.5390735952809,298.53836946159316
26.543221146133988,134.40119822058523,5.691162129211179,2021,299.7332991559821,302.4568690815282
21.085497464705746,-104.93621483135911,27.98726122467357,2009,299.9685294031797,300.4537252902495
10.458228384542906,11.693229321393432,21.92123995253322,2002,301.3451673996888,298.67573526503924
-25.14484301692487,-34.92713564454186,6.032210934608751,2001,298.2298793897297,302.2652758834202
4.382485735850956,155.78306657145174,17.679737164402123,2021,298.72550230156753,300.33504019438357
-21.64811852294821,143.37418582537413,25.05063974909723,2019,299.76411342054894,299.1926466527477
-21.217560470265052,-47.68760797504868,2.9769969721793137,2001,299.78359155165714,298.2790324710096
-25.202076338441884,99.62050696980936,4.539016511607455,2012,302.15047045636015,301.8185785592892
-13.334842575044334,126.5215095184555,1.0096426774941927,2010,300.40773375193805,300.57610600818987
-20.87850881228111,-157.91413424015946,23.642085995984754,2009,298.1646544286601,299.66530872860375
15.255212660631784,43.01919050673155,9.623296398868328,2022,298.3154905731876,297.78237152777956
-22.716903634654265,-70.8209468756656,3.930328519308754,2015,300.80389930563126,300.3992842085795
7.991377560807841,-97.5979422552191,7.746720618317749,2019,297.9556392761426,300.6064801990891
20.880953114964086,80.75428908359805,23.970715379055754,2002,299.0226764298251,299.2777136389091
19.65227373401246,84.10117700210475,23.309841915598856,2022,299.2888469899887,299.6473928339943
-28.848463390616597,-86.46724485178768,23.048404870541916,2023,299.94420572298924,298.1836102960948
-29.272753521366404,-93.16747526416506,29.30033889239156,2017,297.3553917391425,297.2344826510787
-7.715485940991556,-84.29359080444715,19.736613580412733,2020,301.6439639550679,297.53945419431335
-0.7055317786933095,-125.98248071016567,10.415601879811739,2017,299.6180997115282,299.06738556830175
-6.331423285797882,-14.599163373844817,23.76547977127465,2012,297.73229752297954,297.5618224131165
9.521528772446615,159.41921090877423,24.457620387453513,2015,298.4006884212533,301.62479368684257
-27.6944190622605,144.6343171687525,14.38284647411729,2010,299.7249865690354,299.12491900416575
-2.9925340548144206,-98.2927100284689,26.792336567736484,2022,299.8512441206986,297.82592950449373
14.246026123289134,4.399891492562801,20.726605597042244,2012,297.209120165306,301.10413991615013
9.542132052220843,108.76700092593148,4.055658484631373,2016,302.26075769064715,301.05629597702455
-8.804915489876151,-73.24719073644413,11.141393662629637,2014,302.18273464320254,301.3111347222222
-8.709518384586577,-31.63286510540223,16.93886526784881,2021,301.20404964221956,298.4577553557875
-28.74330233814523,-150.41819970848616,29.067941010505884,2007,301.23072731310975,300.43564962869846
-7.083621620826246,-105.95258560960016,4.520206126622787,2003,301.2604857935078,300.5414733944762
1.8181279949494993,-164.89755956461096,29.08617455023713,2020,297.68878463738054,299.6088486044842
-23.162601917140968,-5.034418928085614,27.688618255362826,2015,301.46473383449575,300.61063234032326
-22.314255218028,-58.22369784198058,27.914425569455442,2022,297.5225643444577,299.0679608946772
3.0055164274893613,-40.08499249325507,5.746830242493743,2019,298.32380991507875,297.66825756965505
-18.151770608403762,139.292964075337,19.728513567000974,2002,300.69300214192054,298.7430736253972
22.756119599870296,-86.96461669494549,16.776480796299797,2020,301.15273060810455,299.5329672350078
20.519913173403694,82.25664377818077,23.516975948492014,2011,297.29622013848916,298.7603290788654
15.19124015480417,-83.04073261127098,16.647130394369647,2012,297.9064814865119,297.7245082540001
13.558794599117732,114.4027187485002,7.191829623009485,2018,297.8287185924043,298.8831099981845
-5.195013042284312,92.94660398755343,22.55928979622167,2002,298.6365164822535,300.1076209607246
11.333118123005441,134.39624970989075,19.452449265398194,2004,297.88039399225016,299.5385661093088
-29.440102810374402,-91.1956087722157,22.06738973827714,2000,298.52846153486877,298.0667462699728
22.788989156516323,56.721712600088296,10.016938970219071,2020,301.03189212816324,300.38791997643096
-18.71851592307503,-52.061555273133806,23.72996175007652,2019,299.8828754389939,301.66426285121923
20.397838816930957,119.76496896493558,1.319916813611508,2024,302.2694041406566,299.0236741321615
-10.384103019715255,-126.40030188031992,9.862522249216232,2023,299.76127617418643,297.68592731301266
-6.877447017158293,51.61146476824234,23.63159350827096,2021,300.2617438380273,299.15339133997804
-5.242689549082577,70.42253273885046,1.0933296445240819,2005,297.91786814820176,297.9972560395903
-6.739584314976348,-35.16223511283985,26.353611647696894,2013,300.9787262108676,297.5727554685616
-16.47367467217837,73.05963875232365,2.5313148535873147,2023,300.720573654745,301.4274394982442
-13.810756792307139,117.01778766482232,15.449414785640155,2013,297.81949854882083,300.8247860658043
14.755512528820475,173.50890856061233,7.085417850835873,2003,299.84497981042887,299.4210944887552
-21.15284839762296,-61.85060870064784,13.586561619042383,2017,299.04282101030174,297.3439822479355
18.08201494917114,95.97186862979163,22.274859071227063,2021,300.53410859744355,299.3168642931174
8.17064188249396,102.8345825088835,4.4317495367782325,2005,302.45119537501716,301.1097077325812
14.399183201136708,162.112591055013,6.885154659672163,2019,298.99229492908756,298.83981208808063
-28.428197488076112,-171.2909649991121,25.11921426659743,2012,300.8371884513604,302.11289307581626
16.954916391080275,-159.7910027701644,25.729112576395625,2018,299.0730279060501,299.5395304748681
-1.1456399548158203,-23.335056268071554,28.18324553226007,2003,297.73413984828767,297.4433083256642
13.676358418425913,-1.2739851520920809,13.668670375840207,2024,297.0386606209749,297.3150413809269
-16.486577863890616,-132.71421306783358,12.566244861408155,2019,300.61325335946924,302.261380415959
-25.86251901861473,-159.46030038554844,9.183425166102804,2006,298.358383394896,301.9844001928657
-15.027228009029635,-82.09809859369284,23.022549610120947,2009,301.64634189957314,298.4747646105253
-20.617091735793124,127.11226442531415,2.3485170067618992,2017,301.98540599339424,297.7658495411468
1.9452409365130272,-32.00558306374563,11.072956461506438,2014,297.1200286822652,300.65084327396573
27.80366605281303,21.660546046263107,28.167851398959662,2009,301.5532760642719,301.3324215854024
7.465526788303684,-1.9867927337665208,29.406974371070948,2004,300.5979603081074,298.0895369801786
3.919815274296596,-12.98430479219897,29.188154559314576,2011,298.9222850464775,297.62752681688363
-20.925190275903926,-98.88590521755536,8.278033178868641,2006,300.7606475806737,299.9980804054338
28.831009320066357,-98.13258148990359,12.715358413469898,2010,297.37217599045,300.89309303476375
2.612293040558761,-150.57887553115984,14.290718604331037,2000,299.3574680083376,297.77527795136973
9.851274870325042,-102.2074368532893,3.8293127969396923,2015,299.2647104787148,300.58035406933027
2.725912164414325,-157.58168188252117,15.862576814339619,2009,302.3793399988544,301.36694344002404
-0.16464418111871026,-57.680110237721365,26.29193530065182,2003,301.1621332812875,299.85662222727166
-17.70712355095725,136.0188281347347,26.507873793594346,2013,298.3133791625985,299.4818163929954
29.099379368452503,97.92449147159653,1.7878552155412346,2024,297.5178355056913,298.89014755935005
-13.054146078809296,-39.33778837909924,24.15198145850552,2006,300.6122905759836,301.52156738330126
-7.174799549546261,99.22026633311788,28.969822963123537,2023,298.0269781267517,297.5171985743885
-8.599741551494116,92.69347852419025,9.016809026918486,2007,301.38852787788744,299.1778375996435
24.905404104422594,11.890392208610393,5.580689862225093,2019,300.0680110556106,297.91318872378906
6.8083883183505804,-49.28373481175623,27.01840388797395,2010,302.4093680999337,297.77391340426817
-17.879059895850602,-113.67905787431059,26.925701590228243,2015,297.8365735577225,299.42177880102594
6.917881504188124,-149.95292940382203,26.590074683812823,2011,301.0685168264705,298.758167578423
29.304959364724596,-5.270766062440629,4.55058305240929,2012,298.77656159112416,302.48392986394913
28.78694747127131,56.20824648740904,4.76496701959981,2004,300.0786562600111,299.9006979216747
13.161217342149513,140.49289908640878,3.302790954647856,2004,302.354015644869,298.85262276023604
-12.210613123001085,150.55487986419905,4.211704914249785,2011,302.43436061659025,301.9571280592606
9.100075122385554,-66.93811380261648,8.375337454171184,2021,301.5553708884047,298.8436442605398
-19.574304411855373,76.32504731908108,24.95336816853437,2000,298.3193076201577,297.78084594368545
-9.12351530507,-17.873647594051448,22.715963771935886,2024,299.3952799991899,300.1748735192274
14.284147400311028,110.23051716136467,25.468382465795003,2002,297.1711357995455,301.06612104340627
-23.619376424653524,-66.62894809933165,1.1106968896060672,2014,297.9618479044678,301.7065549239818
-16.369226578589107,121.33480508745839,9.099006565177902,2002,300.8178281543041,299.8196011422978
-11.681359398196122,-103.4480245064054,1.9624912823103604,2020,299.24568488517696,301.1758680318346
24.21647066080771,-96.20526704353605,24.414484879858588,2012,301.9436606349914,300.5792270115731
22.453603448301095,-179.93217615963053,5.903351040323783,2001,299.45880549093533,299.5319704916106
21.8738165713602,16.793359267603847,12.03161592014188,2013,299.6348853470684,297.09900048919866
-4.713357505245156,-170.2169942072961,29.021058910497146,2021,301.7208792223952,298.60720026754046
24.646209698634912,91.42628529484222,24.34229652840172,2019,302.39989281293344,300.4173947348944
3.5510884097595863,46.16571976678131,16.447600716085095,2018,301.8001461176137,297.61919214726566
12.221158647647748,14.651451592167717,3.7994996356677837,2008,297.0682221995252,299.5782238100548
-11.924084354399977,35.408694347193176,9.619896423549898,2013,301.0875625930238,297.2647855978809
24.173699711519234,126.81499478082532,20.36633581356579,2013,298.8722321384226,302.43965597092597
7.57057029558829,11.273947404501286,25.30641332300581,2015,297.19068646699566,300.2054375929592
29.7262509714786,128.05059378151418,16.121924982264094,2004,298.38768987411675,298.2112391575752
-0.6975222610236784,85.52366967341766,16.231952968084645,2008,300.6806014461594,301.5610773962422
22.738734016936043,25.838046737395985,16.005944200896195,2014,297.4521388504148,302.00872118689324
-2.1340058264674333,-130.49144106587445,10.883655293905552,2019,299.43859007908554,300.3389926829531
7.878453185519319,33.01097843027719,21.376379419479974,2003,300.72034499286116,297.7243139115962
-15.94893319107086,103.23012065559732,29.152219987768706,2011,302.22792078922413,300.303580866016
14.61563497059359,2.2557814182729885,19.389016909913607,2005,301.9031400859293,297.01606567941747
-27.61404210068583,37.46580374563891,27.314024776672564,2018,298.5224786928522,302.3434297999558
-10.119179573816954,-6.465219079650296,6.686833669413395,2002,299.4610747772735,299.6085863123719
5.452046476262488,13.322695806489008,25.769943931864624,2016,298.2048784500602,297.2019674937545
-23.51845475215852,-58.01016623804942,24.27498470781457,2016,298.2018040889477,299.18238265897475
-27.336733669748735,-79.9840537985756,24.683783088070825,2016,300.3938658386479,297.6261111641213
-9.286611431898475,2.6682979384112,26.3524532158701,2012,300.714811141509,297.24669462412965
-2.9641788610119626,154.59361001032102,5.790914240797655,2007,299.32005498196355,299.2606159139605
24.456660153393294,77.05175200806832,18.629251208630407,2015,298.6320020260725,300.951360764003
27.241987655102434,79.7016423982638,26.02353458445996,2013,297.28124459793156,298.41683971183545
-26.428517979133698,37.366363061779595,20.9111074912856,2001,300.6591065608793,301.40195183462873
9.759870783561325,-146.77747485362738,18.29332404695068,2007,301.1314792629463,297.3905421549329
-25.189199155085795,-52.28233493904568,28.310045636948825,2008,300.55547549568536,301.88421485398067
5.921544139145844,0.7752995863152705,5.027268465498993,2008,300.3691540758965,301.8053422640649
13.438383327965632,-136.5989700946715,27.17114591128941,2005,301.5595975290002,302.451947747035
19.20075774716136,70.15765452334531,16.44228828367725,2010,299.6730027158868,300.17459937704
-27.37565566146316,-135.71881375545158,17.200629497062334,2024,301.01045418152194,300.58760406725565
20.73626177939441,69.29741760092111,13.468001244314296,2002,297.4268805460229,299.9839390269274
21.704549695097718,32.50279546313749,7.562094138212722,2002,299.4756784865006,300.1859649460129
15.561061545156782,-144.40549764937126,26.799908957509423,2024,297.1508117048496,299.1613582393991
1.5487559323994269,4.205299169344215,5.803222063819695,2006,297.7842677924505,301.89553369351097
-9.247352355728555,-124.39449099960343,1.7379850372667756,2017,300.50296274600106,298.8733229161971
-25.69728666914094,-32.533597837716485,10.025307356838415,2005,301.6592671933158,299.9209693968688
20.503401704680563,28.87974676261058,17.230964900300258,2003,297.92047853226245,302.34613891073127
-16.290795194713752,171.88276247653243,16.425468489203638,2012,299.1131369214219,297.214478069162
-28.14265254483939,-40.32476641912697,5.640723157432627,2017,298.72263443588594,297.8088401781162
-0.7289281684556137,-133.18279829599007,25.2289268550875,2004,302.25755355925423,298.7268169455754
23.30422033852087,37.05943553260616,24.974513432503137,2016,297.48510937084427,300.33782537867313
-20.904942427807203,-168.8624478967169,29.151522456640198,2021,299.97774184041174,297.8477977374817
3.22268912148067,15.013732467601443,23.09515256554123,2022,299.42242742671834,298.66283287143324
-14.439906160974331,-109.9354187862461,2.6717798837717215,2013,300.7256302683529,298.292704681421
19.841310631204614,16.13795671626724,5.792019462835493,2023,302.4984259228575,297.8278682041488
19.005415807171687,-105.36875885247913,23.689261554342533,2002,301.8417311918191,300.42873276987694
4.162641670936964,43.43777273685026,6.838051126850564,2020,297.8139128105121,301.68906780045853
12.653083000939148,146.49941118054022,4.838798992014201,2020,300.2951632177218,298.9440340730073
-2.4920145258445316,-166.32663721565274,22.629941120183346,2006,297.68651447681765,301.3681586440217
-13.453945904918584,135.75260916654804,28.37722072093654,2016,302.2201167869919,299.8209632888096
-24.37965475764539,91.66363977549304,15.266001903066142,2022,299.0643144935578,298.5718095553923
-17.806614534834765,94.24734889597102,12.209674697867808,2010,302.05304090833505,298.99247447904224
13.542987793196943,142.0029204567236,14.22339899703817,2018,300.3116434194513,300.2527371768237
18.39536053957662,-8.465981839814617,29.887565539543793,2007,301.69679081825484,299.4153239914856
20.818131252423626,141.51247387034937,2.8112702149530717,2005,298.4082616080772,297.1693452731325
28.291982543435324,-100.53162415699857,22.286863115089883,2017,299.622639075748,300.7824712333681
13.362417461893706,69.31167535335888,4.898618752835533,2020,298.9729353897936,301.4244046422373
-13.274407655126819,-104.14621300780686,28.765992552104787,2014,302.44800318023573,298.1035805957207
29.678918493599873,-147.66762445820137,1.067208889239602,2002,301.05828235208844,301.58779528350374
14.428567917211147,-128.5738965716981,22.849409745452103,2004,301.5205964976696,301.4505074412647
23.065456530118624,72.01233819795758,4.027719762694362,2022,299.6819529531697,297.42707134069383
-5.547418138054148,-33.44166391477404,2.9142854800670057,2002,300.02021684952445,300.47649406228436
4.622439867714647,71.19225938643461,1.176573698955333,2018,299.8741712963521,298.6476112287463
-25.38827548343019,0.2247365053504211,24.04095079023171,2015,299.63042936307374,297.79858082086565
12.6066033853024,60.06759156513641,7.122261663817949,2001,298.54552474399793,301.41915508813287
25.75368321791123,-34.16302997007608,27.277219061842416,2006,299.62040342489087,298.243159487988
8.428562530550636,172.4332014629312,18.50129978525798,2020,299.288667854391,301.1778628578489
-18.72942884773355,79.124923207687,26.141070582204627,2009,300.22225633649435,300.4363112453417
-25.693451626409217,65.74219964042487,8.016018729150357,2013,301.52394136911306,301.42177179153884
3.1500580444733473,7.261161231870432,5.14340287884294,2022,300.9636032990571,299.2079509700226
-20.482551328417323,137.5171810997889,24.889564612933793,2010,298.4935087607618,299.2134565058852
-23.8351048528546,-111.94577109808858,23.707482482185252,2017,298.518932568015,300.88837068100645
-26.238622702688048,122.16185724816086,1.1107777570989101,2004,302.17246678154896,297.45493503838395
25.8532423236485,117.61727757516661,4.767967811535337,2008,301.63491546188305,298.7234135467183
17.335948306560432,141.07397213186448,13.580705167719357,2016,299.0752251377348,302.14976634683035
10.508403668980087,-138.23183471465904,2.226460727457755,2000,302.1159403099113,301.643367863232
10.550864787860185,-129.9182943992085,8.372710128712171,2010,300.66511977468014,302.31326127820773
15.662267415046983,162.2781747832817,21.373674544509402,2008,297.5795070723797,301.30003124839715
8.648953288554956,-162.65303553841335,11.441463511128372,2015,299.11816065946374,301.76201090872297
-1.441936139300644,-140.0480911493467,19.398300213310925,2002,299.03397290792947,297.2879526110311
16.054057711075096,-30.05840451460358,24.843216717676274,2001,298.1659673008426,300.6154441519357
-1.6630917502210991,136.85642565173464,7.25647969611717,2012,301.1471266921061,297.19766271206856
-6.315938769310311,155.09062703393636,4.64600380077456,2002,298.7359503906984,300.54657932212274
-6.292145543309804,76.75447798174235,6.77724297192754,2003,297.46937735066376,297.23653823526814
10.011999633055304,116.39139473545845,23.678444713056052,2020,298.47175972200387,301.59514124158204
-29.11839668070277,-43.52614247810297,10.783020856303688,2021,300.90160631898067,302.2186527570712
-28.114690709323625,85.03215302187431,10.577040600755755,2011,300.27322421198124,297.0545810162031
-2.154290432789768,166.8597267195318,16.051936123756914,2005,301.19269967612064,299.5020538922917
-13.96484221238428,-100.87007442365159,4.814029740574959,2011,297.69052618119457,297.0932121568927
16.20949270542576,110.5759934513577,4.486009644496711,2005,299.395291940097,298.82654650966225
-9.491777670469048,86.04956080366514,7.474638179650693,2024,299.0445661219848,297.0074449414351
-12.011968346085848,52.725146989654974,29.251638870674356,2014,300.71569050572646,300.00829788254265
19.785787217258694,38.21276337605269,9.443183185770192,2012,299.18902911124974,298.6660365085826
-26.058308462738054,-97.83526914226832,8.151505414362713,2012,301.1109442362818,299.6059540561887
-26.529333033170364,164.8043283557534,28.339005253729255,2004,299.9190554540776,300.5802653431494
8.675470484540618,22.065675461424973,23.53091229948954,2016,298.2395969740372,298.0770819627385
-21.551823066439436,44.06891096375881,23.658333816671846,2012,298.51930528736335,302.39909328118847
1.635910854915391,146.31154700919728,5.752549689633984,2010,298.4294773858356,298.89855714671813
25.049150587919414,-75.41837795828866,14.629659776580162,2014,297.33345909336555,300.7949985551992
11.405793494270604,155.0184497447533,15.4220609389002,2008,299.4622038397573,297.7385116799625
27.47604726340623,10.67750062042316,8.014905529273786,2020,302.29270611643284,300.4149972461974
25.71961722089297,93.90756402521845,16.85892958827866,2013,299.38048801215206,297.2414496845365
-20.055013210790644,-19.605010052919283,7.066378496829906,2010,300.7089193846291,297.7534948467952
29.69888215950558,9.80375787140855,12.363890595863287,2011,302.2834483653226,298.08309137449385
27.085788621709938,178.1349458277424,21.639961366635415,2024,298.2051461370847,299.52429913657517
25.16324427436036,-116.60563032098592,7.20475412195887,2017,302.39647810219265,298.0455920738105
17.555706977302997,146.84356576066295,28.367346191786403,2010,299.1736325947048,302.24093237798803
28.023160885562092,-38.59424070863639,25.772435283885173,2003,298.360371737005,300.5233835095189
9.99602874279715,-121.42809222891628,17.387474061129932,2021,301.70363841760104,300.31685368393784
20.124469850527554,102.39150888123038,11.932580715862123,2009,301.4261421709433,297.2533120380448
18.484756941349794,-115.96027534235157,15.92582489652173,2015,297.5246960252227,299.3578611154254
-28.249814181284133,-6.879547222916756,20.210586339330973,2009,301.95760703153064,297.84593863552885
29.40518256404892,163.7449174938485,15.345580498147216,2024,301.18554357922466,299.0444823652129
-6.452508826231199,91.5353904049282,27.634366532216852,2016,299.4440094208283,298.51551366570715
7.322373742259629,177.27922417492044,12.203372019217511,2020,298.9721815383868,300.61147090539333
-15.576065226389586,-111.02653953546272,27.628933513587675,2019,297.1513555182723,301.6189888918004
15.106330382345597,-97.67001261586867,28.7332827082383,2021,301.767236949783,298.5536330918736
27.02755023451774,29.384025476109684,13.661811503294217,2018,299.3512600723046,298.79486137012594
20.37957934252742,-128.22683388666707,13.472983419364201,2022,302.20551082232726,301.9090702511756
-4.833120362561186,100.93158108247741,14.813736265731865,2014,299.99478172977075,298.1245348733009
-14.681455409764101,-73.54991734502248,18.22027194347885,2013,298.1389169506597,297.3913705684539
-25.859544443231023,158.68242738111883,15.700692700893203,2002,297.5227917504298,301.5471072241444
-27.141524553809603,81.62972070055082,23.44328043134929,2023,300.60057877776273,297.83377291140056
22.552985011023424,14.074038984963124,9.191700364730107,2022,302.12055483986916,299.15503179805927
2.8020312334060975,11.527804434330648,18.122501604858105,2021,298.991969401393,300.97720550635404
-17.966384935621026,-106.71178408331025,1.2926275939817171,2019,298.26729164164544,297.0081060214747
13.76068764527978,168.06437992774272,7.504511015266306,2003,301.0804297982729,301.6663395849979
-4.642248179183454,-70.94487396944547,10.433558886667903,2024,298.3904748334906,298.4929121769881
-22.47861145245686,-58.69269874171566,29.986773642853734,2003,302.4167212151936,301.14836542825145
-6.408287938324662,32.629620238069606,20.16941337317229,2022,299.99473327507127,300.90126455659936
-19.960721759936376,101.02741827320057,17.92941063490924,2010,300.4563872608045,299.6502711360104
-8.297384708425163,161.71510567338441,19.332625476407266,2020,300.08050433593866,301.294025192605
12.509381849567838,-118.04787745370662,29.200179972162996,2023,297.8746375205714,297.9910766477048
-24.10590046865517,109.26651903657637,4.538884335333611,2006,301.67759388118463,298.8953224644616
-28.148525741515652,-161.31769217337208,5.122942954412971,2005,298.8458574984841,302.3818900761403
21.392233424875613,72.4211501724935,22.084646086846313,2014,299.3942832180038,300.0212037431406
-11.280958780414892,-6.299848715270173,15.693506820499628,2003,299.11395271188275,297.13856377677575
20.339839663080646,-175.8895259565335,21.407293609242476,2013,301.6380295001502,297.5363287910249
3.538838045986445,0.39163689439095606,21.4796023059374,2000,302.3186940139088,297.2841779691188
0.2877358982716878,78.64342103611801,26.01657366332619,2012,302.28832336440695,300.9292591999463
27.148027001270805,-98.37814236121322,26.500889585119314,2024,297.8650026449884,298.70383322565004
-12.597268082253787,133.70905230870756,20.508386832058044,2004,297.38990366740205,298.7207473847032
26.11782591271966,126.24489381774464,29.475265244219635,2018,297.0668622431256,300.7071095548234
-26.88985205281626,17.589119427848118,9.341349142266669,2010,298.05285224274746,299.26410503251185
26.099665910325925,-25.00552457741162,26.46155041256021,2004,297.37594260170476,301.3106791336626
-12.85450052443764,-24.203923344265462,20.877872613435144,2004,297.3966110111119,298.12970774662915
-7.113537515201312,173.53783332574653,23.760992865807527,2006,300.47755184500704,298.0944567642769
-4.899968153863192,90.33832741079459,3.9398140290416155,2023,298.5197550965622,299.3761041017698
28.822124456531107,-155.6990831938241,16.042328837037253,2016,297.5671674932444,300.01281581910825
28.737450422466246,19.978352678109673,6.504643786192523,2019,299.3250075029166,298.90588292373997
-6.143257286827765,-84.86054526288986,6.954655222497195,2024,301.07088752818805,300.4688525913733
2.976376111845397,68.32038572932362,5.174315493594695,2022,297.4233870688573,297.41570987619735
27.085393250733958,-72.9753154893599,3.6699425963917873,2011,299.5191221641754,297.506523892781
3.2027409676024448,50.98748717784764,21.40997701872472,2005,298.37991175130105,300.718144584289
12.397792192722576,39.60267014861486,10.074314432195798,2003,298.3723840176104,297.0111018476153
-19.555099481314244,-137.8562250872993,14.023457605317455,2020,302.19604942330693,301.05094375584133
22.979629489786383,-107.05225171127647,18.039990262172655,2001,299.05455140576225,297.27768919426825
7.64919430705676,-41.1791353683667,28.151747042983356,2008,299.4763983537859,302.266695582961
-6.0578809414539165,122.32857839919359,6.467677566728283,2005,302.3735382494142,297.56041205480113
-29.50080346636848,-23.910194652258838,3.686139008489649,2020,302.0300176511671,299.3871153498982
-14.477301470673542,-23.61480515762048,21.97998671765003,2018,300.2419969421658,300.3731042668806
8.26129481375613,-92.87205120688421,21.707528977965676,2007,300.5969675078689,301.5010326156474
-26.998885390733268,148.14766559711393,1.855617599210972,2000,298.1792356564624,298.48943480420337
-15.146413783206816,-157.49053353257554,14.309274981307789,2002,298.184394097604,300.28402673602693
5.68819288066738,-46.007858942921075,10.658011282356552,2017,301.42799675172614,301.5264109277297
25.962630487965683,15.931427800931175,6.808178518161151,2009,299.82486075599377,298.39346443532816
29.259575540475105,-75.06153326745977,23.351533396260997,2016,302.06421634654845,300.21446900366584
2.2999165953428076,-83.21273482241034,11.68501867758079,2021,301.72903109465204,297.1925435314374
17.242400700306334,-31.917792060308216,26.33796468528453,2005,299.35180733536833,299.4340003314811
8.959339474612896,157.0610237288136,2.8561840516500068,2001,299.7504406504937,301.3180374275264
5.93072400476634,-107.60445812063972,18.11674711537589,2006,297.3089684254109,299.7010265116074
25.62663773150564,-142.05844148119013,23.168781114189628,2013,297.0632086031396,299.24827493676025
25.44161222554397,-139.72297804231542,15.97630725833972,2016,298.02105687695683,300.6532066174393
22.901436710610483,113.08524681281824,20.86889498636004,2002,301.4321449293981,297.0438042261
25.473663322608296,-20.409656573816875,17.04802544810668,2024,298.96287286344113,298.9458403730504
19.71333587436488,104.14542539508682,9.926079118741624,2022,302.2404825935138,298.7970839811652
-8.734503072416707,2.02829523190519,28.292503563476533,2000,298.75234929519985,301.9695714388789
-25.341553440673124,118.3936594510651,11.117812176212883,2008,301.7234922414249,300.72317430648263
20.274502491108215,129.15514056580997,22.70231975630645,2024,297.0728806842715,298.6276858887226
-2.44864597604629,-32.00630080304168,21.935947597954705,2019,298.26278988414686,297.6465321508262
-20.082930591422553,-179.2828313211347,21.843448917752376,2005,301.34187706807353,298.6323267511092
2.4821766094361237,-55.71721667880992,13.011826841583078,2009,301.8491436528299,297.6682246509827
8.07835538924283,29.571770728007465,4.434036136102025,2009,300.34263975702606,298.34943772791416
-26.536070446492968,-39.22816711413648,7.7918977568636905,2014,301.12164749040636,300.14551712117833
29.17480031708409,-30.69510229171044,22.862087141270827,2000,299.97497752110945,300.8303639386986
12.128765770909766,-118.19019322603816,15.503269810222182,2018,300.00676890304607,300.1647516300738
-28.671511471642233,160.24110795216313,21.20219086530431,2020,297.6446214812413,298.8546361656116
-21.42948211114009,69.14651292877281,6.981311301248425,2004,301.206405348526,300.73393748792813
16.379203278335204,162.51913034124516,23.518189776879524,2016,301.71519896298463,300.70285541644995
-5.512856590444613,138.82311512703836,7.435113362746813,2015,297.05488327162146,300.978940142952
2.1393959608547135,121.00237315460953,24.820262524120135,2015,298.1189006132485,297.70062528800185
-12.869473192889306,11.367862838997524,15.806292066870805,2018,301.7023571075881,301.8540793222479
-2.021414631589792,-152.7480981684765,12.246956607591006,2007,297.08529581844624,298.54485080852436
-17.522618442636606,-164.88524559254824,14.898542607521588,2014,299.97968530347157,302.3243619662792
-26.00611632514663,53.394482682754415,3.149057254671145,2001,299.82352515623705,302.4406976467676
-16.107093842097072,159.31653828368587,2.2422890984542843,2002,298.2106122924761,298.92786293857387
-7.6480035744269514,-155.26307601937404,11.717651783376422,2019,297.24925603428494,298.924697167413
25.757304135723565,-43.478446615038365,25.109663480437128,2016,299.05282636008576,300.47593774217904
-24.27770386361648,-142.67571093566045,2.4110722461896863,2003,301.2158327724292,300.2104247325225
16.917598629477553,90.62891726250257,24.287060086777277,2019,297.7717848500643,300.6913661035883
7.228427103118236,87.21114739167137,5.926549175471324,2008,298.9082946285401,299.149153337813
-20.479267578618906,-87.03683292018239,18.55694096772003,2020,300.5977300536533,301.89020358167005
4.728405270716429,47.66087675821947,5.537824764104417,2009,299.28234168470044,300.9202772191926
-6.82728043097816,31.861776657235964,6.375810593392833,2012,298.1820195037002,299.3366796357745
24.470310833012043,2.5414728259385697,6.449691043644368,2016,300.215674495912,297.73507819775784
-3.368448694721934,-17.720537800909028,28.796437234364465,2016,298.4957032168015,300.80797407353583
-14.156280918376874,158.06465260210496,19.454854164467857,2000,299.9079843050414,301.54254739023816
-2.2131171697493137,-79.75528330551371,19.986563185332674,2006,298.4554926480895,300.64082919636627
18.896383712432353,100.08908753207515,23.06468859699267,2005,301.3268958738902,301.25514410692614
14.87031446472431,-125.78108284142135,7.299695707137314,2004,298.4276704710128,297.1852202213096
22.751146356074855,-92.37719404132903,17.162777917617234,2023,301.7196621683811,301.31074813959486
-4.260904089546571,-107.61654526201976,15.911830160270837,2006,302.4788672042433,301.5397861526817
20.69228086531374,-90.35685500072763,17.724369566874934,2005,297.5220486525192,302.4939093661831
-10.401645034445345,89.3462083375847,24.393286537777676,2009,297.0314521974843,299.5620416427272
4.269737917341658,-70.54910191872014,10.22502896020069,2002,297.1233423903913,298.9823475492782
17.024295064514185,23.825048841025506,10.070561687100268,2015,298.7170800251968,297.08658602147625
-28.971013085088114,149.97718859126797,21.47859656145257,2003,297.21415909178216,301.6041579530686
7.171572002178202,22.82232625655044,19.113807395321416,2020,299.2128422538053,299.1482648416998
-25.840300176734115,49.79600632505756,22.257104969222247,2001,300.8906835001811,299.14076759430486
-16.26747225099006,34.866675679593385,27.917280845304592,2013,299.0431726901269,300.40189882295005
7.984359209970783,-11.057318162715461,13.848721507582212,2017,300.57229911339095,301.4242773282261
12.906009677021999,33.536958854208535,2.547091912678033,2010,301.58057546027993,298.99337227438707
21.81848527779696,-140.37721768759852,27.826368084947422,2011,299.7519769541856,300.7998618710295
11.828148353508553,53.51002443677359,8.983358190103946,2018,301.11286892367656,301.4564222268474
-5.170352080752249,-106.50003869943252,2.2279260843991313,2017,300.67268325381735,301.6055189387358
-19.81629428538461,-173.1078475211388,23.593975005477816,2022,297.94288797190796,299.4946844995756
-2.7076534318279073,66.85219545611182,27.396178011164942,2023,302.2444430381833,301.848886019329
5.069987731847412,120.16510233077781,19.634750699385386,2021,300.20754942352403,300.2606209927946
-8.7045203473794,-161.2838332880253,1.92056919581667,2007,298.26937059659593,302.0361972774391
6.9788695339737785,-91.33703322820863,21.029713363292192,2010,298.1617750731011,301.7464825724738
23.16560611879249,-109.20470941693486,22.38535648734964,2023,301.8652081110665,297.6887130773426
-17.96682132928401,-102.15827671399931,21.04514247220967,2022,300.40445360584226,302.1742531482923
16.554691968438355,-133.94270717575807,11.07770539033025,2020,302.3643872341349,301.4933564899951
21.152845274758228,157.66748331620192,3.4680010974737754,2010,301.34175182052473,299.2891993236494
-19.91291229604225,-9.01765250505062,2.6014531015478255,2023,297.55537958749767,297.9212009900176
-21.163466186874544,170.30764724842737,23.019482700635734,2007,297.62937335236796,297.047883808844
-20.66571378784186,-105.38172753563966,19.286847305909678,2023,297.7132343802333,298.4105468355922
-8.680815091566739,62.637914932462934,2.8143804243640957,2004,297.93563479520105,301.94030935174277
16.608199928393276,-152.4672160202473,29.61514394352461,2023,297.45505259590004,299.66495897294004
-11.854829323287817,22.82701121418748,24.310341824020778,2004,299.6317286394078,301.29305814787966
-11.782563711369583,-67.79166173458508,1.0910862753955413,2022,297.4524977835238,299.52771231467494
-11.612191917430781,116.05723602672754,2.65238308292368,2023,299.0009530262751,298.0489929317499
-9.1762578900363,17.005507351431532,29.761413548398234,2016,301.74211635512006,298.7263152319736
2.2813623218341803,122.43890823811194,29.69408279798664,2008,302.1723056401541,297.0870274459825
1.3656084937121875,-10.487751759656362,20.025595637295414,2011,299.6574947482252,301.6102673159499
-8.315773255968818,129.52608293219242,12.797339227599982,2022,300.8419184386503,299.28879952202334
0.8310440745958729,145.1872851752558,26.80662806773111,2016,297.96520395059747,300.1225002486208
4.758867999716273,-3.7351936619118646,19.69761220872774,2003,302.3362943942818,302.1277751702588
14.496157167107128,-79.41028169661408,4.817954075004494,2023,298.0189869546083,298.5325368471327
-16.877411980585006,-114.17839924722584,24.945617595259343,2021,300.32118040397154,300.17137703921344
3.52595667746386,-46.37897423296869,23.78365000234469,2002,302.163922280227,301.91691862775826
-9.75118045950611,82.60695713939896,17.62347263903815,2004,297.9631772707169,300.70020537926854
-16.76974419386117,-101.445287561218,26.34808142585037,2006,300.2391319122006,301.13421894612605
7.4086698311577805,36.10132579009331,2.5519194244782555,2019,301.12646170166363,297.8362671208347
-2.500584324745475,-53.56102055443888,3.7195192614534784,2007,302.0640680768845,297.22032515477883
-12.512345190372368,-105.28526296594676,7.9062529563051935,2012,299.5743797982886,299.564646771169
15.634538547316936,-124.38280655822672,15.130695268901473,2017,299.82107190626124,300.87245799226736
26.110325203589596,-44.71019429540894,21.535533212118136,2017,297.93889599821864,297.1675502746993
-17.733097652143616,-57.451839798866516,15.806841966327237,2019,300.6851789579416,299.575816022636
16.413164511893235,-135.57570652598528,19.16334819802966,2000,301.69140097431824,302.1061092809997
29.783897620743325,106.56266487382197,22.85828804241213,2015,298.3061320621374,297.2728790533636
13.475897210857738,-139.8265200153909,18.64126550022538,2007,302.0730211656856,300.8259355879473
6.646243841102319,-108.05714233850178,2.610225951465366,2006,297.6901746323953,301.25024280815796
-15.784000505601082,63.861526759994206,17.407665090388893,2022,302.1004534932246,299.01237195256283
-10.917025646944879,89.7933621530911,13.502259747813145,2007,301.2638422850922,298.2893408000633
-9.294975269205977,-169.1626060039252,28.883277412649253,2007,302.1326279826762,298.4602302408599
6.6878166735396505,64.25998858534962,10.208941307470065,2001,300.4078875981971,300.2979516265296
0.3798185612560694,-53.85122999632894,27.474999138466007,2003,302.2984817624532,297.05656472764633
12.962998394528668,74.24861851989439,19.057996687544126,2013,301.3696444981943,298.52971035517635
-21.464685613391076,-67.26124734128025,25.63649224914914,2009,298.88862686197706,301.59014484640596
26.129070811649747,-113.13609407813317,11.80275901505051,2003,298.0917009103294,297.90686627110824
-15.60063816780255,75.64775060323342,8.915549847213146,2022,302.32442009797904,299.4569298999219
0.09107762100998329,-91.20289831005367,14.65784732060727,2009,301.9762148792407,300.56134055663847
-13.617562840331594,-116.2106996359712,9.533735362476316,2002,301.1637646308424,297.3058303692425
-29.58732226682104,-103.51898020962973,20.242184223490117,2014,299.2132344261462,301.86522788526287
23.733770887910325,147.30309505929085,10.102464218935792,2022,297.588814482048,299.4203192558017
13.782714389845331,158.47949000566257,18.510112765943788,2019,301.57022044080287,297.6594010140999
14.095550843693651,11.323769108149918,9.350414937603782,2014,302.2244481753534,297.75399201943316
14.03298784815248,47.605734312429945,17.924546073234893,2004,298.953224062646,297.2488705396039
-16.92547750487919,-174.5363223767423,17.861096061878595,2020,301.51539559514526,300.11632892398006
9.42182989404644,143.41912797025253,12.58604475302111,2024,302.1846254733165,297.45503721793017
-14.76373368457823,100.79579768779593,3.86337899959731,2020,299.5518993399179,297.65290002530014
28.83409362364341,-102.70948051319205,2.9497912226262732,2015,301.3092504446489,300.8483786335471
7.016641643070116,130.84766292292682,7.468799784739949,2006,297.948881323205,300.12385863523843
-12.218543189202698,157.7936623144738,24.743466655037473,2008,297.1747816639653,301.3012792309507
-15.595755570746011,-128.0486877402229,4.355338227228763,2024,300.8060619077066,299.5186094693872
-16.408702437833657,41.02931027708374,8.332885429253224,2009,298.9756481084048,301.529537246365
19.24176964600676,-8.153856675935515,11.173754170715451,2007,297.87067145058086,297.2848223880305
3.438634518858507,-123.82710791760832,25.20313762526289,2015,299.6517265440591,301.62499790721597
-16.72567821323616,-42.843141479376044,24.443766427917037,2021,301.19035986524347,301.298281062582
-13.454555733523122,-106.47116679161971,1.48593283027909,2004,302.1356218265081,300.7612654850944
1.8943291612038706,-168.2427381175815,14.79228956283824,2019,298.37374689345586,300.59788084857354
7.154341923214901,-60.44047800907515,27.91495322978381,2013,297.3764774891131,299.2971684769935
-23.01849089013025,40.60650079314374,28.215982588210483,2011,300.8133433455409,300.5652974356015
-16.111194245220705,65.28708476688556,28.265312546310394,2011,301.48069052590495,300.3650706105677
-7.592523292037686,-88.07890544523211,4.07035522818075,2003,299.27244884464244,300.71702608807243
9.489589457854407,-154.7610697291475,12.462520147503575,2003,300.05980403991396,297.1603535231215
24.43493666138435,-123.73786456208056,7.38257162927021,2012,300.905631214855,297.52650980109416
-10.938318147170271,168.72285800676855,8.607946036647427,2006,298.2124530233498,301.8739997467114
26.058246850049414,149.91139603154386,19.427016348995384,2024,298.5713477672462,297.5025575767323
-11.11045023890107,-164.5011350223593,23.647952045688623,2006,301.02323055223724,301.53459334682503
-21.213824603831032,119.85469760672208,16.66859942191891,2013,297.59187801617924,301.2247049810949
0.0286389520030923,-23.84259623351369,8.235589310799512,2008,298.6965755481922,300.1517321034046
-10.487328223427323,-165.86301087300518,8.887959554986326,2010,300.92065297723525,300.8318231129021
-10.539251538296657,-95.79710467000675,7.115700602742856,2021,301.5123475114246,299.4231544040677
-22.055723190212724,-42.38918928811498,18.96096016997043,2012,302.44682767086505,297.1417327932039
6.2117283900672575,57.42215339447776,20.953321155149737,2016,298.6747089301192,298.0895253419616
-26.058473010620446,139.36295420053142,13.17561223290321,2019,300.0055219795047,299.2945638021052
-20.386463941409623,-118.46289512849461,13.12619885672119,2024,301.3846608991832,300.9832790118657
11.42434331466432,-57.40385922723712,24.34394818157838,2024,300.63945275454176,300.3134719308162
-20.21885317110683,-95.82738008649692,1.687524855691033,2020,302.21538345784546,298.67531295675803
-14.129051760669707,-79.23864519128631,9.053853533174472,2024,299.30795060543744,297.2784235974799
-27.636489978430838,26.62195178484376,12.393958157902192,2020,301.021365394502,302.20715819345537
16.896928751783946,-67.06565566125651,8.188327403124285,2009,300.2359372154073,299.1872642793818
28.42802480142897,15.911518501332779,8.98193625007324,2014,298.4932060139849,301.9733381027416
-7.516681769557415,17.95268259943387,2.466620010902637,2011,299.2577268673331,297.8983515644898
-16.693081308460883,-65.68035124697937,8.52226362155269,2007,302.1171913109313,297.52448506700154
-2.996481634426484,-58.516459572877565,26.249965208265742,2022,298.1611926840692,301.1385758567257
-26.922369061127064,-2.6872629428558525,13.82110400571188,2002,299.6641515208047,300.81593056332076
3.1657420820149866,-102.1498098528496,7.049062664490471,2004,301.1808851138459,297.84644947581575
-21.045031815511564,-83.4572276118312,11.471167063890078,2021,297.6906106825049,297.9421222680192
19.641393289568732,30.54190740799754,10.788441510630749,2001,298.06389438626064,300.5282746469094
-14.410311723582032,138.99099917286588,26.97500838373188,2003,297.6716133375836,297.61125431032605
8.8863020720474,135.04249604089694,23.92509479787853,2019,300.7020067200117,301.53392745987145
-6.180470267551552,-123.72589054481008,22.400577474530174,2004,297.45113026866306,297.19216585523293
29.385384804560076,-169.19232042633413,13.891319338454629,2006,297.64504081290244,297.9298397814184
-8.891699615378851,94.20331543691856,15.705390297747735,2018,302.41846005299874,301.22402989422267
-3.9383101115269383,-19.28090815324245,18.944390234189147,2023,300.1032749917649,301.67815990408315
-17.90829731962123,156.39589395123892,20.98354195869866,2000,297.7104594488371,297.54750582044824
6.191529936880052,8.496196974940233,8.353939392894706,2016,301.8945235699957,302.4557951098125
-12.355952269393331,-104.28531973711428,23.19553755188318,2001,300.313584068869,299.8140122038546
-26.339571419676307,-76.3807324134219,3.704871956566927,2010,301.65787973435926,298.78381157543333
10.589024971236263,33.927057831095,18.49135348356546,2015,297.0297270801997,297.0074044902611
-7.313953812752953,-128.3776667960787,1.5331981223963211,2009,300.8079486838493,298.2833305245713
7.519810197267233,88.94817616645042,7.342702778289636,2004,300.5773388685312,298.1678368585779
-22.679555185386658,72.49798280148843,4.289783696013585,2015,298.8772525527253,299.63190603455735
25.731572990733937,-60.49025829509563,14.494771084245096,2008,300.4250275526106,301.4371666008402
20.52093969040464,-6.223149692303593,23.546208548289183,2018,300.0147986150041,297.96055952242983
-12.244078233803034,58.97681094698103,28.993778985281594,2014,301.897113764704,300.1728466072116
3.8351740053374215,0.10027267479372881,3.012428491221318,2013,301.6190119371192,297.7011712407714
18.012380861014748,130.68325658420173,5.3699371230241795,2005,300.9309535842612,298.61344381792554
1.5282184413535909,71.2198027818612,27.10765922486004,2024,298.6933751010894,301.6064195874183
6.869146650697871,29.230352539544356,8.355431109907109,2012,298.4957500766901,298.1984025879471
9.710075106839888,48.13617591559046,18.21038009843699,2013,301.00827929947854,298.7794172686702
9.903359340397863,20.36823426077521,10.939196837409309,2014,297.51930393713263,301.5733508321172
25.103852524893483,53.92369683514784,3.999589330954018,2019,300.54696597910794,298.58538367442054
-12.073027736744905,140.83202630289685,1.3953866932688226,2002,298.96127896792416,298.3996473239004
-29.226151812628473,14.507786434139888,25.68337132735347,2019,300.1115972283731,299.8295373025694
-24.896616870645534,17.59420855533591,12.019393289996444,2012,302.4385954226404,298.2415024811152
-6.606015222535163,-7.1829441683691755,5.0024491235815,2010,301.56347576476895,302.3723690505517
-5.716496170220481,-148.44605896992482,2.908541060026718,2019,300.20492947139576,301.4686060157429
-10.383538539799485,-69.9321753189752,12.678407908842246,2019,300.75205429090306,298.733816890572
-22.007404551802278,47.66265232758309,4.721450003474171,2011,300.8138217043097,300.85336323016946
15.208326639575802,134.22939176363923,15.498810766978865,2005,297.5087524086643,301.2919132450709
10.422104012529388,96.29957901265396,9.918364069223234,2014,300.3940826943576,301.6747763177676
-18.225256997630062,-134.80207563654824,28.9409184767555,2015,298.5524435872711,298.63941607788655
-13.329290207606071,97.74434231945554,19.90512510131136,2015,297.5801588510357,300.22073226129936
2.6606932580592684,-95.85331486677207,19.495450113522153,2010,297.22868427915625,299.73971468951424
11.358624726161416,-89.16770625491264,9.925356253501324,2009,297.846557303806,302.37367422099845
2.686333618967332,-131.15220559477945,26.91542234703788,2006,300.5253104045432,299.56399875120155
-18.603831812546346,72.62577859581259,17.137474483115838,2010,302.17867269003665,299.913426813596
13.943306795853289,152.6787777280606,29.28021930328974,2021,298.66659628840114,302.31601134103647
7.687171874614307,155.03129148670553,20.607045748616205,2010,299.0351348827855,300.0275947740662
17.400890493592918,-65.52628151747942,17.81220381789157,2024,299.07811567549953,297.3412021999583
-9.641683961425954,2.1353955550410433,5.6957671923341975,2016,297.58485513541524,297.62776983120295
26.462895602302623,134.15582598337994,14.110511307529613,2024,299.2815411053674,299.1300092628366
9.58141637582846,-20.867968464795524,19.798770595427534,2005,299.50460724514335,299.28228239843827
13.829548648937966,-131.27204340961774,6.731537397142774,2009,299.62578904214195,300.3099370367
4.904198845271203,-35.473759527944424,10.80444787162158,2000,297.8939589310779,300.71591720279037
-27.714821964040844,43.188683354699094,21.247754489618494,2003,300.0380137579948,300.2737635299567
22.31478367683033,27.71338047036548,11.018944757979925,2018,298.6250735854472,299.9148368756178
10.703513130180788,33.39753871326653,5.302449781395987,2015,300.0709377328526,301.7846580809373
-7.707209320807536,41.18400267527659,16.186239065583713,2013,301.1532348959486,300.22643155056016
19.706320256339453,-151.13276754763922,14.828327454260608,2011,302.0368353169977,298.97886751449914
-11.581663067458909,-109.72902075412229,20.676243890866857,2022,298.7912664113517,299.1677482573045
6.200051772722084,108.6063455488698,14.616041295023377,2017,300.19354874250297,302.1476548653671
10.33504123765168,-6.739937561074669,24.48057605171079,2021,300.3986235791546,298.8801600702395
22.432497331261104,-175.3533979268429,7.574028910172786,2010,297.7269881176463,299.4192060184261
8.637394766856815,-42.85733579154899,2.5823968401982698,2002,298.04106005253806,299.52632292440296
15.127721972614275,145.99398165440442,25.225803378243135,2010,301.544874460226,300.234002548863
-8.81382666369663,107.92201120048202,17.08592371886265,2011,302.14457988718914,299.5636396096217
-3.276808441327667,-174.7558242895396,8.174592664692028,2013,297.9054563554227,299.283187167441
-29.140145647979924,-7.799226598599887,1.6096120950602975,2021,297.3277290354423,300.32397625843123
15.821536161019232,8.424493531922963,7.5764061342697255,2006,299.0559445987685,300.4393147783733
-29.25953723637756,-128.5340840637292,22.526512606937622,2014,300.2890501453081,299.1180643155267
21.288346727955684,162.86951015879168,26.623377122735523,2007,301.6153063443891,297.79929680831276
0.34180462688243907,-157.66508989564045,3.0635146874593824,2022,299.86247172290905,302.47020093969394
-17.889489878174516,-87.08258550223137,4.292678627462314,2006,297.5390422662941,297.2423622386371
-18.8833889799876,14.857239939004103,19.721593261395412,2000,298.8171531051609,300.2406803789132
-2.74329619261065,-17.43638882199295,28.170908048203028,2024,297.6981942756523,297.6780607861442
1.1137013199440347,-91.4949207023759,11.38605177934519,2010,300.7989947331229,301.00832422241115
-27.181620534111612,154.09863008238534,3.6430785438956486,2017,300.6981439703929,297.9342992692246
-26.675046693465333,-60.78726390090607,23.213175670800194,2008,299.2849365032565,297.1320277466469
-9.877703626952254,-116.25038805697565,3.8543014839396936,2002,302.32291505706667,300.02425298100417
27.789541623903993,-138.68870421101923,15.221847056379882,2004,297.53331119030986,297.9846740059287
17.85084271778915,63.91648986615931,16.86093740357883,2017,298.82592559287986,301.29897906929284
-3.7769086894687405,45.988349363041095,19.77628028162083,2018,302.45883041089087,298.32368783116436
22.458440048224837,119.02419375544486,7.515064531611232,2008,300.46894594470564,301.0682559376971
6.736545941632343,-173.99670714365791,6.6484314329295495,2011,301.0197869017689,299.31006052362613
4.701585786992403,119.74023839740721,24.32080138453264,2016,302.26458329935576,301.895759293958
9.136506653943016,-14.527944941134535,20.59707749396149,2022,300.1270374058254,297.3254738952495
7.968156639690413,96.8112160456206,29.82836798472169,2007,297.8730521985587,302.2210020843509
22.77608980270572,146.53510574940788,29.75445049899421,2000,298.94907450642376,298.66556438938306
13.85277739933246,72.26118766233498,18.081582638446434,2012,300.265793475689,300.16576385752046
-20.312529956145596,-10.173658493361927,17.050681510085646,2012,298.23531342041184,297.38034462245173
19.6499244981404,-88.36540454820198,14.7177975969476,2015,300.1014110658047,298.4363933788097
11.697187160582864,24.260739896186408,24.091064674235227,2007,300.3555935711993,299.6849772142095
-22.009072459948595,-85.92011356126184,13.153884714595472,2016,300.8170957775816,298.0051314129309
-10.85729554006561,-30.41493729765625,27.332437591874253,2005,297.5021984139957,298.7527928219479
-23.719441767868,-133.7052650542011,17.641667341275774,2000,297.50282095499426,300.4412505174374
3.031900835773534,-33.34841128338036,16.119933622738493,2000,298.07961866271086,297.1241048143794
21.69989308194606,27.762149659646326,26.82909520839343,2001,300.44832638990795,301.44617185267214
6.698785163399549,-73.53087746579256,8.416567344900711,2009,297.9943183280931,298.4783868826661
-18.081325386155655,-91.13147006553615,9.886048031180055,2012,300.2339539620511,299.34574860983025
6.925246789250124,-150.63302677990828,3.545858874686639,2009,301.2496904347049,300.93194743750223
4.73865879324871,-174.74076104080217,11.45088927853195,2014,299.130982127574,301.74913942202045
-11.471863479023078,-74.32747471488224,8.71393309968708,2014,297.8458103803227,301.87394211730793
-2.4888862687790763,23.25263001604685,20.227788907971274,2001,301.48843473288844,297.10419971855896
14.155077213119327,-104.97615349740062,4.854913238531497,2002,297.2707150299742,298.27094469080976
23.843143047822892,-87.77105480183222,7.398880729030705,2009,301.72511466705805,299.75032042555097
10.49359218324929,-93.93610173298931,22.98317220932528,2019,299.8171808922238,300.74263704388403
25.901878420870126,43.333650764539556,24.30890184434112,2020,302.1399913439353,298.66862048996023
16.913454779813385,95.70911179850714,21.058013904129705,2017,298.80706982437187,297.29956326051763
-19.052517560850596,167.47546987646467,13.417334256148013,2009,300.9936119263955,299.0182877385396
-21.16637553536898,-105.6308341601589,10.084727820837701,2004,298.2772357999574,299.22928948355826
-13.85030574050225,-108.49261900972712,23.718229379879315,2023,301.538662541928,301.3728190968337
-10.576150463374582,95.46978015158112,5.151679376524597,2018,302.2596053483235,299.07172042236203
-9.645560329569818,-157.5247221799991,15.099035969041607,2007,301.4681489830238,297.45323284524073
5.9980714956639645,-5.167128479660221,16.831782465961,2012,301.7228396668452,301.71477015553387
15.879057023092415,-127.18975895453465,21.01936256012114,2022,301.69331069107335,298.8048803979448
-26.773661300281,60.96851432666938,7.707117921162708,2018,298.68325941425826,297.35026622126384
-19.372371348104757,-178.1497340691983,13.916876112067817,2015,298.8085243981674,300.642725563019
15.109508757400867,112.30064446963803,28.426741364551972,2021,301.72178550003355,297.7242779688991
12.302454381215561,87.1119826250349,20.653973994838292,2003,300.4373886160682,300.51092817581235
-11.571261113747308,129.48465062891984,28.824693305706944,2015,301.67003910977274,299.10868427582045
-19.90328468953723,121.1191892891531,16.918379317562078,2017,299.20986224310184,300.1780538433129
-11.527552483537956,-8.20797140953394,23.99882782274902,2015,301.5625949362568,300.9016385200341
-23.675917356212263,121.98739028546481,20.459376435454384,2016,298.67333025104955,297.7658576452676
6.720511797567319,-69.73164112048649,10.45712772286463,2014,302.2877914080313,300.7353941257576
7.882558658602598,-82.5986676643231,8.214961873436135,2014,301.7491653460301,297.72758371208073
28.655397620702594,29.7463125745316,29.868750418057616,2019,299.9934153535839,302.36678350201913
-7.851828371447731,-51.41075976250386,10.97865691763382,2001,297.92102859484896,299.54426450907835
-28.003921729838495,-136.12029028838265,13.059978842830478,2013,302.4050674750071,298.37485089977855
-25.598155952423838,58.73264963107516,18.265624734549306,2019,299.32205728634375,301.31785156575535
-18.257241594021057,115.29119482016029,19.813666302955525,2016,297.7554896028277,298.52278483220607
-27.236216179081353,155.09666699644106,20.1631573610364,2005,298.71364456770226,301.6510943725254
-14.423802977491288,-179.4082474395181,11.916033913100124,2004,298.12333158502634,299.30282328830225
-16.82190428432586,-179.918266241428,27.53504459467829,2021,301.0826072731782,297.9229802760532
-22.778185427400835,-155.66229018994207,21.996846474414717,2000,298.275127104431,300.8805949140733
-11.537831196609368,-92.8171258749106,3.117104194089192,2000,300.9529496229421,297.60831979380237
-27.864586151611416,177.95890896685734,7.7491221185510035,2022,301.1264343674802,298.50978670428896
7.479838457023007,-150.7808791930628,14.113871894002623,2016,299.443008737831,300.7157272546209
0.5336442041928109,130.12044696767674,26.115034576326938,2018,297.17447370498815,299.94231670375194
-27.738136505108834,110.90441416176816,10.30101120933877,2006,301.15013148663155,298.3673268653732
2.303698757217461,177.16883021228978,25.868387624805788,2010,298.46891254100984,299.9406350769154
21.525685790322235,-62.68271665831546,28.667225687264487,2023,301.50378098786257,298.85531834865174
19.651421637229028,-179.7847420194737,9.926755350757455,2016,297.7536150051998,299.9567154413091
-18.90478215197134,-25.864137709156864,2.781328748535148,2002,298.99800038019396,299.4125612513533
28.649775492533593,110.83163244623324,22.384888385046438,2009,297.587403872013,302.2437158366015
-26.386383305982154,-72.84590007541904,9.64391983393012,2013,300.70709644186184,301.6437317528381
24.948455001040337,78.45576873843663,9.22462977909695,2024,297.38794600676124,302.00186227027234
-18.59227402087766,115.65005564149357,16.79429526210694,2004,297.9453208167476,299.6208955895773
14.272824910124541,-129.95920612833203,13.762061176928455,2021,297.0727584709791,299.81479251113217
16.166554765293405,156.52638629740198,27.366861949988124,2024,301.4163971572001,302.39436592978024
6.3555717248548405,1.335019350265469,26.47406002830389,2012,299.16326368711856,299.9950542856007
-20.407214198013516,68.84879896295615,5.859429639830688,2016,299.76839821833386,301.38042308837913
14.368153994323634,52.39236830778802,5.517424556824935,2020,299.20823685810683,301.36220695879683
-16.76947277180112,-113.05385727932963,28.573741137576512,2012,302.2560720699657,302.2449793430633
-8.860376744847642,-164.48396077860335,6.193753240517265,2024,300.88275930119005,299.77028735130534
19.74903841704839,2.931018719469961,18.986999273798453,2015,301.2637899639448,298.8842509554612
7.660132629528519,-110.87420949358678,5.234609559611914,2008,299.9211022298564,301.10144716412634
19.556455146715095,70.76210477185663,27.79811667652481,2008,298.8413397303987,298.72536718616436
8.138719317156799,-51.855201550569404,5.306696667666744,2001,300.7884577697449,300.03564998583255
-15.489708275078813,-26.640892991365888,29.064541920177753,2014,298.64943676146993,300.5353728877847
6.056729072263138,70.5887501641341,11.512557551413881,2016,298.0623800462464,299.5921955101577
-1.6490734308248847,-43.839174512395886,16.00151098241534,2012,298.88611314517556,300.76128568699966
-28.47908374416369,68.41687982740186,10.166938034862145,2009,300.9890789639501,298.9821672202976
-24.775727665361508,-107.22621627890253,16.819219874350235,2013,298.63887479522714,297.4936772530809
24.64957588117891,-177.82306445376776,15.03194634706503,2023,298.6922349921287,302.09332757900046
-20.29832680356079,167.69963509859974,6.96803693269323,2010,298.3212068826461,299.44074236500734
-13.057924857440625,-150.85665499835227,26.42180098346086,2009,297.91426149128415,302.04069033113535
-10.329708068997956,-46.05038821335745,23.034886094423264,2003,302.23634345651453,301.0586027294934
5.845754554405204,137.1222577961109,2.438571342135,2014,299.74559420762733,298.19118552094983
22.357553129153786,-148.64065579388375,15.134148808489243,2013,302.28852902675663,299.44668838055145
-0.6570959730430062,-53.40604595691407,27.376905717352013,2016,298.64577602365586,299.3697205146025
-11.268486972816724,81.04001757599377,24.092719239038832,2002,302.4217253727216,301.3520636087318
6.0830442413138,-57.880692578957834,16.793268012611733,2023,301.6477180689315,299.1727933582124
-26.92419244944011,-35.32454235477377,20.538930663738604,2007,301.1192973297322,298.96340336207766
8.084648466241774,-112.88887025256915,22.73171366270375,2010,297.6206375295099,300.28038675044115
-0.9186289838215522,-170.32764454382328,12.03397467929804,2002,302.31999154703664,300.9331876089929
27.428089952387765,-26.242183670276432,14.777909880059894,2011,302.29156157290765,299.9459897532317
7.097447925287277,65.04205436126534,20.335214365870105,2020,298.13289019732326,297.00518878397196
-27.644096901080385,171.82217634369454,8.028257158966106,2022,299.13232335161456,297.76102510488505
14.290096232210615,128.507189319446,28.222724425847016,2022,301.02187824141055,301.23360642571396
28.524622061084706,26.482780809615605,10.907592268027454,2013,297.3764239008344,301.9356852507687
-22.837139319708193,-61.976578361105425,24.656616038157505,2020,299.16499536152594,299.60389612656263
21.27284359213082,-57.59842101843883,26.219840859552967,2010,297.4634540138572,298.95851196841534
10.82306482575133,-81.31666902508775,25.002580648656885,2004,300.8863227094682,299.9444127243391
8.119400802499264,-109.26469189576399,7.140629999520166,2020,301.1140884218467,301.600919899185
12.260118957430826,154.2948773510298,22.423561778861977,2022,302.24216062916776,300.95584860316706
25.809912171753,9.931670377979628,8.508223969001047,2008,301.5190286337843,297.55758913358426
17.513479427743754,112.1659215665573,14.985946002364763,2006,300.30320758342924,297.91440431692337
-7.215755710701075,42.189921762108014,29.12474707437976,2004,297.68259052242576,297.66778198027737
13.26794144140942,-113.83752056115559,10.523179488881555,2010,300.4285876127795,300.313580437515
-0.6128479207055548,10.31637743613922,10.698833286425018,2020,301.00406741787907,301.4723121034239
-14.55126143137651,98.79101805826917,12.181053367638102,2013,301.7080059119123,301.12474524991325
18.30701107897066,-130.73574002891155,3.0218633491781546,2019,302.07454826781964,299.7630450098465
-10.32696035890449,85.36766902439007,2.0646753610089323,2011,298.73798427618874,301.6871681516092
-27.543963337539278,-162.12186307450122,19.08205666005048,2005,299.6675989313822,297.46971666589496
28.347683401674132,6.483755295395241,18.81140108525133,2006,299.65923946808743,299.3603222057708
-25.506249479880978,-141.78227272291178,25.286703068944462,2015,297.6283042622527,298.404443426259
19.67858781013509,-43.92214609458489,29.45426520502142,2024,297.65565743562314,297.2005357795409
-26.835362870266955,120.29907895503891,4.421202025213786,2006,299.408449379286,301.64196409568115
-14.255497410641883,-28.18345769067011,2.1577534443487854,2002,301.7343941530352,298.9040828767418
9.227205067467693,-53.92847483164114,18.899367906839284,2011,298.27246703242673,299.2233290315887
29.595911785784793,132.68053016980588,17.374555878989856,2000,300.3043568213679,300.8547613348413
-12.887651839175156,47.077351262143424,14.213836933756447,2018,298.1080515657944,298.45864695348257
-19.81444791643041,-145.56934943146226,13.154949058819595,2024,299.67098864127337,302.02040440224323
6.621780469089423,16.70654671636754,8.242581197651301,2002,301.6862662869258,300.0756997247265
0.8845316254067939,-144.15130312558958,1.4648165371985704,2017,299.07342392007763,300.3176718415473
-25.2170956087629,65.92114286029675,28.044434552472868,2023,298.902223718864,297.1936834543904
14.77077831313634,108.73377730183267,5.657217156255948,2012,300.5677562434655,301.9458690505906
7.410318674840234,-132.73633007826328,9.981059622050484,2009,299.61977293713795,300.68364948170034
-5.857616956651942,-72.71753141024806,19.138863752315178,2003,301.160480983939,299.60786870233494
-16.452626870962252,41.98391213949904,2.169681712015107,2020,299.57706347025123,297.81377083760174
29.079268655450377,-104.72494874773886,4.7802407712547,2015,298.8802617283898,302.42192012697666
20.316533252037736,111.08539229306052,10.219235539425224,2011,299.4520405240486,301.4916038376089
23.114332722453916,-148.78563566556952,16.612529960929663,2021,300.4900605725784,300.4165247720675
-22.755201846199192,171.70759660558411,6.4210114538019605,2006,302.17733916032796,300.7213947845388
-8.19576408003438,157.74522210890007,8.991436512966175,2000,298.1833559189323,300.4510734432134
25.419890252979158,179.10652722216298,1.9410812269295956,2014,301.0620032936833,297.35087005939477
-6.766611527387582,-78.20443545836451,9.830222306266881,2003,302.05186881523787,297.25845875551715
-9.671218703709108,-34.146520675773615,7.931421505312358,2004,299.38992029817473,301.7824351949824
-19.16054752132181,161.16702374314065,7.344379543915511,2022,298.5069382984866,300.26180904482044
-0.6463647150048466,-131.99599176610667,8.03378402090615,2009,302.08370261878906,298.2671265166224
-12.645365830819909,-47.03251316780438,20.248539420136222,2016,299.1999066006146,297.3156551402855
4.99843489105227,138.36363406966348,5.400544475638521,2016,298.8641962644165,301.37613126863795
-25.351021572456848,-78.36701968414073,17.97360802169503,2022,297.04044174504935,300.8044606277408
9.680560736683468,-166.17568416251595,11.67925311445886,2007,298.70893430571294,299.8296928127162
21.410120983390577,-11.923884315682415,11.431875995397819,2024,301.3879257473759,301.75401446550785
-2.5867156957639885,-8.960988624539254,12.195477133903237,2003,301.1631021263779,300.79016599772666
21.81846314502937,178.85130504519918,13.378891535057598,2011,300.02344490339823,299.2944035343664
22.664964291757492,-106.56194270062055,24.967473675273304,2020,297.3421280033913,301.5248660694446
-11.317083606444939,-35.38911860648045,15.579755556678757,2004,301.7182178093462,298.67696718411787
-18.43941621079798,-133.53435110488266,9.637922553316127,2019,302.35293485666773,298.10773470067346
-29.427398815966402,-152.89148390455088,11.899721490277397,2001,298.88664691924515,302.4346824177505
-0.8861726540786279,-115.50098941554569,26.84306266201177,2009,298.40111789035194,298.93536658890855
12.336918287057578,7.758354207948145,4.614775440791586,2016,298.5500375181251,298.0136576832255
-27.63828721081623,-172.13518368496736,23.460082490473937,2024,298.03836715275395,299.27924618745175
26.149568004169367,-15.458522664320526,9.417398055803353,2017,297.0578227349791,301.19039441907614
23.598269627287365,-24.17762841941797,16.530731719836147,2011,299.1406474024289,301.88083494453696
23.63601064019943,-59.10610872904758,18.837022866426242,2015,302.2913217441774,299.7992747223213
-2.8305116829403936,-79.67004626573072,28.80728432252189,2023,299.5973667441984,298.7838088352533
27.12863502458108,116.51241411111272,21.561043828465007,2012,297.302314687619,300.18198000011944
-25.04567051788337,-124.37250120341318,13.74732531141406,2005,297.35145518126603,297.4088403488734
-23.078231921657768,133.08527640371858,14.694566346929925,2015,302.19589059919866,298.84183059575344
4.251236176725698,147.45434079993998,1.1793308565860037,2001,302.1570187897685,300.73837628217257
4.210897905281634,39.67056323490041,28.328771744584024,2008,297.07808148959447,298.4169759931994
-3.003379543868423,69.44720796891636,22.26165096596719,2006,301.76947544948246,302.2571373094634
-15.797081649307813,137.74156470620846,3.8123841129667664,2003,302.37601109751114,301.6932445266662
-0.10001830234576659,37.16835216625074,7.590570553230207,2018,297.5706598894472,298.6248211997257
-24.56643194394477,60.481170267485055,4.866477673934679,2023,301.49455077899654,297.07513927008836
23.743581330906878,-169.58004597238786,7.9497277637691415,2023,298.84713917871625,299.826265891423
17.798692140908287,-58.32664183085899,21.459210715520385,2020,298.23410638889885,299.7747660823016
-14.349045242274665,-176.72866741756212,19.800628291665245,2021,299.4503479797124,302.31832683040074
4.271951037774819,130.8353680041784,5.044056849949645,2017,301.77388794701994,300.2070816650394
13.080850687620092,-46.064315587605336,3.6810359940749318,2005,298.4436675434533,300.1966851261916
13.090076853630826,-135.20812073331834,18.388320541277565,2017,298.3619740368929,298.91428575512526
23.7333444524331,167.9839995225987,13.859733982245277,2011,297.883484869402,297.9516312836314
-13.993676182564563,-136.968886963052,7.6792575158034495,2022,297.2711197102043,299.1245823783005
-8.791608476356764,-66.37204246782518,15.23957311739839,2004,300.9113804814027,297.0373810172236
15.83139001201284,5.069491475826709,23.601589939718473,2014,300.17099744473126,302.4083742262782
-15.503923413854219,65.26155979167618,21.76355611271,2022,299.72823499309123,297.04271653184685
-0.47447937899412196,175.13546456582264,9.06976216374432,2001,301.6289210414853,297.1669459304315
20.62877181949837,-14.28154176860457,7.31005025801769,2021,300.72429731669416,297.65461717471226
-25.86432731192108,-5.922053715467143,7.382611915370901,2012,299.99640596901855,297.69103920826774
-12.616320975707122,-94.04936240903133,7.1927427802199,2004,300.97326261454947,297.0406554579436
0.5481247752959497,-129.84498634390332,26.120583886781628,2023,302.2506649628349,301.4007567051364
-15.50046475084889,-155.50656692699891,10.190219993898118,2023,299.7825919008052,301.27750350537286
21.49937633273148,124.15107074778308,11.430591275468965,2016,298.0057548971518,298.2782222541793
8.137919918402396,177.45964768184655,23.55380718310397,2001,298.81158598116144,300.8135764618537
15.974728365622738,-70.52593105033782,24.537183418900753,2002,301.48850794102844,302.4114850014344
24.584621202761035,126.64452191779498,2.5246575365190913,2024,300.6427485244677,300.35325049551676
24.905907269401794,-123.70962900784498,22.802146744021055,2015,300.1311386377414,297.01142084680043
-14.357473552028868,6.580699447935984,21.94426686153574,2020,300.1311774142671,300.4744733007962
1.1248708268825673,-161.58041767962868,7.752898149406733,2006,298.6304468825928,302.1130728423573
-22.52319685930036,54.89134398260356,2.5288732237005336,2015,299.5519197959221,297.733063419452
25.664743984524435,132.37275525092605,21.520996986475524,2013,301.2673248995833,301.4437653045996
16.06587706286026,-138.9722806370732,19.67333075496518,2007,300.17544370670817,300.55524056375447
-2.498191234421629,10.334635158258948,1.9969288922000312,2005,297.4689758788642,301.76401039877965
-0.04881294400017211,-73.24646773670568,8.688284262039314,2015,302.49477223957007,298.21180066390673
-23.807001067260025,30.61266073871829,15.167731526767456,2001,299.90504093965995,299.56993547804126
-23.597290853858745,53.84016243250625,26.171988164957607,2012,301.0826431620367,300.53707393939817
-11.055395850957773,43.74674065225747,7.37599673470033,2006,297.7461380693821,298.43026422138837
-6.8965166568623,159.47380226560887,18.70090573366907,2014,299.4965937503199,299.7884979107884
4.3303177070261825,155.64533098813592,25.887996938333863,2018,299.4021679981589,299.55200235508033
17.345766698925402,37.0414377379567,19.972393398841376,2005,300.83178943330256,300.98929514904734
20.182714644623957,170.79815182985112,29.29245565554292,2003,301.52011627514094,300.55470463511557
8.840528062385474,-133.79402641870988,19.855427826923947,2006,301.2233199999854,301.13487023051994
5.301941353059398,-103.44085685591658,3.813528328875594,2011,300.2598283665358,301.5376942552854
21.49982590685549,-13.096053236358074,23.74386767989479,2009,298.51343561868435,299.1887819050942
25.88873955580084,-58.236851765777445,27.502412419332092,2002,299.62827045202226,298.9540618583031
10.950703806972008,58.403576998653506,21.744347005344935,2011,297.3140188584937,298.8867845288581
10.016159112234398,-143.0894886379915,1.3456215063690207,2002,301.783327366684,301.899576815593
-3.057734377802298,-14.650672243293457,3.2321063072325034,2021,301.0525455066333,299.7557213034153
4.365631977305206,-130.59822721792642,28.19218235788117,2007,298.33748989145323,300.0281384899775
-18.450410961850377,-143.32364490975965,27.42249454036677,2020,301.18019195991747,297.26821475347225
20.62372756261545,-22.30413267406186,10.929458575579929,2015,300.20393577592404,300.7608351048943
15.187130830780447,81.88286086300337,26.218877274235588,2012,298.0133675836497,297.3135131315356
5.26790696230109,122.52534393186289,1.5074482056342693,2015,300.1502365217782,301.5072262696233
-10.395666565881985,-54.13881642922003,18.2940484274065,2023,302.3160740520533,299.42406472596343
-14.375813472725497,121.8238697131884,21.753000792181787,2004,301.9121255772736,300.7917942362923
-12.97212341750705,69.7907382752636,9.868591827226254,2008,301.72230058840375,302.2950292112363
7.700827052966666,-113.72352359005549,4.063860018018991,2002,300.3124096630749,298.7727865345818
16.613624892292357,-154.5150830359772,20.15125931947894,2001,297.30917648002935,301.1113635021058
21.05116543932573,-76.99138471500684,19.572970945804332,2016,299.37594154304895,297.1815656474518
27.236205151584528,-104.42950353070145,23.878883694517505,2022,297.96739655880265,298.294607940441
-0.33775133725451667,149.34058199887613,7.139716792291154,2009,301.17437257519714,299.75340742783663
24.707106742906284,-127.21875942245677,19.73190889766814,2021,301.92292107539015,300.15661024867643
-8.953342619381274,119.76974868579123,15.30879431198846,2003,299.46384411010206,299.2300942198173
29.045367837990852,-74.79037557382036,9.549699912056239,2009,297.30494879637115,301.58168845167586
-2.531704046447601,-86.77382219100892,26.483649186630966,2000,297.56911285005623,300.6110948631981
24.41913110629462,-119.25020217663737,29.081481842878397,2017,300.76186321453326,298.04625361951076
1.253146962040752,-11.138492019557162,3.060085220696896,2021,298.84625320353564,300.1602020865353
0.8870540959880628,4.7737816453592075,4.109449432046135,2018,297.7167623824478,300.5388592223453
-18.16902108191602,-144.860386280763,5.838608767961752,2003,298.302672088281,297.90713714769004
-22.523096208652515,-48.27625249758927,7.652411562477079,2003,300.7546913385452,300.45803708282995
-14.033917887761485,-165.95768852538546,14.211436677713156,2015,299.80786143714363,297.7732555499535
-4.512999508548823,-56.970416762666176,6.319285661440725,2015,300.7086146553501,302.38975496047055
29.13604403716802,67.2043002206866,8.064828967483635,2019,298.5126362486829,298.22986940885966
21.425816376594952,114.15855570003407,14.002047645214375,2006,298.1976178765871,297.43065918763756
4.405909521339666,-144.59582822752327,14.028961861742845,2010,297.9612970668121,301.81109007311113
14.24588648562733,-88.97853575149587,2.951253774723922,2008,298.4928697535183,297.0203632375783
-20.246327644115095,-54.1717915790167,10.155912763344169,2009,297.15466828452855,299.0642674017516
7.605200912539871,-127.40523640512473,24.867103658961106,2015,302.14483653446695,302.38891944459516
22.11316984715026,-117.37408042935881,2.3396980128472364,2009,302.00260435059164,298.4829650482195
19.180620166827545,179.7661081699921,7.131506481968423,2003,299.27538317550517,300.7338803545383
-15.792144872629192,-149.77347715917838,23.330615625219032,2004,297.74660219204947,302.37591001312205
27.86119404215919,-121.05757516349846,9.683270619290091,2017,298.49444679393997,301.48775684178366
-7.30106357008443,-148.17709182716698,10.924540218588232,2002,300.46325977392564,299.2888852052339
-20.007689190163802,175.02364702213015,24.804621268630733,2008,297.1019217847688,297.7899175793785
9.47696914689756,81.89174807873877,23.808665692315543,2017,298.68242147293836,299.65724055061025
-26.209014188386412,40.0109483560486,29.528315976596975,2024,301.14066111300264,299.75018653563285
-22.331289338377037,29.605481568931083,9.696353784877884,2002,299.6099345944234,301.4883121641288
-4.075962896002935,106.7006601430952,18.267029246983142,2009,301.47484847352047,300.9322405295348
-15.072176174811124,147.67799578799202,5.478056968637177,2003,297.51457673801787,297.091693528298
22.412055854712875,-94.86903159406997,7.133695729171273,2007,301.85086555327337,302.2749633325532
-18.459218210765094,78.25419866267043,20.265841631564786,2010,301.1929866753895,297.7913188546438
-29.482859844493184,-172.80974427190986,18.011450384732253,2018,299.8490844189969,297.0410472722947
-4.6388028205544565,78.50453803230988,13.838117357055639,2018,298.48054356710315,302.4024083351514
-7.025819157765252,-115.96173885558014,11.199883229023916,2009,300.45416755513247,301.5646677626684
-5.062333078250688,-87.0118455140668,26.143336600407412,2000,299.97681017938606,297.29099088298864
12.068653197999204,-159.9379251476456,27.440107601907346,2012,302.4760484717089,299.64100933394036
-0.8468636286232076,23.70664346784187,27.585924090443655,2013,301.9744904635937,297.0041123960379
5.648183488653075,78.9482192490409,18.943662491270583,2016,299.5516494490019,298.35200222862414
24.89052899109928,-59.25354714131511,28.615656421467797,2006,302.1419117560498,300.50397238870096
23.920062093159828,-15.65681207704813,5.333651497030533,2024,300.4262472430086,299.4578080736024
16.679098294256207,-100.63062684022685,5.772415694450713,2001,301.6922049455063,302.1346925080368
25.956132450218625,-134.91719077365116,12.079562592820652,2009,302.4151674300686,300.6652401758221
-12.87575589219465,30.89102191748796,4.174988616000825,2006,298.68543285102635,302.29217100563767
27.86929350143125,-75.80290750919211,14.909127805589284,2000,300.7038085090129,300.37974703140355
23.548145637120697,-151.6943840436871,10.59652820762566,2012,299.23794137264844,298.21384491131937
1.9985017475244469,178.55771367625186,24.21554704867568,2002,300.49395743047495,297.2285791654974
-17.592139437351353,153.0232403209398,11.617280419933786,2016,302.31085407259485,298.87863712867363
-9.689587234471627,-177.44694740122645,20.72726996158085,2018,299.2436580010231,302.39143664299075
9.00679340515282,87.12808267671369,1.913878249384136,2020,300.4240084475426,298.6990474756407
-7.876490671749245,97.10331058687689,24.51712058750571,2020,301.64302242703246,297.7661628628935
1.213917630241525,-166.63920481357118,3.339423254344144,2016,301.992686840076,297.48079244329097
26.189599878613542,117.19254294734964,23.94801071506734,2023,299.9811488831651,302.32514862474596
-21.128853728256974,158.7154562980952,6.303898538991391,2016,299.0735424157731,302.30710730826
-13.587478259883785,-36.12311924912868,29.502943417807195,2010,297.7868407399787,297.0770798463933
4.011505997645685,155.61607821155002,20.312467816333463,2020,298.8792101560015,302.2432400471053
24.19144144336714,76.93425312361461,24.72622185270624,2019,300.7643944858812,299.7677122817225
15.908930991675838,-5.29537173778246,5.33206745056653,2000,299.950890846164,301.72967392800876
-17.21788080940415,38.800237898479395,3.429938203899587,2002,299.8510100483443,297.4009414852941
7.609974264904032,-88.84839347538832,24.307110104441772,2002,300.42266638490713,302.13931119263384
-17.607935761679617,84.60941367783556,26.127080834222205,2023,300.0080353258622,300.00436180071966
-24.63161263137677,-29.525729217511127,25.745259158448857,2006,302.2970177199379,302.0464969202799
15.874095825565817,-151.53263244840667,13.977583801285736,2007,300.95998241445096,297.5564109078721
7.38827122486952,-51.81577231710787,23.878504926010145,2003,297.5315232129068,298.5079022071977
-10.796596386882541,94.73402078840206,24.265226197818308,2017,301.7662762872753,300.2646638992786
-22.37337054797856,-26.08493207050367,5.664948511067839,2017,299.4929710341526,301.6924669674179
4.879261183503203,-151.58525218617157,6.558468246077956,2022,299.82434826707976,302.22653572986275
2.1413382273617856,-38.09142194403313,25.59789072803397,2006,298.8753160990437,301.4300645567232
-9.683326253242047,-160.04412398115582,17.071441879138945,2008,298.83314922928787,299.7056041322152
4.366350584226538,-94.1986041739211,24.02469745675213,2004,299.90269135935046,300.0659253193998
28.69984846063487,98.34036902890517,4.081711238979479,2015,297.9287260915187,299.53370035410245
-11.57473539838508,-167.34266990237012,10.3712113011031,2015,300.0344180461098,298.96107406647286
-3.161834624843962,167.58645056451593,11.943105839679037,2016,298.01439354821343,299.7363403478094
-13.443070310568746,83.16372569021394,3.2220496577738786,2020,297.1163240284218,299.3041313789117
16.551903912167212,-58.056135921204685,17.348375941916583,2005,302.043922287084,300.2088441832925
-2.243381804581297,114.58818339817748,20.816464516204167,2006,298.9389108271528,300.9747596596097
-10.84648213282869,146.1282016444731,4.672476640032857,2016,299.855638360319,298.2890354987283
-22.58601075590543,-135.47129377904614,17.9150097170338,2024,298.76843154861086,297.1905789039771
-22.366506783779357,149.29004172134057,15.312766128094138,2002,302.44018925509806,298.4577600807511
10.323570159704126,-161.2714481893991,4.295735122204863,2002,299.108633249976,301.60439080307265
21.917673552061473,37.0246969424291,22.098556389674137,2018,297.83195356454473,298.56571106365556
-7.441726684251652,92.27163491290588,16.65019187819142,2011,297.099159549274,297.56282698743735
-5.3700771781572385,155.94945013764658,19.484671955067427,2018,299.565060269775,298.9891634575727
-23.495977637002635,135.3358879870338,23.71164084180918,2022,297.5238691368508,297.15108809382144
-5.782446283806173,177.68814221491874,6.071634149651016,2011,299.97119496728243,297.27677613114065
-26.225551438918565,-112.555155122356,1.9416523790607,2020,301.10095582886277,302.47590482792486
9.939030037557586,-2.347200693764023,27.77204566995868,2017,301.01457935607203,301.88810584247597
-26.299524982742554,-17.97689865032706,6.936864164549968,2002,297.30759492570525,297.78199757013044
-26.83044636548385,45.30283019365527,2.5807690449978677,2010,297.8774697617863,301.870576939721
-29.399375366451814,137.66730711976385,17.578687472142416,2001,298.7534952758015,300.26423028702015
-17.39293344358713,-138.12057823202596,29.133389706134533,2011,298.32585390221203,297.0863274807795
-8.394022153073205,-147.6640334067823,8.448071094030372,2023,300.83587389480454,300.53543625097393
16.964740455083202,157.4932220636777,21.065893534731167,2021,297.7768403391461,302.06345475190926
-24.382026399982244,163.82274736544514,18.716865237020862,2006,299.21389495519577,302.0602202890025
9.01530426561969,-147.44916799500214,28.48784045035616,2017,298.7355441094371,301.3391981816421
10.907129867307276,139.95089415009807,21.082906370074596,2003,298.92890383395644,301.2506204588458
18.19023069796387,-124.77136233992832,11.62998443399756,2014,297.08420822644797,301.2931499920152
-8.303560894476629,-33.689325239230385,24.471716788671426,2006,297.5819276367108,300.45513628401176
-22.71768452708282,174.9363007049704,23.639780165948007,2015,299.76748541878237,299.7130445503621
-29.762403419271436,0.41858332469652737,12.129401281344867,2019,297.8753749619661,298.94784808217725
-4.831110894610816,-39.350326643658434,20.309094001904015,2006,297.5216705628924,299.99269301079704
14.430571273099119,92.49366424572497,18.59476985713011,2015,298.0313997260169,297.05803400248743
-24.514423868297445,20.46193008848678,26.864320770243886,2014,298.85612375142136,297.0994460071313
-5.980207895354507,17.955691616235754,18.96789519198552,2020,300.7021124146849,302.4491184516627
22.969389760709625,-9.723386268665053,16.070865903360932,2004,302.36118044734906,301.6339602616925
0.052596353375950144,173.31171297192907,3.8239251441321223,2007,301.9473202080297,302.1748394848782
10.251893220114354,59.19256317336402,14.129875793553461,2009,300.24976447067314,300.5900046807747
-14.660026600091134,-48.75608609284879,25.466735360284353,2011,299.97662071174216,301.4212293743685
0.5331153104547468,-157.52006100938732,12.134463258220501,2007,297.7788948474264,297.5637298105407
2.127896979417244,-149.34829083981043,9.785409868812435,2022,299.1418907404272,302.23436323514795
-10.816749039608744,132.51533755214263,26.556269768774804,2022,300.861862208583,299.04449841539054
-28.93716896343666,73.15192251917529,1.629302762990707,2002,301.2785017371169,299.10299832083894
-3.412359280625129,-44.57143124293603,11.65287494304112,2014,301.4483969447563,298.98972571557414
1.4552832322642004,61.46183715933631,8.813743942805996,2008,298.8820252316726,298.0695493555027
3.7168865995943605,-66.75690566614851,3.446755996716646,2005,300.3995663105893,299.8022988027331
2.744980786766142,-50.607422340905856,3.362743033675315,2009,300.6776898669384,298.73479015192277
10.955956786878325,133.7358750326598,7.887095228503795,2024,300.94449795875715,299.95952065266613
0.5223590529760003,-92.47516904783927,22.597771217267745,2007,299.2793872583258,301.1934448706651
24.018734374469453,59.33447665785752,4.051367101906922,2019,300.58034459870197,301.5348438838996
-4.93748598162145,-153.6893672305859,8.936325162722273,2010,300.83825417443677,298.47537697407273
29.960176799010256,-116.87967310433042,1.2933185181642384,2022,301.2672975924927,299.45731022079514
-3.149985131374301,163.8082510602007,27.669412332814154,2012,300.7048540759818,297.3569460374612
-2.0564653399501474,-93.51179335285059,14.624325322011765,2017,300.20179641548106,298.9622376969209
-20.14377303264432,1.338996452384265,25.0758836460271,2011,300.38498281211423,298.05980102081134
6.3831670189831655,63.88680752639041,16.24733976381354,2022,301.0771978959292,301.5518564374203
28.071873957081316,140.34110187179186,18.41550827798603,2010,297.1531257819442,298.3566104576463
-2.4231148960244155,46.26140403008441,17.16030316623391,2012,298.46359375893115,301.58255412882
-4.39257766836484,53.54464999526431,22.090785643120586,2000,300.81370469385973,302.448535054447
-13.326532440734638,-0.6518522973674976,10.556381999445906,2022,302.0531101764234,299.4220582266387
2.926791555780696,106.66284585940838,17.908962848242165,2015,297.3286925079811,301.88729604240433
-10.255573232356326,-66.74845197093606,15.850568724261255,2008,301.11458117338117,298.1455272133445
-17.68679476235569,-111.77314443454436,4.642852781530841,2006,299.3363679973228,299.1205387582042
24.924972088002207,94.29637526751497,15.648351116576183,2011,299.55902642201755,297.3203080695115
-14.263540691100907,-23.014627121047454,5.550176100237483,2017,299.1298532651191,301.3142311608462
-0.42622286492383665,-114.88517120687891,22.308092529304986,2009,301.84899442046475,299.8335572437602
16.479157187581052,22.372111377930594,17.028412811320663,2008,302.2493252917659,301.8079290681514
12.476454944399684,76.91474681774736,8.319649733322386,2019,297.1786762817959,300.2740226260723
2.351627647638864,168.77328860800958,15.042181041081609,2021,300.32156244014226,297.2727642952105
-24.319140569712296,-168.1715888134573,15.475925164617191,2023,298.05183170991864,300.3848590326811
-5.657134549143137,-165.2103486160001,11.071365754865235,2011,300.80108228529616,301.85756179107983
26.891910404584046,-4.769622593166417,21.367424403171498,2012,299.959665555219,297.3880253504044
26.04197946783836,95.88646100066046,20.08054742493318,2009,299.4699586597186,301.38048473245794
2.823779455106525,53.98275533972006,22.85927785930652,2016,297.64385427140024,299.9049774678266
-22.387630316214402,33.297652503505816,14.992298755302226,2018,299.2319665071015,302.33741201886255
-23.25684406250845,-83.33822978897929,15.279651016925735,2010,299.334046143295,300.9308284895364
6.22756543716708,-72.38658596460003,12.913675471455406,2000,299.1377111286902,299.4403579586632
23.478836136387343,-31.921095480754758,5.211525577542223,2009,301.2925912610909,298.10646377758883
-25.196195848262064,-9.196855255971627,1.2891078073010362,2011,300.6211977745737,298.57721782656836
3.577011338683434,-79.43573126475843,11.117242081553421,2004,297.28783071515363,301.30566739892663
20.73064865043363,107.66957247790361,15.745892023932756,2012,301.10979875921754,298.1517971895202
2.225007335406211,85.39892048566969,19.19210997329761,2001,302.27881082540745,300.71886533399396
24.46504801447427,82.71738416652522,22.328442329332812,2006,299.0095176285286,301.628885028668
3.277229472668701,144.58724261508962,27.859596606024173,2006,302.0890850713624,301.77381653101173
-0.019006183025748413,-157.9162051858075,21.72230803670153,2003,298.0367491903756,301.42731758634926
28.03968668120818,-83.30438415074491,15.349952596415843,2024,300.82999337893165,300.6958687585988
-15.559104616446877,87.69690632182238,22.75788305468138,2000,299.8700698141785,300.2210988448584
-29.490265283567428,93.96215386183991,21.677414463990484,2016,297.2911476456285,301.1521289688178
27.310509628687946,-93.5454254320749,10.3822137983741,2024,299.21850367764495,300.7205967892083
-18.60403402617845,114.74885173830899,4.383984478141095,2021,299.12554410380363,299.3113728099415
3.7266529573937675,-177.88869796062193,3.276786185154686,2003,300.50251805356396,302.3612341388123
19.536205494420898,-158.39705066795574,11.910651972474541,2007,300.1290677321459,301.84939933301223
26.51433523562521,86.24276932005648,3.511973064786127,2017,299.4070546646168,298.8683094016377
13.14116658977347,-76.68475219024442,8.246740586496104,2024,299.49677358176325,298.6591423289713
-6.95885556210251,127.58382479724486,22.72097150474375,2015,301.99984398593205,297.1601808174401
16.146464610437953,144.68744582959994,13.944282803467853,2020,300.28016479830853,299.01315546160583
18.426421219170763,8.383049748089917,4.385689180295071,2010,301.5022627670521,301.9478032711978
16.915954787292534,-109.67077409450098,3.515710429540065,2024,298.36296843598797,297.1998741157393
-23.889164091457037,82.25781618507847,6.790422403178754,2014,299.75934541303536,300.99007492647587
-23.20612660445248,-33.70809410011387,15.067114365138167,2009,301.21943895146984,302.34978808793596
-12.849513080195432,-154.40014504316275,11.02405113071392,2017,300.84740328721415,299.2660975642341
-21.696144841912528,59.675486495532226,16.215496893883046,2023,298.8589932956567,301.9877661753691
5.2421921145346175,-149.25510565528543,14.044315730428432,2005,298.24703824794096,300.3108974413595
11.846869689858366,-147.42132800548796,15.42835016479613,2012,301.9422830081293,301.9294119405937
11.142766129480854,129.23299696399926,3.5744247417307475,2017,299.40911987992683,299.2480906954469
-4.264862430377384,30.80206565908088,16.114038022492586,2006,298.76312172309076,297.74238167339405
-12.229394066460088,26.02217323512042,13.813757534640855,2001,299.13432160843524,301.37780799280335
-11.654632349257518,-153.77569288372808,28.046551120197943,2019,297.8358910036073,297.7167489345021
-9.262377777830466,110.77285285586055,8.144099170026754,2023,301.5684967057735,300.1423315273456
6.448305234514152,8.336880290153744,26.35977799522563,2001,299.9016879233394,300.60489788142365
-16.00874673470302,131.18507538998318,9.971688300320373,2004,299.9126497439197,299.2048517432035
-12.156400076280619,65.42094614844316,7.02592347643786,2009,301.3457225554936,298.1977944097216
10.622268892920616,109.15636436787355,17.29443173100388,2018,298.9737778004662,300.35523840001764
-7.050932365044339,-70.371651905502,1.7209259615580308,2006,299.0842575039688,298.66522184189586
-2.439239389630636,114.46685796569528,27.96773113122428,2020,298.3449724364136,298.25027139088513
-9.64575956826798,-0.6484609577932758,13.72136538891569,2017,301.53059454051765,301.71365965581816
-5.093569388704044,-147.83763517492793,13.695662841688977,2006,299.5773099556683,300.25215631907787
23.210454169896423,139.98783542163102,22.62627827675941,2016,300.1628873049698,301.3262090895733
-28.96271731419821,17.88646091636818,25.875160227794854,2014,299.5279801489605,298.22981401578016
26.007306314991133,-55.94522553829016,5.668548518933868,2003,300.89839595698385,297.97833887503344
23.311997311469092,-20.913175807586697,5.142531320165788,2018,301.34485975009227,300.51612509966003
21.207933192153185,85.45426993104167,26.583966379582726,2008,297.4074119896575,302.46057672425087
-5.526345793188575,-76.53508781562628,17.178496323758683,2008,300.23041285183666,297.95815871289267
27.773498050682257,-116.79128005153814,6.14917967168346,2001,302.49564014418894,298.5776565510596
-13.172696114396679,-122.49019431578009,5.757844059694721,2001,301.3606202490044,301.98166234850044
28.505230182460878,-96.37572452527705,26.55762882280866,2003,297.62062299484285,301.78513709036093
8.166338078617116,-120.69687741081778,13.465106467877074,2007,297.86304499620474,297.0826239808931
-11.237202291512517,31.731734422655336,5.0102120287376835,2000,299.65045091910486,299.76723455111573
-11.043850656861792,82.52648967512448,26.367665131180267,2008,302.1766808176638,301.7403418211504
3.8570101040059157,-32.29459094017923,10.655741816771128,2019,299.19163319160066,298.743021576002
-1.9567598731244757,-77.19133815409091,28.88673182537896,2015,298.0335927683059,297.81432867718854
-24.078886334404764,28.72992426004663,19.20805095406094,2002,299.9447733453131,301.33619742019704
19.086250099304905,164.8483472576334,24.903771591763363,2012,298.74057831233824,301.25697298011704
-26.875655626723816,-175.3842061761819,24.070787365872793,2008,299.79776172876245,297.30092796158505
2.1282344754802907,156.86973414883812,18.330782537041355,2021,299.6522387668553,299.8617799440526
28.514672117037513,167.6773597983434,7.242802327789194,2001,297.3295883542659,299.8467970577959
-22.53394752319469,166.39051546007687,9.407818116357829,2017,297.48955354192805,299.8133910244522
25.111291826587276,145.48091777262186,5.539347189056495,2014,297.583504787871,300.6874566590538
-12.669635131349189,30.817500422222594,18.149199417543073,2017,297.66635503693544,297.4697466554455
24.566619842197866,-110.29542847363412,13.072262927786287,2003,299.79130001958134,299.2068892076205
21.304703158181283,-24.50932878750163,12.196876476287045,2018,301.2970985607313,297.1067068509002
-10.379593890233874,46.06514472344682,8.980516141430794,2007,300.46030758683673,299.03661186542723
-16.430904011872897,134.21888429519532,24.62239115129158,2009,299.92798129173724,298.6685035521779
-6.429655411115856,-115.32556153607692,17.764090958359965,2012,299.7668993014938,297.45603019766963
7.200080008644505,-57.519721997547464,25.821830498147637,2008,299.6305601713107,297.9935018386772
-0.8621559580724671,73.50320023008834,1.863924616946043,2000,298.1323802092163,298.7692750278572
-2.070781653618038,159.55050588964224,28.020211317860916,2005,297.58453181363797,301.6309094043202
-1.0287141010231942,57.368659420383835,15.80980654896829,2017,301.59194685600414,301.157375087623
-0.9958658086197474,-139.8110654174178,4.346685820117836,2017,299.3197583306487,298.2634395602578
-18.025703046243677,-166.39757762555533,19.657722027023055,2002,301.20898788264327,298.95943796836127
-13.555008261540259,108.41906418305712,11.938184961743062,2020,297.38329883201567,297.32019631641435
25.6202496060845,53.44376910531656,12.008381337001637,2019,299.08651079012304,302.00958824844366
6.920870437714456,-31.699242499585097,28.097913042565228,2015,297.94692778703956,301.6778140858739
22.67083866099385,17.794300423865764,20.029192050457922,2003,300.5703468065698,300.8393880052187
8.28839415097616,-64.59723923006716,3.712083584339376,2018,297.2940229193265,299.4513048463571
-27.039026178154725,24.960467486601033,12.099146548215368,2021,298.681066732599,300.2614048553209
2.2610113053060275,-178.30352681199318,3.099292549665,2000,301.19812201598506,297.7507665664597
-16.2797549169238,137.69823782452914,1.583529933739147,2001,298.3361994892787,301.99600893227193
-24.413570609496595,-11.468900926535127,26.738715324066,2013,299.974210972153,300.72515377484615
12.157774586274947,164.15282117738604,16.408858643861663,2000,302.32932324145264,302.1319270918638
22.240288092859245,-28.141259211844783,21.047751310721637,2000,301.6773621822341,299.27879857711116
-23.256837040664358,-152.7730690195622,17.734857311545376,2013,299.27338352929155,300.0063821681502
-3.837181552885255,89.52198309035668,25.009823681814062,2021,297.7285792470982,300.69755458882236
0.5215164437625575,79.60419220131587,11.228042484922305,2008,301.6339397959349,298.6676450656782
-4.233126175277846,-10.545858966262529,5.563775917147402,2015,301.7004046418366,301.4121165485972
-9.074325156234696,69.79555271578175,5.629349946429764,2003,300.18855413216875,300.66870271418946
24.69461323578315,-55.576739195715774,19.02371202300444,2024,298.0272489052712,301.57185192799466
16.006101380300144,-53.76863107542712,11.927508205452162,2002,301.59738624469435,297.55701868107053
10.553557369812637,-90.45885823537513,1.4494490129595188,2008,298.53820621100544,298.0533672712758
0.2558076475818929,131.6322130941835,7.999141411287496,2018,301.91800187239113,298.25491252563
14.401068009492768,-68.49603037943565,25.90380874266633,2012,300.32091693364066,299.7133787342881
-27.595854819103998,174.35591237305488,12.120952554676233,2003,297.05180920784846,301.4483613525598
-14.436015671888768,49.00812038210364,14.172218173192176,2010,301.59865238549776,298.45731883855495
-3.0820445029359504,13.569166292749742,20.245116902251688,2011,300.2494873119253,299.7817505862807
-28.92071210565674,155.7976607661941,3.271484599327335,2002,301.0123678208704,297.111875950352
-17.68877142571158,-4.650284043511931,26.46932156423805,2004,298.66473565708316,299.57261771456064
-13.632366438009253,-13.121489561283312,26.747299755193524,2001,298.35830976856886,301.94786869154774
24.64945321982377,159.59164027469387,16.08668418398961,2011,299.40119946958004,300.48588336796
-2.9968841667664705,-58.38586440423694,12.254863324980558,2001,297.85163474891124,298.0060760927915
-8.09714599844391,-24.32261998205891,19.07200031143343,2020,299.77030468680596,298.00443821639203
4.438510501904517,49.46566041402605,17.144568440032764,2016,297.0494926150579,298.41795980712834
-5.590641156092101,-14.37691797087777,9.632683998308789,2018,297.1009711119957,300.59696821781137
7.11510894432692,-68.45503796881923,3.488034262085195,2008,302.07773060841873,300.7910362667421
-22.373843173755574,-51.5796590487937,18.182006823146295,2017,300.5982648789993,298.5148644700171
28.06439727954516,-64.2449403367663,29.94878674903289,2022,300.37371015587195,298.4391925165063
-25.980534336249143,-169.85111743900003,8.097607309470892,2015,302.3319280802274,300.9819404032963
-17.277309037021535,-142.1648819230902,20.963637430571346,2020,299.84414861971305,301.9944602788292
18.262464848262034,-156.30125638926464,21.084611202249874,2022,301.99104746990537,297.67364779267666
2.042166792279396,136.6065696642812,12.890689815510546,2000,297.38753372716826,298.529790022469
-10.52960104986316,160.24408154815927,9.197353455693612,2007,300.6921743296035,297.8920085482433
-0.8134567714875303,85.87405421132672,26.138801177784917,2008,302.4126538610443,301.0493967137825
16.455068862040264,56.23307293449838,14.678232300769649,2019,297.2552158730832,300.4317773018761
7.565886119222803,140.83228706465138,15.664034365476363,2020,300.39797257024105,301.2348549001363
-23.762437445256626,166.45151392363022,26.816399446082123,2014,301.5251813366778,299.85078157671904
-2.291611106278882,-66.80372190789406,17.84808901231618,2001,297.38555814147094,301.7549773787015
-0.02601219744403238,-22.1371139883708,18.719678934715812,2020,301.7286129312679,299.5203932312078
-14.255035098227133,-92.96477730731463,15.007409272474563,2011,298.9044632284411,301.4425661126039
-8.616570042005748,-143.65883461102538,28.89475892304553,2013,301.23740791535784,298.15790668642336
0.08648842187464112,-95.89508508651605,12.877266890612768,2003,298.2545520784631,302.0722282498517
5.554090965889607,-43.22725525367477,15.556131842644959,2007,300.0793979251518,299.675227695449
0.29596824536400845,-116.49171224596097,24.569254224835703,2022,298.4466989764641,298.23507708097895
-2.0696600083512173,-84.56789924926699,22.294989680510117,2014,297.74534280458414,299.8511979464819
-23.243446239046758,156.23547066454222,6.323809193299233,2022,299.41236289766806,301.18171408107435
-4.780001434089446,159.6791324337874,27.17348259651869,2022,298.4696544251734,299.80012361853136
-21.152764954431905,40.196043232565074,17.406671889983233,2024,297.5564009633465,297.0623292626247
2.9180583116750114,170.42194491697558,13.721856384094012,2012,302.32383388223474,298.40350225825824
21.508215155895776,16.700568196224992,17.51481892522731,2023,299.3284691504293,297.05120659919294
-3.4563755551083837,-163.41509891683165,16.77245971367241,2024,300.37243698408713,301.778406026998
9.714094588315717,-23.742407347854964,24.763407756440586,2015,297.65867981537707,299.92563137654037
-12.92928241545335,-163.05796876429895,20.387854158305576,2014,297.89596459962564,301.46827511693147
21.203744012216497,149.16255935993405,8.693267583495519,2021,300.4563255590472,299.172198523118
-14.758138932060842,173.56866639701417,29.507579944214395,2020,299.44463987887787,298.4096080645307
-18.57519023850539,61.1832567093185,1.0116447767348564,2023,301.09675947156455,297.4380966019123
-27.0862366022603,-18.736669014773184,13.923525223842695,2004,297.693842029583,297.67806160098826
-21.15284397150593,-169.29494593394307,3.080220396632343,2016,298.65800902525865,297.5200598962591
15.503086295395065,38.16497949698925,17.539062726968613,2012,297.7727445538753,300.42402167917214
-17.530569512469853,1.4652287094327505,16.80156889485241,2007,302.224060630175,300.0515418807682
-9.538789664637967,166.2713547652795,16.87478577403553,2000,299.71029740225725,297.88392342055045
28.695927811768442,-122.9327157501326,15.136567228455245,2017,300.5166253179975,297.70970024889186
-4.1810143174565475,-81.10618818942828,26.744794215478954,2011,297.39589450154824,298.41174325407644
12.83405600379588,-7.193336455936475,12.669413379618474,2004,302.31776052661365,299.89627218424386
-11.803138436073283,-49.47004346591626,2.9257552503544235,2021,300.3375460997372,297.65957022409924
-10.756014459319616,132.35098129928042,7.744474153448029,2024,299.214691645397,298.14314046780805
18.804413613880783,87.41925952764848,20.186140912818697,2011,300.1542047014004,298.18384101275524
21.697497005038706,159.18676361626984,16.03629627332497,2013,302.46024042582,301.30971142108586
25.319248557910356,-109.7802999949092,28.85648755337962,2010,302.1922270305451,299.17952494370434
11.631800539703669,-3.8438109089563,15.864710261802138,2002,299.502229272631,299.5893174835699
12.398551304936035,158.630399707001,10.550317046992625,2016,297.07434499434845,297.89193899925453
29.094885961014278,-152.64233772630055,20.684858445547103,2016,302.20176094354656,298.0840832135301
22.521794394045642,73.6177091082065,14.161550350400436,2003,299.14547321329115,298.0700138333495
13.900775927248908,-124.5068912389197,25.81366626020345,2010,298.0399270957809,301.95499251646845
10.451216929776827,47.976810241496,3.885390559238506,2009,298.64085758973124,298.4466420965853
-20.183494749377267,-49.403832070508685,8.278628983166051,2006,297.4907219243148,299.37040684565994
-19.512797097290523,175.35603093268196,17.273356160620057,2017,300.4041433951989,298.555872503825
23.692152042331188,-171.28582400788926,11.109471613842524,2006,300.57425156936415,297.1358351372736
18.61554783103722,13.168148410303303,9.068298424995842,2010,301.4693695149849,297.70718768181416
-28.897140613485476,68.26986707720619,9.740362077224418,2016,300.7983842181265,300.1482424928227
-5.728828532505897,-49.09987829157703,7.28761400194414,2003,299.72629923625794,298.8300378469112
-25.729185820914825,-147.77272915313677,13.579569957807456,2012,298.397810040703,301.5382418161378
-0.8846637511655331,15.626106791375065,9.838066471122447,2016,297.4725071351155,300.92765527508703
-18.225943098728663,68.42712750796719,12.320916935361662,2020,297.81665750652905,300.04865388216376
1.6289028975158786,84.32200842699001,2.5981795582793357,2009,300.6618142080788,298.57423368981995
-2.393842406538724,-110.3589979157025,7.1007903643652375,2011,301.6362249622651,299.86250850676663
21.64865176120425,-178.0402646909914,2.0200643144163015,2003,299.4788833203771,301.14485572312896
27.338367703405297,97.9522285972626,25.428768680731338,2008,298.40811645183834,300.5795537276913
-23.023579182427163,13.107737908810947,13.677295046306005,2002,300.72337213771067,299.73482466334355
-24.36054423500388,-75.33996925656056,29.528223765913175,2019,298.2386390511891,298.4140284916731
-1.2327013110140612,-47.780027538944665,27.500621156123383,2013,301.9579575624611,300.06586103595373
22.108569072166176,120.39448316606723,25.157180240831497,2006,298.83778662311124,301.49847297257844
-27.69816831865793,133.48698204172075,15.869747094023959,2013,300.8435851874532,301.6962629643886
-21.59007399703618,15.905933631648622,1.232236079539703,2017,297.298164593133,300.9901291870852
-25.13642616734381,77.92307336116443,8.239116427906918,2001,299.31493090817577,302.28779667815616
5.956651069415514,110.69205683468721,4.171321190174886,2021,300.8136004533817,297.9364253366899
-13.697548868754424,-103.41829219310169,18.503987842087962,2000,301.67674739486677,298.17067547321096
10.125195266988825,15.436127649889869,25.153914251729656,2000,298.5193141789273,301.35814926447347
-16.485605859885226,65.32564155309791,8.35485320151836,2000,302.1174673029977,301.60310308064544
29.72901664399319,-171.87531004714424,4.272886196670105,2022,299.68570303554213,298.85745529509217
2.956109600906558,89.40990003430306,23.7339290651312,2018,300.96637597517633,300.617838290199
27.546737519777636,155.19250458288536,23.892000442503733,2001,300.21956482535023,300.0118885535956
8.42899758853273,-86.59829841549254,3.4548138539542403,2018,301.5976451950908,297.8174826856784
-2.630475532810653,-2.7512659693837236,2.0622612303657624,2019,301.5470833571672,301.5692206372712
-12.455094966945122,134.96300445525344,23.381705232982085,2019,302.4406917588132,297.91756337722643
-27.198910806043575,100.63140545661588,8.324994193857002,2019,300.8716516686898,302.20120445377944
-5.464365854599681,58.30914220222829,14.48078864358485,2004,299.47279398304255,298.0374773553324
0.4738449602028538,10.290312517479236,24.50751159954467,2023,297.1571400474821,300.4696807125481
-9.024888252936478,-74.6382795266073,12.385044760472226,2010,302.059290137718,297.30336124830984
19.238493621268724,-166.4289394478386,11.647919145155656,2019,300.422741504867,300.8869521737451
-12.11764007433294,-31.645235265078725,7.4895732018583105,2010,302.04153706481657,300.88023158564044
10.306756215291955,-38.03718731376085,1.037248340277241,2008,300.8811263363067,299.69076445112535
-7.023757062502973,-100.05041224476366,24.914164231225893,2000,297.40796907576873,298.0560893803237
20.399893394636578,80.96858878479821,26.948097623362354,2017,301.87818160985574,301.4574012208859
-7.541640395620522,-96.72689438557434,22.31066509448843,2022,300.67410698881906,297.97175272796966
4.813711931948504,145.45259512364134,10.28525385542472,2024,301.6620218123009,301.243633493307
22.8528854264842,110.06888118412326,18.47282954366713,2020,297.98362587679287,301.96053859310837
-6.168786820972269,-91.69945020922776,14.003827389462053,2015,297.2782826952212,302.09453979016627
27.697875397518423,-111.78354747614247,20.615291963592387,2011,297.8647961580183,300.79842508144736
0.8060698275492086,54.21834837075724,26.800934964578282,2008,299.23360489276405,297.61970439649133
4.612996498616745,-165.2574484261873,16.292270708395932,2013,302.40978514856323,300.6704313967772
-27.369188850202207,-62.41611393071685,19.076118579012668,2022,300.0635374347222,301.9168496763344
28.46096739144184,-163.34570975760002,11.317448441819144,2004,297.9059476081864,300.79028846339185
0.8742669760680286,-107.94448395022795,10.26809336153995,2001,301.2845296665822,297.11028990381203
23.42817443903339,24.941297862188804,24.545364333837234,2000,301.1432211253359,300.9397893891182
10.163125420192152,-8.282910463857007,19.626066741706335,2006,300.99404216124157,301.63003950400895
-12.059239223439235,-66.02469825219515,20.465425134043212,2018,300.5354112758915,300.8104065924645
22.258055991752556,-56.75973031404334,23.32339691418198,2012,298.77243216600715,302.35867729710765
29.179690413607574,4.53781908777168,28.09382395245243,2000,302.30579763355655,297.40459844818673
-26.79392385653897,157.51812146664184,16.366393140027977,2002,300.05538787434494,301.06791926559146
-0.0454255485135171,-81.97716214507169,5.9124984893157775,2005,300.95444916269275,300.1323670327512
14.301076627271684,-129.05236711801436,26.59163565335093,2010,302.14796798450976,300.72967375845155
-5.134211251977806,68.23231520594945,10.975409453174736,2019,300.9119620359075,297.5499188611608
-27.98724771527053,21.743623375179396,21.14999980051565,2006,297.1708128181934,300.0479969049684
15.721963262343067,13.456508559787835,25.382767086234324,2020,298.7967896239246,299.40444627258097
-13.231833526221088,29.471495941694826,2.6051438873247603,2022,298.2279047058815,302.07269276515973
-4.446410697799092,174.78868797187852,17.06769312034611,2018,297.9757520856665,297.6029995539435
4.021967010073652,154.20087792202384,2.588824389782916,2022,299.33514933952273,302.13523398373115
2.543193611426325,9.88432693982358,5.092657430680334,2007,299.118394452749,298.8786329811935
22.476347670189952,22.992131481035955,15.976885915181825,2018,300.659000599303,297.4328421718913
6.225308630256777,-120.98458045684701,22.342653254940164,2023,302.4435512874175,299.07563193736127
-3.3146461078792484,-163.28388402618756,1.3982624543947701,2009,300.64304522952017,297.87055677884655
11.287059552381017,-133.85229378823377,13.335338391829525,2000,300.10767888736774,300.683261848548
27.682948208622918,36.961185940021835,17.22478252423404,2015,300.37615269754247,297.4824470294598
-6.50777402390225,76.79582262045801,20.123274158647572,2016,299.90308720658703,301.33362016140774
20.42401988936043,53.291396639110246,10.82374722222071,2021,300.8982109779011,298.3691893863828
-10.533706281896027,-59.68247858635873,1.74652988266927,2018,300.46807578890156,301.1227969261642
-3.7591456540443104,155.75078251943444,19.341693869932843,2003,301.8356238567196,297.0715561738423
26.685004812612704,-3.88215047228735,10.916100313667071,2021,299.75163830916694,300.73395463226615
-6.48193558353222,-85.10204166952268,28.68456466077071,2009,300.58745203269075,300.9992215828506
-29.956988477605215,157.2672348327655,5.77123579939156,2011,298.02618174589503,298.48147835364944
18.03983649151867,-16.607296801463008,20.445674688676636,2014,297.63415599686476,297.58845193646044
13.167598060198316,127.64471905175071,8.451616685745627,2002,298.31572767516224,299.2836756617638
6.9054772421992965,-6.7722654689630986,14.325565730539207,2004,300.2265548027621,300.4340498385799
9.197372454081759,-154.66748115382944,19.299991095649418,2017,299.09630785119106,299.2651875572947
13.654759328096645,-17.409961613218343,25.845168448671025,2002,298.01320944612996,299.4027302010642
-6.457073944036722,-34.122555612259674,4.640201255608401,2003,297.19671433658215,299.90524634249937
9.712703282681474,-105.31100229880421,27.269655570865073,2016,299.5909605121616,299.26131912787076
-15.805924487333998,82.79756087218692,4.82057018932696,2023,301.5140471244865,300.3799756002172
19.9297472237471,-2.1557985842499647,4.435389447739974,2003,297.65099225318215,300.5516754786592
-14.995051865163491,121.15886082106096,15.856710466548527,2004,299.3161539743875,299.25787531393286
-16.11907720799097,-130.90640218939498,6.70396818870518,2015,297.07983301990186,300.1616147082293
-5.863513954113987,-45.126281154661655,6.305124317242163,2017,298.90205713670275,298.96812637252845
-29.492910236252367,122.11486309420525,1.927839344185417,2008,298.80825858120926,300.3597304593427
22.275881116209433,-174.43892601609193,13.636296348455922,2021,300.5597225586882,297.24622613778666
-26.757142359016406,-15.39704893696404,16.939046732075013,2002,297.5756334864934,301.52456359956636
-17.397159762475823,-38.12988653638854,10.181470609994975,2015,300.1416765028814,301.54041952840714
-13.48583364413265,-152.9272696453911,21.525735372511992,2002,301.6682217190472,300.88331963050916
-0.572735488812917,-87.22956665189531,26.66287565850403,2009,298.78504760352007,301.29927903771517
15.53974574944366,-7.68784660181106,2.295175274988064,2023,298.60766675605163,301.4609798541014
-24.745465595029515,110.04313645537349,20.40632591377515,2010,299.9562156452028,297.27114814325046
-29.85915156795281,-91.87204571937868,20.73690969464425,2022,299.6005409369297,300.539669225069
-23.515350380016702,-22.951998588845782,29.18657451253436,2021,297.43773481054626,302.1721836867005
-14.360017046273896,127.2047391391406,26.04125206342173,2014,297.5227213235839,297.5222450608008
13.691001431308933,-63.311337420193325,29.345265483698686,2014,298.443797323466,297.67039066644196
0.5854240140522862,30.693915183544732,11.42083072495783,2015,297.2657842487047,300.0979071410413
8.869338289466143,-104.56753537795475,5.208061628497057,2023,297.77477732172974,300.4371907372431
13.732230569315746,155.4885837350841,9.087285861567983,2003,297.94269071778615,297.43439329651426
11.597848113089519,102.50042946456898,24.967155921194422,2015,300.6814159291954,301.57365659250746
-20.981362650961874,-166.1070377022718,26.487553231472713,2023,297.70938399359943,299.57653680397897
5.898364541761126,-168.85058276789636,8.971974089455543,2018,301.9230501598643,302.40458826321463
8.22285321021765,-121.81043023754695,27.269632309979865,2010,302.03171793256416,298.9360912037603
-5.351459939419161,-173.3862043662824,8.845131624983551,2021,298.10186901603043,298.16053680439137
11.297579905635303,-100.89980996025713,13.721479207288416,2009,298.7768908762316,301.6143410317074
-12.139577064429258,57.51491056311016,4.972484446976307,2021,302.0231484138002,300.3472073505195
3.591322802068632,166.00257648779046,19.194500104159545,2018,299.50430812394734,301.9964065132975
-23.731180994762514,79.29645262106243,20.931207127980706,2016,302.0741482269819,300.1265971118625
-8.176468731858947,92.35389005831041,8.463598293647387,2023,300.70704046054493,297.31065883201916
10.371302268581466,123.49330089397318,12.565824280797663,2011,300.7239054196215,301.247321517413
-1.6072087869360772,42.38169266224594,14.233451790849559,2020,298.1340839359036,298.37419587843084
-9.812330245367264,32.096295861763764,14.178247255626692,2018,299.23345172907875,301.54419556676373
-16.342047850836458,8.797084508789766,24.376805690861676,2011,300.53215300351485,298.35097365726847
-23.443233277910405,105.9783210334283,3.870090078852498,2017,298.4797872580819,301.4653930396257
2.008708554377563,-161.0076186604473,14.25122664704922,2017,301.8832264235455,297.5624535454841
14.647601142862214,110.08543174496452,8.87025745886618,2000,301.7860817977073,297.76258891012316
-22.3612872751965,-116.75797273130956,28.84772439626993,2011,300.5886660062339,301.25590411712966
-8.498247860530292,-114.04863175441146,19.640436186930483,2021,300.03505803443795,300.47476164009015
-14.57288976007833,161.5154691250766,5.9229964480069395,2004,297.84224140332424,297.0541575375661
-15.714887231572945,115.2996695167156,7.070332665363495,2022,299.3957403690699,299.28165767665877
13.96340492479839,66.91545903112728,25.16486717903959,2021,300.05337851384587,301.01728945760857
1.9725860818048417,155.16935747102434,28.591836527732625,2016,301.2772420695119,301.063407607975
23.577875502289643,-18.740289525226814,16.383722428735975,2022,301.0132312750598,297.2862521131587
23.05471043573725,130.56305866046125,13.856289302408262,2005,297.73969558572526,298.7610242067223
24.806681908535396,-32.678827130953465,22.69877777831177,2000,298.3616047947798,301.440400916602
15.77957617738165,-40.98386930622439,28.677510158970755,2006,302.29265412011733,299.3535307960328
-18.15158497885902,45.59711007288277,20.858421590096757,2015,301.3256566886275,297.09933120867976
-1.036296751392996,-60.83414658183784,22.46878873707344,2008,298.3320089507657,297.9444049393553
1.7900333377242177,-75.60453864810893,19.238249202784836,2010,302.417226739989,297.15859979806936
-9.711600690971494,-141.17282475756872,8.606843010148747,2024,301.7704505151345,298.2848496761993
16.702314272729474,39.08577354263073,29.156236632046213,2004,301.34831630623364,297.73448699228055
-11.365379066952762,41.66137924026219,21.03758962177072,2009,301.8145419482998,299.28521368182754
-5.833431939100009,-166.96538586454142,16.983098749647283,2004,297.1221154714332,298.670481183975
25.264169177974885,-64.46324220500146,8.315332181799942,2018,300.6971036496081,298.0821732771941
23.739175174990606,-141.98457743058924,21.48994426620198,2002,300.9160437865899,299.1172729745066
-5.86231931542088,101.98443327799191,28.920759431441233,2001,299.7027399488797,300.9708732898919
26.264499296089326,-147.1494027171427,1.5655767807050867,2018,297.59493163152916,302.4268323784423
7.16089493753023,54.31190229149064,6.767859385202504,2018,298.6414786363127,300.50950999188046
-12.710871853355815,-95.03714508346367,22.18492496676347,2020,297.31020746768434,301.7756335998873
-12.317109188611873,-179.3476678070694,7.490724495636436,2009,298.5884548347475,297.82097406968086
-15.540224520244923,157.00520575444847,16.084646467707476,2009,297.10849160554744,297.74350679794287
11.71178758219267,-136.70964483453554,7.691294021577445,2021,298.7417639580931,300.7251717761398
-12.625037719756374,27.79190871212211,2.9108727859272086,2005,297.01563184515186,302.11993979404286
-23.34478614751161,-33.75032544831427,23.36011273710079,2016,297.6986846678528,297.3219513004403
-11.67519008743492,-123.24203035311314,6.046302992467602,2023,302.0960127941304,301.9396810909208
13.896260431168102,-47.880666983440534,4.077637138382171,2018,298.72352231951504,298.62309873101356
14.004110960094344,133.65971572361656,6.584867341297309,2006,298.37062073825206,298.8802608096929
-19.904373339719754,29.39447976228243,29.288065199913586,2014,300.2413240472125,299.88827468473295
-17.82038644852817,-17.327143925179968,24.11147761645373,2020,300.86506064609273,301.3598687317941
7.747054718056006,-125.04306076531785,21.59502473111466,2017,300.6321276101049,301.01727564084985
-2.8042989970966126,66.35831416389601,11.43750705024554,2004,300.2497955763584,302.02263278997793
17.868142332516463,151.72478503795094,29.376673041048008,2017,298.1233124131343,298.35962815411847
29.765323635870736,-142.78391740729444,6.239218268169872,2006,300.3753938324906,301.3644557122586
-24.8640268306339,-113.95516148680858,22.993706517991892,2015,297.1910697109463,298.7593376716727
5.799473519825412,37.72863426382699,14.923660641412066,2008,300.8281727384401,298.8836137055247
-23.52225311334987,-154.92748761062438,18.079144654313886,2008,300.5707582874753,297.89950127753275
-27.981016596058403,-129.20052660024626,18.655140845231415,2001,298.84556460933163,302.3681108663847
22.413334573625328,-61.42389586768164,18.046066746924794,2010,297.70162483250357,301.9681562006382
10.336729768444798,143.11030405567124,13.967654631389244,2019,300.81265248220376,297.39003905291213
-18.638347452488233,97.67633155806601,25.401753038731098,2002,302.258730709883,300.840499264418
-17.5337622336163,-172.6990866379509,14.903058160185957,2021,298.1817003353375,297.2218158857833
-17.931807444577363,-115.69360436845218,10.79469190531057,2018,299.7969639032374,299.6221463152958
-13.759523642082637,-169.4985593133332,18.547947044877372,2022,299.09778439080844,297.4326413207284
-19.68757784764519,-158.6796100572213,4.0565111100450615,2024,300.829217898667,298.1334057896545
-3.5262198544969934,-156.59971597840013,24.93394367026649,2015,300.8734249097633,300.072422852764
24.21707218792264,-140.04186698814817,6.136522270470165,2004,301.4169160328576,299.37492805432254
17.148509054660998,-13.515545856546737,28.288007847441023,2010,298.84436031091514,300.3437764295779
4.547112653364692,-121.09535992431583,4.622674511478369,2015,299.5726702702667,302.32439876600324
15.17917158235111,112.0185373964876,1.9519394657579636,2006,297.53931816709354,299.3996578310816
27.738178990456596,120.28991778849064,15.201416923877796,2016,298.08522683816835,298.74490369047334
-13.084226894906354,11.109252343851296,2.498884717422823,2024,302.49839200802006,301.6381663138369
-8.2937996536212,-176.275585269828,19.159048140022946,2003,301.19985763787787,299.460328346664
17.391877262132326,42.604670536364694,4.279892443290851,2000,299.618323232261,300.79084210979113
6.462588493620274,13.729344375918544,14.595749782441999,2001,297.9391815589771,298.24760406279023
4.530061108143542,-27.56203023607472,15.93289775695949,2012,300.2292304087131,297.36675265199665
19.780120815905704,22.456216938384756,20.453973742502125,2012,300.2727548970807,297.49607635110135
6.360900148766589,-147.73256161033754,28.81782762439084,2003,297.96580076839683,297.3549473611457
4.659686203179817,-51.18721930706056,8.988279394006938,2015,302.26259617148685,299.74469895097246
25.89210294931572,29.9998475958663,16.613141419996563,2006,301.57874285542283,301.6792816968296
-4.564167898220024,-156.06967312469823,1.045954689523863,2000,298.89241521353694,302.484225417871
16.34465997763705,94.05916428614847,28.702040280332966,2007,300.1387574628959,301.18387643324144
-21.008232066806904,25.858357625768747,8.355631755899891,2014,299.3049826451903,301.3082428962065
-13.899612523520553,71.2698447325009,1.0458032112594442,2015,297.71678170686283,298.09495272055375
5.262193700488588,-156.94433140867613,26.01058977409355,2023,299.3096627694153,298.05509863030557
-9.971105297445757,81.97429322194813,20.408455684809798,2014,298.48532156355856,298.1376041083914
9.241384659525629,-30.161868828366806,6.2101193818674485,2013,298.43730617767494,302.41726883294206
-11.416308976348088,-92.89417115718145,9.075493436545035,2014,297.63256015255456,300.82151401429445
-3.5071626672101743,160.19452280010353,5.10672916791908,2024,298.0880343586273,301.63855326371254
-17.773437948536177,87.4435730754355,20.882488929801355,2007,298.4871077942086,301.41947977254534
29.73625210821036,-89.04131921833836,13.66653791037627,2014,298.62212124692127,297.08395661805315
-16.7922453481484,-78.50272163696695,13.864391338227428,2012,301.99298721777575,300.96691849363606
10.626381971776695,8.126215294251438,23.676625892192405,2006,302.25921645503996,297.0166147924589
-15.124053011651569,154.00493257511357,28.03188354655021,2012,297.19570180186406,297.7520447150108
15.84220939004831,-173.506352578328,28.093345673794474,2003,301.45666814517836,297.742709751743
-1.8809017802168846,157.8881662509719,6.389129611394933,2019,298.8319792223616,299.3460013423554
-21.64219863557395,-171.9819161757994,26.204526814150004,2018,298.70128323397023,298.5434956893208
28.333782552981454,-124.78866213033157,22.266509352789004,2016,300.27900468171305,302.0376865217473
-12.72395435440686,-113.2106489072211,19.898714051474382,2023,301.7145612447274,297.2661773507017
-21.088954544572953,-30.971628545740515,15.018369933781667,2002,299.51524135441053,301.6540662638491
-2.8605913419422393,-27.21995349389627,5.546125480379545,2005,297.5928573605105,299.6816988186819
11.858782966783494,10.762306759418834,12.358592299530919,2020,300.49336343875166,302.00255485640463
-28.9180794104862,20.53713102920429,23.833116603881507,2024,297.83696031035055,297.97153666428756
-12.878316840128722,164.11321557666702,22.289148855696176,2000,300.22218667338245,300.7080566413825
18.255669262707002,57.29599605604838,12.543590379689194,2005,301.4872039066013,301.41410493891743
20.74251490300363,-138.41355596148642,29.111476104877504,2012,298.96608305025956,297.36241710016554
-19.97665983187286,177.41909716009093,17.32737535197823,2009,300.2653818062329,301.24617482284793
19.69276547319565,-118.6090598182409,27.025152452267037,2020,300.7611366685495,301.3562452507693
-12.435507085010403,-151.4928927208947,15.14686228407455,2004,299.4648848035295,298.50926947399626
-6.409773926144151,-40.4048417292901,9.319139374501024,2001,298.5439035835553,302.4962394750434
-13.919309968824159,-61.63135035175668,20.12051571153604,2008,297.3384866877416,298.48485500270505
16.105264267034528,138.6055168370131,7.424287405168644,2016,301.42552933534074,297.7584221832802
16.558610988914538,107.11529243519749,16.599666263548052,2002,301.66045279650154,297.0524642471405
-5.8265981369970845,146.60754021974833,22.46907789447459,2010,299.9130448986932,298.9127355368244
1.2312320184908714,55.93795180684316,13.132528114434999,2022,301.52797759213126,301.83668346318234
-0.7368679010778294,47.02902859067416,3.306071685598464,2023,300.5213800322375,301.82619082952317
-4.912104012382638,147.9656519925192,29.801748429070873,2018,298.2817925339167,302.22708863315154
27.49966118888321,-144.82538086076693,1.4349565109369637,2020,297.5622329412257,301.6448684222251
4.941447303837954,174.98429287545662,19.456433568832622,2001,301.39869508537384,298.9000363330755
-14.423362486007301,-25.022309964656387,14.549998987856277,2009,298.218214518728,297.19139559927595
-5.445025572876162,-75.8904652922869,24.460354738797548,2002,302.208721529794,299.7768114830242
23.226390751120228,-51.06787876951003,11.980629118718728,2004,300.0064410526879,300.04419648609354
-0.21606469937494666,-69.83964951005971,27.888987478934098,2000,300.9523205737961,298.1755517839005
-18.182782187476718,-31.407004700138344,7.605571906916241,2013,297.61654180692915,299.424211907901
-1.2617663127917176,142.91786814684258,12.44922228542564,2009,301.84232046580485,299.3854803655728
-5.274383422047649,-167.17962590177706,15.441312775034403,2007,302.28561514670866,297.0719209379604
-19.697949806981462,55.35522111356502,1.7387080603181069,2018,302.2094383926387,297.7476301105203
-0.14102672968690655,-102.89654901374874,2.742121882294491,2015,299.7483812033406,300.26667341518873
-21.095898210827077,-36.41709169909058,27.22764165899162,2012,301.4448637696332,297.9690692339034
6.372998533245962,-58.7081112923716,17.97909221113603,2003,300.5668986475331,298.70187859033217
6.372135216619917,8.553058759025959,1.7099277085827986,2000,298.45093341220496,297.0663846441534
1.1362418558854124,38.073416169229944,28.92324432605248,2011,302.0243103175718,299.2862361233958
-2.4302535081353973,-54.05391500729225,19.197678471851223,2005,298.30489900011423,298.44448486801343
0.2652623829127805,87.857802442288,15.593357008305901,2010,300.97969385241987,301.43283570769023
-12.630128092816822,59.085266142006134,13.371165130577408,2009,301.6560864347871,297.35126505337564
-28.102797705752163,-86.93979562814617,27.11931643915022,2003,298.7228790726885,301.1451637585027
-16.796024712918495,-40.12878671782485,26.106089876097016,2011,300.4286471286488,300.66143489391425
-17.175584276332682,56.63477705625809,13.315691360135297,2007,301.43521550585615,299.80635904891733
28.645502501365293,-78.59543238917101,14.939433256847225,2001,297.4399036553821,297.4940416391465
5.445223281183885,35.77087862577562,13.144010723996994,2014,297.2966292056248,299.84100580714096
0.2843685228211008,-126.16224531949996,4.0113421972169,2002,302.12360739004356,300.89334382380093
14.875419078685034,-109.1039445212867,23.541571699333133,2021,301.7003960473351,298.26772160543334
-10.34602236467244,-104.43857677020102,15.264402824363888,2014,297.6246049753765,301.4330644076867
-14.807551101458555,-90.38556442274627,18.12104799091196,2020,301.35578557956694,297.6994965406929
-6.086446551352346,-118.74504918797392,8.386894513268917,2006,299.6974555295654,297.2037859653142
2.11516407775855,73.72641597310638,10.83577144322598,2004,298.2685125211785,301.2508066501002
-9.661804429630717,-128.490697649767,25.878786372140958,2020,300.6237047232476,300.11544026797645
-1.6946214365475427,-1.5049898465259162,22.23489950867634,2020,297.6247302455827,298.8783934148175
27.87737133702108,3.320113797748064,19.19912469224875,2019,298.7791826890373,297.12730724553256
0.020019340561344023,-5.9007575694001275,5.577091059252568,2018,299.70970881671053,298.86446683588866
-21.185465458624382,18.777897709564485,22.831693756575483,2019,299.281661836083,301.2232350771922
-27.56944962352069,-135.7519742847918,6.889047194681802,2015,297.47895127275285,297.20086208659757
7.217319155315096,-74.05424136405331,3.5069268420285575,2014,298.96483082493575,300.17379337942447
-9.464064432615228,-149.80545412127566,29.791315367394418,2015,302.324115286752,300.86621151739297
-21.79666341759205,-29.989857717551956,12.17721189216648,2005,301.6306187096359,300.2088210835065
-26.306599344000045,55.94965084902782,1.2396936404298935,2017,302.18960869436336,297.23034216611325
0.18409935792168852,30.320923979418524,27.685712596153945,2016,298.9376629490722,298.64421250443877
3.5894873329674013,-176.9883624057081,3.3973441016097263,2003,301.02850046023553,302.1321227164276
9.431859698403734,-21.94947216703872,2.301549477708823,2004,299.89068655734235,299.7315486681423
-21.34993105091703,151.2980527688668,13.7821921825857,2007,298.1784949512064,297.35469874250714
4.457612382514412,43.93061253072332,15.666526652307887,2007,301.31155771677146,301.53298999793947
13.416566265477087,119.76596050321842,6.824033755072705,2022,300.50565873864326,300.9399496558075
-16.544497010926097,-144.5635047438037,27.587390764168514,2010,297.52186326581165,298.8315419817873
-7.586022837655165,-102.8519739637637,17.968528166886617,2009,302.1609888016281,302.02786053909426
2.785260741606166,-51.76392578860708,1.2109114231262694,2005,300.83964308245936,298.7103516176067
-24.020164675393445,-81.91181374808544,25.12177370536962,2023,299.71615858107856,297.05335195207675
-21.597311271946257,-64.05099288614433,17.778975109195542,2022,299.89974288037763,298.78781703865496
-20.512405822015904,-58.13041149833913,1.5948364876782954,2017,300.3369576888023,300.44731099378515
8.28019411297489,46.339699329209566,17.058118710552478,2017,301.02759812084133,301.2732051361589
22.34776890502045,-102.3696854186943,3.430320613756763,2016,299.827443825906,301.56049978972453
-3.3729852430598584,25.507089195952574,16.28505721689029,2004,300.59146002347944,299.76251175527466
13.289350387900349,-177.86584247872386,18.180781906555325,2024,297.67904965551907,302.39028568637065
-6.376849820817746,-98.12817765952946,5.968411789176874,2005,300.35194913530006,300.53953667643077
-24.719638349312866,141.67245005943732,12.2887255074624,2001,301.1568518358692,302.3041088033122
-23.127282024811063,-66.82138521571495,24.493637403846854,2012,301.7516469410298,301.2983772124319
25.848460340685705,-91.52988761308038,17.731815353508395,2015,299.1921127888003,297.93571680060984
15.71323673344515,98.45064641619643,26.37850877909234,2001,300.54698478125704,301.683164471227
6.551723483599574,127.14227231282007,8.67331624454987,2008,300.6001140517298,302.2475165319627
16.509655711736222,109.30865297532966,16.41642172151891,2015,300.1423674064919,297.3671264016792
-23.013268554917314,34.730847915822864,8.974396567235566,2019,297.92526963762026,300.8161496244975
8.723920458749099,67.4540876728104,11.803296131281051,2012,301.1517989089971,300.5678227339317
8.246722723074122,19.233972283344485,1.330300374568031,2013,301.5964687815633,300.7852830253461
0.7549576108281926,-14.883134582746692,19.627269878296584,2003,299.6211236896901,298.6283603052142
0.8957697235489661,-120.46664681525306,29.353671571939497,2012,300.095469360245,297.26028491575033
-27.526331160056376,-89.71259935969343,21.001347628574074,2014,300.4651901764834,298.87316765581613
-11.93045881287328,28.16272302102493,15.44576055133543,2022,301.1837386867153,302.10126953213114
-2.503007016823613,57.40043713762975,27.519271875547297,2013,297.408357726318,297.5707608974911
18.775704323636226,-166.00546907399186,20.10934102410754,2018,301.3713876515143,297.62071990719033
2.0112858588590257,-143.5445348445325,26.304646559631692,2001,300.10365585568405,297.6299307757949
29.819430168753065,-26.799884029181698,11.09868855151369,2021,300.0819358571098,297.1195636093504
1.234232657950404,-38.962172875678874,17.73654582751882,2021,301.0464489272796,298.1644422815408
-21.282839415252802,-66.13475445877522,29.306046994925225,2001,299.29379262036605,300.65089115623465
-0.6103163671966527,6.275721532666722,13.538323772256176,2001,302.1015874185047,298.69248304150403
-23.30436451399997,122.31530065389705,29.91793729134601,2014,302.2282668126212,301.7252169786318
-16.298663149269142,-100.76046119310114,6.834016046303122,2006,302.19326268650343,301.46497208820176
14.509962823719583,85.3186722217281,6.162589404475839,2005,298.39368959157656,299.77765425381824
-28.170207128834733,-132.5482655409147,26.711098288899446,2004,297.58786912518985,300.630653966479
20.1647565100103,78.64102126886979,16.174496875221063,2014,300.9743644865895,298.1247738628104
-9.721801245571275,-10.855643405877032,10.592996751402012,2000,299.42613890254086,301.0349200610837
7.501607268619736,127.44588012076315,24.271334644783742,2018,300.36687262418775,299.3813517741184
-25.7385259410404,-4.364421840698583,21.362765530801063,2014,297.659036172901,299.4809910810676
24.652734288386625,113.1483541217716,16.07036899751197,2001,300.170230532995,301.35601719371607
-10.541180167465164,77.81923374394,4.927146644717013,2001,302.1179109722071,301.3982312750948
-4.031906326420948,-2.4923844764733474,8.702674272326032,2017,299.90274714987885,299.97016055743376
-2.337985914131277,-62.679548378288615,14.793995896822597,2011,302.42295364693865,302.15770507625024
21.729177497587308,140.086992853749,14.567626315469246,2016,301.8413639696156,302.2849728477093
23.580081743789826,78.90408865871268,17.964789274568833,2023,302.1651007140298,298.3749930437311
2.1072304604042955,68.25888684014686,20.698163038403965,2009,301.2713376188801,300.0372225409562
9.658429238980546,-63.75561531195564,14.956944603000546,2017,302.1631806994007,299.93660642274506
5.756877047556856,-168.70983523034818,5.937804976729233,2005,299.2607595645583,298.9532247021414
-5.5701420919724995,-32.68920823716607,16.781223362316652,2016,298.01944686647016,300.4888114649156
19.098912699256303,50.70748910961598,10.001544763579501,2009,298.15753961225766,298.75040248503683
-15.595820813569281,20.493036860474348,4.13857275620091,2013,301.23043428237975,299.02709357965244
27.600712849147527,115.3660644569934,25.764505427421767,2010,298.91680032380145,297.7263674592297
-14.046285478364279,-22.161655813850928,1.878503567909143,2010,300.4200351052473,300.30747784003097
2.7629959129659554,32.51274203702468,28.104906628509397,2012,297.03173863711135,299.3612752113731
-5.5269043889784655,-138.97970299996433,20.608111869442258,2001,299.5271581557759,302.4547838308408
-16.38684511182331,-68.10116363010192,29.54298078724782,2014,299.5838957137319,300.05028287050294
20.59067523917043,-6.8471114233219055,6.974687983880445,2023,301.0632791590523,302.2795417930315
10.712840485089636,25.40210566485834,28.423260654720913,2006,297.69330487248385,301.8136539244641
0.7326610086170824,-34.42880520678685,5.69704834768527,2002,300.7782384276199,301.3554859613223
4.9811188466481795,147.21038788372346,28.31775195963228,2012,297.0207223200279,300.4725759001749
5.790960041917849,-65.46521311050239,14.09126710454414,2005,301.6560487735597,297.70124849669594
-24.418177515546258,32.13624195240013,16.431421201304698,2023,301.52505067323887,299.48274218738464
0.08684519050036243,7.498342994666984,14.002641127515718,2008,297.6618724213368,297.5419549694226
15.44775140044132,-99.5299839714559,2.614511633665292,2023,299.0194559793721,297.1038448321693
-23.968178478489847,-1.3609873836272186,21.00896635666451,2015,297.08144873622945,301.6257474038191
0.809877680511434,-129.90239607313373,7.872429233280556,2013,298.477295388256,299.93912060329393
19.95654078230313,-35.33771315162852,21.7922829330529,2014,298.67285389967003,301.23947986915374
-10.366729010312767,-92.80947887526881,5.902674724877467,2024,298.4441480428978,298.4014179631743
16.335549879191866,-23.523365501609675,10.593054848650254,2023,301.45896370119846,297.2461328865943
-12.213556513236167,-79.15171724086329,5.234490262171138,2013,298.2079047501364,300.7260672291395
15.504518447982285,-99.03385060134394,3.221712163572284,2023,298.84890936218767,298.5965602252312
2.4712833514214623,-171.4621102899154,3.3138845853860106,2003,302.1860199126547,300.96831478913884
-24.712405829966535,124.67448460111456,22.236722347637247,2013,300.3511704542608,299.57046508582386
7.589138398245439,106.27797115093779,29.102091162774045,2017,300.15509261643814,299.4464302228233
10.109317259004243,46.77138146205343,1.5171799156150758,2002,302.1888545899591,297.5417205292367
-14.092604313255631,-1.7798595643494366,25.549500300578753,2007,297.35246523182235,297.98725143271895
15.936289095467544,-2.328901116256475,26.539385413954303,2006,298.9324576406021,298.4567644179746
-9.00829834665129,74.9966576680693,11.66756825314123,2019,300.31192823163883,299.71160014664827
17.145163433203976,161.11218626404025,11.319531426104145,2019,298.1531350716144,301.8657124172434
6.973455096417176,-25.658948969466678,6.287720323768367,2016,302.375529834277,301.63972820076447
-19.3049913625222,145.65789112063294,10.879337803830593,2014,301.2118136099365,299.4266060621711
12.988575758530011,-40.862259768991066,7.126624591207697,2020,300.246271585735,300.8240077311943
-9.368785467445239,69.79704793499604,26.64201320305024,2008,301.18958488558235,297.32063462124296
29.905274035426444,90.8648833390082,26.053196172529283,2020,299.1792953849552,299.2364403465249
3.6487405066510306,-97.77277383572209,24.844123503923424,2020,301.3346541696987,301.5951738560381
-20.240866908605962,127.56455380177755,20.916266072317917,2006,301.5663760602976,299.3058708712543
-18.360362626596167,-77.45303642017909,15.64975653050613,2014,301.4496798472903,298.34917594382495
6.913692168012211,-20.455172947922563,19.348185200701877,2009,297.2753548990131,301.80498602449086
-25.466730374233826,-91.19216529216098,21.164249539107153,2013,302.0744273202101,297.31195974453453
-28.23141887253314,-115.82575866404154,29.606984054775356,2006,299.0676610647181,299.94180015667314
22.59588713010112,148.49461952293268,8.713247874969252,2009,298.8652194851659,297.3877772556254
4.802309274055347,79.09004572590152,3.7329701638401755,2023,299.07917084228256,297.0445950828742
-29.44484865384586,-14.196237277587926,15.161712477125704,2015,299.17655274851694,297.9919578255491
20.49094344372739,-176.02975854031098,10.051720029465073,2016,299.2394555622938,298.2775035063477
2.088058615150082,-108.42172909686721,15.743773322694185,2024,300.8594249873635,297.2895316194494
-26.441466311934192,-70.08267634802411,27.000574224109048,2012,300.29000345048104,298.45422363861303
1.6574674103224716,6.285963378344832,27.80627603962021,2006,300.38850776632495,299.06385524726727
29.05160350311381,-169.07787114540542,29.959346870159752,2020,301.6431527217693,299.378179981018
19.72002861201564,116.23970458566072,6.477235416122777,2024,300.63909260256986,302.49722992730295
-14.215817169987531,27.389116445217752,21.196695988364183,2021,297.817699100329,299.50969351411993
-6.8512486944426385,77.11755726863299,3.015754372009001,2019,297.07852339927206,300.3072425338488
3.7579557520433013,-131.50233688689872,5.376563498692364,2024,299.4669840215265,300.4443465251967
-21.217616004661934,-111.98526704461716,25.923602902172977,2009,299.09107248886346,301.7919951802256
9.788869763989354,-56.98372343699219,20.827286826014003,2020,299.4652540798935,299.4563104560866
-2.5412630379875836,-86.87456143148577,21.75132199263474,2012,302.0009577390044,299.8169347576364
-8.391473151663718,-12.587283096957805,21.00698409608746,2000,298.13842466650067,302.05006237153935
18.910813918193348,172.38816546416444,26.527301425168925,2008,299.05499058651,300.7882213377753
10.259727667818957,-122.32929124604061,1.2257351378000476,2015,301.9458766883986,300.43064361403077
-29.662121235116775,-112.92596045332793,3.8920599117476704,2007,300.50715225381725,298.62835112391923
12.625482983206794,-119.04053133350104,25.127711540200075,2004,300.21139402854624,298.1537647757851
-25.553475041976704,-12.699070890958296,18.85274660574841,2017,302.2279396099049,302.3922789812804
2.7274017235495194,162.02489589842622,6.203911889844739,2013,300.3494951107856,298.58516582646456
-20.38145762906587,16.03126544562292,16.43699763801741,2017,300.8401849942196,300.4307470485797
-18.658963035210167,-11.003449624544203,21.88936457787824,2016,298.1959619870423,298.3979774286811
-0.5611500395563915,167.79595418333355,25.13490030527562,2021,297.4111024699997,299.53376735415173
23.449447890637657,-145.99352671160872,29.677395651988757,2024,301.01184351690495,302.3016905384792
-20.65948723414574,-98.14321649003553,7.545145557322477,2000,299.42470311986386,300.4883370003765
16.468645156559,-167.83590565863048,18.201523870286895,2018,298.1571260497177,298.596619836344
17.19261935460284,-122.6195043303884,2.2786742755284317,2004,297.80095806188996,297.183908920586
-1.7850548802747426,163.6011701470759,4.35458148579538,2002,298.8587006407491,298.70489075039507
25.952587565158794,-90.55133120997286,19.63342322484162,2019,299.7761487796105,300.83400126043415
5.2092267044138225,119.80046556838607,3.0958795613291934,2011,299.9371525171159,299.0853847518897
-9.58350106595815,43.49974779870942,26.83886586468368,2007,299.6927317793368,298.71256493189827
22.30786626147976,-123.88294888926994,6.986911740069811,2011,299.0908257807672,298.85480762959713
13.07622141735417,87.41574057055169,2.474765096178455,2020,299.22972178468007,298.8547095045062
-29.147870629754117,-124.76967141208053,13.212939831032486,2023,299.8090663122842,299.50258491155444
16.030088420661116,57.528972504113966,13.93247185429664,2005,301.06445634735934,299.18288388023706
-14.224545142071177,-44.82049607254075,15.434940344599994,2009,298.33048174925466,299.1917611584219
-28.849625355006104,98.09922459467299,5.9574019134599885,2001,299.6962208605956,298.9705920499313
19.669716423971558,-171.8624018306784,8.071439169017054,2006,301.05475222487405,300.8484219243488
-15.223755953809606,145.22679211060546,4.026772284402041,2000,301.67647066884757,300.88502824517667
-12.571262446604724,-120.53772017335879,27.721575241709147,2020,298.53315689707745,299.59006454529697
25.070845369221132,-40.65576717913444,17.316588920194885,2018,300.2744564738067,301.7971249094939
-27.145008447233256,-41.230643508095255,5.5889815126426186,2004,300.78605633662255,298.6217609543833
24.804776289841918,-80.79959875635765,24.22347534562814,2005,297.10188517210275,299.40777499539263
-28.702380452292374,-5.906502682441555,15.530373956038128,2009,297.51407365297445,299.79317578725613
-20.26586711156535,-30.114180433284588,25.156480166254692,2006,298.7487790741279,299.92575634330746
0.6778814622293119,163.58454353918376,14.878928240550433,2014,299.8569683251518,300.094788156849
26.69684524929027,-109.5945670434517,19.608595594683383,2001,298.48745402009285,299.20195576848477
22.223754493542117,-50.70174325904924,18.407337955071647,2016,301.09532023451857,297.2613476646391
-16.84228304971016,74.24369947144149,23.696895321863423,2018,299.8329640689448,300.7713897610734
8.971945863923388,-27.27154684563118,13.324861972176034,2001,302.2142930501909,297.3781302364877
0.44364563069763463,-61.58887984413923,15.741039134024142,2016,297.41063904554875,302.0294220336473
-28.761393627252403,166.44604803778003,14.40831242710521,2013,298.4104420960475,297.0553912415776
-13.512584134692013,-140.61602683427978,20.134804438108446,2014,301.6560292670092,299.34797926349967
3.1210903377390693,-96.861000744452,22.56157353759318,2010,299.20464879609415,298.1371828823837
-18.018874429909246,2.293105554795204,20.484868453454805,2013,297.9493501209625,297.01447685568775
-2.9457808144111084,-53.12421664601703,17.09238518093686,2017,298.1984745839846,300.5621850149159
-4.694701182948233,-127.15141256856128,14.890824075540003,2005,298.182968758318,298.4952339969925
-19.817685650685306,78.64566419634002,23.332581906368375,2009,300.9274786247676,301.047644655656
-21.703468339331486,167.82408894043323,24.8099264657965,2024,300.16403777170115,297.7198198340173
-2.5458691395617024,-83.41840960578438,25.418702323883572,2004,301.10440191892616,300.32536992427873
11.18199639472077,-173.39193922350896,10.041551757345637,2007,299.3385416096551,299.51603905622204
1.0607200938574337,119.45668261895406,20.12198892944248,2021,300.6867579868985,300.53334615154716
25.861156552782262,122.90991696912602,19.775960788786197,2001,299.70521279266234,301.2265728761527
-16.701161122946452,-82.9835819519892,8.038734617158912,2000,297.38440496538374,300.52016713593423
26.35561373469143,-179.30451085505814,22.047360361775546,2022,302.2111247891759,301.8651459288204
-17.126608720199865,48.259820163954004,23.065852715875966,2019,298.46889567742,299.6226077617194
19.35817629343323,-82.31074733119067,6.371017837672911,2023,301.3660975168174,299.5566739203723
2.2513860121829126,178.25738767204365,12.574169687165355,2003,299.00884310888455,299.16032105480787
11.738445206724485,157.63931139415803,16.72840956427732,2019,300.62376666807114,300.5591119353575
-28.016868307233615,-179.59266895648673,3.285724240040736,2019,299.8457070940373,297.08228659040964
-14.127222826437498,5.051095011313009,17.621328191456126,2000,302.13720069862455,298.80092309624735
-21.850054295204057,-94.7066685366789,23.50897326916649,2023,297.7196329874185,300.71696399658504
3.592989934619027,104.28250096539205,22.425346452281907,2009,300.2656291382395,297.0865478920545
-14.426865080100711,58.097548024196044,1.9298181928973457,2009,301.8279263923494,301.20687388090914
-28.670602235025388,0.6166140078570663,8.965937325635085,2014,300.50004988140273,301.1320021431576
10.711024169064864,-108.57236357031742,15.325628224161244,2019,301.8519169845907,300.1617822233694
-6.119613749771098,-48.820928349677416,1.3516177525446,2014,301.9247699115682,297.89411887764913
29.730986915419486,-137.2130717485546,1.4335491620229281,2000,301.3408408414367,298.97179197157436
-22.899279976927325,178.72218183603206,23.830258777411526,2013,298.61721840522,300.90633838059995
-23.076008503150305,-33.5486551115342,25.59117910606512,2022,300.2510245929459,299.77075394048546
8.757091866722703,170.2419801795702,2.6163302685406613,2006,301.6117554474373,302.2227272216052
22.161170875367752,-6.007878468974184,10.743138914034834,2022,297.85217981935864,301.6696898230591
1.2959707794672966,155.97950845646398,24.374478633489,2006,297.02764026850923,299.3530290115104
-18.150823100878064,147.88724797759238,6.062935555614448,2017,300.91703506520764,300.1887891341318
-19.68858781497211,-85.81506973494122,15.392804501107818,2010,300.9636544997932,300.0514371705067
-4.627411891993269,23.670563120849664,11.598093054944934,2004,298.19473254533096,300.9277259648118
-7.803352076731922,-79.5721700087302,6.231236803063673,2015,298.6275949193916,300.94376366288907
-24.94376644915407,112.27021193973025,21.848301393538918,2015,301.3673334423552,302.3290758054531
4.396601325192208,-100.7122041349702,26.004079581843932,2003,299.27869571783793,299.60463224216056
-5.324856091267854,154.77917768244146,10.96241673345053,2002,301.6472270749993,297.00132480984826
-19.88912139244895,-169.04752572452918,10.516268234936991,2016,297.7019275243076,301.1482722784225
-1.707592404710084,-126.05827169233149,8.654864769824258,2011,298.1661531777623,297.1624808273632
-3.963885022117573,-79.98015615672446,26.227272082819304,2007,299.8703131070547,300.50318105835845
-15.941694039769326,28.417383433928535,19.76786538947858,2000,301.5937610996531,301.9140247979191
19.393581554789968,-142.90499036484624,7.595999367879189,2022,302.239659854541,299.12375019190716
17.215686353799704,43.163262633725196,3.3993174088049916,2015,301.12069440799996,302.1622207767818
-26.766102576372674,-175.61525925004509,20.17880530125017,2023,297.5024462595154,299.3507455834737
-21.912130294831375,148.92105507937896,14.638234151633865,2024,299.8183570325716,300.6999248632524
-6.772169461731103,-89.52923262882355,5.8198155674536185,2019,298.75158184081266,300.97776202233047
18.096340596782582,105.01782033033771,29.35255800973252,2017,300.13879313867267,299.6634640896035
2.9987391830318515,-2.955372255479489,17.39823461614914,2012,300.29845456110655,297.9766460144739
-11.77601465468728,-58.754660010441555,17.467015223997166,2001,302.1287047887772,301.12550827069504
20.57702341060859,-10.76545495745421,12.303484269046335,2021,302.2283647610859,300.48838959398347
-8.76565996729098,37.19720363205542,10.04803787714506,2006,302.2424194722414,300.34517299808766
-16.80003166580249,-7.482147323934157,20.586728676923524,2013,297.4380288345896,300.20889599090987
26.8722101171808,-5.374085197257443,27.277163338764097,2016,301.71710793533003,301.93629859309596
26.80247490203329,-36.90432272785401,7.297071717092484,2022,301.0846339526103,297.98942975304163
24.866680923372506,90.41300782251875,28.06788947511709,2013,297.17660269265133,300.5412736015532
15.776932710693664,93.41516490779054,26.69614504577023,2003,300.28851045744835,299.69441559411297
-28.070083780642115,44.855010547255546,13.088203841461015,2023,298.32069641248336,297.55443958426497
-14.387317923854784,-116.26441396977694,1.827080720320799,2007,300.25379627604207,297.0663438480232
-27.94249930136746,72.84183627667025,9.09346894838722,2011,300.5964563050309,300.6972878239033
-29.679651481818688,174.55376380089672,26.457145503698616,2012,302.14881457482164,302.27658919912824
-17.513400214769554,-67.97030311118,23.32977615534242,2012,297.5485203478913,302.07075596573014
-21.553772533727198,-99.03714993705339,17.185890585718234,2007,299.58109451015616,297.6413163153584
-7.932774871166185,-170.83902841378594,19.639635336183105,2024,301.4545221616835,299.5311363998614
24.226035683946392,-32.45483767739398,16.22308844306056,2001,298.8755940121556,298.0325044152405
19.272012200997274,149.31140448166553,16.570774581183393,2017,297.20761024332086,300.20757339035674
-16.202315075937946,-126.6717880741021,19.96106895100265,2021,301.8255598629776,301.0859979597455
23.9914369109517,114.62495309921644,29.720858457787013,2021,297.47711272292185,298.8535153523549
-22.259749498604467,8.326840646240754,19.357838256824532,2006,297.3126231389181,302.3817195556949
5.306013384985491,20.50275299910308,20.018092117091875,2014,301.21810909492035,299.28865199437524
-28.985411204617975,42.49572448454546,2.8297457543132554,2016,300.576378958054,298.7186857937857
-9.118190837504827,-4.749452286032351,29.378773450921845,2019,299.1055331437993,300.2401530478913
13.24897898849494,-93.16556113391172,5.876091490947665,2019,300.33772894290513,299.6882866352632
-5.520338265110858,-103.9373864748224,14.992662150081287,2014,298.4366009420065,299.8154616669829
-10.822912469515728,-119.6562370173896,8.623540357690455,2018,298.56670872028417,297.13332142462315
7.501167250086247,-89.0753187104327,20.39965759197996,2005,302.0376026035708,302.26967537513787
-29.368437221417913,176.53471536766943,20.807531236330668,2021,300.95192224967235,297.4013258310913
19.267566269110787,-2.5073562455262675,25.55670778789605,2005,300.5528034437454,299.39140843573404
-17.953996256439893,-141.27789896264372,13.763703199843468,2008,297.2169857410748,297.07958852826573
-22.84628533092848,53.673026593877324,17.447729549488376,2023,298.6908789290131,298.5838823436288
24.901945408265057,132.4015359813949,11.734289632162092,2019,301.28900271592727,301.3115890352804
1.1568049437162813,128.86270034484107,12.349964707548661,2017,297.9758740873728,299.62618427754336
-0.3241337598321081,-3.624568831850155,16.624404997338367,2015,298.2601413765127,298.27484652689117
24.08399647375399,120.20997616597327,17.052395675358316,2006,301.5543274850308,299.2636007454557
1.1284987250612097,-167.8858804313796,20.55854413758931,2014,298.8950904939333,299.7398289613813
-2.542087527289496,6.8002313943893,5.057650339582828,2008,299.61591337869544,299.33417961011696
21.62220823682884,15.169503350219998,20.99943651553851,2010,300.44654025821467,301.0017633881761
10.75899991881321,-10.619741127714377,12.249057339600165,2006,301.90080356613004,298.8319705145163
-21.148569949359192,-145.24182770481175,1.3892645384837006,2024,297.7492850835015,300.467205093198
-11.926455116263234,-173.31454124456442,26.770637411525698,2015,299.53506425105815,301.08995773230413
29.148409260505503,60.18852407132192,8.100346973476096,2017,299.86697264603237,297.9465491895742
-11.674098439018064,-64.27350793879039,5.629268064330159,2008,300.9759555409628,300.54509735047503
13.701170248593712,-7.885073225440237,15.651567856248544,2016,298.8216759804272,297.6526063675794
4.223239522051848,146.28751599443262,23.737791615025884,2005,299.7626594471396,297.91471435114994
12.322833578845035,-75.03202196642494,9.205479473082606,2004,302.30767392600455,298.4321854730979
-28.892614857418643,16.41904719377422,21.49692462750762,2017,298.06556413163645,298.4396407797036
0.7554555160377809,-60.98370841079934,25.954833111035907,2002,301.39768254256103,300.19340868265294
16.385408497026717,-60.23772484908342,25.111082035979024,2006,300.0035434440181,298.17703912245634
-1.4684087024283983,-65.45692457686687,8.734399488479212,2008,297.880407580177,301.3302921060157
29.049897568992897,-172.83546585357198,21.271795007220756,2000,302.09378448294615,301.36154487517393
25.346136660226193,59.857249291505155,7.833677143221234,2021,298.0134579189391,298.1718330305964
-13.736220591578178,-70.47132786482952,15.919909621799887,2012,302.1828397221427,301.5269814095378
-27.481636425389638,-10.41017374637525,12.540638629838671,2011,299.48235198834755,299.11306801709287
-4.059966007280082,172.53427161911128,3.570356267737842,2019,297.26711659182615,300.3204969464432
18.024651749620695,30.597029532690698,29.913632332289215,2022,302.09041126905794,301.55911440156154
-23.460000608221435,-141.0755931082454,13.408215930736745,2022,302.25534738529484,300.6727747454517
-26.439706151616605,56.72459008246048,26.610462793568477,2011,298.9471080091761,301.5150029873884
16.950720492349767,15.905575523268283,5.47649132698111,2005,301.6509446506326,302.01178870673067
19.23764360514221,-133.93802126888465,29.939538897956343,2001,300.9240407160157,297.0196764953002
-27.207508726855917,-178.43613559772763,19.714267916790885,2011,302.3702727231123,298.5469301120926
27.206149485470107,-160.72392567863704,21.56888833842458,2010,299.34908609560375,300.0508152710588
-25.179788005830744,104.45989928164641,13.260004535558906,2020,298.3928494967214,302.25591758879744
-28.282128369860832,-108.09781915995484,8.027007585235985,2000,298.2800163302853,299.70241999647834
22.34793139551234,76.34283170730146,17.81889743551822,2023,298.83488190037724,297.2086607211476
-21.18237564577131,150.1481515915724,29.950045437324142,2011,298.9275861127486,301.7234765307117
-22.40733247719551,23.63215765852391,5.119786673848805,2003,301.97792970286963,299.3903420962699
-0.7144643841014471,153.87222113379443,16.108750270831358,2001,299.92248457432396,298.10687700503144
-12.919536483190942,95.45513790547687,14.64007050268088,2024,297.3979168044362,301.3240046805902
-7.383001698823676,-143.86770176578057,19.379592146754266,2023,297.3166452591654,301.27595095539374
-7.015183120008896,-61.06286364133048,13.994179395867397,2013,298.8605707571545,301.4444271723534
-22.529684738058464,169.4160244286851,17.093017686855955,2014,297.7216851561243,300.2533024267424
7.979966630815682,-160.91072242926813,8.047055509734788,2018,301.27273179794054,301.3371997080966
12.481427039874703,-88.48158153599225,26.00043848936671,2020,297.1058693011689,301.53868220163514
-21.436688761887716,-68.56488292964829,17.50410243052131,2022,301.8750701154342,299.9792775321855
8.784104199947983,16.33062676811099,2.484984126519543,2009,298.8317157944987,299.19979168521166
-4.6003963786483695,45.42460305282529,9.317076146467654,2005,298.5329254332763,297.87368980569175
-18.260022262479453,170.27185695130976,5.440289927393755,2022,300.1231252830345,297.23083776873335
-19.394587954592353,131.39783029063244,17.32409496434691,2012,298.3052473731214,298.587664664715
26.279271927569816,117.2417205526121,21.236113958813192,2022,299.30045244496415,300.07616029642253
-18.755322720973382,-18.638430441039162,18.429750447172008,2020,301.2951965042277,301.62247269901343
-10.583431833955753,121.9165756172846,4.003720416987436,2004,298.63141474008654,301.89195717093423
29.961895931560726,61.327310278247666,29.70943783468624,2021,298.9975405784997,298.579337448907
0.044094368651901306,-15.859373123281927,10.98841334029846,2015,302.1208246698796,300.42890973531763
-9.381161493276093,-124.55412286522815,8.689530661454134,2006,299.1684202952266,300.7239508457311
-1.4410985790467805,177.7583169964554,22.13816193793175,2022,298.5623325414384,301.8430158828643
-10.364981525650979,-75.69446380959985,8.81580801533062,2021,299.0367609649779,297.11129927951976
1.4395900478800314,1.8208080973471397,16.232263480084157,2008,297.0924400390163,299.86116978816256
11.762083933747938,159.17129362094568,6.194459240551698,2006,297.28648348809935,299.3982287060212
7.388842040157414,122.59920843045512,20.79670158650081,2018,299.5397370151795,302.0069049046976
-10.395536251357726,-0.4570685669046668,28.798394704667206,2024,298.3833217182202,300.8206945127833
16.16912323893522,-91.87577314940707,2.4339756637010703,2010,297.5705159049837,301.5975027021328
18.873227221199812,12.097836404031426,5.093814962713861,2018,297.0495311534546,298.29509279355983
-21.736301908971534,40.37983946033242,5.829822069220238,2001,300.2456403228946,298.639229340908
-27.89610305887688,-166.5886029788894,1.7640726336236106,2024,299.92502930945943,297.34169173896055
15.993437662005192,78.91612114816388,26.569667472493613,2020,300.92167301006305,298.50426576206337
-22.704759027988388,20.180640668926145,10.482351074039439,2008,301.2914263200626,298.8156148882038
-10.662151595825492,20.808965235292874,25.97730364988815,2012,300.8826513974139,299.9380444049474
10.734181251582413,134.4814568181406,13.53586734585689,2017,301.7561574258212,299.4500227860401
12.844270568540097,132.32062348039386,2.2507058583460315,2005,301.6941436658957,299.18985219521625
-11.856983633254387,106.45440663414149,10.73781092158225,2008,297.4967520816449,300.0945976581922
-1.2575564595231796,-142.36039506563128,18.76219570581542,2019,297.93973109662556,298.71116374417807
-10.758042897520632,57.16300236512865,19.07085470182786,2008,298.63075864063165,297.876056705422
-3.8766362323191963,-35.31646513585201,17.695859854604926,2006,297.40178477245865,299.08007075694593
12.601760860513743,-172.79152757290566,17.529501752314168,2017,297.64823059773875,302.2703814472788
-24.539291587048982,-96.8269903390586,2.350818320509706,2008,299.8864921270061,299.99165026759647
-6.4894192240288575,-68.38544925669085,8.2948210408554,2013,299.5291809449524,298.05595572626936
-16.50749449165825,-82.24388327936191,14.028536865994335,2013,301.7088038265746,298.5792251045293
-18.976299579513757,-43.61491265380022,26.937109214783817,2001,300.0460984537622,299.9137620339124
-10.695778208503334,-152.99204799854945,26.973885681655638,2014,297.7673972930782,301.2722254924254
7.550799963036603,-32.70823634965598,8.366613323771318,2005,297.09830441959974,298.8409747780306
-18.96760555674053,64.85142344820369,2.644434889731353,2007,298.0653516103214,298.14611023454853
9.678237737212001,148.05221466034374,12.70894170387205,2001,299.2954135616728,302.29574283802157
-28.54977887198979,-69.71595292722733,20.319595847726504,2014,301.13531934403056,297.7703550764742
-9.10352307820851,-39.762300786651934,15.827576641135003,2023,298.1669921041178,302.0117947849623
25.98815210437312,-0.8729481045112095,1.1883554639784386,2007,300.1516537812745,297.13077186266037
-6.185284560798284,-70.78681959407547,21.716099986663934,2021,298.1457982077302,299.8857862665141
3.304956086259068,87.28472311688034,7.376606701513124,2004,300.7537116855543,301.6616297645637
11.617058266972727,155.55685156459975,21.800642235379886,2003,298.46049301641784,300.1452832915445
23.658173599118882,-8.9288209954982,28.408407712933837,2021,297.4078750817572,301.9029963022961
20.860871877732997,177.3323553361841,20.702411155260357,2001,298.9926248792426,298.7523240420546
23.684953258547885,-1.1794226046558265,18.40041984693843,2019,299.9751829800271,298.5105650607767
13.838215275772647,119.71020556525758,21.72951007180705,2016,301.85126502304234,299.44416600403673
5.336618910440919,-129.89239100712467,1.098247591496535,2023,297.38366356771604,299.27410295267083
-2.2933106531706002,-87.69342305207161,22.10357603380989,2016,297.9982937889182,297.0768994213425
16.308328108694077,135.01243124829307,18.81071837586977,2006,302.2289201249855,300.2878770799756
-29.107861539268818,-52.964153818439755,5.148759783936523,2016,299.41696522811105,298.6381604159801
-2.645043778673177,-154.3655816851563,24.16193375698051,2021,297.2123913308674,297.7055222485441
-16.521673414253453,111.99817447205737,26.476999062856457,2023,302.32322958244777,299.6283986352016
13.64383763075709,-46.54416346639775,6.346678902571121,2017,297.27394332670883,298.4502150222752
-26.09967063535162,-47.20352700266079,25.150475905593122,2013,299.9594374858073,300.64202237141507
-23.029153499286544,19.8066687139048,9.329164562693485,2005,297.7493860773101,301.93835857770466
-15.445367826123803,-52.870394418776485,28.555240613723207,2003,297.06135023021506,298.33279151635475
10.726559011225731,-96.80798803155533,15.761099918995928,2009,298.473147063074,301.68191816784787
-20.067552310614765,83.28742983985609,16.209032439695306,2000,300.4870042207879,299.0028405050753
21.141920955722618,92.35895762081384,18.70488175867264,2024,301.71112508069444,299.65151435337094
16.993287423137915,-127.76013522662215,15.270267409533735,2012,297.90970497475746,301.27438657913075
-16.2607688819813,9.59121486907111,14.094844468218637,2018,297.10151474046967,301.57538435066203
-19.51802218657312,5.579091351716556,8.58329420810096,2009,300.3340644558328,300.06770617503935
9.080166348012334,-124.53273630968994,19.749517864641245,2020,298.5582123445562,299.74248428542154
-27.29642508481647,-113.02773790633968,28.101572467594895,2008,300.87768987244834,298.2477878398232
17.717222687833356,47.08070391777551,18.03929139234415,2024,302.215701592367,298.23647094730603
29.978137525526627,-1.5358336911142487,23.371469680795155,2011,301.88810522613403,298.4850112462932
10.076204672883918,110.28790108569228,5.760284476211059,2011,298.1135714815266,302.27474198279276
0.14416760880760293,150.11234964666096,21.4961931739873,2024,300.6813214828651,300.4792629756775
-16.064056452148485,143.09383852635284,26.02086782447033,2008,298.86414920965365,301.50633563764376
-22.15810477510122,-117.58566356729705,10.885419647934159,2021,298.9178654596364,301.2000586788777
-24.18291644239712,-53.561872930144304,25.27995998594832,2015,302.2094305543817,300.2736009949799
9.473036120191885,-156.9919244583092,5.813839359578632,2015,301.27015252758997,300.277597466642
8.66194202955404,92.70353621466217,4.421390983673746,2021,298.40035131112415,302.21875115242136
8.127430777133405,-123.87555232561914,21.94520876444354,2019,300.6655860782954,297.74096244799864
-5.520510991824786,-141.56772102201126,24.681994618671958,2005,299.789621652223,298.8865851207533
-18.945031530333996,-141.67886802008115,29.107977618570086,2020,297.3293104469676,302.2891672470037
2.9371044814696248,106.79642459681145,2.269209568751238,2006,301.89462080739554,300.57983360622677
-1.4852084047679739,127.65872258401367,14.669675195016929,2016,298.6036722326667,297.70847190569646
21.318867861776297,31.469458965360047,26.783679549219844,2001,302.3850686683875,300.91574143436054
-0.4053902439931605,128.63801647207902,4.029716588662151,2004,298.54324618785904,300.06239111405245
12.523714794293973,-131.60481017913577,24.607940272586738,2021,302.22245590412507,298.8674090552188
-23.51124345976808,2.340432373293112,3.4885123795737267,2024,298.07957960078693,298.1278030138036
8.745574291841265,124.56123242306285,14.693737319927084,2017,300.42191808295485,300.2187118116503
-13.147003615944016,147.67981250771237,9.819190212942269,2018,301.58446797349075,299.2280616987592
27.719634592009356,-150.6860320655032,13.639370697309054,2002,299.1301014552143,300.3011140090092
0.8191603092797735,70.03511065341866,2.609034319969408,2003,298.2894686684442,301.0238436940269
-14.586131637326204,-116.92714934734559,21.029372447722942,2018,298.984336205933,300.3671498479147
-20.826773061120107,-156.1792601789349,7.262207916583917,2018,302.25706956325644,301.4019835951113
10.078383649331087,13.749973806385071,23.97290495061097,2003,300.34817078821254,299.26480115117175
-1.5714939023916799,-30.77250141953482,25.422814871780112,2010,297.9900992477794,299.38483318375245
18.41396087518134,-74.18781757025833,8.363474815430816,2018,297.42200054560516,297.58513622977745
-0.28970446520002113,39.32015859696767,8.972341786984982,2015,302.34037455374033,300.73192275901533
-29.39558028040611,-6.833239271833747,13.018990116028906,2017,301.5896055890445,299.3115964302984
4.624646557905926,134.26154294724068,26.045067026678648,2022,298.6319459836847,300.21542104902346
-4.749396696799906,168.9319669390851,2.6263249086464553,2005,298.089573068326,297.14193942505176
-28.783201573954802,44.03352832353514,20.18857676080838,2010,302.31296972006606,302.01475305011286
26.95023030645782,117.2730447421086,11.197784289303227,2014,302.39926478265374,298.92539221751224
-14.366642040813066,16.88986540159968,6.427413585368971,2024,301.8121332839286,301.7231319255499
-5.785776453023917,72.86261131455365,17.154912047833598,2003,300.6355016435147,299.1713313004389
14.65025983096914,142.9370597556687,27.858591585250174,2017,300.17300244427514,300.61621826491717
-18.32284474052609,-39.34172078833532,28.450351446383568,2018,297.8731685331165,302.0747478870364
-29.839909919442825,141.77107555798705,26.63105038078908,2003,299.51858518923495,300.1313436097685
11.55680660550604,33.188464954518565,26.4822299309562,2007,301.98353597304083,297.71899584112003
4.281838180149428,-88.65748819543771,24.239795246388315,2018,300.38053550414185,301.6707052958176
-1.1839844600623515,133.3478982809881,11.423905759284937,2014,301.14118588226,299.848149217028
23.44473551098328,31.717871367119244,27.608021087937548,2016,300.2518359816284,298.73132093044325
-26.859073991423855,161.51621677436333,19.603220702864345,2002,300.7174053878956,302.4649949667112
-24.474154332568613,-93.35781005569673,26.43759952371804,2024,298.39518202516933,301.8123738224326
25.444668317656166,61.34958527722435,28.006732194638797,2009,297.1708391103267,301.9246794720389
-26.96878639965992,59.70577125604612,3.0787020105847054,2002,299.5317984162781,300.11556633288797
-21.036927193726324,-11.100222515736505,25.102689284814627,2018,299.6910958662707,298.0502187238149
-29.059657566676453,-29.52062649880662,3.4832476911275316,2012,302.19854368619855,300.34677537133933
-14.722388000826271,152.69326168921162,23.484156862530906,2009,300.82602118645417,302.08373995254084
12.7436417083753,-47.385177269495756,21.677817866383805,2011,299.6969691934085,301.2500927950053
-19.89688210181673,96.29850006335056,22.733956850082098,2000,301.7621325881227,297.72678857993424
5.728740399940385,-18.236501099344224,13.246471272239118,2007,297.91872979735984,300.94705072488506
15.298723988949789,-147.9688070870382,25.976232170308887,2021,297.26702734964874,300.5815576948297
-16.715405412408607,-150.52985787013418,9.72337867147759,2001,299.92791250375046,298.4721671787319
24.695813193616452,-47.42539564611124,2.3209545229952226,2013,301.37298103363145,297.0729769747348
2.8686950834881557,87.58770203051245,7.291353536812741,2011,297.85755414748553,299.4301644794562
0.3822852453757193,-42.88135604084334,13.75923924422902,2020,301.9771123434,300.080021940759
-2.976595415644141,52.80219113756584,28.631311599226024,2008,301.03957612231426,299.5882549869098
-17.315988926345998,13.186405548649446,28.78147955466389,2013,301.5444803242442,301.022398023519
29.359997209696516,-81.88284675850953,26.374695355708223,2005,298.9416334814726,302.3312446179813
-10.879490776028057,-32.44171288490256,19.3882347750484,2009,301.9376996763555,299.85693659654936
-1.9913456397565241,129.86159839438693,28.639221091382616,2011,300.1323152813943,301.8213290310383
25.693007738855663,10.369878536435891,22.8603010292878,2004,297.63155967446755,302.2610468203307
-7.903780473292741,52.650906356588564,2.007752370287335,2010,300.97353720686425,301.5954452569749
-6.051500334362913,-18.740729816220835,25.6871841542794,2021,301.76370813760775,301.0833128152927
26.93853989789406,158.44388159179175,12.087458772246968,2020,298.70461450076044,301.9499080228326
11.290466203335804,174.950754366787,23.243363369442314,2022,297.6402156814116,298.12450459780666
-24.942468693755192,43.21137876416449,5.27323021448542,2008,298.9071803955604,301.743223937612
21.256061559451837,-171.9713862364883,18.6756485510335,2011,299.38449817736546,298.31777185630966
7.283076484429735,-115.74573323504947,22.949624621938028,2017,300.644973328525,300.69657786857573
-14.868290314324907,-63.089780771807284,25.209156284818274,2009,298.8100273417312,299.9367610081421
-26.299182224814274,-104.85148233649348,15.088796206951574,2014,300.4236704628843,298.15796530760815
-9.67552422279109,22.205300171259722,18.200270571417093,2010,302.37334080044445,300.53171030775343
-28.152805868355205,80.56899958698835,27.258592071985053,2020,300.1298684903315,299.10423853019006
-10.450198803756333,-94.4588879299287,16.528290959820893,2021,300.7713667826392,301.0942809271956
20.062671819384462,-53.41140959837445,2.8233976813201416,2007,297.70526471017075,298.45849481321676
20.114732864280143,-62.247057839410104,15.153744531820225,2014,299.81838277913124,300.41530802952457
19.168843302037317,94.09991943778107,29.651284308343737,2004,302.0351014316543,301.2715204090494
-16.30014980440137,-171.06864118467632,12.12944398031309,2020,297.993279143476,297.2113836604075
-13.49673313916998,120.55029050390243,9.522812412780185,2016,299.3772489152007,300.67363554500656
-4.234872788864802,-21.13639099202038,2.9032118647364706,2017,297.56063592960436,299.7146503629794
11.792823857142238,-82.38586997620095,9.604627947331858,2007,302.185246006079,298.46883517131647
-3.5913476077237902,106.55036767882842,18.681113511847116,2006,301.5906768698434,300.0711566398077
-28.134322683416638,-13.895571302792604,14.42003828592522,2021,299.54371850706843,298.53693332229744
-16.142019107038106,134.730675606361,5.959314778128623,2018,300.67600874624736,298.25497744421045
-10.957660015952904,166.59192507275736,11.094040754973063,2013,301.6871781369764,300.0457567486194
13.072071067875818,142.93386585024643,27.15050860517862,2006,301.9536110292262,300.13630880517377
-8.04021550260385,118.5102507657378,12.595141321155946,2018,301.5158972268136,300.0022267056087
-9.71138770654823,-89.67874451261356,18.220126323047342,2011,300.70809656218574,298.12456696108666
25.960914141630134,-84.78256559490774,5.3469345645165856,2015,300.0986105736639,297.6256935436436
-21.673446953242156,-71.98902698562121,9.16793728084945,2014,298.34536968538237,301.21051594754624
-25.851999850950637,-126.94881522423196,21.13257766520943,2005,300.485526027817,298.2226007960625
-26.795174205027084,41.44556971811221,2.3745587600037554,2019,300.8891633766941,300.23217978310294
-10.92364021759063,19.37912971241647,22.1904996465237,2022,298.3971946914613,298.68629492088684
20.05667394332734,-68.83486927178546,12.894749307688484,2001,299.3806810873762,298.0871901528085
2.9090151449474675,-138.2207546215552,1.6700987308369275,2019,298.6257951874168,302.1975318065478
29.26026763400953,-9.56343483587034,24.271100618963317,2007,299.79881938275133,299.5567901158489
27.094818566392178,160.14076308746547,23.608650633731486,2016,300.6538416445425,297.7185685743316
8.395841247031484,97.97483933752159,25.957450745948428,2004,297.10503710581764,300.8878006504889
8.137281883920288,-126.5947693491699,23.217530789008777,2013,297.15197508070764,301.58694919154505
-21.582899232721992,139.16308054721475,22.163406482748563,2016,299.7659174286723,299.5471491867275
-20.543319056227915,32.51232377667421,22.54705563710749,2015,299.1919904290096,297.9343767114364
-7.016059434853279,133.78206467838606,11.530732604199441,2000,297.63485158387346,299.40861920116055
20.548682292093893,34.7909059417446,22.00929293327083,2009,297.02405690255654,298.50629500837954
5.857739591733598,107.73574774558847,4.868269895704527,2014,301.30118848436706,302.3238319503614
-10.796678696671307,-166.61493542114465,11.465131457423988,2003,301.1715066102002,299.04491645200994
-15.354325650443858,82.44483166546871,13.170496472560782,2015,298.39634465368215,297.76482519186663
-16.86118620650655,27.994704299174686,2.8889005418748703,2004,299.3819097782951,302.0463859997669
-2.9925436418856712,87.94933824145181,14.542054865750139,2019,301.7765441842111,299.10904559001233
-11.195198108779792,-42.988609836803874,1.5378976760078165,2020,298.92374851292294,298.72328091967233
5.888463922231978,-22.95003178446609,29.444457678493055,2001,297.0603000922235,297.9338595175302
9.151612665025134,40.348554553389306,23.848076867980772,2019,297.6969691902397,301.0316331817501
-13.847396527462678,-18.49922898131811,26.610858807496278,2006,299.4891047688957,301.84658536755603
-4.728517210476554,122.2440143311519,18.11734759253114,2004,299.6878839261538,301.89480037825484
20.72023335038483,-73.09976545671408,23.953163087997968,2005,297.40019306931794,297.5432297826931
-5.045008024037038,-70.06266649135307,27.840785450004482,2010,300.27002555629775,298.5997516432133
-14.010167999229283,94.51264033944722,8.447590949499935,2019,300.8213394922933,297.4378893823009
5.672902956699431,32.175494153322205,20.84263261575274,2004,299.4693887573511,298.8148312266958
18.490094831326545,-132.9801263869923,28.925664653684567,2000,299.7928130282312,299.72712017107216
25.82540959072667,140.3877127488053,23.78821349045126,2021,299.9975462864817,298.23143478318127
-3.3649981172076124,-5.683296326475386,25.117561164910597,2012,299.2961100584299,301.1694042578144
-6.406158121627346,117.49074654832725,8.751557380218632,2022,297.1373399523877,299.1972856139331
29.157618126920987,-143.75030360263088,13.287101407989628,2013,299.58394709585593,300.0852607472343
-21.443996770218575,20.41870526393953,10.258444452189009,2008,298.53624970984805,302.12275680286183
11.00017687681283,-85.51428789575398,19.705908702006553,2005,301.71673221669323,297.32224988240574
-17.07108103286552,179.4816894546247,13.559206975016986,2012,298.2263596840549,299.2392776150575
29.279579546797002,102.08016599127342,17.67750448016834,2016,300.3187966815976,299.1401765528827
3.4585436005895147,27.633905076932734,5.800523488122114,2002,300.7157992749577,298.3732421338928
4.415076417227347,159.56434200490878,21.964536534765124,2022,302.32486991425134,301.39380321151214
-21.80258741407487,-54.851368688567504,28.989080321392898,2018,299.1922981449515,298.4890355283195
29.96010736986692,-68.9921745723683,26.65039950902204,2014,298.8750402505565,299.9894390810577
20.432152796951627,138.01258729112828,5.651422375178211,2008,299.76531040924584,300.416600795323
-29.787802577806524,155.2072232047857,11.482081458461709,2019,297.9576008614328,299.07983387310856
18.23661184656312,107.99700211999254,28.13810838596813,2003,300.89796827061724,299.78980655364154
18.24136737114786,76.51512328787891,11.669184833301994,2007,298.3884335466538,300.1708368476875
27.83057109563157,-107.97597445767624,3.762321192225431,2005,301.95673212637786,297.69356482793074
-6.422471601799064,126.51793067920119,27.28137286539818,2017,300.0073291865556,301.08974173586677
-9.655551091093422,-17.269713552713256,3.9570826999247815,2014,299.5424038356426,298.6587813409526
6.76803432816785,-164.5192204399541,4.531224950387397,2016,300.11471391835505,300.91629993530177
20.51832712243774,-13.0196365379812,23.070751135056806,2008,300.106470295974,301.73511765418283
19.298795829870002,-135.97606037498417,25.609042053895465,2024,298.8556605718682,297.6756198837141
-24.921443567264916,-163.26142571113044,4.217731569995766,2009,297.0216112678222,299.7250255609662
-23.986304601426944,91.57534398896746,9.0061789460129,2006,300.98315406947347,299.0148068858432
-27.793332436014605,145.55982511171436,4.706011159476838,2017,300.1453542354636,298.68059683561785
-0.2685226012893196,0.5867312123139072,1.6753253038348752,2006,300.9330808748995,300.5175460450752
9.826004167302003,-30.88780045032837,2.2921423169119435,2003,299.8905231858263,299.9059366740318
27.688047543060605,-64.48269634680838,14.906692628080624,2004,301.80037978793695,301.38343210117444
0.8987886389006832,-132.935493795174,7.237072672486521,2022,302.07471705688334,297.71086231694073
-10.901087991913407,-160.27659110703104,21.395853899037967,2003,301.3377753607728,298.93292920408874
-19.973994734061968,-167.97844624829133,12.185784670069582,2005,301.70531146462577,301.5707173990892
17.93789415202474,-49.597788982082335,7.306400424150245,2006,298.7675347565748,297.2061837627831
25.068152412575017,-129.7287611245499,17.001599228045166,2024,297.3585604120158,297.2745736711486
-23.066598069819673,-154.30787499982318,23.056185350077765,2000,298.8859065024194,299.30102900572604
25.7368041343574,147.870652585733,21.75461792355473,2010,300.84547587303865,297.12370781299546
21.3865826787258,69.9830378927688,23.274509697923772,2016,297.67490744161597,301.5234810003354
0.27854625954338275,138.78858195115095,26.71101143074996,2009,297.5509312943053,298.9383706405401
-5.821631992596348,-174.04663515815852,24.628968047440985,2009,299.09696145498975,299.75516280462443
27.0687738843248,94.3590480110775,13.450313841193452,2016,302.49312518915224,299.04523063433203
-12.071816155003525,129.00817985727485,29.959731384086172,2008,298.18676248043477,297.23977206985927
-11.675368141709104,70.48883333728085,28.58225382831173,2002,297.1164009769012,298.8518811789364
-21.33145820432368,-96.13000365190592,27.259194847248445,2017,299.2882799782522,297.94771510513596
-23.04917084415969,28.338483812485663,11.564265037550143,2001,301.8784288823783,298.09096057537135
14.91506082021197,-78.39770539748,24.57424009183117,2005,297.3233780909955,301.0109652321015
-10.269282707460622,55.256015540969116,9.108236745173727,2015,298.571157438657,301.7562184565071
23.107159254458757,-163.82323711701855,5.874626975236283,2018,302.09946160754794,301.9576277124586
-24.60730319396172,-132.5052627286281,15.36976614258851,2021,300.06325871423405,300.63614860040036
-10.033767237049187,-42.4386487765733,18.237872130463117,2023,299.06382622873303,300.2945695041304
21.376059211444876,-137.71365379330177,20.997367920506985,2015,299.1116657267049,298.4780010820563
9.12359255967749,-131.52270190159552,16.03983591742469,2004,298.71273104774684,297.66594714032806
21.879546833393505,-2.3600594582140957,17.592259455805607,2017,302.3566447329351,298.06360462724354
19.32835254600618,22.266235096307497,8.669692568572907,2010,300.9057977067808,298.1486036124859
-11.593634918830059,-8.918111879373527,14.03118818515684,2003,298.50948627612644,301.8341327014877
20.003478846276245,154.48904413983655,14.301163810101642,2018,300.2541193603802,298.7077651390222
29.665860152565806,-166.2093119377219,5.705904604213166,2014,297.23530797536,298.34234898073606
-23.142522849788605,12.001721361325963,25.8818614590934,2003,301.1495931125123,300.2070515654694
26.152277517867475,132.35185184831994,10.646781424690234,2014,302.00345071549276,299.8008488777658
11.656484786151779,-139.75186635578262,17.39337983866548,2018,300.51683552097114,299.46129931127484
9.730380739414365,74.4061304538445,26.89786878449307,2016,299.82876512815,301.3917199343961
27.870573359499296,-125.55239826709224,1.529771466680624,2014,298.6830335786492,297.7008143084767
2.733752650065476,128.864683943103,20.66375092684258,2012,300.088888878853,300.93170785810224
13.686269542064537,59.95384390716799,26.25350231849292,2000,301.0663938312542,300.6285976012365
-16.293822240127497,-27.706975530413416,25.542017185419134,2003,302.4559835495817,298.0059157478106
-1.7850608604014297,133.930704543432,7.526171572281782,2009,300.70238403029146,302.48462479317874
16.811515768081897,-75.39713583211609,9.056765346456038,2013,302.46243934279084,302.47147166117077
-23.112823280363255,81.34876055820502,2.5006189104039334,2003,300.8626424080084,302.3182326578362
-11.988468941660134,92.32037149231144,13.58789257473124,2019,298.3229429758377,299.83550846741326
4.182277922124591,-100.22636504179896,22.94206085460841,2003,297.5083260429779,299.36602226728183
5.197998778380978,147.42623392021892,6.466153448220521,2012,298.5976488308492,298.8684299910985
26.157309223716204,-120.69322618922212,2.222362091925092,2017,299.5399359371079,302.4949992228852
20.345489919126322,86.29312840121446,26.25106289291367,2004,301.2811758789427,297.513304661484
-19.640555934144615,-175.5753619839585,18.215924803957503,2005,299.34542437410835,299.89711318836527
-8.317043306067447,45.38143131941848,1.8864826530812673,2005,298.7283283627473,302.3543960351049
-12.723735109715097,140.14970057815867,26.54170873515149,2019,300.0990876059707,297.6600151228929
1.9183040697898974,-51.55334796422355,23.9742939615052,2023,300.4454715252546,301.5536387866852
12.447287503974081,-7.386972771239755,17.95364242709959,2023,297.71606952928704,297.4470350766249
-28.74928561153795,46.348281298105576,19.260506903936733,2019,299.49925363204807,299.6078809598497
-1.9282357583530612,-168.0283414034611,7.990894579637381,2000,301.87544756268494,298.5123315154912
-21.69344193206758,-136.88390451208141,21.299705202012603,2003,297.9334789186133,297.00086759517933
13.09427969887706,-140.0050048154434,8.071333891182272,2003,299.43080259920725,300.5448315343914
5.982248190644675,-53.985995501056934,13.877870251195404,2024,299.74566326943295,298.85330633315755
-12.251198234918416,-155.86989154649183,26.975856067692042,2006,297.66889986250806,297.35775276755425
28.49235200587458,65.22211815822175,13.106226061718504,2006,302.26524268209806,302.4755144140854
13.829888766055092,-98.0946132931278,3.9548287340984816,2013,302.0960641332801,300.3181933311392
-17.810763768601916,151.05723099171718,27.533025151338595,2011,297.6313778184899,297.2640126644657
4.024798234411861,-92.56095481507595,22.297125599293565,2005,298.27017197571405,297.5414065195055
28.76523082065598,-73.43116145258027,26.255861923566375,2016,298.7794145279798,301.71159158693473
5.616792994163042,6.480841102770398,22.557995784292856,2023,300.77340235482495,299.42003475229643
-7.242072439668753,97.79937777817281,16.019307658568295,2012,297.51387526763375,299.6638859624967
-24.54970913631515,-133.58257004886582,7.948685128817954,2020,301.13254473794524,299.0353191982539
-19.596643149520215,-144.58122269749106,10.492082476060947,2007,300.9701923829321,302.46355033488095
-22.105757287264428,-162.25488035143042,21.13632078086286,2001,301.64702746760037,298.8108391331997
-24.72281949787626,73.78932017059412,11.443818945442358,2011,302.3229667534534,301.6593660135171
-11.414486204482763,-109.3623655786937,16.895481884472733,2023,300.00583824759474,299.3218534071011
7.1206025441318985,-20.227413247170887,8.136874554713163,2017,298.76420427711935,299.1293546672969
7.3556277937614,-123.07224754102876,25.957530220141578,2005,297.15578396650864,300.8240339575208
18.45015150682938,58.88049104108197,5.389467590366362,2019,300.150723133902,299.2083393980153
-4.254132990864626,168.40808882748274,21.993757464598897,2008,301.2609689243514,302.2073514475489
-23.97357492828204,-123.98748322139717,28.84036706032884,2012,299.232382639326,297.1712465586181
28.044097814113783,175.0809823769112,16.931571991883793,2021,298.7431990874957,300.5986847684373
-25.1980458140438,-92.76126787665396,23.43670104789827,2002,297.5858140036749,297.70041827006736
24.26261001965956,9.305869054972788,23.955677795396745,2012,302.2790890976938,298.81025188055844
23.155420225008193,125.1400947176337,7.109731522499322,2010,298.1293693363648,298.45334165246715
24.597303796356563,149.61311478535305,10.540877465951095,2017,300.716598903403,301.43609447671724
-12.209429991472135,3.6498750877446753,20.362544579240318,2001,300.10845290923163,299.46340239664454
-11.44386727246862,0.8634700236728463,10.821708529253897,2000,302.26947953173084,298.1922012740572
-27.0706774844778,-74.70934803951931,23.802186911416534,2022,298.1376257097896,300.4292929547592
-8.536994103454347,123.98602042514369,14.145692420749741,2002,300.35726523418316,301.0186960673193
29.603166721720143,64.36140992526487,7.723509539949022,2014,300.5250422605424,299.8775068713502
23.948717306700985,81.57888762525897,15.782531051235999,2013,301.4595129581098,299.4039294551661
-22.567166082266287,23.19906299537277,28.616740153432094,2004,298.14579804750423,297.68959675772066
-18.624270589398435,-168.55590616015044,20.552712042707427,2002,302.3748286075025,301.7489372343068
-10.617384922883858,-13.0389849500678,13.037265741226173,2018,298.35243863439564,299.62191562521247
25.228338036833293,80.63433548933449,20.196538007916907,2007,297.13178761818347,301.2032126611327
4.854833894776704,45.21225004911096,2.49990559408495,2017,298.1083276898326,301.44155553049615
-26.768273132694212,-154.9177688075084,13.77513057554025,2020,300.02088199257844,298.5016583762172
-15.329550159334486,-130.65851392683075,25.62305537220127,2017,301.7426677981452,298.89900971930217
-9.606250730289997,143.98250540631346,2.443917342443565,2020,297.6526987063949,297.15939324637486
-23.22783494119067,-24.75151517510031,20.92172600760593,2001,301.1741257173808,298.63394302432897
-4.40682874550162,-113.05675965923041,4.220520886965171,2014,302.1282302288064,300.88902841888614
23.73499139947088,-94.86946174812965,11.017185805127161,2007,301.4113440762094,301.3392299309768
15.59982949985811,-54.361823291312064,14.161744414866517,2000,302.3566732096529,298.8015099901617
25.388633263011464,-83.03150945502212,29.68315949873743,2020,298.13796592168,301.37602739687003
7.898669364689809,-65.60621754301647,7.733358720638465,2000,297.6272766373797,298.91219457807904
15.7713286737823,38.86962033533851,3.9749522495996037,2002,297.55485115429406,300.2304701342039
-2.869038878298344,98.83811789052896,7.06346042260317,2002,300.56673678650964,297.1554558557749
-29.105384150711526,-133.41491978451555,8.298268616318651,2016,299.3283504335651,302.0780532863673
-25.624979284379677,109.17326580442267,7.2417492310662475,2014,299.8568635093202,301.3046025608057
20.3120944592242,30.143610057644963,12.688029179105872,2006,300.00980585333605,298.2714673572557
-9.370650524474854,41.05123144151423,25.96479581326001,2004,299.45629615741746,298.52195998648267
-23.739203200466363,-152.94291647828945,11.079191492036458,2023,302.4339045443114,300.6540647596836
10.86826194434343,-166.32077857029282,18.560348971846892,2022,301.45272998945256,300.0450486989958
20.799294810137653,6.678632184831997,18.511573590256873,2004,297.39975185712444,300.92766840071266
12.171049403761955,41.05569851012288,15.797616740398826,2022,301.98361463295663,298.0390878676152
-14.608774360451523,-160.80117544557135,28.99660339224771,2003,299.47323917986836,301.4312663388229
-20.303036356182155,-74.57917591430626,20.705732659360105,2007,299.76411837234167,297.9659362973086
9.51735053778566,171.15778434728543,26.292258935907373,2022,301.9402293535769,300.19736569312767
-8.89038617479131,-96.26593069301386,18.889687714563667,2002,299.86818741938237,301.74069250369547
-0.4972455905956785,-134.01260512463193,1.144202074348126,2000,300.0244961291994,298.82029597397144
-19.861670997726577,-11.982483934595223,3.9083077018882637,2023,301.3162587663953,299.6702274014123
-9.871403366347813,-150.35292347876708,16.958570172310758,2008,300.38213797854434,302.3745325652283
-23.32114071134699,-103.63485646010163,14.719741604881868,2003,301.244953769485,301.94026056239557
-9.977109091452427,177.13385056029404,3.9821516658605645,2003,297.52285817791386,300.7071264691648
-21.996204663551442,136.76595599080525,15.810685321405906,2000,297.574791594535,298.1518089924015
28.204597134600057,60.42968000628497,23.578037740037722,2006,299.06113003896854,297.0429368196889
11.6210288982723,-63.83947049650108,17.576078543604858,2003,299.9342972237398,301.5289917956763
28.903633042899543,-32.024676448465016,23.13832967479943,2022,301.07249217310977,299.45562849225695
-25.889545959506854,-119.30268190228475,23.94763462773442,2016,297.6558759222481,302.0821897083664
-25.339655203629686,154.80241913993984,21.50698802013491,2010,297.4291752885962,301.8659847682301
18.933135241927694,42.45640398406573,28.403991060598,2015,299.6829741499418,302.4442711622084
-17.16462777001694,-29.571772852032694,9.462872439645052,2003,300.2883671499943,301.2909213722382
-9.661014639709752,-43.315350084634446,26.7491533115213,2009,299.2568567688467,302.43614433251923
-1.8118754581392231,-87.68938695284857,26.845653789912554,2016,299.72866931777793,299.3700631039305
27.26187693309027,-105.9390620893201,10.038814448532879,2014,298.58953484103955,299.5769592486863
29.35075399606999,139.96323601783826,10.510537481323098,2003,300.68214410512263,297.0943342438314
19.20921952113887,136.72730063229102,25.858809695411487,2004,299.5409972905031,297.06813577047063
-6.03627911738695,-14.24634394802348,27.30225449898588,2017,299.37436638261033,302.33142287930906
-21.580588813930433,31.452040604694986,6.828246950945949,2003,298.4992685750899,300.1806919620882
12.03682910445233,55.66752933015428,2.4226926548506533,2000,302.4209849104824,301.853180941215
27.393835713670143,-56.664442361477,4.0616936243644375,2023,299.75272192292135,301.3627632305033
-20.990781348967488,57.50335161387255,10.383750517145844,2018,302.19951504946164,301.75592679581416
-25.975940907582665,54.1105766306122,4.4826304905749845,2004,297.3532938643158,298.0672963413508
9.368982870189924,127.77323634398562,8.327709204441122,2009,302.2526554424626,299.7318837133322
-6.385330791254525,-6.030470143935162,23.916257085006382,2007,301.308027247053,299.37433595102516
-14.87965972731703,-62.46981726529657,3.2568804744778124,2014,297.8146100868896,301.463508534841
-4.764565550586351,95.40083663702029,28.67935239862037,2004,299.1813483963389,299.03501947316266
-12.91197754502695,148.23155952053173,22.776923411984946,2019,300.93078097189226,299.9001452322084
24.052073664094756,-67.33957775459095,17.650697988677905,2014,299.6925849842518,299.50857969734466
-17.662231468063123,92.0555720972614,14.088744949439372,2019,300.75030118923223,299.9758732226125
27.644270333968286,-136.8157652106509,22.399391556284684,2008,301.5511452786635,298.9806474351895
6.0074363963697905,-123.74591766791198,16.530250598172387,2001,299.960102152754,299.9308052353883
8.257586096775839,-70.61271088743992,16.675348281579133,2014,297.3944078648671,297.23958374314833
-16.964555970368128,169.58608510601505,29.39790688127955,2011,300.10916480303246,298.48552663756004
-6.456053865533136,-35.73055884687196,6.178032919262575,2015,297.61716346586,300.1522035779991
16.85846404308314,-47.999815965132086,29.358983645797668,2012,302.14628607651196,300.6612055492611
-14.094515884353003,25.401618626723263,13.827407697620094,2000,299.84685762577055,301.7232640687566
9.108006202864026,-112.04694794372259,2.8274865873857538,2020,300.0925537652214,298.38654262759263
27.293382600555475,-5.992450898796392,10.619017298528183,2017,298.6714548233486,298.45875122458244
-22.237144135947524,3.9631808457405953,5.456554880194999,2015,297.8533787841609,300.1717032476756
19.576154350477573,-164.69113193312666,13.17266227262797,2019,301.82272220664396,301.29947246293375
-29.075090035407644,114.06977299476807,9.715275959916383,2019,298.9706467743577,297.4721325269132
13.794937770754657,133.60973405837586,29.131871573584757,2004,301.38579849858286,300.5390956273515
16.8876087498383,-24.44986337325554,18.248510228934215,2000,297.7518229096897,300.03231802330765
6.324022317200651,73.98095783872941,20.72618775707637,2017,300.7276827189947,300.0032534034696
-5.943675840218432,-24.90573931663471,2.66562063165337,2007,297.48571996670216,301.5657639625216
21.186683349422182,-100.88989193992339,2.8783937862308506,2015,297.1393570912138,300.1369218540482
0.4070028949388451,122.4030596126396,17.871637716845914,2001,301.4241804580336,298.13896653688244
-9.845169293598627,-131.6741691262523,3.151006278262749,2017,298.64521662597184,300.44643802182026
19.279767021014614,4.250303077904675,21.82140648659116,2006,298.6833214910883,300.6717121198921
12.32453243840903,157.32349182437173,7.520318666821261,2010,302.2610189980106,298.10795564905186
21.837421686901386,-64.31316990651888,29.697379438896398,2024,298.6334719012668,298.982264934932
29.33025796680561,101.86479574822084,3.0706348315203016,2020,299.33919482665635,300.3223965532948
-26.727620359490956,123.19562887569361,19.79687342040676,2004,298.4991522475253,302.0352548193498
19.70998272865615,173.00085872734564,10.40347002347453,2022,298.8197679337515,302.25057387793805
-10.015602236823508,23.47625518460572,12.706699195008913,2003,300.19097003388094,300.63970835100065
13.26815121594261,-88.11676190931645,3.5882427974609357,2022,300.66010130825515,300.39205944316194
7.554013975439531,-73.342859056391,13.039190612180343,2012,300.3306365064166,300.7393008067095
8.575872489645597,130.00688749612124,15.10634921575608,2008,299.8894732266048,297.63079124795917
29.50285372724621,-71.11158228545546,19.414700186297058,2004,300.50564967705316,301.84728689205724
5.1609826486977965,100.29648913220035,8.212507523027568,2020,300.69991889567723,301.3135717445726
10.011998167233543,143.95662740561477,9.269611855791952,2016,300.1982957029324,297.7160414206044
28.039150333835472,112.10670097223624,4.181990236166483,2018,299.7705300991953,297.88975346011586
-7.840743347299465,-144.47486970580414,17.58355139380327,2020,297.8818955414784,297.47006740818114
-7.121361602875325,123.10504359060548,27.299995357381004,2018,298.4496512300523,298.14690147164555
15.903805881933842,161.25014841641894,21.788278995283175,2007,299.6930431650046,299.14981716969703
-24.617522913622135,45.20031830009603,15.36124058747484,2006,300.82511582303994,299.4113589060615
3.132904083277772,20.758049144069872,9.04389858666574,2002,299.58918121917236,299.1363497167532
19.24052300406423,-17.58095867246547,18.505691210673646,2000,302.1469053683004,301.2753339476684
-20.88044631331936,-117.2944056049459,3.914348017952867,2021,298.5328904009139,302.0014817969873
8.954563970278237,-150.58657454319766,4.925979284321933,2006,301.80747691890093,300.96561571616513
8.573040899475174,23.44416155389814,21.96614520884627,2003,298.7037486659823,298.3217758440966
-8.474305952031735,149.27943867254976,17.678264441241485,2005,298.57796951901656,298.7711771328652
3.767732112495075,-79.74631582459592,3.773809387124194,2004,298.184317901408,300.97050265695765
18.639946409010747,-31.716907789639976,22.646157752479045,2009,302.3737131448904,298.5005246788411
-20.49761876824799,-161.26637842995825,7.987830206157135,2020,297.9109103267559,298.12240182120996
11.603700155902665,150.13641245561138,12.443543598175976,2024,297.2622572933737,297.3361758142917
26.51250300883516,125.95371428197967,25.503261218544466,2024,297.04314706682345,299.96576790035067
17.62600842178523,-84.15781692571144,18.495453807748504,2007,299.3930000968474,299.9445952546013
25.906979596575198,-141.30049064060552,26.006677292249595,2009,299.6612374265984,298.20132720764684
6.176857841436252,21.086431814975782,12.020213562981805,2003,298.8530978123022,301.14259836052827
-12.339110009077313,94.79090778484675,22.618544108004603,2013,301.0085219905101,301.11277151049654
-6.152764459978389,-104.24862585305344,16.116853399864205,2003,301.6533653104148,300.3979840386739
15.096983618776612,-102.95998220299866,21.77820603664469,2021,301.0373521926271,299.83221043332946
18.83903847439852,79.97600855398599,18.83712686053681,2012,301.5977201100136,302.14748071925897
-21.782092571442313,-4.233193403965004,8.507773517144631,2007,297.25137653551224,298.1110981052732
17.517899517876174,87.39959079884215,14.813457303647038,2013,299.23698257185754,298.7409048260888
8.424638209592054,-22.81875760737853,3.6802119131421804,2021,297.6198382324108,297.39770816125036
14.62604084241265,76.27755068254413,2.6944987347826794,2024,300.37157678578586,297.9484702346519
-28.755519431627953,-168.63083562728858,15.713598689880062,2020,301.4629916672753,301.5569621675988
4.182471034195991,-69.81868864217668,7.316174338376226,2002,300.0778825317079,300.7671521153272
27.826510932433706,155.10372108595004,17.533682270038522,2014,300.23754018343834,302.07746815650984
14.885361942187586,59.913581093608684,17.898922803529583,2000,298.02610122799064,301.9209075048478
-15.08783987922982,-147.12880407186213,22.750440197632162,2005,297.10689335350264,297.6088812884358
18.711493374586667,118.58885900939481,24.25644328130702,2004,300.61161326142565,301.6035428769171
-7.6010756180435415,134.84753161855224,7.187050662243669,2007,298.99840978405666,301.0160739638886
-12.081239184795503,15.444767331942927,13.567312986318559,2019,300.0013665881812,300.45196695195983
26.115018863659976,-72.33684854081648,11.41575422038464,2006,300.2262417030497,300.37171591059814
19.23368470794587,-56.548922893243414,6.615369336026199,2017,297.98051144577124,302.08436550481343
15.73912570163855,-6.711900441173185,20.72176982089826,2014,300.4528925623667,297.0006525470097
-28.900839443787376,-39.76087117460571,21.04914606400871,2013,299.3656505048423,300.8009048363251
1.2657707748075282,171.6953100470335,5.711346201268159,2021,302.2547779061035,299.2750461516497
27.145241685207374,116.56714155661228,14.95048269681323,2006,299.0615681327314,298.3431246025337
-4.157680098095689,-9.59548286605741,22.582428511469917,2023,297.87205782560414,300.2602476463014
23.77186789676373,-140.8368208015581,14.714507291490017,2020,298.580445139581,300.2586752254756
-12.132775606242067,-160.02334041441816,1.0732989451253596,2003,297.98234350128007,302.4033307193806
-7.431012946233366,-107.88462501342431,13.009163381595885,2022,298.17423566651047,298.6029149581617
21.27279010411739,179.6434062007924,10.227008053454366,2021,297.1292633255008,299.0652348272689
-23.355089530169458,-53.1088410255482,6.0325706695276216,2021,300.43946020898505,299.3316549074147
3.397435094396151,-103.242889562348,20.9552015782689,2018,299.52134230724704,299.87627052662526
-15.611299765867122,141.0724741503892,29.164057749058788,2018,299.4735001957808,298.5317060184656
26.589787671200952,138.26523938966324,3.433173713017742,2015,299.7055403086381,301.4133005794829
10.224173460981845,-134.40295226942578,11.04708791294875,2005,298.1433859475775,301.4017867267357
7.471080921860832,-11.49643424655676,7.307046262026363,2021,302.12384452506257,302.34918129712713
16.867010772540837,-129.70712581491523,25.74024290286501,2007,298.87059915076577,297.98288366512935
5.096167100342868,59.47347725318417,21.668822085797938,2008,300.0625304098536,297.9420980506722
27.93105794117536,9.706703697176977,17.053205021280554,2019,300.6646792772056,300.0058253978566
-17.684548215823796,91.85149804181094,24.30880725481837,2024,301.37101137404954,302.29507322331267
-25.686832628867784,-83.4026151728381,3.326023526598054,2001,302.24511048029797,301.3099250834389
9.595457715543596,6.353312046337834,5.853658391072889,2005,299.6785846543515,299.3393402776725
-4.469973075181745,133.87549694358768,12.461543870951525,2019,297.0603125383105,301.8746265961327
-13.710946950008488,-165.9699489713677,25.585917840523358,2011,298.55907247051056,301.94684752195616
17.449239408874625,29.515507542129114,20.414630113639376,2019,300.04011096178186,302.32205901003044
29.76880985600031,-138.04394040049226,25.63676902706954,2002,301.61365308710646,299.06735569515746
1.9301976513708574,159.10577552263442,20.75641327541937,2012,298.1740383387643,299.34514442123185
26.36885326289253,-25.717018389948976,11.392661337639552,2018,297.0652041126563,297.6891549302336
-10.500486284184696,23.39998962548964,26.562768524191878,2022,299.93546363743644,298.8616428070239
9.47704968716485,78.38001170765688,17.18342029325514,2021,297.35707992638913,299.9160645497526
24.08787456868243,73.95577045106504,24.115227390319934,2024,301.15624977377234,298.4593836114381
-11.398689227033856,10.047538059812723,7.261842427229768,2012,298.04105575732535,300.3183973092146
-28.120692886670412,-137.2179116181746,10.044814344328312,2016,299.3141811427705,300.8868190918838
28.395644601833958,141.52993861659604,10.930551443088927,2008,299.4883897231465,302.3709870848951
-27.011983026337393,-114.97421658183212,19.777724964635883,2001,298.30431440280074,299.34355084689474
13.833976226004289,44.76078955843397,7.891015309252192,2000,297.6248130321069,301.77481640489805
-22.25456029630164,47.85558427583604,21.882266659662065,2021,297.3434714561673,297.19338392308754
-19.8955230593982,82.02811249805285,6.328428849430409,2019,297.3589849584768,299.440230098105
21.037092511636295,-152.39794249141562,11.310525591681847,2001,297.03370756022525,299.55274352959304
-28.520636657586426,147.1293958690461,16.0338187973027,2013,297.60652200552113,299.10929963471006
26.414051572373367,69.44729456450912,26.16094711948484,2012,299.65238375766336,300.1464147221949
6.954284019994574,104.28064660098096,24.547651102331617,2023,297.0554972276203,300.7903647744848
28.83241824188125,167.62526022153332,5.667173324870134,2007,301.0435116895323,298.18710222471634
20.79864385996069,-30.696250906749583,2.0484271556973863,2008,300.5130659095908,301.65875805378806
2.4039429170503084,-30.86033486764228,29.338304291254882,2009,301.1058912518852,300.07977396409547
7.883380896868708,-92.84437536251616,13.544653685097167,2017,298.1046816882811,298.02304637520797
-14.71447228800928,-70.2235304288421,11.441899312971119,2005,298.64677029135646,298.7778492438271
-14.376419183338683,91.00545163035792,11.605759858192366,2017,300.48941967642594,301.55223673961945
-4.338425453027725,50.80300741871258,28.653594491219604,2007,298.14226252468677,302.0148556720163
-19.509642641065604,120.39222450396409,5.356231968540848,2013,297.82797447295496,302.07697200581686
3.900496959169871,-61.46141790956848,5.069360473944252,2018,300.2271513818026,298.5101498262378
-28.051120677846317,115.5071896900788,8.99615947244192,2015,297.9119342981666,297.846933946526
12.447719413311283,170.8818823858523,7.759728054999634,2014,300.3548982104796,300.0826041519543
24.88174461127288,62.79878569207264,12.708257119042976,2024,301.8543793521512,302.19440879295246
-23.96658273761703,-82.13546376568716,29.394883608014023,2001,300.59458399049856,301.6165397494584
26.669272790714615,-81.74817808821476,5.920171356444847,2014,298.63301879353486,301.5297440329385
-8.505500997780956,-144.353007757743,22.98421552147013,2005,299.2072899416767,298.0591685354076
-8.634619574715181,-118.85780401155074,4.082868818075591,2012,297.70409739752915,301.1535300083654
-17.127586727802807,171.8600195549667,2.5105864509054734,2012,298.1265168589172,298.6578370148921
-17.94775585850054,98.73380463568247,21.66476035417056,2009,301.5957733998425,297.1000977568308
18.13068597146833,160.88256912313517,1.9298711230409635,2013,299.89097065400205,297.50187813105237
-3.8130960706132306,29.44485531997566,16.140133562982662,2008,298.0803754999001,300.601462150167
11.091268750734947,155.6805440466053,5.257110023934422,2002,297.3652902246479,300.03505523322974
-23.703649180323033,-171.95515616633136,5.973876931792644,2017,299.1683550616233,302.0868534379723
20.865497887846573,-44.40965335300953,17.643514959441614,2001,299.2657782394269,300.5958973013349
29.703165148754834,157.6141074837223,1.1241709772470052,2010,297.3656993734612,302.2417562238791
-13.090459254018917,-42.46746105194245,3.6575079500961074,2014,299.96559634430014,299.80783301363755
-20.44223445173421,-46.012717055484615,20.510426127144115,2023,298.4454785100412,297.2487629700612
-29.887635364849885,-53.76625813655329,8.002462617777267,2017,299.5862671284929,299.91620673749406
-14.158374258185162,51.401768106938874,21.398039881823994,2021,300.2620827531169,299.9891920173975
-24.056613947040724,-65.23258976980156,2.4868396414314446,2001,300.0889789330641,300.81044616617004
1.9271916122823889,-23.67478921989752,12.23266920484408,2023,301.34655504455066,298.5884919914469
-6.750157285862123,45.63971065664293,17.05038268582312,2004,299.58797817325285,297.51267659240983
-27.2441980662546,-139.82284819731896,6.427205912404559,2004,301.67025149888616,298.2960328259983
26.109720644806686,163.76684721660126,28.80823354051095,2010,298.68147649616776,299.00957555994216
-6.184423162571168,115.75453759078175,3.349431892106661,2015,302.47795078020357,299.7948651860808
-9.287758137612943,-113.07538383974388,1.1391949197037512,2016,297.54751421179884,298.6852641704467
0.05189649965329579,-96.58776305669097,16.71422834854141,2021,301.62184931021596,297.8156595414426
21.320167818138884,63.05178759978543,5.936757940711586,2008,300.4735441699308,297.4328990442841
-0.8189930934302794,-104.4869345959194,6.773795428032022,2005,301.61796163162944,298.98207966856114
-4.385874760629768,173.4904024205091,23.73357878069688,2009,297.0323376313835,299.13453033035563
-13.343249822319986,25.335432125576517,8.264744640689207,2017,298.4875800808908,297.2564974525387
-4.059135699712108,117.88046495266076,1.7152469606423133,2009,299.38152711561867,300.5563398026161
-13.684227752550765,-41.72154671671481,22.290338321820375,2016,298.2921105616603,297.5518207926664
-21.103047726245045,72.73284065357117,22.04700738814499,2006,298.84843113258233,297.9337731686697
4.845665517135188,-5.87503952716807,22.136190266546798,2007,302.4509693597445,299.3728730687062
22.187949215532974,142.7435408209912,25.244202991948146,2022,298.9077135601089,297.20113396799627
-18.81516917002039,88.83736006299449,10.438600671622057,2007,298.0130809131478,298.5830078735688
-15.09566368518871,66.52634477405513,6.416541892446032,2009,302.27332654167225,301.7424945114412
-19.9264384916992,-62.34468974937644,6.001103356417497,2023,299.30233855111175,301.6760582010739
25.938340964692784,36.44498086520585,5.159197473666477,2005,301.243524644083,297.3556604911781
7.26751794544974,-95.28280165449014,17.168029675350983,2013,300.9581029030296,297.1217077093187
3.8907061330290915,89.09746411730401,13.89413196178474,2018,297.6283664929193,300.02101254470534
-29.919981630552478,-63.41413293149586,7.378095101086856,2016,299.08694962784523,301.6097288908295
-11.21033142826926,25.237184957029,19.804308132752688,2005,299.95036250244095,301.5944929479839
6.947553126083122,48.163831036200804,16.689878382821533,2001,299.5534872273018,297.1101891124247
-21.541239780593152,64.3846986103901,22.676386500970864,2020,300.4998937342495,299.7505078468023
-23.801971331203205,-108.84679879693847,14.909326729786278,2012,301.02654040690624,300.7586374822888
-13.172370788889289,62.55451772889569,27.903651796087733,2003,298.81015534533685,300.1429125831511
-15.269891338351691,54.568414072890704,25.135591349501947,2007,298.0048214699126,298.7118488891823
0.5935545438523064,130.6897013338645,13.083432412984743,2012,301.7100575401814,298.70508995702016
-6.434988987677404,-51.63975947219174,25.15281844991971,2005,297.3043809920275,301.4542939047273
29.050529106904634,116.65054527717956,17.094284710723898,2001,298.0867152220558,299.36894141884403
0.10217905058094345,144.4280839036566,8.564219721315315,2020,300.5433277045429,297.1118745708718
13.477880213963616,-167.20132408234016,29.924052677600578,2023,300.25246978279495,298.26406790253344
-1.2787921511645308,-33.812534747868,26.321621416492736,2019,298.7505210036571,300.41623373766583
-20.14418017676256,124.55326528056474,24.559672036908143,2012,300.23667390041066,299.95463056012466
17.152011402353097,20.113594702741892,25.85581849723587,2014,301.43290423934434,297.9862202505364
18.787067518138798,158.56686677828435,10.735130127001138,2001,297.8839357169033,301.0326264272414
-4.118072616719882,-19.452502654413934,9.949622767427662,2019,301.8217373528958,300.8542874675098
9.343468475549898,84.12784533930846,11.613620129081404,2006,298.2712718810542,301.88945401205984
-26.702792767882404,-116.41907067331577,16.912868561908432,2017,299.03989671731136,301.017566856294
-5.359425103037982,-79.321893474605,18.68199737814648,2003,299.58737736214783,298.46602566249857
-9.307572978407414,53.65600821655704,26.601542167153752,2011,298.9499931344538,302.2331248906893
8.23678860738525,103.57267777162122,21.29330226096171,2020,302.0451673000523,299.5269131064011
-25.340048293298786,165.5016616940261,26.490776925000855,2018,298.7172898622908,298.5675985009276
13.831927852199655,-80.3591706723211,21.725629256837205,2017,301.3830136115845,298.90572284747253
16.463912221035336,-85.51573092543948,10.52917272781359,2021,298.1213308844188,301.9655485644975
-13.443351155241224,-28.414296650291817,6.866350314303601,2012,298.84277044016164,301.28200201782477
21.3249692778708,-23.181660906852272,11.966982619135006,2009,298.13889696464634,299.07369523236247
-29.51650266626789,93.10953020893623,19.15071268558404,2017,300.16926176477864,301.5728959061099
-18.696313955970467,102.42364884391912,18.28872113940965,2006,299.7164024371344,300.40278042341583
-26.06454812012177,73.82877414616502,16.762546831770536,2007,302.448108670162,298.54216798224695
28.5325916234372,-114.28864163687739,11.471738847212732,2013,298.7704023839368,298.9083189159347
-17.49688780461289,-19.57655084402441,2.507809510927709,2001,299.4335900984644,297.8549876068605
5.756495743842265,-89.80400726232473,10.681419865958189,2023,299.76969977577954,298.0466671064918
22.57826537754947,26.016403991201457,6.5711215367832505,2013,300.8206960200431,297.0445551790603
7.002739846028092,-146.25904821850207,23.647062213924332,2011,298.1840002530932,298.5368934367246
-15.538095725783341,-0.8927962367595228,28.392250737747286,2013,297.92082621260437,298.4604458308757
-3.2739794828381896,76.409601063845,11.900634689074542,2011,301.31604312747356,301.48176858230994
25.639956910440674,73.00596953448084,8.109464437037563,2008,297.9031932702504,297.3078915667393
-22.739056995081068,154.79452192828848,17.00077560524699,2021,298.7624746170612,298.09305165128586
21.278172409119293,-110.0404284214462,5.686677837265553,2022,297.2549429818885,300.0231831795203
-1.9805127658911097,154.02321597823004,8.462917657496435,2003,299.26240436884825,298.33853342373504
-22.24896493147503,128.6693447942883,17.190019207713558,2003,297.672391169304,301.8086339239123
-26.42162492227371,-65.61700321764968,29.743397709297422,2024,299.22344493285834,299.16521901138964
-11.834677762922809,-14.161051904146632,8.301022209817994,2017,299.1473282940664,299.0975265546769
-14.238142086185901,-163.90430116023725,8.772260526871483,2015,297.28970332506333,301.89029729097683
-16.8489392608601,64.27412791717529,17.893999195153405,2022,302.1731984520441,301.9494117949802
-9.11543532593786,-139.84799747339645,21.42048777287734,2000,298.19043695876417,301.4161141275585
-6.021691050363856,-111.99101168386966,23.010606772860996,2023,299.18312628083913,300.21288952201826
14.27467998910403,-66.18575095980172,15.033201297633402,2022,299.35976396684663,298.2472325434292
-2.647044694553827,163.17174805950032,25.66313461572992,2015,297.1637943302651,302.13438371994147
1.6049849928448587,13.62161633375078,23.64082187548915,2007,299.650491628598,302.3276460223071
10.328921215944426,-124.65178848151706,4.863575691546245,2001,301.2565878124305,302.3450343357367
-8.463914384817105,-34.10295471621478,27.261705710900493,2015,297.0525700238144,298.30422381310825
-15.898272772911978,-28.078109695539695,27.69130511350107,2022,297.8589753174254,297.57921907499394
11.004967937622553,38.163626548971564,11.42072078223053,2009,302.16573274894165,298.0268444168245
-18.095956245257018,-9.914281612578861,15.25678700036959,2000,297.81375106325686,299.07985150208407
11.023841610632346,-97.7693555405031,13.267418941011117,2015,298.6404143600707,301.1040476582452
29.40991273532432,179.934018970564,16.47091269981061,2000,297.60422866379,299.33575920433327
-28.932891524250994,-167.9186946069896,15.005647533283302,2009,301.64809014452976,300.3118486836955
-2.7640222954205775,-33.14326642045333,15.420118925497334,2023,297.2658639729795,301.7975135780176
-4.929476299217143,21.523268545701114,1.6366515544336009,2015,301.965072536006,299.9880291645496
4.6386979901014485,73.80619646525594,8.676151996648352,2004,300.707126206309,297.574323453874
-2.756279716597156,-2.606247360327586,12.058772330539872,2001,298.85656489458245,299.7459612105681
10.480850494711163,168.5646444694214,5.180734545055519,2004,297.00780021073655,300.0798028093021
5.43931359651846,169.93762731925716,11.48287168873399,2015,298.7550497978027,301.69059015252014
-16.79429758354378,-115.11142656798849,1.4526156630025655,2009,299.59180178010405,301.81993662164956
-3.372309541216275,-77.43289570496455,26.984450165887047,2007,301.16886441709266,302.4881001796036
24.001774232083058,153.38234322635128,24.147910946574314,2021,300.0718388423845,299.05293952616097
23.32296567676478,-16.870920667740137,10.141920223629613,2010,300.8361005758669,297.2873401503278
2.054905375369522,-71.54517677278949,9.264079706380123,2023,297.00351703473297,299.56663484946097
-0.8059989835237005,130.72712970206305,14.00724262859199,2016,301.19660668798616,297.9271302941566
7.888414027965013,-149.16089014308977,28.45915452738298,2016,298.87372002933586,299.1403825447727
15.35240156024792,-153.72585373904298,26.0899055861545,2010,299.74672508759136,299.6110028189877
-23.3987254205114,21.542794410237036,8.160578358154922,2008,299.7185089877337,302.1531555076797
-29.932282648381033,141.9256186687902,10.02031427278786,2008,298.04133564423387,298.16336284759325
3.4134382963856638,103.34039543653188,10.115131483016075,2017,297.56216223206343,297.7857213587657
21.72111834063999,-36.38240248581147,5.9088786428390705,2020,302.24784549915546,302.4475615263387
18.459576094486806,-112.2536990995396,7.14746410317858,2023,302.08962692878936,300.0715848115154
-14.98773077618749,-105.73494657394914,4.942491459793844,2021,302.0023905764928,301.55328708728393
-20.18148952032458,133.6213195059501,8.895178554743667,2004,300.7403128117019,302.16108305396233
8.302291774236473,-48.903048653802244,14.03492460157255,2012,301.0154134163183,298.1710450708237
-25.27307573976514,-80.31539169326244,8.218053170602566,2000,298.7501373779785,297.8022252370503
27.290352580593584,-152.4988018324658,3.7783553178196776,2006,301.5059906547898,301.2597725849543
26.261955971645513,-129.0230727793242,11.896090454810645,2009,299.6956131215005,297.47623046998643
5.546726447424859,93.15495025267592,6.530800337137613,2012,299.92130719854055,301.915830848555
-14.5957335220313,-93.50471677961623,8.632582621222591,2012,299.23036635361944,300.12823006387583
17.439571562736653,70.97033302048195,29.870086619666985,2009,298.40603116119826,298.6336112584595
16.11228582068496,-26.06166452086927,24.76070409688794,2024,297.4661771030143,301.07884858668837
11.605550520976408,-89.7105122996773,8.332179711789676,2019,302.4652905590232,297.68897176772856
6.796396159592078,-108.19488028170262,8.61277958646537,2021,301.997605587372,301.44682300293226
23.680057458840814,-175.814423537268,29.01118676410852,2014,300.28198385529225,299.1394070588024
23.385468898389234,-71.28651128913586,13.529479797617377,2005,297.6779059097299,301.4317010789865
-29.44546112513531,-67.49803548532711,6.057905753276036,2015,298.71588120906347,301.4960593948103
-22.66362883671903,-114.19612798863614,28.574408318980307,2003,298.35946109526986,302.35561517764876
-6.170850003424778,35.63643262716954,8.004741568763357,2013,298.03025500991254,301.9034655435237
-29.55579248130652,114.05520952699266,15.99157251373262,2008,302.46096919994596,299.1760575165819
7.473518155043671,166.67133925121487,25.11451420095938,2018,298.21569328797005,297.15455925989704
28.776833345936467,172.94094696984962,11.966098782969617,2006,299.34454498439993,297.72058004938486
11.939106490469136,-15.753584140799205,16.40319434437525,2024,302.0704906379338,301.34915160170783
-17.955303049828224,-31.85236100368047,18.424430350111507,2008,301.78202514095835,297.3974960674038
22.553143282017075,8.742954014910424,12.83973644386635,2010,301.14155610378197,302.0255462131047
19.974103369475785,-88.60408260996432,10.607606309815996,2004,297.07849124010005,301.9714610345605
-27.339347246259646,-63.92114250601092,17.506068944695794,2012,300.53748239278445,301.8521682649952
-5.870971428304276,-156.01604854771386,15.96547384791199,2010,300.69723959300944,302.23068108611733
-0.8635009201891783,-12.171517144007822,19.982959205552348,2022,301.32300270642554,300.9129983302533
-21.14184215518418,-15.815827810467397,2.1189998234371745,2019,300.75560496315893,301.20419561409415
20.39157436044251,-74.81635078246384,27.999829292049316,2001,301.1837538244647,297.265342677251
-7.702619378533939,-81.71159336923604,12.197841044987676,2008,298.4018507602615,301.4749533412264
7.115817690066088,121.73369953548848,15.956349462847301,2007,299.8725344245892,299.8398079737975
11.494222666083374,-162.74693665583132,21.586987157265494,2021,298.0895979306937,297.26982369560443
-23.488332566526694,8.88888291093707,22.993847372647203,2016,301.0507181479423,302.08931355281027
-3.18994616880428,-117.67484190054392,2.386520847371914,2016,301.1025716572075,300.4434251008087
-5.052273637825849,167.31091181945897,22.314896710542627,2011,301.57363224100675,300.2529746229366
-8.514881886397308,141.92209538648888,3.0357017308236944,2005,298.70378761656286,301.8015346937556
-9.785169804512371,43.090507945546904,9.291899229965662,2024,301.7389793343505,297.8290282401306
-13.2697449853435,-146.34274982976368,7.115457377613213,2004,301.0856927711292,297.125961888057
27.538040769434772,-56.00112980854864,6.5035879095055025,2015,302.48732920263666,301.1436346320591
28.247459434141774,103.35640771291457,28.93287658817108,2000,302.04446489318235,301.078470753212
-9.870467641980671,-49.342039478878235,15.68838678991894,2010,300.175695969232,302.1342603218634
-27.901087589030787,96.92323327491755,21.959091063294185,2003,300.5938838058629,300.77067273998466
11.111436420861821,-170.28538708734277,27.07454091915366,2021,301.2094359665581,301.9261806695084
17.382720552632946,-109.70390333122057,18.390903112613724,2000,297.2210928019183,301.19042685703346
-24.024681100299667,-37.169666712143396,4.004944842284031,2007,298.56583882888157,302.2796511448939
-7.25479661706887,-176.54916954801797,9.23153830203796,2013,300.62850477222685,300.1632372992201
-28.146172645721077,-107.48775282379108,8.759574699968404,2020,301.7410974387151,299.3338597688795
24.941481003098254,-0.7423007775817325,12.566261830352916,2011,302.0075939439421,299.7654926701794
-13.859164125335049,35.44623296930385,6.848471611157373,2000,302.0394896053894,299.1360178271935
5.784601595078776,0.25078600631155723,29.466709013630553,2020,302.1239578687739,301.05302259250635
11.639224189159158,-58.734001103264404,4.0165003020579615,2022,302.19346387810555,297.10617429194826
27.923322219805783,-126.26571708402977,24.763704372004778,2004,297.9721812600558,300.25635369265206
2.407002561769204,-2.193842192632019,15.889265075805769,2013,297.08606024868135,297.3540618593327
-24.020330836125083,-29.16227328831681,24.629089007139306,2009,298.04925783609195,298.76534981026526
-4.839180364445607,33.81747978909752,26.03700803116876,2013,299.88185811477143,297.74181165524425
-28.441062376453182,-124.98990864541804,19.17875501635247,2008,298.0433300066757,298.8581963713242
-25.32779614161802,-110.98826238181161,27.42682388052182,2014,300.593875582959,299.1142491200335
10.358924365942265,31.92901933082564,7.481463876284684,2004,300.0917944997972,299.55903214606604
9.403872373407722,-127.18779269988244,25.38682194310569,2017,301.90238982684014,299.47236644927636
2.9883155623616844,142.76928094703595,9.697478405834943,2010,298.7850354831788,301.3928751561345
-17.3612641418678,16.40676482836028,6.215596303866776,2001,300.3402852574175,297.00132368358595
18.328424080789482,-61.123558778587466,10.286031540493756,2019,298.7928847407285,300.096398274834
-18.769283460690584,108.22451630861354,29.192538776507746,2009,298.3761390894811,300.98293449441127
4.501527375698359,-140.6919612947347,6.167696376855656,2004,302.26130312272016,299.1520227047382
-4.7919267490139745,168.80461816105367,21.143620737175123,2018,299.8889374069487,300.8607167553928
28.19623262682549,-23.419609053345113,12.774991991236709,2012,301.04313703662217,298.59726007178233
-11.791278119170862,101.8744738473705,9.604482385927088,2004,298.5915939798313,300.5279593951509
-18.842874119951716,-71.02419511526237,15.095307160013647,2020,298.02800244154895,299.98119462028365
-13.050069789159572,-63.55175949702122,11.19431320630953,2010,302.4227892642078,297.17344045472174
9.749812391056707,-46.358046807324996,19.734298437454267,2014,297.7336147144856,302.3866765164643
-14.534046788266613,-14.81711774299805,7.271817170455333,2012,298.5399315219975,297.1584075381313
-5.110159686662762,-23.924482990631617,14.548049867220948,2012,298.6986409502835,298.73404282207156
-26.366864625524364,67.25563775722654,17.466956650587935,2005,301.0254730945717,300.08509985324343
-16.534486650268015,3.6816577917101654,16.1041629869796,2015,300.6300143251603,298.58926800527394
-21.555398196530806,-123.61169477141326,19.54233569118705,2024,298.3615711759942,297.5719756367233
16.176970641286296,-64.75498214590397,25.37428274405666,2014,300.33757285902556,301.73400707663444
-29.07510249309554,-141.39511136297153,3.684705944510864,2001,300.755552045127,301.93573833055797
-10.045590487402581,160.1600494373833,1.3938660490643222,2004,297.93738261033997,298.93854531419584
16.45029000137575,-169.04796681841768,20.51556160714469,2018,302.37138645445907,298.1898093359145
-21.552005267418572,7.453361534260864,25.04209082753592,2006,298.41828501951403,297.5182230831113
-11.088762590762169,135.0673968451424,11.067838350554487,2006,299.3835946646322,299.52404088364307
28.174323110193498,-73.38439142501115,19.192409616171968,2006,297.33630399576225,299.6913195739333
18.800599742706495,-144.44893127459218,3.0181635744929602,2000,300.3900346212402,298.2849077916292
2.5436378561039703,-100.0054054814465,5.260767785917584,2011,301.21683803108414,301.4656823821599
18.795738081039254,51.378175708400875,14.28242410516243,2013,299.22305673802674,300.86020530857843
-27.671728558143293,164.56471044680166,2.3421165051881774,2008,301.8035319180718,299.1383731542877
-22.85399654343866,-151.04044792463966,5.538729073333238,2024,301.7176742679391,300.02992456673263
-5.357436245799708,121.78482978748099,29.44760212322595,2013,299.8699863576079,299.96688895518366
1.064439426267736,-176.8410881777096,1.0500198411853805,2005,298.7655739416075,300.1661376794944
5.648135038427725,-66.5742143832365,11.145718663406246,2008,302.3674133584274,302.1649471768786
-13.686700684888521,3.519664093264481,6.088194135711289,2006,298.1489908761261,302.211835724727
22.936173871174574,-92.02257131693814,3.772218352778225,2003,297.2213462384059,301.1428002786982
-4.478683540278979,178.3977353062449,3.8203722598104397,2024,299.9357701655427,302.25407407801004
-12.018494047526126,-75.9632645009011,24.188257318319238,2009,297.8341682819669,297.4508282767642
-4.103068957659051,118.19626871106334,14.729212788369923,2003,300.9534784668183,298.239088905244
-20.023537897073503,120.58353440375043,11.400078803674216,2016,298.67443896944707,299.7508144574042
-4.658887637955932,-118.13955950991017,11.3862591256491,2000,300.8069885344906,299.7843159662844
2.2997597555893776,87.34742885273164,8.171752166003962,2016,301.91263623702963,300.500994687172
11.36040693795627,60.33860270172113,14.034316602328493,2023,299.95840095641756,298.95285197890684
28.67856716117805,73.3869666478245,25.110334390945294,2022,297.0695343077001,298.1948561486448
-26.091765679746246,100.88168998244208,22.92035038417323,2009,299.93499597180374,300.8265988659619
16.44125537790486,-164.54298424762186,13.411598994165145,2024,297.4626055462033,297.9972922085737
-1.4521911003239367,55.28345496519674,5.230204681662986,2007,300.5019646482502,301.8697402761344
10.708116990277396,114.78778587470708,17.34957072853967,2017,299.4091748072396,301.2678564981244
13.15611035691689,-134.45031094233275,2.416407076301574,2009,297.4390708660958,297.8158654939584
-28.672003466512916,46.20109150751537,17.88874633159211,2018,301.7509543141583,297.67807519629326
20.74730800312124,-63.27003757009858,18.203893925397104,2017,297.72756039405283,297.62763116452726
-15.569277455667784,-69.59929308727808,28.88579016012856,2022,299.5203576306386,297.20665087214536
-0.464615617263334,143.44039229190588,6.523054512618048,2022,297.7874058927767,302.19793558794305
29.208640907925343,-163.83258125685666,5.3600303672212295,2001,299.32048055920626,301.6490845941107
11.780757365716852,97.65112045663767,23.982135242813406,2010,297.3060242497826,301.40542227666606
-14.436958737705227,29.509130704253124,13.867614801350602,2018,302.23632130063464,301.345602317469
9.575809623528897,128.3703999218847,3.1936957390631395,2024,298.4188396181234,301.16206493029597
16.514113677475763,-34.23700928190081,28.57837460466904,2004,300.88591297766754,301.1827610242948
1.3906805903700423,152.72557229308785,24.92612840807749,2001,301.31749545932973,299.5002092806636
-0.45535279707768694,-112.90702002617834,20.165956564228907,2007,298.6397863413148,297.8202430931615
19.77138993004528,121.14727000112839,24.620731075785415,2016,298.58348247418616,301.04591537767936
16.53114483142857,111.1763159938061,17.55210625779292,2006,301.1892195699544,297.5862859740614
-22.98771682677589,38.02492895261497,29.522095109733748,2006,297.28628819102016,297.2098448326446
-4.210938111517084,-157.29293723653197,23.88517458749445,2010,297.1597133046288,297.2227537756506
6.76011178436876,110.20025435702576,13.696186406968433,2011,297.6053201024069,300.35426051345604
-3.4015923978155733,-159.1204843954697,16.799257370003332,2012,300.4148080315624,302.33083171751923
-18.16270147697589,162.39264464414748,16.61184522015047,2012,299.7108174342441,300.4830593250183
-19.006156875470666,-176.80813987189558,10.998045430809572,2005,300.0062684492348,297.48553006132624
29.751385750689735,143.02677187198606,1.6113391524275718,2018,300.4565731738274,297.2359335604646
-19.745682603343585,-24.209687120040144,11.332604751003844,2010,298.87174572364006,298.774075801483
-4.533966668545258,-127.59560688509958,25.103029968626096,2021,299.20082254648213,301.9173003698618
-0.20257115620971788,15.931407366310651,28.738445618535856,2016,297.93206689888643,299.6026826645496
28.277773645712728,-45.948132637703026,11.775620146969802,2001,300.31129520109874,300.4922454213476
-27.433003140972353,179.96136001381774,11.55366772732979,2008,298.3384387171848,297.2206411805868
29.12624306217961,-57.43774960430193,10.047174730540203,2014,302.0727906802151,297.1965620345011
16.00343177725206,61.455682200267205,2.437964145196065,2005,299.83283190166827,300.8034382379234
-25.348115303449646,109.90036271822834,5.042699818333635,2020,297.4428410722533,300.0898881896418
-29.183736272959905,-31.716612860422828,3.128136482908248,2010,302.0148801931711,300.94512842665387
-23.682428504643298,-93.8015663758581,6.418621564145324,2015,298.29534475285345,298.3444169528443
7.003796122524342,-65.26704385390195,20.637723417701718,2018,299.44912124806365,298.9030132713475
-2.9276755072562075,89.48123484144361,27.164388309670848,2000,299.88261347674825,297.18059485996133
-1.8954272985384755,138.70181847488413,11.486117726188981,2018,302.44547985098023,298.7737347009618
20.577373694106917,-115.09363414915907,2.8240494705989163,2019,299.1679375002093,297.93558785106643
-0.3053037134003702,-10.30746394746339,28.731516742794057,2019,297.069015095539,301.0008965557852
-11.447535808240403,-45.10642681181176,14.603986273593208,2012,298.9125688026276,299.1992228232547
-8.351590425254926,117.48931566300149,14.112032598550977,2019,299.42197558584405,297.7835473144791
8.438335279207358,98.26441644625521,19.50517611491454,2000,300.36342377038125,298.3170562874396
22.044246793474052,-62.244120455971455,10.542821690126377,2006,298.0095959946595,298.56688751396683
-5.002088992835311,-52.690369269560264,16.221439322161892,2013,301.14991136354706,297.9564069628561
3.909138280637343,148.39196417863252,29.082433663781124,2008,301.67929210446874,298.4135342772234
-5.5744826305188155,-0.5150818931201115,16.466478439835157,2005,299.20943755826966,299.5212277916679
20.91766792325869,93.11349338728098,18.441370971519223,2023,297.81999361822534,302.4176861475328
23.3571277244558,97.67290796100502,12.933836484077101,2013,301.21074535085086,301.8608288424308
11.962257408658616,-57.023186064107705,13.562134420300731,2007,297.92453596271633,297.90360912139585
-22.16481854632139,-115.35075773671313,6.877957874772371,2013,299.54393691958063,299.3041746314407
16.76017591916922,-52.22089278387297,29.49391408464838,2009,301.72620818578025,297.740711498956
20.85870879912256,33.372229621643754,28.007658025287242,2022,300.05636947396164,299.6660774656983
20.10179767601082,156.95067049586072,29.686989248144698,2023,302.45004611136983,297.85759438695607
-14.78701344408545,-147.95419509579736,8.880416978049968,2015,297.99867629610645,302.30321109910915
4.732382614331371,7.959796940535853,1.2558550789798937,2010,300.7245455168723,300.83792584171925
2.156159587744277,138.68243431602212,8.308427276692521,2011,297.3665848842042,301.94021618150265
-11.22073714917272,31.52030471491628,20.7001506590141,2012,301.8880468416264,299.5540367610012
0.9674750521492044,-60.205062479155416,9.023428323193375,2007,300.5929187771613,298.72742557030915
-18.472240367888006,60.15097848079631,17.66159372125997,2020,300.314481067071,298.0149427790515
-13.607789636986052,-32.76485865581961,21.278039322118744,2013,301.1350854108281,297.0967586839665
-13.91929607483548,-44.857720565577665,26.584900891950074,2021,298.83844856128565,301.8468724057743
6.89460514811644,116.05086497247498,16.842094038918233,2015,299.9832557077307,299.04111415077125
11.849942162225673,-8.714234975495117,25.247271342902945,2015,297.12704820383334,299.84081854443514
-0.9448166261986977,-20.523046083725433,9.767969093331258,2002,298.8161837383802,299.9459740906598
-21.773808715540284,13.851351598574155,5.230788148015331,2015,302.05066508105375,301.72053847570777
-18.05734165077886,135.2385446074249,7.066397772344433,2000,297.4470428782638,301.84203294442517
-26.90998203207198,19.7794401304092,23.611634230231164,2000,301.798862842654,299.8858914765025
-28.664978884420144,78.01689945669364,4.1967543529157485,2013,302.13002748731196,298.68221959397164
-27.08235170188334,63.22599637153212,23.818392900910858,2006,301.56170121109415,298.0493574601171
18.430786212149464,56.69786133225037,6.589561709158684,2007,298.4815269986148,298.56219409857925
-22.559820322551445,151.86732256292748,6.015013924543915,2011,297.0660503969635,299.97505897308014
4.4199958529405805,149.11516428509225,15.674154708241188,2019,299.5940904073061,298.4789736750881
-26.63825200506518,-32.88323440445899,2.5251526659796775,2010,299.93053673721937,300.4365272815139
29.28519940419359,-22.169208707311867,2.9213862116717983,2010,298.04498080061256,298.88894355811703
6.809566311118772,-145.55296536987373,11.282466812368373,2015,300.35352244254454,298.5089106238545
11.914289107843963,-124.97389057781787,4.132734261386452,2002,302.1283528063835,302.3313156894341
-22.47726695350874,-122.19918812525873,20.62536426171671,2006,298.71293388382765,301.4012881766324
1.393891671931911,-112.26659452323999,3.982620189792338,2017,301.90077839311795,300.26521290918845
18.354338821134114,-26.124814382322853,4.288551493002354,2007,302.0625408814486,301.96101429708443
27.12463979672612,123.15910396653908,18.211094156503435,2008,298.092038219454,299.8974160537077
2.2324907636933204,-21.664534380032052,23.38487224343238,2015,301.18817127481555,299.73704937575485
-13.50771431447081,63.940743195340076,2.1145598255416242,2019,299.19133842806707,302.37822798596585
0.45361494663156066,18.816390882096414,21.658517239841757,2001,297.35890354018755,301.72682424973715
22.10792047274211,-10.051979515195256,15.912008059841302,2013,302.3791880388713,301.5645727214092
9.54204798499942,84.95873579898517,28.158014192495177,2012,301.9270907217959,302.2592440839189
22.77379425676687,28.8156799073154,13.893562377846926,2000,302.1862550010459,301.8938839432581
1.419579723772717,13.322623173812644,9.958690138254116,2008,298.99833580053945,300.46262067342826
10.430277670018612,-104.15234986909148,25.27122649948873,2010,302.3585815580693,299.14686952706575
24.579898296546972,-98.80056122269525,6.487061153867517,2018,302.17191607718604,297.7733319224209
-25.729392068179394,20.773714286401628,9.418627008276996,2004,297.7207047395105,298.8874701286778
10.547085220273885,-144.71156139014454,4.690292913734718,2022,298.31547237171554,300.24551369718404
-3.4028408352456267,-19.180239843645495,11.519362791202024,2018,298.20486638971806,299.7407859030654
19.476944357746774,113.88038360222976,24.03414080351756,2016,299.16396484273,297.7251859430387
0.4610294781050648,69.27852690652679,19.2753815025826,2004,302.12322741363977,299.47937654968354
10.187220190645128,-83.20207957943963,12.898645098107911,2019,299.39031302794893,299.2975490698136
15.612337471749619,-117.05871043216399,10.818993186305633,2023,300.6605601383381,300.56026260381236
-15.217720011142363,-37.85149240984407,20.815805925516624,2012,298.735511105047,298.1851709206864
5.621758728951349,-155.80904468302327,21.72170934205015,2017,298.95231317042385,301.90972709339695
0.13086849234765197,52.475382249457255,7.0777759762117975,2006,300.23363553168844,301.6329623324511
-12.926349614303842,27.171100039091357,4.5738053722843155,2009,301.02582311093994,297.2356052665395
10.547457817679103,-30.711544500316904,4.598809407180788,2022,298.0682811133257,299.28557742667823
-6.939658322488338,85.82098929698071,23.452251186824405,2018,301.52315101120456,299.27272472620473
-29.14255379755798,83.71181854836908,18.29443298836167,2024,298.10146385094896,300.1857165426411
-2.0019378029887704,-28.8580383521724,26.801697883607527,2006,297.41439264665235,302.2065129996822
25.232113874377653,66.39576824937555,14.568883315828725,2011,301.3491146521761,297.41512852933215
-25.88394090629126,13.458183278172527,5.643718965354567,2023,299.32712387047684,297.75469477385536
-20.369075083158528,-152.31217005527952,6.947718857984688,2007,297.1609416004203,298.6056148409019
2.7104104339571933,-80.15968582216045,16.97886321701237,2013,298.41662249107236,299.99144131392234
14.373068924099577,37.80110208169191,12.37170779461686,2014,298.3540304660369,300.6837289631428
-10.577027170633968,3.2972865154771682,20.54061022714674,2021,301.9900925879891,302.0656623382959
2.106406800036204,4.143011315629963,8.70467549958228,2013,298.3785434031379,298.2605188168716
-15.008633390349935,12.819419843995348,17.87685026655658,2013,299.1231707696442,302.0961840442872
9.117260699050213,148.55774252420008,25.170690948721404,2020,299.01777616857424,301.184570665107
-0.8776262898483438,-107.60994417382346,4.608277930309185,2014,300.9865725543837,301.8608779124206
25.139769784743628,4.160230746952379,19.242731028129995,2006,298.6534756071992,300.1424336113882
-21.00137855090732,102.20845701140411,10.640983829181511,2020,301.79825322282323,298.8290962382386
-22.03907720634903,112.16112866246141,20.544489631529167,2017,299.7676256854123,301.22804136358343
22.652732553568384,-142.63850585639813,12.160831612298551,2004,299.7618164895034,301.7440625788812
10.289800201947699,123.28274739551625,8.261580102103569,2006,299.7114583600749,298.14671961224843
-20.229205483254315,-164.75409090849087,17.205699812631323,2012,301.6851171227454,298.9853430079245
-21.26087453613861,-60.358615120683965,14.202666073880293,2021,302.4475941979099,299.05845457317906
15.648100305366107,-17.01884641322161,24.0070000079683,2004,301.887346697395,300.0825201250708
5.003392222174327,-7.897483938977189,16.920264414598034,2000,299.1924592890424,301.1706814243231
9.053009107432167,-115.99259811651045,2.4859466932463166,2021,299.18061485797864,297.8452188167586
21.75118837360148,-108.72962800741166,27.702254305897466,2010,301.08534959112336,300.00847717686185
-14.60239176508633,61.59246281853078,28.77946397581429,2016,297.37155163900627,297.94287712461096
29.062878757116195,-11.323098075069993,26.15301963636126,2000,300.90878333757337,301.5662780060379
8.106032249071603,145.8095750795514,21.241305372857692,2023,301.5763415321478,297.460482732099
16.38832037311665,-144.02271363529695,26.55448786993496,2014,298.4927825413582,300.5520916855429
-16.125783756537828,149.89143842726247,12.7752733638746,2010,297.2269836105604,302.0536907073571
6.544899301260813,110.63314827685883,12.132373649594049,2023,297.30506133495777,301.8281428276126
28.397222996350926,-71.09044516630344,21.11190378367411,2009,300.5292757938614,300.9433729558513
4.956056207069963,-128.40838694078016,13.91675742875721,2019,301.21276994218033,299.49598752548405
7.81704236978058,14.24722664234207,2.516867390416312,2002,299.59471933132403,301.09124179687296
-21.597646124138873,61.45902925453731,7.85345451067428,2000,297.07071643764334,297.60488579670977
